run,operation,sample,milliseconds
1,query,0,0.251041
1,query,1,0.239917
1,query,2,0.2375
1,query,3,0.24000000000000002
1,query,4,0.242875
1,query,5,0.23875
1,query,6,0.2405
1,query,7,0.238667
1,query,8,0.238625
1,query,9,0.24216600000000002
1,query,10,0.238584
1,query,11,0.23900000000000002
1,query,12,0.24000000000000002
1,query,13,0.24487499999999998
1,query,14,0.239166
1,query,15,0.242875
1,query,16,0.239834
1,query,17,0.241833
1,query,18,0.238708
1,query,19,0.246541
1,query,20,0.255458
1,query,21,0.2565
1,query,22,0.254958
1,query,23,0.255709
1,query,24,0.25629199999999996
1,query,25,0.256625
1,query,26,0.263625
1,query,27,0.24850000000000003
1,query,28,0.238375
1,query,29,0.2505
1,query,30,0.23916700000000002
1,query,31,0.250625
1,query,32,0.238125
1,query,33,0.241292
1,query,34,0.23762499999999998
1,query,35,0.237458
1,query,36,0.23675000000000002
1,query,37,0.236666
1,query,38,0.238458
1,query,39,0.238333
1,query,40,0.264083
1,query,41,0.267917
1,query,42,0.237875
1,query,43,0.238416
1,query,44,0.244708
1,query,45,0.24104199999999998
1,query,46,0.236417
1,query,47,0.2385
1,query,48,0.25525
1,query,49,0.258625
1,query,50,0.255459
1,query,51,0.255042
1,query,52,0.256333
1,query,53,0.25725
1,query,54,0.26375
1,query,55,0.256583
1,query,56,0.240041
1,query,57,0.23779199999999998
1,query,58,0.23783300000000002
1,query,59,0.24404099999999998
1,query,60,0.247125
1,query,61,0.238333
1,query,62,0.238458
1,query,63,0.23991600000000002
1,query,64,0.23916700000000002
1,query,65,0.237834
1,query,66,0.237459
1,query,67,0.238125
1,query,68,0.237334
1,query,69,0.237125
1,query,70,0.249583
1,query,71,0.254583
1,query,72,0.255208
1,query,73,0.25575000000000003
1,query,74,0.25595799999999996
1,query,75,0.256875
1,query,76,0.243417
1,query,77,0.23762499999999998
1,query,78,0.237417
1,query,79,0.23779199999999998
1,query,80,0.238375
1,query,81,0.2385
1,query,82,0.237333
1,query,83,0.24212499999999998
1,query,84,0.23879199999999998
1,query,85,0.237708
1,query,86,0.237334
1,query,87,0.238459
1,query,88,0.242417
1,query,89,0.25704200000000005
1,query,90,0.256083
1,query,91,0.255084
1,query,92,0.257
1,query,93,0.264209
1,query,94,0.255292
1,query,95,0.261709
1,query,96,0.24816699999999997
1,query,97,0.237834
1,query,98,0.23779199999999998
1,query,99,0.238667
1,query,100,0.239375
1,query,101,0.238667
1,query,102,0.23675000000000002
1,query,103,0.24141700000000002
1,query,104,0.24075
1,query,105,0.237125
1,query,106,0.238375
1,query,107,0.239083
1,query,108,0.269791
1,query,109,0.261291
1,query,110,0.24858299999999997
1,query,111,0.243959
1,query,112,0.24525000000000002
1,query,113,0.244375
1,query,114,0.237958
1,query,115,0.256209
1,query,116,0.254667
1,query,117,0.264333
1,query,118,0.25875
1,query,119,0.25541600000000003
1,query,120,0.255625
1,query,121,0.236833
1,query,122,0.23762499999999998
1,query,123,0.238125
1,query,124,0.237334
1,query,125,0.23816700000000002
1,query,126,0.24454099999999998
1,query,127,0.237291
1,query,128,0.237958
1,query,129,0.23883300000000002
1,query,130,0.24787499999999998
1,query,131,0.242042
1,query,132,0.2385
1,query,133,0.248875
1,query,134,0.255917
1,query,135,0.255417
1,query,136,0.253959
1,query,137,0.255458
1,query,138,0.25575000000000003
1,query,139,0.242917
1,query,140,0.237083
1,query,141,0.236958
1,query,142,0.24483300000000002
1,query,143,0.269084
1,query,144,0.26337499999999997
1,query,145,0.2655
1,query,146,0.26654100000000003
1,query,147,0.266958
1,query,148,0.267166
1,query,149,0.277791
1,query,150,0.243958
1,query,151,0.244583
1,query,152,0.243167
1,query,153,0.237209
1,query,154,0.23708400000000002
1,query,155,0.237458
1,query,156,0.2375
1,query,157,0.23758300000000002
1,query,158,0.237334
1,query,159,0.244709
1,query,160,0.23970799999999998
1,query,161,0.24870799999999998
1,query,162,0.252375
1,query,163,0.255667
1,query,164,0.25758299999999995
1,query,165,0.25425
1,query,166,0.25429199999999996
1,query,167,0.243917
1,query,168,0.237209
1,query,169,0.237125
1,query,170,0.23650000000000002
1,query,171,0.236041
1,query,172,0.23566700000000002
1,query,173,0.23583400000000002
1,query,174,0.23666700000000002
1,query,175,0.257542
1,query,176,0.283416
1,query,177,0.25391600000000003
1,query,178,0.24658299999999997
1,query,179,0.245125
1,query,180,0.239958
1,query,181,0.246375
1,query,182,0.255875
1,query,183,0.25425
1,query,184,0.25425
1,query,185,0.254208
1,query,186,0.2545
1,query,187,0.24604199999999998
1,query,188,0.236375
1,query,189,0.237
1,query,190,0.2375
1,query,191,0.23625
1,query,192,0.241917
1,query,193,0.236417
1,query,194,0.23625
1,query,195,0.236042
1,query,196,0.23575000000000002
1,query,197,0.239625
1,query,198,0.25429199999999996
1,query,199,0.2545
1,query,200,0.254542
1,query,201,0.252917
1,query,202,0.25470899999999996
1,query,203,0.25383300000000003
1,query,204,0.253791
1,query,205,0.253208
1,query,206,0.239583
1,query,207,0.236708
1,query,208,0.237209
1,query,209,0.23775000000000002
1,query,210,0.236708
1,query,211,0.236708
1,query,212,0.23975
1,query,213,0.236042
1,query,214,0.23650000000000002
1,query,215,0.236209
1,query,216,0.238125
1,query,217,0.24008300000000002
1,query,218,0.246666
1,query,219,0.254667
1,query,220,0.253458
1,query,221,0.2535
1,query,222,0.254875
1,query,223,0.253458
1,query,224,0.254333
1,query,225,0.26054099999999997
1,query,226,0.24320799999999998
1,query,227,0.23616600000000001
1,query,228,0.235833
1,query,229,0.236916
1,query,230,0.236833
1,query,231,0.23625
1,query,232,0.23725
1,query,233,0.23875
1,query,234,0.23933400000000002
1,query,235,0.236417
1,query,236,0.240834
1,query,237,0.257292
1,query,238,0.255709
1,query,239,0.253917
1,query,240,0.254458
1,query,241,0.257041
1,query,242,0.249792
1,query,243,0.261875
1,query,244,0.260375
1,query,245,0.249625
1,query,246,0.24449999999999997
1,query,247,0.262125
1,query,248,0.24108300000000002
1,query,249,0.236417
1,query,250,0.236833
1,query,251,0.23616600000000001
1,query,252,0.237291
1,query,253,0.24325
1,query,254,0.24441699999999997
1,query,255,0.29075
1,query,256,0.264375
1,query,257,0.260666
1,query,258,0.258334
1,query,259,0.253917
1,query,260,0.24808300000000003
1,query,261,0.235875
1,query,262,0.253375
1,query,263,0.237208
1,query,264,0.23987499999999998
1,query,265,0.23675000000000002
1,query,266,0.241667
1,query,267,0.253834
1,query,268,0.236584
1,query,269,0.235958
1,query,270,0.241625
1,query,271,0.24704199999999998
1,query,272,0.23641600000000002
1,query,273,0.25437499999999996
1,query,274,0.254708
1,query,275,0.25366700000000003
1,query,276,0.254
1,query,277,0.25387499999999996
1,query,278,0.25291600000000003
1,query,279,0.254708
1,query,280,0.25391600000000003
1,query,281,0.23775000000000002
1,query,282,0.237542
1,query,283,0.235541
1,query,284,0.239458
1,query,285,0.23625
1,query,286,0.240375
1,query,287,0.23608400000000002
1,query,288,0.236625
1,query,289,0.236083
1,query,290,0.237208
1,query,291,0.236
1,query,292,0.243833
1,query,293,0.246041
1,query,294,0.25425
1,query,295,0.25416700000000003
1,query,296,0.257334
1,query,297,0.260083
1,query,298,0.255625
1,query,299,0.254459
1,query,300,0.254459
1,query,301,0.242625
1,query,302,0.236417
1,query,303,0.236125
1,query,304,0.23666700000000002
1,query,305,0.237125
1,query,306,0.236792
1,query,307,0.23608400000000002
1,query,308,0.236709
1,query,309,0.240834
1,query,310,0.23825
1,query,311,0.28008299999999997
1,query,312,0.25325
1,query,313,0.251125
1,query,314,0.23970799999999998
1,query,315,0.257375
1,query,316,0.23633300000000002
1,query,317,0.23625
1,query,318,0.236792
1,query,319,0.236041
1,query,320,0.236
1,query,321,0.236959
1,query,322,0.25366700000000003
1,query,323,0.253125
1,query,324,0.261666
1,query,325,0.25816700000000004
1,query,326,0.25425
1,query,327,0.25429199999999996
1,query,328,0.253
1,query,329,0.25366700000000003
1,query,330,0.23633300000000002
1,query,331,0.236042
1,query,332,0.235041
1,query,333,0.23550000000000001
1,query,334,0.23608400000000002
1,query,335,0.237584
1,query,336,0.239583
1,query,337,0.23525
1,query,338,0.237375
1,query,339,0.236958
1,query,340,0.23783300000000002
1,query,341,0.23954099999999998
1,query,342,0.24620799999999998
1,query,343,0.253375
1,query,344,0.253542
1,query,345,0.260042
1,query,346,0.2635
1,query,347,0.263875
1,query,348,0.26345799999999997
1,query,349,0.263625
1,query,350,0.26516700000000004
1,query,351,0.26733399999999996
1,query,352,0.27925
1,query,353,0.242708
1,query,354,0.24525000000000002
1,query,355,0.25383300000000003
1,query,356,0.236584
1,query,357,0.236042
1,query,358,0.241959
1,query,359,0.23608400000000002
1,query,360,0.236458
1,query,361,0.239333
1,query,362,0.235083
1,query,363,0.237458
1,query,364,0.23987499999999998
1,query,365,0.235959
1,query,366,0.24525000000000002
1,query,367,0.2545
1,query,368,0.254125
1,query,369,0.256542
1,query,370,0.255417
1,query,371,0.255167
1,query,372,0.244667
1,query,373,0.23650000000000002
1,query,374,0.236
1,query,375,0.235875
1,query,376,0.26825
1,query,377,0.259625
1,query,378,0.246458
1,query,379,0.24954099999999999
1,query,380,0.254958
1,query,381,0.236541
1,query,382,0.235
1,query,383,0.238625
1,query,384,0.24266700000000002
1,query,385,0.257417
1,query,386,0.25254200000000004
1,query,387,0.252958
1,query,388,0.256
1,query,389,0.25391600000000003
1,query,390,0.247083
1,query,391,0.241792
1,query,392,0.23650000000000002
1,query,393,0.236208
1,query,394,0.236292
1,query,395,0.240041
1,query,396,0.23633300000000002
1,query,397,0.235541
1,query,398,0.23650000000000002
1,query,399,0.234917
1,query,400,0.236708
1,query,401,0.25549999999999995
1,query,402,0.255666
1,query,403,0.253125
1,query,404,0.254166
1,query,405,0.252833
1,query,406,0.25416700000000003
1,query,407,0.237708
1,query,408,0.23925
1,query,409,0.23566700000000002
1,query,410,0.236209
1,query,411,0.235709
1,query,412,0.235584
1,query,413,0.236417
1,query,414,0.235625
1,query,415,0.236541
1,query,416,0.236042
1,query,417,0.234959
1,query,418,0.235708
1,query,419,0.242208
1,query,420,0.259709
1,query,421,0.253583
1,query,422,0.253459
1,query,423,0.253042
1,query,424,0.2535
1,query,425,0.255542
1,query,426,0.235125
1,query,427,0.235083
1,query,428,0.23475
1,query,429,0.23625
1,query,430,0.23725
1,query,431,0.236125
1,query,432,0.23625
1,query,433,0.23650000000000002
1,query,434,0.253708
1,query,435,0.254042
1,query,436,0.253791
1,query,437,0.253666
1,query,438,0.252875
1,query,439,0.253625
1,query,440,0.25275
1,query,441,0.253084
1,query,442,0.237167
1,query,443,0.23616600000000001
1,query,444,0.23970799999999998
1,query,445,0.237292
1,query,446,0.316208
1,query,447,0.275
1,query,448,0.25675
1,query,449,0.246709
1,query,450,0.247625
1,query,451,0.23566700000000002
1,query,452,0.232208
1,query,453,0.232083
1,query,454,0.232459
1,query,455,0.235125
1,query,456,0.239959
1,query,457,0.232
1,query,458,0.237208
1,query,459,0.23191699999999998
1,query,460,0.232292
1,query,461,0.23883300000000002
1,query,462,0.231625
1,query,463,0.231458
1,query,464,0.23187500000000003
1,query,465,0.231334
1,query,466,0.230833
1,query,467,0.231458
1,query,468,0.233625
1,query,469,0.233625
1,query,470,0.23174999999999998
1,query,471,0.235209
1,query,472,0.231584
1,query,473,0.231
1,query,474,0.23166699999999998
1,query,475,0.231792
1,query,476,0.232125
1,query,477,0.231958
1,query,478,0.231458
1,query,479,0.231792
1,query,480,0.231792
1,query,481,0.23191699999999998
1,query,482,0.231334
1,query,483,0.233542
1,query,484,0.24845899999999999
1,query,485,0.248042
1,query,486,0.248334
1,query,487,0.251083
1,query,488,0.25437499999999996
1,query,489,0.2495
1,query,490,0.235375
1,query,491,0.236458
1,query,492,0.231666
1,query,493,0.2395
1,query,494,0.23125
1,query,495,0.231833
1,query,496,0.231041
1,query,497,0.234333
1,query,498,0.242875
1,query,499,0.236958
1,query,500,0.231125
1,query,501,0.234875
1,query,502,0.231208
1,query,503,0.231375
1,query,504,0.234416
1,query,505,0.24825
1,query,506,0.259792
1,query,507,0.254417
1,query,508,0.254042
1,query,509,0.25725
1,query,510,0.26337499999999997
1,query,511,0.237209
1,query,512,0.244625
1,query,513,0.237167
1,query,514,0.267916
1,query,515,0.262583
1,query,516,0.24829099999999998
1,query,517,0.24658299999999997
1,query,518,0.249708
1,query,519,0.242875
1,query,520,0.237041
1,query,521,0.23758300000000002
1,query,522,0.236958
1,query,523,0.236625
1,query,524,0.236208
1,query,525,0.257625
1,query,526,0.261625
1,query,527,0.253625
1,query,528,0.252333
1,query,529,0.255959
1,query,530,0.25425
1,query,531,0.237459
1,query,532,0.236584
1,query,533,0.236208
1,query,534,0.237083
1,query,535,0.236958
1,query,536,0.237375
1,query,537,0.236292
1,query,538,0.237041
1,query,539,0.24858299999999997
1,query,540,0.253584
1,query,541,0.25291600000000003
1,query,542,0.254416
1,query,543,0.25366700000000003
1,query,544,0.254459
1,query,545,0.242417
1,query,546,0.236375
1,query,547,0.23779199999999998
1,query,548,0.23633300000000002
1,query,549,0.237167
1,query,550,0.2455
1,query,551,0.266084
1,query,552,0.290208
1,query,553,0.257709
1,query,554,0.242917
1,query,555,0.256125
1,query,556,0.242917
1,query,557,0.242833
1,query,558,0.27275
1,query,559,0.25012500000000004
1,query,560,0.242167
1,query,561,0.24895899999999999
1,query,562,0.24375
1,query,563,0.250083
1,query,564,0.25404099999999996
1,query,565,0.254875
1,query,566,0.25416700000000003
1,query,567,0.254916
1,query,568,0.2545
1,query,569,0.255875
1,query,570,0.254875
1,query,571,0.254916
1,query,572,0.257208
1,query,573,0.239459
1,query,574,0.23658300000000002
1,query,575,0.23758300000000002
1,query,576,0.237
1,query,577,0.241875
1,query,578,0.237208
1,query,579,0.237791
1,query,580,0.23650000000000002
1,query,581,0.24695799999999998
1,query,582,0.281584
1,query,583,0.273333
1,query,584,0.27316599999999996
1,query,585,0.255041
1,query,586,0.25575000000000003
1,query,587,0.24004199999999998
1,query,588,0.236167
1,query,589,0.2405
1,query,590,0.23675000000000002
1,query,591,0.26208299999999995
1,query,592,0.248667
1,query,593,0.236417
1,query,594,0.236875
1,query,595,0.2635
1,query,596,0.26699999999999996
1,query,597,0.255
1,query,598,0.257667
1,query,599,0.253125
1,query,600,0.25333300000000003
1,query,601,0.241416
1,query,602,0.23658300000000002
1,query,603,0.236458
1,query,604,0.23608400000000002
1,query,605,0.23625
1,query,606,0.236458
1,query,607,0.24579199999999998
1,query,608,0.25333300000000003
1,query,609,0.253042
1,query,610,0.26425
1,query,611,0.25333300000000003
1,query,612,0.253625
1,query,613,0.244625
1,query,614,0.23650000000000002
1,query,615,0.236042
1,query,616,0.23666700000000002
1,query,617,0.236541
1,query,618,0.23625
1,query,619,0.242
1,query,620,0.25375000000000003
1,query,621,0.254333
1,query,622,0.253709
1,query,623,0.253334
1,query,624,0.254458
1,query,625,0.253458
1,query,626,0.236959
1,query,627,0.237292
1,query,628,0.238166
1,query,629,0.235625
1,query,630,0.239792
1,query,631,0.236167
1,query,632,0.236834
1,query,633,0.237417
1,query,634,0.237125
1,query,635,0.236875
1,query,636,0.252667
1,query,637,0.25549999999999995
1,query,638,0.253625
1,query,639,0.253459
1,query,640,0.25375000000000003
1,query,641,0.254667
1,query,642,0.238625
1,query,643,0.236291
1,query,644,0.237208
1,query,645,0.237209
1,query,646,0.23650000000000002
1,query,647,0.236458
1,query,648,0.236875
1,query,649,0.237209
1,query,650,0.248292
1,query,651,0.297959
1,query,652,0.263875
1,query,653,0.270833
1,query,654,0.250875
1,query,655,0.239375
1,query,656,0.236959
1,query,657,0.23675000000000002
1,query,658,0.24104199999999998
1,query,659,0.23641600000000002
1,query,660,0.236792
1,query,661,0.23550000000000001
1,query,662,0.235458
1,query,663,0.236958
1,query,664,0.24449999999999997
1,query,665,0.261916
1,query,666,0.253708
1,query,667,0.25387499999999996
1,query,668,0.25495900000000005
1,query,669,0.253625
1,query,670,0.245917
1,query,671,0.237791
1,query,672,0.23625
1,query,673,0.237083
1,query,674,0.237584
1,query,675,0.236709
1,query,676,0.235708
1,query,677,0.236875
1,query,678,0.239416
1,query,679,0.254583
1,query,680,0.254541
1,query,681,0.254958
1,query,682,0.2545
1,query,683,0.253792
1,query,684,0.251708
1,query,685,0.236
1,query,686,0.236958
1,query,687,0.236625
1,query,688,0.236834
1,query,689,0.23691700000000002
1,query,690,0.23741600000000002
1,query,691,0.255125
1,query,692,0.254542
1,query,693,0.254542
1,query,694,0.254333
1,query,695,0.253334
1,query,696,0.254834
1,query,697,0.238458
1,query,698,0.240708
1,query,699,0.237708
1,query,700,0.23783300000000002
1,query,701,0.238041
1,query,702,0.236375
1,query,703,0.236916
1,query,704,0.236042
1,query,705,0.23650000000000002
1,query,706,0.23691700000000002
1,query,707,0.246292
1,query,708,0.25383300000000003
1,query,709,0.25791699999999995
1,query,710,0.254333
1,query,711,0.261583
1,query,712,0.255041
1,query,713,0.2455
1,query,714,0.237417
1,query,715,0.236417
1,query,716,0.237125
1,query,717,0.23625
1,query,718,0.247542
1,query,719,0.322459
1,query,720,0.242458
1,query,721,0.258125
1,query,722,0.24304099999999998
1,query,723,0.243541
1,query,724,0.239041
1,query,725,0.24754099999999998
1,query,726,0.238458
1,query,727,0.236709
1,query,728,0.238208
1,query,729,0.2375
1,query,730,0.236875
1,query,731,0.237
1,query,732,0.24737499999999998
1,query,733,0.26825
1,query,734,0.232959
1,query,735,0.231417
1,query,736,0.23483400000000001
1,query,737,0.231
1,query,738,0.231584
1,query,739,0.23391699999999999
1,query,740,0.231
1,query,741,0.231417
1,query,742,0.230917
1,query,743,0.231375
1,query,744,0.232375
1,query,745,0.231208
1,query,746,0.230792
1,query,747,0.231125
1,query,748,0.231375
1,query,749,0.231042
1,query,750,0.23116599999999998
1,query,751,0.230791
1,query,752,0.231458
1,query,753,0.231375
1,query,754,0.24816699999999997
1,query,755,0.259375
1,query,756,0.25879199999999997
1,query,757,0.25875
1,query,758,0.258834
1,query,759,0.266542
1,query,760,0.277416
1,query,761,0.2605
1,query,762,0.237375
1,query,763,0.236916
1,query,764,0.235875
1,query,765,0.231542
1,query,766,0.235042
1,query,767,0.237291
1,query,768,0.231625
1,query,769,0.231
1,query,770,0.234833
1,query,771,0.231792
1,query,772,0.232
1,query,773,0.240375
1,query,774,0.251208
1,query,775,0.248458
1,query,776,0.24812499999999998
1,query,777,0.24825
1,query,778,0.24820799999999998
1,query,779,0.241666
1,query,780,0.231167
1,query,781,0.231292
1,query,782,0.231084
1,query,783,0.231792
1,query,784,0.231
1,query,785,0.231125
1,query,786,0.231084
1,query,787,0.235084
1,query,788,0.28212499999999996
1,query,789,0.25775
1,query,790,0.264208
1,query,791,0.261125
1,query,792,0.26941699999999996
1,query,793,0.258834
1,query,794,0.237
1,query,795,0.236916
1,query,796,0.237291
1,query,797,0.2385
1,query,798,0.237667
1,query,799,0.23758300000000002
1,query,800,0.236875
1,query,801,0.241334
1,query,802,0.236292
1,query,803,0.236792
1,query,804,0.24983299999999997
1,query,805,0.25670899999999996
1,query,806,0.25416700000000003
1,query,807,0.254083
1,query,808,0.261125
1,query,809,0.25783300000000003
1,query,810,0.240667
1,query,811,0.237209
1,query,812,0.236458
1,query,813,0.236875
1,query,814,0.236958
1,query,815,0.236209
1,query,816,0.23708400000000002
1,query,817,0.23800000000000002
1,query,818,0.24579199999999998
1,query,819,0.25595799999999996
1,query,820,0.261458
1,query,821,0.255417
1,query,822,0.255292
1,query,823,0.255541
1,query,824,0.24649999999999997
1,query,825,0.237
1,query,826,0.246375
1,query,827,0.236958
1,query,828,0.23675000000000002
1,query,829,0.239917
1,query,830,0.236959
1,query,831,0.236875
1,query,832,0.238875
1,query,833,0.24000000000000002
1,query,834,0.237541
1,query,835,0.237708
1,query,836,0.238208
1,query,837,0.25429100000000004
1,query,838,0.255083
1,query,839,0.255334
1,query,840,0.254542
1,query,841,0.25575000000000003
1,query,842,0.256625
1,query,843,0.241458
1,query,844,0.23800000000000002
1,query,845,0.240958
1,query,846,0.237708
1,query,847,0.239041
1,query,848,0.238375
1,query,849,0.236833
1,query,850,0.239166
1,query,851,0.23800000000000002
1,query,852,0.23816700000000002
1,query,853,0.270583
1,query,854,0.261417
1,query,855,0.26108400000000004
1,query,856,0.242042
1,query,857,0.25525
1,query,858,0.237167
1,query,859,0.236666
1,query,860,0.2455
1,query,861,0.238208
1,query,862,0.238625
1,query,863,0.249542
1,query,864,0.257292
1,query,865,0.25525
1,query,866,0.25416700000000003
1,query,867,0.255541
1,query,868,0.255
1,query,869,0.242625
1,query,870,0.239583
1,query,871,0.238125
1,query,872,0.237125
1,query,873,0.23766600000000002
1,query,874,0.236375
1,query,875,0.237
1,query,876,0.237042
1,query,877,0.24487499999999998
1,query,878,0.254834
1,query,879,0.258042
1,query,880,0.254958
1,query,881,0.25549999999999995
1,query,882,0.25608400000000003
1,query,883,0.247583
1,query,884,0.237708
1,query,885,0.23800000000000002
1,query,886,0.236375
1,query,887,0.23762499999999998
1,query,888,0.236625
1,query,889,0.237042
1,query,890,0.23800000000000002
1,query,891,0.23925
1,query,892,0.254666
1,query,893,0.258291
1,query,894,0.25437499999999996
1,query,895,0.254834
1,query,896,0.25375000000000003
1,query,897,0.252458
1,query,898,0.238583
1,query,899,0.237708
1,query,900,0.24020899999999998
1,query,901,0.236625
1,query,902,0.2495
1,query,903,0.236959
1,query,904,0.23675000000000002
1,query,905,0.237208
1,query,906,0.252458
1,query,907,0.26154200000000005
1,query,908,0.25437499999999996
1,query,909,0.257292
1,query,910,0.254708
1,query,911,0.259417
1,query,912,0.24820899999999999
1,query,913,0.261833
1,query,914,0.265833
1,query,915,0.237708
1,query,916,0.244
1,query,917,0.238458
1,query,918,0.237375
1,query,919,0.236958
1,query,920,0.236833
1,query,921,0.256
1,query,922,0.24975000000000003
1,query,923,0.278584
1,query,924,0.248667
1,query,925,0.253042
1,query,926,0.253209
1,query,927,0.243625
1,query,928,0.236167
1,query,929,0.237542
1,query,930,0.252458
1,query,931,0.254584
1,query,932,0.254042
1,query,933,0.253625
1,query,934,0.253125
1,query,935,0.2535
1,query,936,0.239375
1,query,937,0.237125
1,query,938,0.237417
1,query,939,0.234542
1,query,940,0.23274999999999998
1,query,941,0.233709
1,query,942,0.237375
1,query,943,0.23616600000000001
1,query,944,0.244708
1,query,945,0.2615
1,query,946,0.258125
1,query,947,0.254583
1,query,948,0.255584
1,query,949,0.25408400000000003
1,query,950,0.244917
1,query,951,0.236167
1,query,952,0.236208
1,query,953,0.237667
1,query,954,0.237292
1,query,955,0.23741600000000002
1,query,956,0.237667
1,query,957,0.239625
1,query,958,0.264333
1,query,959,0.272166
1,query,960,0.265583
1,query,961,0.26449999999999996
1,query,962,0.265334
1,query,963,0.269458
1,query,964,0.28566600000000003
1,query,965,0.251583
1,query,966,0.245083
1,query,967,0.243083
1,query,968,0.238333
1,query,969,0.236
1,query,970,0.23970799999999998
1,query,971,0.23775000000000002
1,query,972,0.237375
1,query,973,0.237542
1,query,974,0.25429100000000004
1,query,975,0.237916
1,query,976,0.243791
1,query,977,0.259958
1,query,978,0.254125
1,query,979,0.257459
1,query,980,0.254417
1,query,981,0.25679199999999996
1,query,982,0.24566600000000002
1,query,983,0.236208
1,query,984,0.235833
1,query,985,0.237125
1,query,986,0.236208
1,query,987,0.236167
1,query,988,0.236959
1,query,989,0.31195799999999996
1,query,990,0.250041
1,query,991,0.262292
1,query,992,0.24808300000000003
1,query,993,0.254708
1,query,994,0.23900000000000002
1,query,995,0.241
1,query,996,0.237709
1,query,997,0.241208
1,query,998,0.23366599999999998
1,query,999,0.234708
1,selection,0,0.002541
1,selection,1,0.001291
1,selection,2,0.001166
1,selection,3,0.0012079999999999999
1,selection,4,0.001167
1,selection,5,0.001167
1,selection,6,0.0012079999999999999
1,selection,7,0.001166
1,selection,8,0.001167
1,selection,9,0.001167
1,selection,10,0.0012079999999999999
1,selection,11,0.0011250000000000001
1,selection,12,0.001167
1,selection,13,0.0012079999999999999
1,selection,14,0.0011250000000000001
1,selection,15,0.001167
1,selection,16,0.001167
1,selection,17,0.0011250000000000001
1,selection,18,0.001167
1,selection,19,0.001166
1,selection,20,0.001167
1,selection,21,0.001167
1,selection,22,0.001166
1,selection,23,0.0012079999999999999
1,selection,24,0.0012079999999999999
1,selection,25,0.001167
1,selection,26,0.001167
1,selection,27,0.001166
1,selection,28,0.001167
1,selection,29,0.0011250000000000001
1,selection,30,0.0011250000000000001
1,selection,31,0.001167
1,selection,32,0.0011250000000000001
1,selection,33,0.001166
1,selection,34,0.0011250000000000001
1,selection,35,0.001209
1,selection,36,0.001167
1,selection,37,0.001166
1,selection,38,0.001167
1,selection,39,0.001167
1,selection,40,0.0012079999999999999
1,selection,41,0.001166
1,selection,42,0.001167
1,selection,43,0.001167
1,selection,44,0.001166
1,selection,45,0.001167
1,selection,46,0.001167
1,selection,47,0.001166
1,selection,48,0.001167
1,selection,49,0.001167
1,selection,50,0.001166
1,selection,51,0.0012079999999999999
1,selection,52,0.001167
1,selection,53,0.001167
1,selection,54,0.001166
1,selection,55,0.001167
1,selection,56,0.001167
1,selection,57,0.001166
1,selection,58,0.001166
1,selection,59,0.0011250000000000001
1,selection,60,0.001166
1,selection,61,0.0012079999999999999
1,selection,62,0.001167
1,selection,63,0.001167
1,selection,64,0.001166
1,selection,65,0.001167
1,selection,66,0.0011250000000000001
1,selection,67,0.001166
1,selection,68,0.001167
1,selection,69,0.001167
1,selection,70,0.001166
1,selection,71,0.001167
1,selection,72,0.0011250000000000001
1,selection,73,0.0012079999999999999
1,selection,74,0.001167
1,selection,75,0.001167
1,selection,76,0.001166
1,selection,77,0.001167
1,selection,78,0.001209
1,selection,79,0.001167
1,selection,80,0.001167
1,selection,81,0.0011250000000000001
1,selection,82,0.001167
1,selection,83,0.001167
1,selection,84,0.001166
1,selection,85,0.0011250000000000001
1,selection,86,0.001166
1,selection,87,0.001167
1,selection,88,0.001167
1,selection,89,0.0011250000000000001
1,selection,90,0.001167
1,selection,91,0.001167
1,selection,92,0.001167
1,selection,93,0.001166
1,selection,94,0.0012079999999999999
1,selection,95,0.001167
1,selection,96,0.001167
1,selection,97,0.001166
1,selection,98,0.001167
1,selection,99,0.001167
1,selection,100,0.001166
1,selection,101,0.001167
1,selection,102,0.001167
1,selection,103,0.001167
1,selection,104,0.001166
1,selection,105,0.001167
1,selection,106,0.001167
1,selection,107,0.0011250000000000001
1,selection,108,0.001167
1,selection,109,0.001166
1,selection,110,0.0011250000000000001
1,selection,111,0.001167
1,selection,112,0.001167
1,selection,113,0.0011250000000000001
1,selection,114,0.0011250000000000001
1,selection,115,0.001166
1,selection,116,0.0011250000000000001
1,selection,117,0.001167
1,selection,118,0.001167
1,selection,119,0.001166
1,selection,120,0.001167
1,selection,121,0.001167
1,selection,122,0.001166
1,selection,123,0.001167
1,selection,124,0.001167
1,selection,125,0.001166
1,selection,126,0.0012079999999999999
1,selection,127,0.0011250000000000001
1,selection,128,0.0011250000000000001
1,selection,129,0.001167
1,selection,130,0.001167
1,selection,131,0.001166
1,selection,132,0.001167
1,selection,133,0.001167
1,selection,134,0.0012079999999999999
1,selection,135,0.001166
1,selection,136,0.001167
1,selection,137,0.001167
1,selection,138,0.001166
1,selection,139,0.001167
1,selection,140,0.001167
1,selection,141,0.001166
1,selection,142,0.001167
1,selection,143,0.0011250000000000001
1,selection,144,0.001166
1,selection,145,0.001167
1,selection,146,0.001167
1,selection,147,0.0012079999999999999
1,selection,148,0.0011250000000000001
1,selection,149,0.001167
1,selection,150,0.001166
1,selection,151,0.0012079999999999999
1,selection,152,0.001167
1,selection,153,0.001167
1,selection,154,0.001166
1,selection,155,0.001167
1,selection,156,0.0011250000000000001
1,selection,157,0.006833
1,selection,158,0.001166
1,selection,159,0.001166
1,selection,160,0.001167
1,selection,161,0.001167
1,selection,162,0.001166
1,selection,163,0.001167
1,selection,164,0.001167
1,selection,165,0.0012079999999999999
1,selection,166,0.001291
1,selection,167,0.001167
1,selection,168,0.001166
1,selection,169,0.0012079999999999999
1,selection,170,0.001167
1,selection,171,0.001167
1,selection,172,0.001166
1,selection,173,0.001167
1,selection,174,0.001167
1,selection,175,0.001166
1,selection,176,0.001167
1,selection,177,0.001209
1,selection,178,0.001167
1,selection,179,0.001166
1,selection,180,0.001167
1,selection,181,0.001167
1,selection,182,0.001166
1,selection,183,0.0012079999999999999
1,selection,184,0.0012079999999999999
1,selection,185,0.001167
1,selection,186,0.001167
1,selection,187,0.001166
1,selection,188,0.001167
1,selection,189,0.001167
1,selection,190,0.001166
1,selection,191,0.001167
1,selection,192,0.0011250000000000001
1,selection,193,0.001166
1,selection,194,0.001167
1,selection,195,0.001167
1,selection,196,0.001166
1,selection,197,0.001167
1,selection,198,0.001167
1,selection,199,0.001166
1,selection,200,0.001167
1,selection,201,0.0011250000000000001
1,selection,202,0.001167
1,selection,203,0.001167
1,selection,204,0.001166
1,selection,205,0.0012079999999999999
1,selection,206,0.001167
1,selection,207,0.001167
1,selection,208,0.001166
1,selection,209,0.0011250000000000001
1,selection,210,0.0012920000000000002
1,selection,211,0.001166
1,selection,212,0.001167
1,selection,213,0.001167
1,selection,214,0.0012079999999999999
1,selection,215,0.001166
1,selection,216,0.001167
1,selection,217,0.001167
1,selection,218,0.001166
1,selection,219,0.001167
1,selection,220,0.001167
1,selection,221,0.0012079999999999999
1,selection,222,0.001166
1,selection,223,0.001167
1,selection,224,0.001167
1,selection,225,0.001166
1,selection,226,0.0011250000000000001
1,selection,227,0.0011250000000000001
1,selection,228,0.001166
1,selection,229,0.0011250000000000001
1,selection,230,0.001209
1,selection,231,0.001167
1,selection,232,0.001166
1,selection,233,0.001167
1,selection,234,0.001167
1,selection,235,0.001166
1,selection,236,0.001167
1,selection,237,0.001167
1,selection,238,0.0012079999999999999
1,selection,239,0.001166
1,selection,240,0.001167
1,selection,241,0.001167
1,selection,242,0.0011250000000000001
1,selection,243,0.001209
1,selection,244,0.001167
1,selection,245,0.001166
1,selection,246,0.001167
1,selection,247,0.001167
1,selection,248,0.001166
1,selection,249,0.001167
1,selection,250,0.001167
1,selection,251,0.001167
1,selection,252,0.001166
1,selection,253,0.001167
1,selection,254,0.001167
1,selection,255,0.0011250000000000001
1,selection,256,0.0012079999999999999
1,selection,257,0.001167
1,selection,258,0.001167
1,selection,259,0.001166
1,selection,260,0.001167
1,selection,261,0.001167
1,selection,262,0.001166
1,selection,263,0.001167
1,selection,264,0.001167
1,selection,265,0.001167
1,selection,266,0.0011250000000000001
1,selection,267,0.001167
1,selection,268,0.001167
1,selection,269,0.001166
1,selection,270,0.0012079999999999999
1,selection,271,0.001167
1,selection,272,0.001167
1,selection,273,0.001209
1,selection,274,0.001167
1,selection,275,0.0012079999999999999
1,selection,276,0.001166
1,selection,277,0.001167
1,selection,278,0.001167
1,selection,279,0.001166
1,selection,280,0.001167
1,selection,281,0.001167
1,selection,282,0.0012079999999999999
1,selection,283,0.001166
1,selection,284,0.001167
1,selection,285,0.001167
1,selection,286,0.001166
1,selection,287,0.001167
1,selection,288,0.001167
1,selection,289,0.001167
1,selection,290,0.001166
1,selection,291,0.0011250000000000001
1,selection,292,0.001167
1,selection,293,0.001166
1,selection,294,0.001167
1,selection,295,0.001167
1,selection,296,0.001166
1,selection,297,0.001167
1,selection,298,0.001167
1,selection,299,0.001166
1,selection,300,0.001167
1,selection,301,0.001167
1,selection,302,0.0011250000000000001
1,selection,303,0.001167
1,selection,304,0.001166
1,selection,305,0.001167
1,selection,306,0.001167
1,selection,307,0.0011250000000000001
1,selection,308,0.001166
1,selection,309,0.001167
1,selection,310,0.001167
1,selection,311,0.001166
1,selection,312,0.001167
1,selection,313,0.001167
1,selection,314,0.001166
1,selection,315,0.0012079999999999999
1,selection,316,0.001167
1,selection,317,0.001167
1,selection,318,0.0011250000000000001
1,selection,319,0.001167
1,selection,320,0.001166
1,selection,321,0.001167
1,selection,322,0.001167
1,selection,323,0.001166
1,selection,324,0.001167
1,selection,325,0.0011250000000000001
1,selection,326,0.001166
1,selection,327,0.0011250000000000001
1,selection,328,0.001166
1,selection,329,0.001167
1,selection,330,0.001167
1,selection,331,0.001166
1,selection,332,0.001167
1,selection,333,0.001167
1,selection,334,0.0011250000000000001
1,selection,335,0.001167
1,selection,336,0.0011250000000000001
1,selection,337,0.0011250000000000001
1,selection,338,0.001209
1,selection,339,0.001209
1,selection,340,0.0012079999999999999
1,selection,341,0.001166
1,selection,342,0.001166
1,selection,343,0.001167
1,selection,344,0.001167
1,selection,345,0.001166
1,selection,346,0.0012920000000000002
1,selection,347,0.001167
1,selection,348,0.001166
1,selection,349,0.001167
1,selection,350,0.001167
1,selection,351,0.001166
1,selection,352,0.0011250000000000001
1,selection,353,0.001166
1,selection,354,0.0011250000000000001
1,selection,355,0.001167
1,selection,356,0.001166
1,selection,357,0.001167
1,selection,358,0.001167
1,selection,359,0.001166
1,selection,360,0.001167
1,selection,361,0.001209
1,selection,362,0.001209
1,selection,363,0.001167
1,selection,364,0.001166
1,selection,365,0.001167
1,selection,366,0.0013340000000000001
1,selection,367,0.001166
1,selection,368,0.001167
1,selection,369,0.001167
1,selection,370,0.001167
1,selection,371,0.0011250000000000001
1,selection,372,0.001166
1,selection,373,0.001167
1,selection,374,0.001167
1,selection,375,0.0012079999999999999
1,selection,376,0.001166
1,selection,377,0.001167
1,selection,378,0.001167
1,selection,379,0.001166
1,selection,380,0.001167
1,selection,381,0.001167
1,selection,382,0.001167
1,selection,383,0.0012079999999999999
1,selection,384,0.001166
1,selection,385,0.001167
1,selection,386,0.001167
1,selection,387,0.001167
1,selection,388,0.0011250000000000001
1,selection,389,0.0011250000000000001
1,selection,390,0.0012079999999999999
1,selection,391,0.001166
1,selection,392,0.001167
1,selection,393,0.001167
1,selection,394,0.0011250000000000001
1,selection,395,0.001167
1,selection,396,0.0011250000000000001
1,selection,397,0.0011250000000000001
1,selection,398,0.001167
1,selection,399,0.001209
1,selection,400,0.001167
1,selection,401,0.001166
1,selection,402,0.001166
1,selection,403,0.001167
1,selection,404,0.001167
1,selection,405,0.0012079999999999999
1,selection,406,0.001166
1,selection,407,0.0011250000000000001
1,selection,408,0.001167
1,selection,409,0.001167
1,selection,410,0.001166
1,selection,411,0.001167
1,selection,412,0.0011250000000000001
1,selection,413,0.0011250000000000001
1,selection,414,0.001166
1,selection,415,0.001167
1,selection,416,0.001167
1,selection,417,0.0011250000000000001
1,selection,418,0.001167
1,selection,419,0.001167
1,selection,420,0.0012079999999999999
1,selection,421,0.001166
1,selection,422,0.001167
1,selection,423,0.001167
1,selection,424,0.0011250000000000001
1,selection,425,0.001167
1,selection,426,0.001166
1,selection,427,0.001167
1,selection,428,0.001167
1,selection,429,0.001166
1,selection,430,0.001167
1,selection,431,0.001166
1,selection,432,0.001167
1,selection,433,0.001209
1,selection,434,0.001167
1,selection,435,0.0011250000000000001
1,selection,436,0.001167
1,selection,437,0.001166
1,selection,438,0.0012079999999999999
1,selection,439,0.001167
1,selection,440,0.001167
1,selection,441,0.001166
1,selection,442,0.001167
1,selection,443,0.0011250000000000001
1,selection,444,0.0011250000000000001
1,selection,445,0.001167
1,selection,446,0.001166
1,selection,447,0.0011250000000000001
1,selection,448,0.001167
1,selection,449,0.0011250000000000001
1,selection,450,0.001167
1,selection,451,0.001209
1,selection,452,0.001167
1,selection,453,0.001166
1,selection,454,0.0011250000000000001
1,selection,455,0.0011250000000000001
1,selection,456,0.001167
1,selection,457,0.001209
1,selection,458,0.001167
1,selection,459,0.0011250000000000001
1,selection,460,0.0011250000000000001
1,selection,461,0.001166
1,selection,462,0.001167
1,selection,463,0.001209
1,selection,464,0.0012079999999999999
1,selection,465,0.001166
1,selection,466,0.001167
1,selection,467,0.001167
1,selection,468,0.001166
1,selection,469,0.001167
1,selection,470,0.001167
1,selection,471,0.0012079999999999999
1,selection,472,0.0012079999999999999
1,selection,473,0.0011250000000000001
1,selection,474,0.001167
1,selection,475,0.001167
1,selection,476,0.0012079999999999999
1,selection,477,0.001166
1,selection,478,0.001167
1,selection,479,0.001167
1,selection,480,0.001166
1,selection,481,0.001167
1,selection,482,0.001167
1,selection,483,0.001166
1,selection,484,0.0012079999999999999
1,selection,485,0.001167
1,selection,486,0.001167
1,selection,487,0.001166
1,selection,488,0.001166
1,selection,489,0.001167
1,selection,490,0.001209
1,selection,491,0.0011250000000000001
1,selection,492,0.001167
1,selection,493,0.001167
1,selection,494,0.001166
1,selection,495,0.001167
1,selection,496,0.001167
1,selection,497,0.001166
1,selection,498,0.001167
1,selection,499,0.001167
1,selection,500,0.001166
1,selection,501,0.001167
1,selection,502,0.001167
1,selection,503,0.001166
1,selection,504,0.001167
1,selection,505,0.001209
1,selection,506,0.001167
1,selection,507,0.001166
1,selection,508,0.001167
1,selection,509,0.001167
1,selection,510,0.001166
1,selection,511,0.001167
1,selection,512,0.001167
1,selection,513,0.001166
1,selection,514,0.001167
1,selection,515,0.001167
1,selection,516,0.001167
1,selection,517,0.001166
1,selection,518,0.001166
1,selection,519,0.001167
1,selection,520,0.001209
1,selection,521,0.001167
1,selection,522,0.001166
1,selection,523,0.001167
1,selection,524,0.001167
1,selection,525,0.0012079999999999999
1,selection,526,0.001166
1,selection,527,0.001166
1,selection,528,0.001167
1,selection,529,0.001167
1,selection,530,0.0011250000000000001
1,selection,531,0.001167
1,selection,532,0.001167
1,selection,533,0.001291
1,selection,534,0.0011250000000000001
1,selection,535,0.001166
1,selection,536,0.001166
1,selection,537,0.0011250000000000001
1,selection,538,0.001291
1,selection,539,0.001167
1,selection,540,0.001167
1,selection,541,0.001166
1,selection,542,0.001167
1,selection,543,0.001167
1,selection,544,0.001166
1,selection,545,0.001291
1,selection,546,0.001167
1,selection,547,0.001166
1,selection,548,0.0012079999999999999
1,selection,549,0.001167
1,selection,550,0.001083
1,selection,551,0.001167
1,selection,552,0.0011250000000000001
1,selection,553,0.001166
1,selection,554,0.001167
1,selection,555,0.0012079999999999999
1,selection,556,0.001166
1,selection,557,0.001167
1,selection,558,0.001167
1,selection,559,0.001166
1,selection,560,0.001167
1,selection,561,0.001167
1,selection,562,0.001166
1,selection,563,0.001167
1,selection,564,0.001167
1,selection,565,0.001166
1,selection,566,0.001166
1,selection,567,0.001167
1,selection,568,0.001209
1,selection,569,0.001167
1,selection,570,0.001166
1,selection,571,0.001167
1,selection,572,0.001167
1,selection,573,0.001166
1,selection,574,0.001167
1,selection,575,0.001167
1,selection,576,0.0012079999999999999
1,selection,577,0.001166
1,selection,578,0.001167
1,selection,579,0.001167
1,selection,580,0.001167
1,selection,581,0.001166
1,selection,582,0.001167
1,selection,583,0.001209
1,selection,584,0.001167
1,selection,585,0.0012079999999999999
1,selection,586,0.001166
1,selection,587,0.0011250000000000001
1,selection,588,0.001167
1,selection,589,0.0012079999999999999
1,selection,590,0.001166
1,selection,591,0.0012079999999999999
1,selection,592,0.001167
1,selection,593,0.001167
1,selection,594,0.0011250000000000001
1,selection,595,0.001166
1,selection,596,0.001167
1,selection,597,0.001209
1,selection,598,0.001209
1,selection,599,0.001167
1,selection,600,0.0011250000000000001
1,selection,601,0.0011250000000000001
1,selection,602,0.001166
1,selection,603,0.001167
1,selection,604,0.001209
1,selection,605,0.001166
1,selection,606,0.0012079999999999999
1,selection,607,0.0012079999999999999
1,selection,608,0.001167
1,selection,609,0.001167
1,selection,610,0.001166
1,selection,611,0.001167
1,selection,612,0.001167
1,selection,613,0.001166
1,selection,614,0.0011250000000000001
1,selection,615,0.001167
1,selection,616,0.0012079999999999999
1,selection,617,0.001166
1,selection,618,0.001167
1,selection,619,0.001167
1,selection,620,0.0011250000000000001
1,selection,621,0.001167
1,selection,622,0.001167
1,selection,623,0.0012079999999999999
1,selection,624,0.001166
1,selection,625,0.001167
1,selection,626,0.001167
1,selection,627,0.001166
1,selection,628,0.001167
1,selection,629,0.001167
1,selection,630,0.001166
1,selection,631,0.001167
1,selection,632,0.001167
1,selection,633,0.001166
1,selection,634,0.001167
1,selection,635,0.001167
1,selection,636,0.001167
1,selection,637,0.001166
1,selection,638,0.001167
1,selection,639,0.001167
1,selection,640,0.001167
1,selection,641,0.001166
1,selection,642,0.001167
1,selection,643,0.001167
1,selection,644,0.001166
1,selection,645,0.001167
1,selection,646,0.0011250000000000001
1,selection,647,0.0012079999999999999
1,selection,648,0.0011250000000000001
1,selection,649,0.0011250000000000001
1,selection,650,0.001167
1,selection,651,0.0011250000000000001
1,selection,652,0.001167
1,selection,653,0.001167
1,selection,654,0.001167
1,selection,655,0.001166
1,selection,656,0.0012079999999999999
1,selection,657,0.0011250000000000001
1,selection,658,0.001167
1,selection,659,0.0011250000000000001
1,selection,660,0.001167
1,selection,661,0.0012079999999999999
1,selection,662,0.001166
1,selection,663,0.001167
1,selection,664,0.001167
1,selection,665,0.0012079999999999999
1,selection,666,0.001166
1,selection,667,0.001167
1,selection,668,0.0011250000000000001
1,selection,669,0.001166
1,selection,670,0.001167
1,selection,671,0.001167
1,selection,672,0.001166
1,selection,673,0.001167
1,selection,674,0.001167
1,selection,675,0.001166
1,selection,676,0.0011250000000000001
1,selection,677,0.0011250000000000001
1,selection,678,0.001167
1,selection,679,0.001167
1,selection,680,0.001166
1,selection,681,0.001167
1,selection,682,0.001167
1,selection,683,0.001166
1,selection,684,0.001167
1,selection,685,0.001167
1,selection,686,0.001166
1,selection,687,0.001167
1,selection,688,0.001167
1,selection,689,0.0012079999999999999
1,selection,690,0.001167
1,selection,691,0.001167
1,selection,692,0.001166
1,selection,693,0.001167
1,selection,694,0.001209
1,selection,695,0.001167
1,selection,696,0.001166
1,selection,697,0.001167
1,selection,698,0.001167
1,selection,699,0.0012079999999999999
1,selection,700,0.001166
1,selection,701,0.0012079999999999999
1,selection,702,0.001167
1,selection,703,0.001167
1,selection,704,0.0011250000000000001
1,selection,705,0.001167
1,selection,706,0.001167
1,selection,707,0.001166
1,selection,708,0.001167
1,selection,709,0.001167
1,selection,710,0.001166
1,selection,711,0.001167
1,selection,712,0.001167
1,selection,713,0.001166
1,selection,714,0.001167
1,selection,715,0.001209
1,selection,716,0.001167
1,selection,717,0.001166
1,selection,718,0.001167
1,selection,719,0.001167
1,selection,720,0.001166
1,selection,721,0.001167
1,selection,722,0.001167
1,selection,723,0.0012079999999999999
1,selection,724,0.001166
1,selection,725,0.001167
1,selection,726,0.0011250000000000001
1,selection,727,0.0012079999999999999
1,selection,728,0.001167
1,selection,729,0.0012079999999999999
1,selection,730,0.001166
1,selection,731,0.001167
1,selection,732,0.001167
1,selection,733,0.001166
1,selection,734,0.001167
1,selection,735,0.0011250000000000001
1,selection,736,0.001167
1,selection,737,0.001166
1,selection,738,0.0011250000000000001
1,selection,739,0.001167
1,selection,740,0.0012079999999999999
1,selection,741,0.001166
1,selection,742,0.0011250000000000001
1,selection,743,0.001166
1,selection,744,0.0012079999999999999
1,selection,745,0.001167
1,selection,746,0.001167
1,selection,747,0.001166
1,selection,748,0.001167
1,selection,749,0.001167
1,selection,750,0.001166
1,selection,751,0.001167
1,selection,752,0.001167
1,selection,753,0.001166
1,selection,754,0.001167
1,selection,755,0.001167
1,selection,756,0.001166
1,selection,757,0.001167
1,selection,758,0.001167
1,selection,759,0.001167
1,selection,760,0.001166
1,selection,761,0.001167
1,selection,762,0.001167
1,selection,763,0.001167
1,selection,764,0.001166
1,selection,765,0.001167
1,selection,766,0.001167
1,selection,767,0.001166
1,selection,768,0.001167
1,selection,769,0.001167
1,selection,770,0.001166
1,selection,771,0.001167
1,selection,772,0.001209
1,selection,773,0.001167
1,selection,774,0.0011250000000000001
1,selection,775,0.001167
1,selection,776,0.0012079999999999999
1,selection,777,0.001166
1,selection,778,0.001167
1,selection,779,0.001167
1,selection,780,0.001166
1,selection,781,0.001167
1,selection,782,0.001167
1,selection,783,0.001166
1,selection,784,0.001167
1,selection,785,0.001167
1,selection,786,0.001166
1,selection,787,0.001167
1,selection,788,0.001209
1,selection,789,0.001167
1,selection,790,0.001166
1,selection,791,0.001167
1,selection,792,0.001167
1,selection,793,0.001167
1,selection,794,0.001166
1,selection,795,0.001166
1,selection,796,0.001167
1,selection,797,0.001167
1,selection,798,0.001166
1,selection,799,0.001167
1,selection,800,0.001167
1,selection,801,0.001166
1,selection,802,0.001167
1,selection,803,0.001167
1,selection,804,0.001166
1,selection,805,0.0012079999999999999
1,selection,806,0.001167
1,selection,807,0.001167
1,selection,808,0.001166
1,selection,809,0.001167
1,selection,810,0.001167
1,selection,811,0.001167
1,selection,812,0.001166
1,selection,813,0.001167
1,selection,814,0.0012079999999999999
1,selection,815,0.001167
1,selection,816,0.001167
1,selection,817,0.001166
1,selection,818,0.0011250000000000001
1,selection,819,0.001167
1,selection,820,0.001166
1,selection,821,0.001167
1,selection,822,0.001167
1,selection,823,0.0012079999999999999
1,selection,824,0.0011250000000000001
1,selection,825,0.001167
1,selection,826,0.001209
1,selection,827,0.001167
1,selection,828,0.001166
1,selection,829,0.001167
1,selection,830,0.001167
1,selection,831,0.001166
1,selection,832,0.001167
1,selection,833,0.001167
1,selection,834,0.001167
1,selection,835,0.001166
1,selection,836,0.001167
1,selection,837,0.001167
1,selection,838,0.001166
1,selection,839,0.001167
1,selection,840,0.0011250000000000001
1,selection,841,0.001166
1,selection,842,0.001167
1,selection,843,0.001167
1,selection,844,0.0012079999999999999
1,selection,845,0.001166
1,selection,846,0.001167
1,selection,847,0.0011250000000000001
1,selection,848,0.001167
1,selection,849,0.001167
1,selection,850,0.001166
1,selection,851,0.001167
1,selection,852,0.001167
1,selection,853,0.001166
1,selection,854,0.0012079999999999999
1,selection,855,0.0011250000000000001
1,selection,856,0.001166
1,selection,857,0.001167
1,selection,858,0.001209
1,selection,859,0.0012079999999999999
1,selection,860,0.0012079999999999999
1,selection,861,0.001166
1,selection,862,0.0011250000000000001
1,selection,863,0.001166
1,selection,864,0.001167
1,selection,865,0.001209
1,selection,866,0.001167
1,selection,867,0.001166
1,selection,868,0.001167
1,selection,869,0.0011250000000000001
1,selection,870,0.001167
1,selection,871,0.001167
1,selection,872,0.001166
1,selection,873,0.0011250000000000001
1,selection,874,0.0011250000000000001
1,selection,875,0.001167
1,selection,876,0.001167
1,selection,877,0.00125
1,selection,878,0.001167
1,selection,879,0.001166
1,selection,880,0.0011250000000000001
1,selection,881,0.0011250000000000001
1,selection,882,0.001166
1,selection,883,0.001167
1,selection,884,0.001167
1,selection,885,0.001166
1,selection,886,0.0011250000000000001
1,selection,887,0.001167
1,selection,888,0.001167
1,selection,889,0.001167
1,selection,890,0.0011250000000000001
1,selection,891,0.0011250000000000001
1,selection,892,0.001166
1,selection,893,0.001167
1,selection,894,0.001167
1,selection,895,0.001167
1,selection,896,0.001166
1,selection,897,0.001167
1,selection,898,0.001167
1,selection,899,0.001166
1,selection,900,0.001167
1,selection,901,0.001167
1,selection,902,0.0011250000000000001
1,selection,903,0.001167
1,selection,904,0.001167
1,selection,905,0.001166
1,selection,906,0.001167
1,selection,907,0.001167
1,selection,908,0.001166
1,selection,909,0.0012079999999999999
1,selection,910,0.001167
1,selection,911,0.001167
1,selection,912,0.001166
1,selection,913,0.001167
1,selection,914,0.001209
1,selection,915,0.001167
1,selection,916,0.001166
1,selection,917,0.001167
1,selection,918,0.001167
1,selection,919,0.001166
1,selection,920,0.001166
1,selection,921,0.001167
1,selection,922,0.001167
1,selection,923,0.0011250000000000001
1,selection,924,0.001167
1,selection,925,0.0012079999999999999
1,selection,926,0.001166
1,selection,927,0.001167
1,selection,928,0.001167
1,selection,929,0.0011250000000000001
1,selection,930,0.001167
1,selection,931,0.001209
1,selection,932,0.001167
1,selection,933,0.001166
1,selection,934,0.0011250000000000001
1,selection,935,0.0012079999999999999
1,selection,936,0.001166
1,selection,937,0.001167
1,selection,938,0.001167
1,selection,939,0.001166
1,selection,940,0.001167
1,selection,941,0.001167
1,selection,942,0.001167
1,selection,943,0.0011250000000000001
1,selection,944,0.0011250000000000001
1,selection,945,0.001166
1,selection,946,0.001167
1,selection,947,0.001209
1,selection,948,0.001167
1,selection,949,0.001166
1,selection,950,0.001167
1,selection,951,0.0011250000000000001
1,selection,952,0.001167
1,selection,953,0.0011250000000000001
1,selection,954,0.001166
1,selection,955,0.001166
1,selection,956,0.001167
1,selection,957,0.001167
1,selection,958,0.001167
1,selection,959,0.0011250000000000001
1,selection,960,0.001166
1,selection,961,0.001209
1,selection,962,0.001167
1,selection,963,0.001166
1,selection,964,0.001167
1,selection,965,0.001167
1,selection,966,0.001167
1,selection,967,0.001166
1,selection,968,0.001167
1,selection,969,0.001167
1,selection,970,0.001166
1,selection,971,0.001167
1,selection,972,0.0011250000000000001
1,selection,973,0.001167
1,selection,974,0.001166
1,selection,975,0.001167
1,selection,976,0.001167
1,selection,977,0.001166
1,selection,978,0.001167
1,selection,979,0.001167
1,selection,980,0.001166
1,selection,981,0.001167
1,selection,982,0.001209
1,selection,983,0.001167
1,selection,984,0.0011250000000000001
1,selection,985,0.0011250000000000001
1,selection,986,0.001209
1,selection,987,0.001167
1,selection,988,0.001166
1,selection,989,0.001167
1,selection,990,0.001167
1,selection,991,0.001166
1,selection,992,0.0011250000000000001
1,selection,993,0.001167
1,selection,994,0.0012079999999999999
1,selection,995,0.001166
1,selection,996,0.001167
1,selection,997,0.001167
1,selection,998,0.001166
1,selection,999,0.001167
1,invoke,0,0.002792
1,invoke,1,0.00045900000000000004
1,invoke,2,0.00033299999999999996
1,invoke,3,0.000292
1,invoke,4,0.003084
1,invoke,5,0.000292
1,invoke,6,0.000292
1,invoke,7,0.000292
1,invoke,8,0.00029099999999999997
1,invoke,9,0.000292
1,invoke,10,0.000292
1,invoke,11,0.000292
1,invoke,12,0.00033299999999999996
1,invoke,13,0.00029099999999999997
1,invoke,14,0.000292
1,invoke,15,0.000334
1,invoke,16,0.000292
1,invoke,17,0.00029099999999999997
1,invoke,18,0.000292
1,invoke,19,0.000292
1,invoke,20,0.000292
1,invoke,21,0.00029099999999999997
1,invoke,22,0.000292
1,invoke,23,0.000292
1,invoke,24,0.000292
1,invoke,25,0.00029099999999999997
1,invoke,26,0.000292
1,invoke,27,0.000292
1,invoke,28,0.000292
1,invoke,29,0.00029099999999999997
1,invoke,30,0.000292
1,invoke,31,0.000292
1,invoke,32,0.000292
1,invoke,33,0.00029099999999999997
1,invoke,34,0.00033299999999999996
1,invoke,35,0.000292
1,invoke,36,0.000292
1,invoke,37,0.00029099999999999997
1,invoke,38,0.00029099999999999997
1,invoke,39,0.000292
1,invoke,40,0.000292
1,invoke,41,0.000292
1,invoke,42,0.00029099999999999997
1,invoke,43,0.000292
1,invoke,44,0.000292
1,invoke,45,0.00029099999999999997
1,invoke,46,0.00029099999999999997
1,invoke,47,0.000292
1,invoke,48,0.000292
1,invoke,49,0.00029099999999999997
1,invoke,50,0.00033299999999999996
1,invoke,51,0.000292
1,invoke,52,0.000292
1,invoke,53,0.00029099999999999997
1,invoke,54,0.00029099999999999997
1,invoke,55,0.000292
1,invoke,56,0.000292
1,invoke,57,0.000292
1,invoke,58,0.00025
1,invoke,59,0.000334
1,invoke,60,0.000292
1,invoke,61,0.00029099999999999997
1,invoke,62,0.000292
1,invoke,63,0.000292
1,invoke,64,0.00033299999999999996
1,invoke,65,0.00029099999999999997
1,invoke,66,0.000292
1,invoke,67,0.000292
1,invoke,68,0.000292
1,invoke,69,0.00033299999999999996
1,invoke,70,0.00029099999999999997
1,invoke,71,0.000292
1,invoke,72,0.000334
1,invoke,73,0.000292
1,invoke,74,0.00029099999999999997
1,invoke,75,0.000292
1,invoke,76,0.000292
1,invoke,77,0.000292
1,invoke,78,0.00029099999999999997
1,invoke,79,0.00033299999999999996
1,invoke,80,0.000292
1,invoke,81,0.000292
1,invoke,82,0.00029099999999999997
1,invoke,83,0.00025
1,invoke,84,0.000292
1,invoke,85,0.000292
1,invoke,86,0.00029099999999999997
1,invoke,87,0.000292
1,invoke,88,0.000292
1,invoke,89,0.000292
1,invoke,90,0.00029099999999999997
1,invoke,91,0.000292
1,invoke,92,0.000292
1,invoke,93,0.00029099999999999997
1,invoke,94,0.00033299999999999996
1,invoke,95,0.000292
1,invoke,96,0.000292
1,invoke,97,0.00029099999999999997
1,invoke,98,0.00029099999999999997
1,invoke,99,0.000292
1,invoke,100,0.000292
1,invoke,101,0.000292
1,invoke,102,0.00029099999999999997
1,invoke,103,0.000292
1,invoke,104,0.000292
1,invoke,105,0.000292
1,invoke,106,0.00029099999999999997
1,invoke,107,0.000292
1,invoke,108,0.000292
1,invoke,109,0.00029099999999999997
1,invoke,110,0.000292
1,invoke,111,0.000334
1,invoke,112,0.000292
1,invoke,113,0.00029099999999999997
1,invoke,114,0.000292
1,invoke,115,0.000292
1,invoke,116,0.000292
1,invoke,117,0.00029099999999999997
1,invoke,118,0.000292
1,invoke,119,0.000292
1,invoke,120,0.00029099999999999997
1,invoke,121,0.000292
1,invoke,122,0.000334
1,invoke,123,0.000292
1,invoke,124,0.00029099999999999997
1,invoke,125,0.000292
1,invoke,126,0.000292
1,invoke,127,0.000292
1,invoke,128,0.00029099999999999997
1,invoke,129,0.000292
1,invoke,130,0.000292
1,invoke,131,0.000292
1,invoke,132,0.00029099999999999997
1,invoke,133,0.00029099999999999997
1,invoke,134,0.000292
1,invoke,135,0.000292
1,invoke,136,0.00029099999999999997
1,invoke,137,0.00029099999999999997
1,invoke,138,0.000292
1,invoke,139,0.000292
1,invoke,140,0.000292
1,invoke,141,0.00029099999999999997
1,invoke,142,0.000292
1,invoke,143,0.00025
1,invoke,144,0.000292
1,invoke,145,0.00029099999999999997
1,invoke,146,0.000292
1,invoke,147,0.000292
1,invoke,148,0.000292
1,invoke,149,0.00029099999999999997
1,invoke,150,0.000292
1,invoke,151,0.000292
1,invoke,152,0.000292
1,invoke,153,0.00029099999999999997
1,invoke,154,0.00033299999999999996
1,invoke,155,0.000292
1,invoke,156,0.000292
1,invoke,157,0.00029099999999999997
1,invoke,158,0.000292
1,invoke,159,0.000292
1,invoke,160,0.000292
1,invoke,161,0.00029099999999999997
1,invoke,162,0.000292
1,invoke,163,0.000334
1,invoke,164,0.000292
1,invoke,165,0.00029099999999999997
1,invoke,166,0.000292
1,invoke,167,0.00025
1,invoke,168,0.00033299999999999996
1,invoke,169,0.00029099999999999997
1,invoke,170,0.000292
1,invoke,171,0.000334
1,invoke,172,0.000292
1,invoke,173,0.00033299999999999996
1,invoke,174,0.00029099999999999997
1,invoke,175,0.000292
1,invoke,176,0.000292
1,invoke,177,0.00025
1,invoke,178,0.00029099999999999997
1,invoke,179,0.000292
1,invoke,180,0.000292
1,invoke,181,0.00029099999999999997
1,invoke,182,0.000292
1,invoke,183,0.000292
1,invoke,184,0.000292
1,invoke,185,0.00029099999999999997
1,invoke,186,0.00029099999999999997
1,invoke,187,0.000292
1,invoke,188,0.000292
1,invoke,189,0.000292
1,invoke,190,0.000292
1,invoke,191,0.00029099999999999997
1,invoke,192,0.00029099999999999997
1,invoke,193,0.000292
1,invoke,194,0.000292
1,invoke,195,0.00033299999999999996
1,invoke,196,0.00025
1,invoke,197,0.000292
1,invoke,198,0.000292
1,invoke,199,0.00029099999999999997
1,invoke,200,0.000292
1,invoke,201,0.000292
1,invoke,202,0.000292
1,invoke,203,0.00029099999999999997
1,invoke,204,0.000292
1,invoke,205,0.000334
1,invoke,206,0.000292
1,invoke,207,0.00029099999999999997
1,invoke,208,0.000292
1,invoke,209,0.000334
1,invoke,210,0.000292
1,invoke,211,0.00029099999999999997
1,invoke,212,0.000292
1,invoke,213,0.000292
1,invoke,214,0.000292
1,invoke,215,0.00029099999999999997
1,invoke,216,0.000292
1,invoke,217,0.000292
1,invoke,218,0.000292
1,invoke,219,0.00029099999999999997
1,invoke,220,0.00033299999999999996
1,invoke,221,0.000292
1,invoke,222,0.000292
1,invoke,223,0.00029099999999999997
1,invoke,224,0.00033299999999999996
1,invoke,225,0.000292
1,invoke,226,0.000292
1,invoke,227,0.00029099999999999997
1,invoke,228,0.00029099999999999997
1,invoke,229,0.000292
1,invoke,230,0.000292
1,invoke,231,0.00033299999999999996
1,invoke,232,0.00029099999999999997
1,invoke,233,0.000292
1,invoke,234,0.000292
1,invoke,235,0.000292
1,invoke,236,0.00029099999999999997
1,invoke,237,0.00033299999999999996
1,invoke,238,0.000292
1,invoke,239,0.000292
1,invoke,240,0.00029099999999999997
1,invoke,241,0.00033299999999999996
1,invoke,242,0.000292
1,invoke,243,0.000292
1,invoke,244,0.00033299999999999996
1,invoke,245,0.00029099999999999997
1,invoke,246,0.000292
1,invoke,247,0.000292
1,invoke,248,0.00029099999999999997
1,invoke,249,0.00029099999999999997
1,invoke,250,0.000292
1,invoke,251,0.000292
1,invoke,252,0.00029099999999999997
1,invoke,253,0.000292
1,invoke,254,0.000334
1,invoke,255,0.000292
1,invoke,256,0.00029099999999999997
1,invoke,257,0.00033299999999999996
1,invoke,258,0.000292
1,invoke,259,0.000292
1,invoke,260,0.00029099999999999997
1,invoke,261,0.000292
1,invoke,262,0.000292
1,invoke,263,0.000292
1,invoke,264,0.00029099999999999997
1,invoke,265,0.000292
1,invoke,266,0.000292
1,invoke,267,0.000334
1,invoke,268,0.000292
1,invoke,269,0.00029099999999999997
1,invoke,270,0.000292
1,invoke,271,0.000292
1,invoke,272,0.00033299999999999996
1,invoke,273,0.00029099999999999997
1,invoke,274,0.000292
1,invoke,275,0.000292
1,invoke,276,0.00029099999999999997
1,invoke,277,0.000292
1,invoke,278,0.000292
1,invoke,279,0.00029099999999999997
1,invoke,280,0.000292
1,invoke,281,0.000292
1,invoke,282,0.000292
1,invoke,283,0.00029099999999999997
1,invoke,284,0.00033299999999999996
1,invoke,285,0.000292
1,invoke,286,0.000292
1,invoke,287,0.000292
1,invoke,288,0.00029099999999999997
1,invoke,289,0.000292
1,invoke,290,0.000292
1,invoke,291,0.000292
1,invoke,292,0.00029099999999999997
1,invoke,293,0.000292
1,invoke,294,0.000292
1,invoke,295,0.00033299999999999996
1,invoke,296,0.00029099999999999997
1,invoke,297,0.000292
1,invoke,298,0.000292
1,invoke,299,0.00033299999999999996
1,invoke,300,0.00029099999999999997
1,invoke,301,0.000292
1,invoke,302,0.000292
1,invoke,303,0.00033299999999999996
1,invoke,304,0.00029099999999999997
1,invoke,305,0.000292
1,invoke,306,0.000292
1,invoke,307,0.00033299999999999996
1,invoke,308,0.00029099999999999997
1,invoke,309,0.000292
1,invoke,310,0.000334
1,invoke,311,0.000292
1,invoke,312,0.00029099999999999997
1,invoke,313,0.000292
1,invoke,314,0.000292
1,invoke,315,0.000292
1,invoke,316,0.00029099999999999997
1,invoke,317,0.00033299999999999996
1,invoke,318,0.000292
1,invoke,319,0.000292
1,invoke,320,0.00033299999999999996
1,invoke,321,0.00029099999999999997
1,invoke,322,0.000292
1,invoke,323,0.000334
1,invoke,324,0.000292
1,invoke,325,0.00029099999999999997
1,invoke,326,0.000292
1,invoke,327,0.000292
1,invoke,328,0.000292
1,invoke,329,0.00029099999999999997
1,invoke,330,0.000292
1,invoke,331,0.000292
1,invoke,332,0.000292
1,invoke,333,0.00029099999999999997
1,invoke,334,0.000292
1,invoke,335,0.000292
1,invoke,336,0.000292
1,invoke,337,0.00029099999999999997
1,invoke,338,0.00033299999999999996
1,invoke,339,0.000292
1,invoke,340,0.000292
1,invoke,341,0.00029099999999999997
1,invoke,342,0.00029099999999999997
1,invoke,343,0.000292
1,invoke,344,0.000292
1,invoke,345,0.00033299999999999996
1,invoke,346,0.00029099999999999997
1,invoke,347,0.000292
1,invoke,348,0.000292
1,invoke,349,0.00029099999999999997
1,invoke,350,0.00029099999999999997
1,invoke,351,0.000292
1,invoke,352,0.000334
1,invoke,353,0.000292
1,invoke,354,0.00029099999999999997
1,invoke,355,0.000292
1,invoke,356,0.000334
1,invoke,357,0.000292
1,invoke,358,0.00029099999999999997
1,invoke,359,0.00033299999999999996
1,invoke,360,0.000292
1,invoke,361,0.000292
1,invoke,362,0.00033299999999999996
1,invoke,363,0.00033299999999999996
1,invoke,364,0.000292
1,invoke,365,0.000334
1,invoke,366,0.000292
1,invoke,367,0.00029099999999999997
1,invoke,368,0.00029099999999999997
1,invoke,369,0.000292
1,invoke,370,0.000292
1,invoke,371,0.00029099999999999997
1,invoke,372,0.00029099999999999997
1,invoke,373,0.000292
1,invoke,374,0.000292
1,invoke,375,0.00029099999999999997
1,invoke,376,0.000292
1,invoke,377,0.000292
1,invoke,378,0.000292
1,invoke,379,0.00029099999999999997
1,invoke,380,0.000292
1,invoke,381,0.000292
1,invoke,382,0.00029099999999999997
1,invoke,383,0.00029099999999999997
1,invoke,384,0.000292
1,invoke,385,0.000292
1,invoke,386,0.00029099999999999997
1,invoke,387,0.000292
1,invoke,388,0.000292
1,invoke,389,0.00033299999999999996
1,invoke,390,0.00029099999999999997
1,invoke,391,0.000292
1,invoke,392,0.000292
1,invoke,393,0.00025
1,invoke,394,0.00029099999999999997
1,invoke,395,0.000292
1,invoke,396,0.000292
1,invoke,397,0.00033299999999999996
1,invoke,398,0.00029099999999999997
1,invoke,399,0.000292
1,invoke,400,0.000334
1,invoke,401,0.000292
1,invoke,402,0.00029099999999999997
1,invoke,403,0.00029099999999999997
1,invoke,404,0.000292
1,invoke,405,0.000334
1,invoke,406,0.000292
1,invoke,407,0.00029099999999999997
1,invoke,408,0.000292
1,invoke,409,0.000292
1,invoke,410,0.00029099999999999997
1,invoke,411,0.000292
1,invoke,412,0.000292
1,invoke,413,0.000292
1,invoke,414,0.00029099999999999997
1,invoke,415,0.000292
1,invoke,416,0.000292
1,invoke,417,0.000292
1,invoke,418,0.00029099999999999997
1,invoke,419,0.00033299999999999996
1,invoke,420,0.000292
1,invoke,421,0.000292
1,invoke,422,0.00029099999999999997
1,invoke,423,0.000292
1,invoke,424,0.000292
1,invoke,425,0.000292
1,invoke,426,0.00029099999999999997
1,invoke,427,0.000292
1,invoke,428,0.000292
1,invoke,429,0.00033299999999999996
1,invoke,430,0.00029099999999999997
1,invoke,431,0.000292
1,invoke,432,0.000292
1,invoke,433,0.00029099999999999997
1,invoke,434,0.00029099999999999997
1,invoke,435,0.000292
1,invoke,436,0.000292
1,invoke,437,0.000292
1,invoke,438,0.00029099999999999997
1,invoke,439,0.000292
1,invoke,440,0.000334
1,invoke,441,0.000292
1,invoke,442,0.00029099999999999997
1,invoke,443,0.000292
1,invoke,444,0.000334
1,invoke,445,0.000292
1,invoke,446,0.00029099999999999997
1,invoke,447,0.000292
1,invoke,448,0.000292
1,invoke,449,0.000292
1,invoke,450,0.00029099999999999997
1,invoke,451,0.000292
1,invoke,452,0.000292
1,invoke,453,0.000292
1,invoke,454,0.00025
1,invoke,455,0.000292
1,invoke,456,0.000292
1,invoke,457,0.00029099999999999997
1,invoke,458,0.000292
1,invoke,459,0.000292
1,invoke,460,0.00025
1,invoke,461,0.00029099999999999997
1,invoke,462,0.000292
1,invoke,463,0.000292
1,invoke,464,0.000292
1,invoke,465,0.00029099999999999997
1,invoke,466,0.000292
1,invoke,467,0.000292
1,invoke,468,0.000292
1,invoke,469,0.00029099999999999997
1,invoke,470,0.000292
1,invoke,471,0.000292
1,invoke,472,0.000292
1,invoke,473,0.00029099999999999997
1,invoke,474,0.00033299999999999996
1,invoke,475,0.000292
1,invoke,476,0.000292
1,invoke,477,0.00029099999999999997
1,invoke,478,0.00029099999999999997
1,invoke,479,0.000292
1,invoke,480,0.000292
1,invoke,481,0.00029099999999999997
1,invoke,482,0.000292
1,invoke,483,0.000292
1,invoke,484,0.000292
1,invoke,485,0.00029099999999999997
1,invoke,486,0.000292
1,invoke,487,0.000292
1,invoke,488,0.000292
1,invoke,489,0.00029099999999999997
1,invoke,490,0.000292
1,invoke,491,0.000292
1,invoke,492,0.000292
1,invoke,493,0.00029099999999999997
1,invoke,494,0.000292
1,invoke,495,0.00025
1,invoke,496,0.000292
1,invoke,497,0.00029099999999999997
1,invoke,498,0.000292
1,invoke,499,0.000292
1,invoke,500,0.00029099999999999997
1,invoke,501,0.00033299999999999996
1,invoke,502,0.000292
1,invoke,503,0.000292
1,invoke,504,0.00033299999999999996
1,invoke,505,0.00029099999999999997
1,invoke,506,0.000292
1,invoke,507,0.000334
1,invoke,508,0.000292
1,invoke,509,0.00029099999999999997
1,invoke,510,0.00033299999999999996
1,invoke,511,0.000292
1,invoke,512,0.000292
1,invoke,513,0.00033299999999999996
1,invoke,514,0.00029099999999999997
1,invoke,515,0.000292
1,invoke,516,0.000292
1,invoke,517,0.000292
1,invoke,518,0.00029099999999999997
1,invoke,519,0.000292
1,invoke,520,0.000292
1,invoke,521,0.000292
1,invoke,522,0.00029099999999999997
1,invoke,523,0.00029099999999999997
1,invoke,524,0.000292
1,invoke,525,0.000292
1,invoke,526,0.00033299999999999996
1,invoke,527,0.00029099999999999997
1,invoke,528,0.000292
1,invoke,529,0.000292
1,invoke,530,0.00029099999999999997
1,invoke,531,0.00029099999999999997
1,invoke,532,0.000292
1,invoke,533,0.000292
1,invoke,534,0.00029099999999999997
1,invoke,535,0.00029099999999999997
1,invoke,536,0.000292
1,invoke,537,0.000334
1,invoke,538,0.000292
1,invoke,539,0.00029099999999999997
1,invoke,540,0.00033299999999999996
1,invoke,541,0.000292
1,invoke,542,0.000292
1,invoke,543,0.00029099999999999997
1,invoke,544,0.00033299999999999996
1,invoke,545,0.000292
1,invoke,546,0.000292
1,invoke,547,0.00029099999999999997
1,invoke,548,0.000292
1,invoke,549,0.000292
1,invoke,550,0.00029099999999999997
1,invoke,551,0.00029099999999999997
1,invoke,552,0.000292
1,invoke,553,0.000292
1,invoke,554,0.00029099999999999997
1,invoke,555,0.00029099999999999997
1,invoke,556,0.000292
1,invoke,557,0.000292
1,invoke,558,0.00029099999999999997
1,invoke,559,0.00025
1,invoke,560,0.000292
1,invoke,561,0.000292
1,invoke,562,0.00029099999999999997
1,invoke,563,0.000292
1,invoke,564,0.000292
1,invoke,565,0.00029099999999999997
1,invoke,566,0.00029099999999999997
1,invoke,567,0.000292
1,invoke,568,0.000292
1,invoke,569,0.00029099999999999997
1,invoke,570,0.000292
1,invoke,571,0.000292
1,invoke,572,0.000292
1,invoke,573,0.00029099999999999997
1,invoke,574,0.000292
1,invoke,575,0.000292
1,invoke,576,0.000292
1,invoke,577,0.00029099999999999997
1,invoke,578,0.000292
1,invoke,579,0.000292
1,invoke,580,0.000292
1,invoke,581,0.00029099999999999997
1,invoke,582,0.000292
1,invoke,583,0.000292
1,invoke,584,0.00029099999999999997
1,invoke,585,0.00029099999999999997
1,invoke,586,0.000292
1,invoke,587,0.000292
1,invoke,588,0.00029099999999999997
1,invoke,589,0.000292
1,invoke,590,0.000334
1,invoke,591,0.000292
1,invoke,592,0.00029099999999999997
1,invoke,593,0.00033299999999999996
1,invoke,594,0.000292
1,invoke,595,0.000292
1,invoke,596,0.000292
1,invoke,597,0.00029099999999999997
1,invoke,598,0.000292
1,invoke,599,0.000292
1,invoke,600,0.00029099999999999997
1,invoke,601,0.000292
1,invoke,602,0.000292
1,invoke,603,0.00025
1,invoke,604,0.00033299999999999996
1,invoke,605,0.000292
1,invoke,606,0.000292
1,invoke,607,0.00029099999999999997
1,invoke,608,0.000292
1,invoke,609,0.000292
1,invoke,610,0.000292
1,invoke,611,0.00029099999999999997
1,invoke,612,0.00033299999999999996
1,invoke,613,0.000292
1,invoke,614,0.000292
1,invoke,615,0.00029099999999999997
1,invoke,616,0.00033299999999999996
1,invoke,617,0.000292
1,invoke,618,0.000292
1,invoke,619,0.00029099999999999997
1,invoke,620,0.00033299999999999996
1,invoke,621,0.000292
1,invoke,622,0.000292
1,invoke,623,0.00029099999999999997
1,invoke,624,0.000292
1,invoke,625,0.000334
1,invoke,626,0.000292
1,invoke,627,0.00029099999999999997
1,invoke,628,0.000292
1,invoke,629,0.000292
1,invoke,630,0.00033299999999999996
1,invoke,631,0.00029099999999999997
1,invoke,632,0.000292
1,invoke,633,0.000334
1,invoke,634,0.000292
1,invoke,635,0.00029099999999999997
1,invoke,636,0.00029099999999999997
1,invoke,637,0.000292
1,invoke,638,0.000292
1,invoke,639,0.00029099999999999997
1,invoke,640,0.00029099999999999997
1,invoke,641,0.000292
1,invoke,642,0.000292
1,invoke,643,0.00029099999999999997
1,invoke,644,0.000292
1,invoke,645,0.000292
1,invoke,646,0.000292
1,invoke,647,0.00029099999999999997
1,invoke,648,0.000292
1,invoke,649,0.000292
1,invoke,650,0.000292
1,invoke,651,0.00029099999999999997
1,invoke,652,0.00033299999999999996
1,invoke,653,0.000292
1,invoke,654,0.000292
1,invoke,655,0.00033299999999999996
1,invoke,656,0.00029099999999999997
1,invoke,657,0.000292
1,invoke,658,0.000334
1,invoke,659,0.000292
1,invoke,660,0.00029099999999999997
1,invoke,661,0.000292
1,invoke,662,0.000292
1,invoke,663,0.000292
1,invoke,664,0.00029099999999999997
1,invoke,665,0.000292
1,invoke,666,0.000292
1,invoke,667,0.000292
1,invoke,668,0.00029099999999999997
1,invoke,669,0.000292
1,invoke,670,0.000292
1,invoke,671,0.000292
1,invoke,672,0.00029099999999999997
1,invoke,673,0.000292
1,invoke,674,0.000334
1,invoke,675,0.000292
1,invoke,676,0.00029099999999999997
1,invoke,677,0.000292
1,invoke,678,0.000292
1,invoke,679,0.000292
1,invoke,680,0.00029099999999999997
1,invoke,681,0.000292
1,invoke,682,0.000292
1,invoke,683,0.00029099999999999997
1,invoke,684,0.00029099999999999997
1,invoke,685,0.000292
1,invoke,686,0.000292
1,invoke,687,0.00029099999999999997
1,invoke,688,0.000292
1,invoke,689,0.000292
1,invoke,690,0.00029099999999999997
1,invoke,691,0.000292
1,invoke,692,0.000292
1,invoke,693,0.000292
1,invoke,694,0.00029099999999999997
1,invoke,695,0.00033299999999999996
1,invoke,696,0.000292
1,invoke,697,0.000292
1,invoke,698,0.00029099999999999997
1,invoke,699,0.00029099999999999997
1,invoke,700,0.000292
1,invoke,701,0.000292
1,invoke,702,0.00029099999999999997
1,invoke,703,0.00029099999999999997
1,invoke,704,0.000292
1,invoke,705,0.000292
1,invoke,706,0.000292
1,invoke,707,0.00029099999999999997
1,invoke,708,0.000292
1,invoke,709,0.000292
1,invoke,710,0.000292
1,invoke,711,0.00029099999999999997
1,invoke,712,0.000292
1,invoke,713,0.000292
1,invoke,714,0.000292
1,invoke,715,0.00029099999999999997
1,invoke,716,0.00033299999999999996
1,invoke,717,0.000292
1,invoke,718,0.000292
1,invoke,719,0.000292
1,invoke,720,0.00029099999999999997
1,invoke,721,0.000292
1,invoke,722,0.000292
1,invoke,723,0.00033299999999999996
1,invoke,724,0.00029099999999999997
1,invoke,725,0.000292
1,invoke,726,0.000334
1,invoke,727,0.000292
1,invoke,728,0.00029099999999999997
1,invoke,729,0.000292
1,invoke,730,0.000334
1,invoke,731,0.000292
1,invoke,732,0.00029099999999999997
1,invoke,733,0.00029099999999999997
1,invoke,734,0.000292
1,invoke,735,0.000292
1,invoke,736,0.00029099999999999997
1,invoke,737,0.00033299999999999996
1,invoke,738,0.000292
1,invoke,739,0.000292
1,invoke,740,0.00029099999999999997
1,invoke,741,0.00029099999999999997
1,invoke,742,0.000292
1,invoke,743,0.000292
1,invoke,744,0.00029099999999999997
1,invoke,745,0.000292
1,invoke,746,0.000292
1,invoke,747,0.00029099999999999997
1,invoke,748,0.00029099999999999997
1,invoke,749,0.000292
1,invoke,750,0.000292
1,invoke,751,0.00029099999999999997
1,invoke,752,0.000292
1,invoke,753,0.000292
1,invoke,754,0.00029099999999999997
1,invoke,755,0.00033299999999999996
1,invoke,756,0.000292
1,invoke,757,0.000292
1,invoke,758,0.000292
1,invoke,759,0.00029099999999999997
1,invoke,760,0.000292
1,invoke,761,0.000292
1,invoke,762,0.000292
1,invoke,763,0.00029099999999999997
1,invoke,764,0.000292
1,invoke,765,0.000292
1,invoke,766,0.00029099999999999997
1,invoke,767,0.000292
1,invoke,768,0.000292
1,invoke,769,0.000292
1,invoke,770,0.00029099999999999997
1,invoke,771,0.00033299999999999996
1,invoke,772,0.000292
1,invoke,773,0.000292
1,invoke,774,0.00029099999999999997
1,invoke,775,0.00033299999999999996
1,invoke,776,0.000292
1,invoke,777,0.000292
1,invoke,778,0.00029099999999999997
1,invoke,779,0.000292
1,invoke,780,0.000292
1,invoke,781,0.00025
1,invoke,782,0.000292
1,invoke,783,0.000292
1,invoke,784,0.000292
1,invoke,785,0.00029099999999999997
1,invoke,786,0.00033299999999999996
1,invoke,787,0.000292
1,invoke,788,0.000292
1,invoke,789,0.00029099999999999997
1,invoke,790,0.00029099999999999997
1,invoke,791,0.000292
1,invoke,792,0.000292
1,invoke,793,0.00029099999999999997
1,invoke,794,0.000292
1,invoke,795,0.000292
1,invoke,796,0.00033299999999999996
1,invoke,797,0.00029099999999999997
1,invoke,798,0.000292
1,invoke,799,0.000292
1,invoke,800,0.00029099999999999997
1,invoke,801,0.000292
1,invoke,802,0.000292
1,invoke,803,0.000292
1,invoke,804,0.00029099999999999997
1,invoke,805,0.00033299999999999996
1,invoke,806,0.000292
1,invoke,807,0.000334
1,invoke,808,0.00033299999999999996
1,invoke,809,0.00033299999999999996
1,invoke,810,0.00029099999999999997
1,invoke,811,0.000292
1,invoke,812,0.000292
1,invoke,813,0.000292
1,invoke,814,0.00033299999999999996
1,invoke,815,0.00029099999999999997
1,invoke,816,0.000292
1,invoke,817,0.000292
1,invoke,818,0.00029099999999999997
1,invoke,819,0.00029099999999999997
1,invoke,820,0.000292
1,invoke,821,0.000292
1,invoke,822,0.00029099999999999997
1,invoke,823,0.000292
1,invoke,824,0.000292
1,invoke,825,0.00029099999999999997
1,invoke,826,0.00033299999999999996
1,invoke,827,0.000292
1,invoke,828,0.000292
1,invoke,829,0.00029099999999999997
1,invoke,830,0.00033299999999999996
1,invoke,831,0.000292
1,invoke,832,0.000292
1,invoke,833,0.000292
1,invoke,834,0.00029099999999999997
1,invoke,835,0.000292
1,invoke,836,0.000292
1,invoke,837,0.00029099999999999997
1,invoke,838,0.00029099999999999997
1,invoke,839,0.000292
1,invoke,840,0.000292
1,invoke,841,0.00029099999999999997
1,invoke,842,0.000292
1,invoke,843,0.000292
1,invoke,844,0.000292
1,invoke,845,0.00029099999999999997
1,invoke,846,0.000292
1,invoke,847,0.000292
1,invoke,848,0.000292
1,invoke,849,0.00029099999999999997
1,invoke,850,0.000292
1,invoke,851,0.000292
1,invoke,852,0.000292
1,invoke,853,0.00029099999999999997
1,invoke,854,0.000292
1,invoke,855,0.000292
1,invoke,856,0.00029099999999999997
1,invoke,857,0.00029099999999999997
1,invoke,858,0.000292
1,invoke,859,0.000292
1,invoke,860,0.00029099999999999997
1,invoke,861,0.00029099999999999997
1,invoke,862,0.000292
1,invoke,863,0.000292
1,invoke,864,0.00029099999999999997
1,invoke,865,0.00029099999999999997
1,invoke,866,0.000292
1,invoke,867,0.000292
1,invoke,868,0.00033299999999999996
1,invoke,869,0.00029099999999999997
1,invoke,870,0.00033299999999999996
1,invoke,871,0.000292
1,invoke,872,0.000292
1,invoke,873,0.00029099999999999997
1,invoke,874,0.00029099999999999997
1,invoke,875,0.000292
1,invoke,876,0.000292
1,invoke,877,0.00029099999999999997
1,invoke,878,0.000292
1,invoke,879,0.000292
1,invoke,880,0.00029099999999999997
1,invoke,881,0.000292
1,invoke,882,0.000292
1,invoke,883,0.00029099999999999997
1,invoke,884,0.00029099999999999997
1,invoke,885,0.000292
1,invoke,886,0.000334
1,invoke,887,0.000292
1,invoke,888,0.00029099999999999997
1,invoke,889,0.00029099999999999997
1,invoke,890,0.000292
1,invoke,891,0.000292
1,invoke,892,0.00029099999999999997
1,invoke,893,0.000292
1,invoke,894,0.000292
1,invoke,895,0.000292
1,invoke,896,0.00029099999999999997
1,invoke,897,0.00033299999999999996
1,invoke,898,0.00025
1,invoke,899,0.00029099999999999997
1,invoke,900,0.000292
1,invoke,901,0.000292
1,invoke,902,0.000292
1,invoke,903,0.000292
1,invoke,904,0.000292
1,invoke,905,0.000292
1,invoke,906,0.00029099999999999997
1,invoke,907,0.00033299999999999996
1,invoke,908,0.000292
1,invoke,909,0.000292
1,invoke,910,0.00029099999999999997
1,invoke,911,0.000292
1,invoke,912,0.000292
1,invoke,913,0.000292
1,invoke,914,0.00029099999999999997
1,invoke,915,0.00029099999999999997
1,invoke,916,0.000292
1,invoke,917,0.000292
1,invoke,918,0.00033299999999999996
1,invoke,919,0.000292
1,invoke,920,0.000292
1,invoke,921,0.000292
1,invoke,922,0.00029099999999999997
1,invoke,923,0.000292
1,invoke,924,0.000292
1,invoke,925,0.000292
1,invoke,926,0.000292
1,invoke,927,0.00029099999999999997
1,invoke,928,0.000292
1,invoke,929,0.000292
1,invoke,930,0.000292
1,invoke,931,0.00029099999999999997
1,invoke,932,0.00029099999999999997
1,invoke,933,0.000292
1,invoke,934,0.000292
1,invoke,935,0.00029099999999999997
1,invoke,936,0.00029099999999999997
1,invoke,937,0.000292
1,invoke,938,0.000334
1,invoke,939,0.000292
1,invoke,940,0.00029099999999999997
1,invoke,941,0.00029099999999999997
1,invoke,942,0.000292
1,invoke,943,0.000292
1,invoke,944,0.00029099999999999997
1,invoke,945,0.00029099999999999997
1,invoke,946,0.000292
1,invoke,947,0.000292
1,invoke,948,0.00029099999999999997
1,invoke,949,0.00033299999999999996
1,invoke,950,0.000292
1,invoke,951,0.000292
1,invoke,952,0.00033299999999999996
1,invoke,953,0.00029099999999999997
1,invoke,954,0.000292
1,invoke,955,0.000292
1,invoke,956,0.000292
1,invoke,957,0.00029099999999999997
1,invoke,958,0.000292
1,invoke,959,0.00025
1,invoke,960,0.000292
1,invoke,961,0.00029099999999999997
1,invoke,962,0.000292
1,invoke,963,0.000292
1,invoke,964,0.000292
1,invoke,965,0.00029099999999999997
1,invoke,966,0.000292
1,invoke,967,0.000334
1,invoke,968,0.000292
1,invoke,969,0.00029099999999999997
1,invoke,970,0.000292
1,invoke,971,0.000292
1,invoke,972,0.000292
1,invoke,973,0.00029099999999999997
1,invoke,974,0.000292
1,invoke,975,0.000292
1,invoke,976,0.000292
1,invoke,977,0.00029099999999999997
1,invoke,978,0.000292
1,invoke,979,0.000292
1,invoke,980,0.000292
1,invoke,981,0.00029099999999999997
1,invoke,982,0.000292
1,invoke,983,0.000334
1,invoke,984,0.000292
1,invoke,985,0.00029099999999999997
1,invoke,986,0.000292
1,invoke,987,0.000292
1,invoke,988,0.00033299999999999996
1,invoke,989,0.00029099999999999997
1,invoke,990,0.000292
1,invoke,991,0.000292
1,invoke,992,0.000292
1,invoke,993,0.000292
1,invoke,994,0.000292
1,invoke,995,0.000292
1,invoke,996,0.00029099999999999997
1,invoke,997,0.000292
1,invoke,998,0.000292
1,invoke,999,0.00029099999999999997
2,query,0,0.255125
2,query,1,0.241292
2,query,2,0.238791
2,query,3,0.239084
2,query,4,0.24191600000000002
2,query,5,0.239333
2,query,6,0.239625
2,query,7,0.244709
2,query,8,0.25416700000000003
2,query,9,0.262292
2,query,10,0.254166
2,query,11,0.256875
2,query,12,0.254458
2,query,13,0.250667
2,query,14,0.238292
2,query,15,0.236875
2,query,16,0.24087499999999998
2,query,17,0.238166
2,query,18,0.23641600000000002
2,query,19,0.237375
2,query,20,0.23666700000000002
2,query,21,0.23741600000000002
2,query,22,0.23762499999999998
2,query,23,0.239084
2,query,24,0.255042
2,query,25,0.25629199999999996
2,query,26,0.253792
2,query,27,0.253542
2,query,28,0.25408400000000003
2,query,29,0.256417
2,query,30,0.236208
2,query,31,0.235708
2,query,32,0.236083
2,query,33,0.237875
2,query,34,0.23725
2,query,35,0.237875
2,query,36,0.273584
2,query,37,0.26087499999999997
2,query,38,0.250458
2,query,39,0.259834
2,query,40,0.236708
2,query,41,0.23666700000000002
2,query,42,0.237167
2,query,43,0.235417
2,query,44,0.234542
2,query,45,0.2375
2,query,46,0.248958
2,query,47,0.2535
2,query,48,0.254792
2,query,49,0.256833
2,query,50,0.254333
2,query,51,0.254208
2,query,52,0.24141700000000002
2,query,53,0.23641600000000002
2,query,54,0.238166
2,query,55,0.237958
2,query,56,0.237916
2,query,57,0.23775000000000002
2,query,58,0.245959
2,query,59,0.255625
2,query,60,0.255125
2,query,61,0.253542
2,query,62,0.254667
2,query,63,0.25416700000000003
2,query,64,0.24449999999999997
2,query,65,0.235708
2,query,66,0.23616600000000001
2,query,67,0.23633300000000002
2,query,68,0.237083
2,query,69,0.243833
2,query,70,0.23775000000000002
2,query,71,0.23708400000000002
2,query,72,0.236375
2,query,73,0.23975
2,query,74,0.239375
2,query,75,0.2545
2,query,76,0.254916
2,query,77,0.25516599999999995
2,query,78,0.25437499999999996
2,query,79,0.25375000000000003
2,query,80,0.25212500000000004
2,query,81,0.236
2,query,82,0.23691700000000002
2,query,83,0.23675000000000002
2,query,84,0.23954099999999998
2,query,85,0.23641600000000002
2,query,86,0.235541
2,query,87,0.235291
2,query,88,0.236458
2,query,89,0.237083
2,query,90,0.24312499999999998
2,query,91,0.237375
2,query,92,0.23575000000000002
2,query,93,0.250375
2,query,94,0.252792
2,query,95,0.253375
2,query,96,0.253666
2,query,97,0.25333300000000003
2,query,98,0.25212500000000004
2,query,99,0.24479200000000004
2,query,100,0.242042
2,query,101,0.2375
2,query,102,0.244291
2,query,103,0.286791
2,query,104,0.237667
2,query,105,0.25225
2,query,106,0.24779100000000004
2,query,107,0.23766600000000002
2,query,108,0.237292
2,query,109,0.24454199999999998
2,query,110,0.254708
2,query,111,0.25758299999999995
2,query,112,0.2545
2,query,113,0.2545
2,query,114,0.254125
2,query,115,0.24783299999999997
2,query,116,0.240458
2,query,117,0.236125
2,query,118,0.23533300000000001
2,query,119,0.237083
2,query,120,0.235666
2,query,121,0.23625
2,query,122,0.237417
2,query,123,0.237541
2,query,124,0.23641600000000002
2,query,125,0.238458
2,query,126,0.2545
2,query,127,0.25425
2,query,128,0.25395799999999996
2,query,129,0.253084
2,query,130,0.253583
2,query,131,0.2545
2,query,132,0.23762499999999998
2,query,133,0.237166
2,query,134,0.2375
2,query,135,0.237209
2,query,136,0.236792
2,query,137,0.237125
2,query,138,0.2385
2,query,139,0.27545899999999995
2,query,140,0.265917
2,query,141,0.26379199999999997
2,query,142,0.26483399999999996
2,query,143,0.26537499999999997
2,query,144,0.265
2,query,145,0.27987500000000004
2,query,146,0.24445899999999998
2,query,147,0.254875
2,query,148,0.236375
2,query,149,0.2405
2,query,150,0.24016700000000002
2,query,151,0.23708400000000002
2,query,152,0.236792
2,query,153,0.238209
2,query,154,0.254792
2,query,155,0.255084
2,query,156,0.25416700000000003
2,query,157,0.252667
2,query,158,0.25158400000000003
2,query,159,0.253083
2,query,160,0.240208
2,query,161,0.236584
2,query,162,0.237042
2,query,163,0.235792
2,query,164,0.235
2,query,165,0.23558300000000001
2,query,166,0.24275
2,query,167,0.236
2,query,168,0.247917
2,query,169,0.252625
2,query,170,0.2515
2,query,171,0.270417
2,query,172,0.264083
2,query,173,0.237708
2,query,174,0.251708
2,query,175,0.24275
2,query,176,0.236417
2,query,177,0.236042
2,query,178,0.236167
2,query,179,0.237
2,query,180,0.25425
2,query,181,0.254166
2,query,182,0.253417
2,query,183,0.252709
2,query,184,0.252833
2,query,185,0.25437499999999996
2,query,186,0.24191600000000002
2,query,187,0.23491599999999999
2,query,188,0.236042
2,query,189,0.234709
2,query,190,0.23933400000000002
2,query,191,0.234917
2,query,192,0.241709
2,query,193,0.252625
2,query,194,0.25583300000000003
2,query,195,0.252375
2,query,196,0.252917
2,query,197,0.252875
2,query,198,0.247708
2,query,199,0.234167
2,query,200,0.236791
2,query,201,0.23633300000000002
2,query,202,0.23675000000000002
2,query,203,0.23550000000000001
2,query,204,0.23425
2,query,205,0.233458
2,query,206,0.234542
2,query,207,0.250667
2,query,208,0.25125000000000003
2,query,209,0.251958
2,query,210,0.252584
2,query,211,0.252625
2,query,212,0.2545
2,query,213,0.237916
2,query,214,0.237458
2,query,215,0.237584
2,query,216,0.23666700000000002
2,query,217,0.236459
2,query,218,0.23633300000000002
2,query,219,0.23650000000000002
2,query,220,0.23575000000000002
2,query,221,0.244625
2,query,222,0.252667
2,query,223,0.253125
2,query,224,0.253584
2,query,225,0.25333300000000003
2,query,226,0.25220800000000004
2,query,227,0.24420799999999998
2,query,228,0.23762499999999998
2,query,229,0.237167
2,query,230,0.23783300000000002
2,query,231,0.236
2,query,232,0.23591700000000002
2,query,233,0.240084
2,query,234,0.251917
2,query,235,0.25366700000000003
2,query,236,0.30325
2,query,237,0.262959
2,query,238,0.242042
2,query,239,0.24758400000000003
2,query,240,0.242875
2,query,241,0.243334
2,query,242,0.243167
2,query,243,0.244125
2,query,244,0.24641700000000002
2,query,245,0.244
2,query,246,0.24325
2,query,247,0.244666
2,query,248,0.244291
2,query,249,0.242875
2,query,250,0.24508400000000002
2,query,251,0.243583
2,query,252,0.24445800000000004
2,query,253,0.244375
2,query,254,0.245208
2,query,255,0.24325
2,query,256,0.24375
2,query,257,0.24441699999999997
2,query,258,0.245417
2,query,259,0.24441699999999997
2,query,260,0.24354199999999998
2,query,261,0.24525000000000002
2,query,262,0.24366700000000002
2,query,263,0.246792
2,query,264,0.244292
2,query,265,0.244375
2,query,266,0.243
2,query,267,0.24304099999999998
2,query,268,0.244
2,query,269,0.244709
2,query,270,0.24479200000000004
2,query,271,0.24354199999999998
2,query,272,0.251
2,query,273,0.24525000000000002
2,query,274,0.24329199999999998
2,query,275,0.242875
2,query,276,0.245
2,query,277,0.255917
2,query,278,0.263958
2,query,279,0.274667
2,query,280,0.251375
2,query,281,0.24766700000000003
2,query,282,0.242625
2,query,283,0.261416
2,query,284,0.256541
2,query,285,0.267083
2,query,286,0.250208
2,query,287,0.242042
2,query,288,0.24425
2,query,289,0.246167
2,query,290,0.243
2,query,291,0.24312499999999998
2,query,292,0.24350000000000002
2,query,293,0.244917
2,query,294,0.243875
2,query,295,0.243625
2,query,296,0.24525000000000002
2,query,297,0.24329199999999998
2,query,298,0.242584
2,query,299,0.242042
2,query,300,0.247417
2,query,301,0.24445800000000004
2,query,302,0.24275
2,query,303,0.243583
2,query,304,0.243458
2,query,305,0.241292
2,query,306,0.241875
2,query,307,0.30158399999999996
2,query,308,0.264042
2,query,309,0.25375000000000003
2,query,310,0.262917
2,query,311,0.249917
2,query,312,0.243875
2,query,313,0.250625
2,query,314,0.2455
2,query,315,0.244292
2,query,316,0.242291
2,query,317,0.252875
2,query,318,0.24529199999999998
2,query,319,0.242583
2,query,320,0.242875
2,query,321,0.24233300000000002
2,query,322,0.24233300000000002
2,query,323,0.24195799999999998
2,query,324,0.243666
2,query,325,0.241166
2,query,326,0.243625
2,query,327,0.242709
2,query,328,0.253917
2,query,329,0.2505
2,query,330,0.25004200000000004
2,query,331,0.243875
2,query,332,0.243833
2,query,333,0.243875
2,query,334,0.242084
2,query,335,0.24125000000000002
2,query,336,0.242458
2,query,337,0.24454199999999998
2,query,338,0.244292
2,query,339,0.24233300000000002
2,query,340,0.2455
2,query,341,0.255083
2,query,342,0.270833
2,query,343,0.271792
2,query,344,0.27125
2,query,345,0.27079200000000003
2,query,346,0.2725
2,query,347,0.26825
2,query,348,0.272041
2,query,349,0.261625
2,query,350,0.24779199999999998
2,query,351,0.24862499999999998
2,query,352,0.24275
2,query,353,0.24225
2,query,354,0.24449999999999997
2,query,355,0.24325
2,query,356,0.244083
2,query,357,0.251625
2,query,358,0.243625
2,query,359,0.243291
2,query,360,0.24487499999999998
2,query,361,0.242334
2,query,362,0.243
2,query,363,0.242916
2,query,364,0.242583
2,query,365,0.243083
2,query,366,0.243708
2,query,367,0.24345899999999998
2,query,368,0.24225
2,query,369,0.24366700000000002
2,query,370,0.24320799999999998
2,query,371,0.241792
2,query,372,0.247625
2,query,373,0.290667
2,query,374,0.284333
2,query,375,0.247417
2,query,376,0.24925000000000003
2,query,377,0.24737499999999998
2,query,378,0.253291
2,query,379,0.24025000000000002
2,query,380,0.238667
2,query,381,0.237208
2,query,382,0.241
2,query,383,0.23795899999999998
2,query,384,0.236875
2,query,385,0.237542
2,query,386,0.237708
2,query,387,0.236625
2,query,388,0.23795899999999998
2,query,389,0.23779199999999998
2,query,390,0.23708400000000002
2,query,391,0.23883300000000002
2,query,392,0.236916
2,query,393,0.23758300000000002
2,query,394,0.238041
2,query,395,0.238042
2,query,396,0.238042
2,query,397,0.237667
2,query,398,0.239208
2,query,399,0.236875
2,query,400,0.237208
2,query,401,0.23650000000000002
2,query,402,0.23650000000000002
2,query,403,0.2375
2,query,404,0.237333
2,query,405,0.238584
2,query,406,0.238292
2,query,407,0.237542
2,query,408,0.23808400000000002
2,query,409,0.237208
2,query,410,0.236292
2,query,411,0.237834
2,query,412,0.237542
2,query,413,0.2455
2,query,414,0.237958
2,query,415,0.242458
2,query,416,0.240542
2,query,417,0.237291
2,query,418,0.237875
2,query,419,0.24020899999999998
2,query,420,0.237
2,query,421,0.237083
2,query,422,0.23633300000000002
2,query,423,0.237125
2,query,424,0.236959
2,query,425,0.23795899999999998
2,query,426,0.236375
2,query,427,0.236417
2,query,428,0.235375
2,query,429,0.23650000000000002
2,query,430,0.236542
2,query,431,0.237834
2,query,432,0.23650000000000002
2,query,433,0.238041
2,query,434,0.240333
2,query,435,0.23650000000000002
2,query,436,0.237125
2,query,437,0.237667
2,query,438,0.236417
2,query,439,0.23825
2,query,440,0.236625
2,query,441,0.23566700000000002
2,query,442,0.240833
2,query,443,0.282209
2,query,444,0.262375
2,query,445,0.26699999999999996
2,query,446,0.29025
2,query,447,0.24525000000000002
2,query,448,0.237542
2,query,449,0.237042
2,query,450,0.23779199999999998
2,query,451,0.237334
2,query,452,0.23762499999999998
2,query,453,0.23766600000000002
2,query,454,0.237083
2,query,455,0.23775000000000002
2,query,456,0.242666
2,query,457,0.239791
2,query,458,0.23650000000000002
2,query,459,0.237
2,query,460,0.238417
2,query,461,0.24195799999999998
2,query,462,0.253834
2,query,463,0.259792
2,query,464,0.254
2,query,465,0.254542
2,query,466,0.257666
2,query,467,0.24954099999999999
2,query,468,0.23816700000000002
2,query,469,0.238125
2,query,470,0.236834
2,query,471,0.2375
2,query,472,0.237916
2,query,473,0.237208
2,query,474,0.23775000000000002
2,query,475,0.237292
2,query,476,0.23725
2,query,477,0.236375
2,query,478,0.251583
2,query,479,0.255625
2,query,480,0.263125
2,query,481,0.25404099999999996
2,query,482,0.254333
2,query,483,0.254125
2,query,484,0.237417
2,query,485,0.236
2,query,486,0.24025000000000002
2,query,487,0.2375
2,query,488,0.239125
2,query,489,0.23900000000000002
2,query,490,0.237541
2,query,491,0.23762499999999998
2,query,492,0.23725
2,query,493,0.237333
2,query,494,0.24612499999999998
2,query,495,0.254417
2,query,496,0.254333
2,query,497,0.2605
2,query,498,0.246709
2,query,499,0.23775000000000002
2,query,500,0.236833
2,query,501,0.237292
2,query,502,0.23808400000000002
2,query,503,0.236584
2,query,504,0.242
2,query,505,0.254166
2,query,506,0.254833
2,query,507,0.255375
2,query,508,0.25816700000000004
2,query,509,0.254917
2,query,510,0.248875
2,query,511,0.285458
2,query,512,0.248458
2,query,513,0.25625000000000003
2,query,514,0.24425
2,query,515,0.24175
2,query,516,0.2335
2,query,517,0.236208
2,query,518,0.23762499999999998
2,query,519,0.236584
2,query,520,0.24004199999999998
2,query,521,0.237125
2,query,522,0.23975
2,query,523,0.254875
2,query,524,0.253291
2,query,525,0.254417
2,query,526,0.25825000000000004
2,query,527,0.25333300000000003
2,query,528,0.251292
2,query,529,0.237208
2,query,530,0.239125
2,query,531,0.23758300000000002
2,query,532,0.2385
2,query,533,0.237209
2,query,534,0.240833
2,query,535,0.238625
2,query,536,0.238042
2,query,537,0.237667
2,query,538,0.238667
2,query,539,0.251625
2,query,540,0.254541
2,query,541,0.25549999999999995
2,query,542,0.254583
2,query,543,0.255083
2,query,544,0.255458
2,query,545,0.24350000000000002
2,query,546,0.26925
2,query,547,0.273
2,query,548,0.26629200000000003
2,query,549,0.265417
2,query,550,0.265834
2,query,551,0.26929200000000003
2,query,552,0.272917
2,query,553,0.24354199999999998
2,query,554,0.241917
2,query,555,0.240459
2,query,556,0.237
2,query,557,0.239584
2,query,558,0.23675000000000002
2,query,559,0.236208
2,query,560,0.237875
2,query,561,0.25416700000000003
2,query,562,0.25416700000000003
2,query,563,0.25437499999999996
2,query,564,0.25462500000000005
2,query,565,0.255125
2,query,566,0.253625
2,query,567,0.238125
2,query,568,0.237125
2,query,569,0.24000000000000002
2,query,570,0.236709
2,query,571,0.237125
2,query,572,0.245
2,query,573,0.236625
2,query,574,0.239791
2,query,575,0.25341600000000003
2,query,576,0.254583
2,query,577,0.25429100000000004
2,query,578,0.279125
2,query,579,0.24420799999999998
2,query,580,0.260125
2,query,581,0.237041
2,query,582,0.2585
2,query,583,0.236792
2,query,584,0.236
2,query,585,0.236708
2,query,586,0.23758300000000002
2,query,587,0.250708
2,query,588,0.25608400000000003
2,query,589,0.25637499999999996
2,query,590,0.256625
2,query,591,0.254166
2,query,592,0.254583
2,query,593,0.239959
2,query,594,0.236833
2,query,595,0.23783300000000002
2,query,596,0.238083
2,query,597,0.23808400000000002
2,query,598,0.237167
2,query,599,0.250583
2,query,600,0.258042
2,query,601,0.25325
2,query,602,0.254583
2,query,603,0.254458
2,query,604,0.261791
2,query,605,0.24937499999999999
2,query,606,0.27725
2,query,607,0.245083
2,query,608,0.23741600000000002
2,query,609,0.237458
2,query,610,0.237083
2,query,611,0.240375
2,query,612,0.244167
2,query,613,0.251375
2,query,614,0.25429100000000004
2,query,615,0.241542
2,query,616,0.24245899999999998
2,query,617,0.251375
2,query,618,0.28608300000000003
2,query,619,0.257375
2,query,620,0.25220800000000004
2,query,621,0.256583
2,query,622,0.253708
2,query,623,0.242417
2,query,624,0.236459
2,query,625,0.235958
2,query,626,0.237125
2,query,627,0.24025000000000002
2,query,628,0.237042
2,query,629,0.245459
2,query,630,0.25475
2,query,631,0.25391600000000003
2,query,632,0.254708
2,query,633,0.255208
2,query,634,0.257041
2,query,635,0.245541
2,query,636,0.237125
2,query,637,0.236208
2,query,638,0.23675000000000002
2,query,639,0.237292
2,query,640,0.236417
2,query,641,0.242334
2,query,642,0.254417
2,query,643,0.253792
2,query,644,0.254417
2,query,645,0.282708
2,query,646,0.273208
2,query,647,0.247625
2,query,648,0.24558300000000002
2,query,649,0.259833
2,query,650,0.240125
2,query,651,0.23875
2,query,652,0.23800000000000002
2,query,653,0.245625
2,query,654,0.25575000000000003
2,query,655,0.25525
2,query,656,0.25416700000000003
2,query,657,0.25387499999999996
2,query,658,0.261291
2,query,659,0.24912499999999999
2,query,660,0.236833
2,query,661,0.23779199999999998
2,query,662,0.238209
2,query,663,0.237709
2,query,664,0.236875
2,query,665,0.236833
2,query,666,0.236334
2,query,667,0.239083
2,query,668,0.25425
2,query,669,0.254333
2,query,670,0.253959
2,query,671,0.255084
2,query,672,0.256
2,query,673,0.25541600000000003
2,query,674,0.236958
2,query,675,0.236208
2,query,676,0.23725
2,query,677,0.237667
2,query,678,0.24125000000000002
2,query,679,0.241084
2,query,680,0.236792
2,query,681,0.237209
2,query,682,0.237292
2,query,683,0.23675000000000002
2,query,684,0.237166
2,query,685,0.2375
2,query,686,0.24912499999999999
2,query,687,0.25383300000000003
2,query,688,0.254666
2,query,689,0.25275
2,query,690,0.2525
2,query,691,0.25429100000000004
2,query,692,0.242666
2,query,693,0.237166
2,query,694,0.23833400000000002
2,query,695,0.238958
2,query,696,0.237417
2,query,697,0.236459
2,query,698,0.24558400000000002
2,query,699,0.257667
2,query,700,0.25825000000000004
2,query,701,0.25583399999999995
2,query,702,0.25879199999999997
2,query,703,0.255375
2,query,704,0.248334
2,query,705,0.23775000000000002
2,query,706,0.237333
2,query,707,0.24087499999999998
2,query,708,0.237542
2,query,709,0.237459
2,query,710,0.237542
2,query,711,0.23795899999999998
2,query,712,0.24649999999999997
2,query,713,0.281709
2,query,714,0.262625
2,query,715,0.26325
2,query,716,0.238917
2,query,717,0.24212499999999998
2,query,718,0.247625
2,query,719,0.255084
2,query,720,0.25495900000000005
2,query,721,0.253417
2,query,722,0.254584
2,query,723,0.254708
2,query,724,0.246667
2,query,725,0.237
2,query,726,0.236708
2,query,727,0.237375
2,query,728,0.237
2,query,729,0.237458
2,query,730,0.237875
2,query,731,0.237958
2,query,732,0.239083
2,query,733,0.25420899999999996
2,query,734,0.252875
2,query,735,0.253334
2,query,736,0.254792
2,query,737,0.255167
2,query,738,0.253167
2,query,739,0.238125
2,query,740,0.23925
2,query,741,0.23800000000000002
2,query,742,0.237417
2,query,743,0.23658300000000002
2,query,744,0.237542
2,query,745,0.252375
2,query,746,0.254458
2,query,747,0.260292
2,query,748,0.268542
2,query,749,0.265834
2,query,750,0.266083
2,query,751,0.26845800000000003
2,query,752,0.267042
2,query,753,0.27170900000000003
2,query,754,0.27999999999999997
2,query,755,0.24658299999999997
2,query,756,0.247334
2,query,757,0.24266700000000002
2,query,758,0.23791700000000002
2,query,759,0.240833
2,query,760,0.237375
2,query,761,0.238125
2,query,762,0.23825
2,query,763,0.237541
2,query,764,0.238041
2,query,765,0.236916
2,query,766,0.237458
2,query,767,0.257333
2,query,768,0.255291
2,query,769,0.25429199999999996
2,query,770,0.25804099999999996
2,query,771,0.255083
2,query,772,0.254833
2,query,773,0.23650000000000002
2,query,774,0.237125
2,query,775,0.236375
2,query,776,0.237167
2,query,777,0.236625
2,query,778,0.24487499999999998
2,query,779,0.23916700000000002
2,query,780,0.27087500000000003
2,query,781,0.280584
2,query,782,0.253792
2,query,783,0.239291
2,query,784,0.25133300000000003
2,query,785,0.241041
2,query,786,0.238333
2,query,787,0.25429100000000004
2,query,788,0.254
2,query,789,0.25879199999999997
2,query,790,0.25425
2,query,791,0.254833
2,query,792,0.25475
2,query,793,0.237375
2,query,794,0.236833
2,query,795,0.239375
2,query,796,0.237375
2,query,797,0.238584
2,query,798,0.23791700000000002
2,query,799,0.24087499999999998
2,query,800,0.237166
2,query,801,0.24899999999999997
2,query,802,0.255333
2,query,803,0.253708
2,query,804,0.254458
2,query,805,0.255
2,query,806,0.253708
2,query,807,0.24354199999999998
2,query,808,0.237334
2,query,809,0.23762499999999998
2,query,810,0.23879199999999998
2,query,811,0.238625
2,query,812,0.237042
2,query,813,0.24266700000000002
2,query,814,0.236542
2,query,815,0.24566699999999997
2,query,816,0.2535
2,query,817,0.25391600000000003
2,query,818,0.255083
2,query,819,0.25583399999999995
2,query,820,0.262917
2,query,821,0.25216700000000003
2,query,822,0.236375
2,query,823,0.237708
2,query,824,0.23691700000000002
2,query,825,0.236833
2,query,826,0.23741600000000002
2,query,827,0.242833
2,query,828,0.254541
2,query,829,0.254958
2,query,830,0.25462500000000005
2,query,831,0.254583
2,query,832,0.254083
2,query,833,0.25091600000000003
2,query,834,0.235958
2,query,835,0.237958
2,query,836,0.237333
2,query,837,0.238375
2,query,838,0.240708
2,query,839,0.238625
2,query,840,0.237667
2,query,841,0.237167
2,query,842,0.255333
2,query,843,0.255584
2,query,844,0.267417
2,query,845,0.25387499999999996
2,query,846,0.254917
2,query,847,0.301084
2,query,848,0.271291
2,query,849,0.258833
2,query,850,0.24329199999999998
2,query,851,0.253792
2,query,852,0.243458
2,query,853,0.241125
2,query,854,0.24104199999999998
2,query,855,0.24295799999999998
2,query,856,0.24333300000000002
2,query,857,0.246333
2,query,858,0.301875
2,query,859,0.302208
2,query,860,0.302459
2,query,861,0.270625
2,query,862,0.271792
2,query,863,0.270292
2,query,864,0.261375
2,query,865,0.242833
2,query,866,0.252666
2,query,867,0.24195799999999998
2,query,868,0.242208
2,query,869,0.255917
2,query,870,0.242875
2,query,871,0.24212499999999998
2,query,872,0.24175
2,query,873,0.241625
2,query,874,0.24333300000000002
2,query,875,0.24195799999999998
2,query,876,0.252334
2,query,877,0.24104199999999998
2,query,878,0.242625
2,query,879,0.240542
2,query,880,0.241583
2,query,881,0.241875
2,query,882,0.241792
2,query,883,0.243209
2,query,884,0.242917
2,query,885,0.242375
2,query,886,0.240667
2,query,887,0.24612499999999998
2,query,888,0.245625
2,query,889,0.254542
2,query,890,0.244
2,query,891,0.240125
2,query,892,0.240792
2,query,893,0.2415
2,query,894,0.24225
2,query,895,0.241375
2,query,896,0.24454199999999998
2,query,897,0.24212499999999998
2,query,898,0.241458
2,query,899,0.241541
2,query,900,0.240125
2,query,901,0.2415
2,query,902,0.243541
2,query,903,0.240625
2,query,904,0.241792
2,query,905,0.241084
2,query,906,0.24245899999999998
2,query,907,0.241583
2,query,908,0.242792
2,query,909,0.24566699999999997
2,query,910,0.246666
2,query,911,0.294625
2,query,912,0.241167
2,query,913,0.25975
2,query,914,0.248709
2,query,915,0.26887500000000003
2,query,916,0.24000000000000002
2,query,917,0.24216600000000002
2,query,918,0.24475000000000002
2,query,919,0.24175
2,query,920,0.241625
2,query,921,0.241917
2,query,922,0.241292
2,query,923,0.24212499999999998
2,query,924,0.24312499999999998
2,query,925,0.24245899999999998
2,query,926,0.24125000000000002
2,query,927,0.24754099999999998
2,query,928,0.242291
2,query,929,0.245083
2,query,930,0.241
2,query,931,0.242
2,query,932,0.240708
2,query,933,0.244667
2,query,934,0.24770899999999998
2,query,935,0.263125
2,query,936,0.266542
2,query,937,0.244125
2,query,938,0.249542
2,query,939,0.242083
2,query,940,0.23966600000000002
2,query,941,0.241291
2,query,942,0.242375
2,query,943,0.26345799999999997
2,query,944,0.273
2,query,945,0.243083
2,query,946,0.242042
2,query,947,0.270208
2,query,948,0.249209
2,query,949,0.26487499999999997
2,query,950,0.26337499999999997
2,query,951,0.244667
2,query,952,0.24787499999999998
2,query,953,0.25837499999999997
2,query,954,0.251375
2,query,955,0.26675
2,query,956,0.24854199999999999
2,query,957,0.24854199999999999
2,query,958,0.24612499999999998
2,query,959,0.240958
2,query,960,0.24420799999999998
2,query,961,0.241208
2,query,962,0.240084
2,query,963,0.24041700000000002
2,query,964,0.242208
2,query,965,0.242167
2,query,966,0.256917
2,query,967,0.2655
2,query,968,0.262291
2,query,969,0.260625
2,query,970,0.246167
2,query,971,0.24350000000000002
2,query,972,0.24091600000000002
2,query,973,0.24212499999999998
2,query,974,0.24375
2,query,975,0.247166
2,query,976,0.242
2,query,977,0.242625
2,query,978,0.242542
2,query,979,0.241458
2,query,980,0.24325
2,query,981,0.298709
2,query,982,0.272375
2,query,983,0.251375
2,query,984,0.2475
2,query,985,0.252291
2,query,986,0.243042
2,query,987,0.239125
2,query,988,0.240125
2,query,989,0.24104199999999998
2,query,990,0.240625
2,query,991,0.238875
2,query,992,0.241541
2,query,993,0.24025000000000002
2,query,994,0.2395
2,query,995,0.240834
2,query,996,0.24333300000000002
2,query,997,0.239416
2,query,998,0.24041700000000002
2,query,999,0.24212499999999998
2,selection,0,0.002667
2,selection,1,0.001209
2,selection,2,0.001167
2,selection,3,0.001167
2,selection,4,0.001166
2,selection,5,0.0011250000000000001
2,selection,6,0.001166
2,selection,7,0.001167
2,selection,8,0.0011250000000000001
2,selection,9,0.001167
2,selection,10,0.0011250000000000001
2,selection,11,0.0011250000000000001
2,selection,12,0.0011250000000000001
2,selection,13,0.001167
2,selection,14,0.001167
2,selection,15,0.0011250000000000001
2,selection,16,0.001167
2,selection,17,0.0011250000000000001
2,selection,18,0.0011250000000000001
2,selection,19,0.0011250000000000001
2,selection,20,0.001167
2,selection,21,0.001166
2,selection,22,0.0011250000000000001
2,selection,23,0.001166
2,selection,24,0.001167
2,selection,25,0.0011250000000000001
2,selection,26,0.0011250000000000001
2,selection,27,0.0011250000000000001
2,selection,28,0.0011250000000000001
2,selection,29,0.001166
2,selection,30,0.001167
2,selection,31,0.0011250000000000001
2,selection,32,0.0011250000000000001
2,selection,33,0.001167
2,selection,34,0.001166
2,selection,35,0.0011250000000000001
2,selection,36,0.0011250000000000001
2,selection,37,0.001167
2,selection,38,0.0011250000000000001
2,selection,39,0.001167
2,selection,40,0.001166
2,selection,41,0.0011250000000000001
2,selection,42,0.001166
2,selection,43,0.0011250000000000001
2,selection,44,0.001166
2,selection,45,0.0011250000000000001
2,selection,46,0.001166
2,selection,47,0.0011250000000000001
2,selection,48,0.0011250000000000001
2,selection,49,0.001167
2,selection,50,0.0011250000000000001
2,selection,51,0.001167
2,selection,52,0.001166
2,selection,53,0.001167
2,selection,54,0.0011250000000000001
2,selection,55,0.0011250000000000001
2,selection,56,0.0011250000000000001
2,selection,57,0.001167
2,selection,58,0.0011250000000000001
2,selection,59,0.0011250000000000001
2,selection,60,0.001167
2,selection,61,0.0011250000000000001
2,selection,62,0.0011250000000000001
2,selection,63,0.001167
2,selection,64,0.0011250000000000001
2,selection,65,0.001167
2,selection,66,0.0011250000000000001
2,selection,67,0.001167
2,selection,68,0.0011250000000000001
2,selection,69,0.0011250000000000001
2,selection,70,0.0011250000000000001
2,selection,71,0.001167
2,selection,72,0.001167
2,selection,73,0.0011250000000000001
2,selection,74,0.0011250000000000001
2,selection,75,0.0011250000000000001
2,selection,76,0.0011250000000000001
2,selection,77,0.0011250000000000001
2,selection,78,0.001166
2,selection,79,0.001167
2,selection,80,0.0011250000000000001
2,selection,81,0.0011250000000000001
2,selection,82,0.001166
2,selection,83,0.0011250000000000001
2,selection,84,0.001166
2,selection,85,0.001167
2,selection,86,0.0011250000000000001
2,selection,87,0.0011250000000000001
2,selection,88,0.001166
2,selection,89,0.001167
2,selection,90,0.001084
2,selection,91,0.0011250000000000001
2,selection,92,0.0011250000000000001
2,selection,93,0.0011250000000000001
2,selection,94,0.0011250000000000001
2,selection,95,0.0011250000000000001
2,selection,96,0.0011250000000000001
2,selection,97,0.0011250000000000001
2,selection,98,0.001167
2,selection,99,0.0011250000000000001
2,selection,100,0.0011250000000000001
2,selection,101,0.001167
2,selection,102,0.001166
2,selection,103,0.0011250000000000001
2,selection,104,0.0011250000000000001
2,selection,105,0.001167
2,selection,106,0.001166
2,selection,107,0.001167
2,selection,108,0.0011250000000000001
2,selection,109,0.001167
2,selection,110,0.0011250000000000001
2,selection,111,0.001083
2,selection,112,0.0011250000000000001
2,selection,113,0.001167
2,selection,114,0.0011250000000000001
2,selection,115,0.001167
2,selection,116,0.0011250000000000001
2,selection,117,0.0011250000000000001
2,selection,118,0.0011250000000000001
2,selection,119,0.001166
2,selection,120,0.0011250000000000001
2,selection,121,0.0011250000000000001
2,selection,122,0.0011250000000000001
2,selection,123,0.001166
2,selection,124,0.001167
2,selection,125,0.001166
2,selection,126,0.0011250000000000001
2,selection,127,0.0011250000000000001
2,selection,128,0.0011250000000000001
2,selection,129,0.0011250000000000001
2,selection,130,0.0011250000000000001
2,selection,131,0.0011250000000000001
2,selection,132,0.0011250000000000001
2,selection,133,0.0012920000000000002
2,selection,134,0.001166
2,selection,135,0.0011250000000000001
2,selection,136,0.001166
2,selection,137,0.001167
2,selection,138,0.001167
2,selection,139,0.0011250000000000001
2,selection,140,0.001167
2,selection,141,0.0011250000000000001
2,selection,142,0.00125
2,selection,143,0.001167
2,selection,144,0.001167
2,selection,145,0.0011250000000000001
2,selection,146,0.0011250000000000001
2,selection,147,0.00125
2,selection,148,0.001167
2,selection,149,0.0011250000000000001
2,selection,150,0.001167
2,selection,151,0.0011250000000000001
2,selection,152,0.001167
2,selection,153,0.0011250000000000001
2,selection,154,0.0011250000000000001
2,selection,155,0.0011250000000000001
2,selection,156,0.001167
2,selection,157,0.0011250000000000001
2,selection,158,0.0011250000000000001
2,selection,159,0.0011250000000000001
2,selection,160,0.001166
2,selection,161,0.0011250000000000001
2,selection,162,0.0011250000000000001
2,selection,163,0.0011250000000000001
2,selection,164,0.0011250000000000001
2,selection,165,0.001167
2,selection,166,0.0011250000000000001
2,selection,167,0.001167
2,selection,168,0.0011250000000000001
2,selection,169,0.0012920000000000002
2,selection,170,0.0011250000000000001
2,selection,171,0.001167
2,selection,172,0.0011250000000000001
2,selection,173,0.0011250000000000001
2,selection,174,0.0011250000000000001
2,selection,175,0.001166
2,selection,176,0.0011250000000000001
2,selection,177,0.0011250000000000001
2,selection,178,0.0011250000000000001
2,selection,179,0.0011250000000000001
2,selection,180,0.001167
2,selection,181,0.0011250000000000001
2,selection,182,0.0011250000000000001
2,selection,183,0.0011250000000000001
2,selection,184,0.001167
2,selection,185,0.0011250000000000001
2,selection,186,0.0011250000000000001
2,selection,187,0.0011250000000000001
2,selection,188,0.0011250000000000001
2,selection,189,0.0011250000000000001
2,selection,190,0.001167
2,selection,191,0.0011250000000000001
2,selection,192,0.0011250000000000001
2,selection,193,0.0011250000000000001
2,selection,194,0.0011250000000000001
2,selection,195,0.001166
2,selection,196,0.001167
2,selection,197,0.0011250000000000001
2,selection,198,0.0011250000000000001
2,selection,199,0.0011250000000000001
2,selection,200,0.001166
2,selection,201,0.001167
2,selection,202,0.0011250000000000001
2,selection,203,0.001167
2,selection,204,0.0011250000000000001
2,selection,205,0.0011250000000000001
2,selection,206,0.0012920000000000002
2,selection,207,0.001166
2,selection,208,0.0011250000000000001
2,selection,209,0.0011250000000000001
2,selection,210,0.001167
2,selection,211,0.001167
2,selection,212,0.0011250000000000001
2,selection,213,0.001458
2,selection,214,0.0011250000000000001
2,selection,215,0.0011250000000000001
2,selection,216,0.001166
2,selection,217,0.001167
2,selection,218,0.0011250000000000001
2,selection,219,0.0011250000000000001
2,selection,220,0.0011250000000000001
2,selection,221,0.001166
2,selection,222,0.0011250000000000001
2,selection,223,0.0011250000000000001
2,selection,224,0.0011250000000000001
2,selection,225,0.001166
2,selection,226,0.001167
2,selection,227,0.0011250000000000001
2,selection,228,0.0011250000000000001
2,selection,229,0.001166
2,selection,230,0.001167
2,selection,231,0.0011250000000000001
2,selection,232,0.0011250000000000001
2,selection,233,0.0011250000000000001
2,selection,234,0.0011250000000000001
2,selection,235,0.0011250000000000001
2,selection,236,0.0011250000000000001
2,selection,237,0.0011250000000000001
2,selection,238,0.001166
2,selection,239,0.0011250000000000001
2,selection,240,0.001166
2,selection,241,0.0011250000000000001
2,selection,242,0.0011250000000000001
2,selection,243,0.001167
2,selection,244,0.0011250000000000001
2,selection,245,0.0011250000000000001
2,selection,246,0.0011250000000000001
2,selection,247,0.001167
2,selection,248,0.0011250000000000001
2,selection,249,0.0011250000000000001
2,selection,250,0.001167
2,selection,251,0.0011250000000000001
2,selection,252,0.0011250000000000001
2,selection,253,0.0011250000000000001
2,selection,254,0.0011250000000000001
2,selection,255,0.0011250000000000001
2,selection,256,0.0011250000000000001
2,selection,257,0.001167
2,selection,258,0.0011250000000000001
2,selection,259,0.001167
2,selection,260,0.001167
2,selection,261,0.0011250000000000001
2,selection,262,0.0011250000000000001
2,selection,263,0.0011250000000000001
2,selection,264,0.001167
2,selection,265,0.0011250000000000001
2,selection,266,0.0011250000000000001
2,selection,267,0.0011250000000000001
2,selection,268,0.0011250000000000001
2,selection,269,0.001167
2,selection,270,0.0011250000000000001
2,selection,271,0.0011250000000000001
2,selection,272,0.0011250000000000001
2,selection,273,0.0011250000000000001
2,selection,274,0.0011250000000000001
2,selection,275,0.0011250000000000001
2,selection,276,0.001167
2,selection,277,0.0011250000000000001
2,selection,278,0.0011250000000000001
2,selection,279,0.0011250000000000001
2,selection,280,0.0011250000000000001
2,selection,281,0.0011250000000000001
2,selection,282,0.0011250000000000001
2,selection,283,0.0011250000000000001
2,selection,284,0.0011250000000000001
2,selection,285,0.0011250000000000001
2,selection,286,0.0011250000000000001
2,selection,287,0.001167
2,selection,288,0.001167
2,selection,289,0.0011250000000000001
2,selection,290,0.0011250000000000001
2,selection,291,0.0011250000000000001
2,selection,292,0.0011250000000000001
2,selection,293,0.001167
2,selection,294,0.0011250000000000001
2,selection,295,0.0011250000000000001
2,selection,296,0.0011250000000000001
2,selection,297,0.001084
2,selection,298,0.0011250000000000001
2,selection,299,0.0011250000000000001
2,selection,300,0.0011250000000000001
2,selection,301,0.0011250000000000001
2,selection,302,0.0011250000000000001
2,selection,303,0.0011250000000000001
2,selection,304,0.001166
2,selection,305,0.0011250000000000001
2,selection,306,0.0011250000000000001
2,selection,307,0.0011250000000000001
2,selection,308,0.001167
2,selection,309,0.001166
2,selection,310,0.0011250000000000001
2,selection,311,0.0011250000000000001
2,selection,312,0.001167
2,selection,313,0.0011250000000000001
2,selection,314,0.0011250000000000001
2,selection,315,0.0011250000000000001
2,selection,316,0.0011250000000000001
2,selection,317,0.0011250000000000001
2,selection,318,0.0011250000000000001
2,selection,319,0.001167
2,selection,320,0.001166
2,selection,321,0.0011250000000000001
2,selection,322,0.001166
2,selection,323,0.0011250000000000001
2,selection,324,0.001166
2,selection,325,0.0011250000000000001
2,selection,326,0.0011250000000000001
2,selection,327,0.001167
2,selection,328,0.0011250000000000001
2,selection,329,0.0011250000000000001
2,selection,330,0.0011250000000000001
2,selection,331,0.0011250000000000001
2,selection,332,0.001167
2,selection,333,0.0011250000000000001
2,selection,334,0.0011250000000000001
2,selection,335,0.001167
2,selection,336,0.0011250000000000001
2,selection,337,0.0011250000000000001
2,selection,338,0.0011250000000000001
2,selection,339,0.0011250000000000001
2,selection,340,0.001166
2,selection,341,0.0011250000000000001
2,selection,342,0.001166
2,selection,343,0.0011250000000000001
2,selection,344,0.0011250000000000001
2,selection,345,0.0011250000000000001
2,selection,346,0.0011250000000000001
2,selection,347,0.001166
2,selection,348,0.0011250000000000001
2,selection,349,0.0011250000000000001
2,selection,350,0.001167
2,selection,351,0.0011250000000000001
2,selection,352,0.0011250000000000001
2,selection,353,0.001167
2,selection,354,0.001167
2,selection,355,0.001166
2,selection,356,0.0011250000000000001
2,selection,357,0.0011250000000000001
2,selection,358,0.0011250000000000001
2,selection,359,0.0011250000000000001
2,selection,360,0.001166
2,selection,361,0.0011250000000000001
2,selection,362,0.0011250000000000001
2,selection,363,0.001167
2,selection,364,0.0011250000000000001
2,selection,365,0.0011250000000000001
2,selection,366,0.0011250000000000001
2,selection,367,0.0011250000000000001
2,selection,368,0.001083
2,selection,369,0.0011250000000000001
2,selection,370,0.0011250000000000001
2,selection,371,0.001166
2,selection,372,0.0011250000000000001
2,selection,373,0.001166
2,selection,374,0.0011250000000000001
2,selection,375,0.001166
2,selection,376,0.0011250000000000001
2,selection,377,0.001166
2,selection,378,0.0011250000000000001
2,selection,379,0.001166
2,selection,380,0.0011250000000000001
2,selection,381,0.001166
2,selection,382,0.0011250000000000001
2,selection,383,0.001166
2,selection,384,0.001167
2,selection,385,0.001167
2,selection,386,0.001167
2,selection,387,0.0011250000000000001
2,selection,388,0.0011250000000000001
2,selection,389,0.001166
2,selection,390,0.0011250000000000001
2,selection,391,0.001166
2,selection,392,0.0011250000000000001
2,selection,393,0.0011250000000000001
2,selection,394,0.0011250000000000001
2,selection,395,0.001167
2,selection,396,0.001166
2,selection,397,0.001167
2,selection,398,0.0011250000000000001
2,selection,399,0.0011250000000000001
2,selection,400,0.001166
2,selection,401,0.0011250000000000001
2,selection,402,0.001166
2,selection,403,0.0011250000000000001
2,selection,404,0.0011250000000000001
2,selection,405,0.0011250000000000001
2,selection,406,0.0011250000000000001
2,selection,407,0.001166
2,selection,408,0.0011250000000000001
2,selection,409,0.001083
2,selection,410,0.001084
2,selection,411,0.0011250000000000001
2,selection,412,0.001166
2,selection,413,0.0011250000000000001
2,selection,414,0.0011250000000000001
2,selection,415,0.001167
2,selection,416,0.0011250000000000001
2,selection,417,0.001167
2,selection,418,0.0011250000000000001
2,selection,419,0.001167
2,selection,420,0.0011250000000000001
2,selection,421,0.0011250000000000001
2,selection,422,0.0011250000000000001
2,selection,423,0.001084
2,selection,424,0.0011250000000000001
2,selection,425,0.0011250000000000001
2,selection,426,0.001167
2,selection,427,0.0011250000000000001
2,selection,428,0.001167
2,selection,429,0.0011250000000000001
2,selection,430,0.0011250000000000001
2,selection,431,0.001167
2,selection,432,0.0011250000000000001
2,selection,433,0.0011250000000000001
2,selection,434,0.001166
2,selection,435,0.0011250000000000001
2,selection,436,0.001166
2,selection,437,0.0011250000000000001
2,selection,438,0.0011250000000000001
2,selection,439,0.001167
2,selection,440,0.0011250000000000001
2,selection,441,0.0011250000000000001
2,selection,442,0.0011250000000000001
2,selection,443,0.0011250000000000001
2,selection,444,0.001167
2,selection,445,0.0011250000000000001
2,selection,446,0.0011250000000000001
2,selection,447,0.001166
2,selection,448,0.0011250000000000001
2,selection,449,0.001166
2,selection,450,0.0011250000000000001
2,selection,451,0.0011250000000000001
2,selection,452,0.0011250000000000001
2,selection,453,0.0011250000000000001
2,selection,454,0.0011250000000000001
2,selection,455,0.0011250000000000001
2,selection,456,0.0011250000000000001
2,selection,457,0.0011250000000000001
2,selection,458,0.0011250000000000001
2,selection,459,0.0011250000000000001
2,selection,460,0.001167
2,selection,461,0.0011250000000000001
2,selection,462,0.0011250000000000001
2,selection,463,0.0011250000000000001
2,selection,464,0.0011250000000000001
2,selection,465,0.001167
2,selection,466,0.0011250000000000001
2,selection,467,0.0011250000000000001
2,selection,468,0.0011250000000000001
2,selection,469,0.001167
2,selection,470,0.001167
2,selection,471,0.0011250000000000001
2,selection,472,0.001167
2,selection,473,0.0011250000000000001
2,selection,474,0.0011250000000000001
2,selection,475,0.001167
2,selection,476,0.0011250000000000001
2,selection,477,0.001167
2,selection,478,0.0011250000000000001
2,selection,479,0.0011250000000000001
2,selection,480,0.0011250000000000001
2,selection,481,0.0011250000000000001
2,selection,482,0.0011250000000000001
2,selection,483,0.001167
2,selection,484,0.0011250000000000001
2,selection,485,0.001167
2,selection,486,0.001083
2,selection,487,0.001166
2,selection,488,0.001167
2,selection,489,0.0011250000000000001
2,selection,490,0.0011250000000000001
2,selection,491,0.0011250000000000001
2,selection,492,0.0011250000000000001
2,selection,493,0.0011250000000000001
2,selection,494,0.0011250000000000001
2,selection,495,0.0011250000000000001
2,selection,496,0.0011250000000000001
2,selection,497,0.0011250000000000001
2,selection,498,0.0011250000000000001
2,selection,499,0.001166
2,selection,500,0.0011250000000000001
2,selection,501,0.001166
2,selection,502,0.0011250000000000001
2,selection,503,0.0011250000000000001
2,selection,504,0.0011250000000000001
2,selection,505,0.0011250000000000001
2,selection,506,0.001083
2,selection,507,0.0011250000000000001
2,selection,508,0.0011250000000000001
2,selection,509,0.0011250000000000001
2,selection,510,0.0011250000000000001
2,selection,511,0.0011250000000000001
2,selection,512,0.0011250000000000001
2,selection,513,0.0011250000000000001
2,selection,514,0.0011250000000000001
2,selection,515,0.0011250000000000001
2,selection,516,0.0011250000000000001
2,selection,517,0.001167
2,selection,518,0.0011250000000000001
2,selection,519,0.0011250000000000001
2,selection,520,0.0011250000000000001
2,selection,521,0.001167
2,selection,522,0.0011250000000000001
2,selection,523,0.0011250000000000001
2,selection,524,0.0011250000000000001
2,selection,525,0.001167
2,selection,526,0.0011250000000000001
2,selection,527,0.001167
2,selection,528,0.001166
2,selection,529,0.0011250000000000001
2,selection,530,0.001166
2,selection,531,0.0011250000000000001
2,selection,532,0.001166
2,selection,533,0.00125
2,selection,534,0.001166
2,selection,535,0.0011250000000000001
2,selection,536,0.001166
2,selection,537,0.0011250000000000001
2,selection,538,0.0011250000000000001
2,selection,539,0.0011250000000000001
2,selection,540,0.0011250000000000001
2,selection,541,0.00125
2,selection,542,0.0011250000000000001
2,selection,543,0.0011250000000000001
2,selection,544,0.0011250000000000001
2,selection,545,0.001167
2,selection,546,0.0012920000000000002
2,selection,547,0.0011250000000000001
2,selection,548,0.0011250000000000001
2,selection,549,0.001167
2,selection,550,0.0011250000000000001
2,selection,551,0.001167
2,selection,552,0.0011250000000000001
2,selection,553,0.0011250000000000001
2,selection,554,0.0011250000000000001
2,selection,555,0.001167
2,selection,556,0.0011250000000000001
2,selection,557,0.0011250000000000001
2,selection,558,0.0011250000000000001
2,selection,559,0.0011250000000000001
2,selection,560,0.0011250000000000001
2,selection,561,0.0011250000000000001
2,selection,562,0.0011250000000000001
2,selection,563,0.001167
2,selection,564,0.0011250000000000001
2,selection,565,0.0011250000000000001
2,selection,566,0.001166
2,selection,567,0.0011250000000000001
2,selection,568,0.001166
2,selection,569,0.0011250000000000001
2,selection,570,0.0011250000000000001
2,selection,571,0.0011250000000000001
2,selection,572,0.0011250000000000001
2,selection,573,0.001167
2,selection,574,0.0011250000000000001
2,selection,575,0.001167
2,selection,576,0.0011250000000000001
2,selection,577,0.0011250000000000001
2,selection,578,0.0011250000000000001
2,selection,579,0.0011250000000000001
2,selection,580,0.001167
2,selection,581,0.001166
2,selection,582,0.0011250000000000001
2,selection,583,0.0011250000000000001
2,selection,584,0.001167
2,selection,585,0.0011250000000000001
2,selection,586,0.0011250000000000001
2,selection,587,0.0011250000000000001
2,selection,588,0.0011250000000000001
2,selection,589,0.0011250000000000001
2,selection,590,0.001166
2,selection,591,0.0011250000000000001
2,selection,592,0.001166
2,selection,593,0.001167
2,selection,594,0.00125
2,selection,595,0.0011250000000000001
2,selection,596,0.0011250000000000001
2,selection,597,0.0012920000000000002
2,selection,598,0.001167
2,selection,599,0.0011250000000000001
2,selection,600,0.001167
2,selection,601,0.0011250000000000001
2,selection,602,0.0011250000000000001
2,selection,603,0.0011250000000000001
2,selection,604,0.0011250000000000001
2,selection,605,0.0011250000000000001
2,selection,606,0.001167
2,selection,607,0.0011250000000000001
2,selection,608,0.001167
2,selection,609,0.0011250000000000001
2,selection,610,0.001167
2,selection,611,0.0011250000000000001
2,selection,612,0.0011250000000000001
2,selection,613,0.0011250000000000001
2,selection,614,0.0011250000000000001
2,selection,615,0.00125
2,selection,616,0.0011250000000000001
2,selection,617,0.0011250000000000001
2,selection,618,0.001166
2,selection,619,0.0011250000000000001
2,selection,620,0.0012920000000000002
2,selection,621,0.001166
2,selection,622,0.0011250000000000001
2,selection,623,0.0011250000000000001
2,selection,624,0.0011250000000000001
2,selection,625,0.0011250000000000001
2,selection,626,0.0011250000000000001
2,selection,627,0.001166
2,selection,628,0.0011250000000000001
2,selection,629,0.0011250000000000001
2,selection,630,0.001167
2,selection,631,0.0011250000000000001
2,selection,632,0.0011250000000000001
2,selection,633,0.001167
2,selection,634,0.0011250000000000001
2,selection,635,0.0011250000000000001
2,selection,636,0.0011250000000000001
2,selection,637,0.001167
2,selection,638,0.0011250000000000001
2,selection,639,0.0011250000000000001
2,selection,640,0.0011250000000000001
2,selection,641,0.0011250000000000001
2,selection,642,0.001167
2,selection,643,0.001167
2,selection,644,0.0011250000000000001
2,selection,645,0.001167
2,selection,646,0.001167
2,selection,647,0.0011250000000000001
2,selection,648,0.001167
2,selection,649,0.0011250000000000001
2,selection,650,0.001167
2,selection,651,0.001167
2,selection,652,0.001166
2,selection,653,0.0011250000000000001
2,selection,654,0.0011250000000000001
2,selection,655,0.0011250000000000001
2,selection,656,0.001166
2,selection,657,0.0011250000000000001
2,selection,658,0.0011250000000000001
2,selection,659,0.0011250000000000001
2,selection,660,0.00125
2,selection,661,0.0011250000000000001
2,selection,662,0.001167
2,selection,663,0.0011250000000000001
2,selection,664,0.001167
2,selection,665,0.0011250000000000001
2,selection,666,0.001167
2,selection,667,0.001166
2,selection,668,0.0011250000000000001
2,selection,669,0.001166
2,selection,670,0.0011250000000000001
2,selection,671,0.001166
2,selection,672,0.0011250000000000001
2,selection,673,0.0011250000000000001
2,selection,674,0.0011250000000000001
2,selection,675,0.0011250000000000001
2,selection,676,0.0011250000000000001
2,selection,677,0.0011250000000000001
2,selection,678,0.001167
2,selection,679,0.001166
2,selection,680,0.0011250000000000001
2,selection,681,0.0011250000000000001
2,selection,682,0.001167
2,selection,683,0.0011250000000000001
2,selection,684,0.0011250000000000001
2,selection,685,0.001167
2,selection,686,0.0011250000000000001
2,selection,687,0.001167
2,selection,688,0.0011250000000000001
2,selection,689,0.0012079999999999999
2,selection,690,0.0011250000000000001
2,selection,691,0.0011250000000000001
2,selection,692,0.001167
2,selection,693,0.0011250000000000001
2,selection,694,0.0011250000000000001
2,selection,695,0.001167
2,selection,696,0.001167
2,selection,697,0.0011250000000000001
2,selection,698,0.0011250000000000001
2,selection,699,0.0011250000000000001
2,selection,700,0.0011250000000000001
2,selection,701,0.0011250000000000001
2,selection,702,0.001166
2,selection,703,0.0011250000000000001
2,selection,704,0.0011250000000000001
2,selection,705,0.0011250000000000001
2,selection,706,0.001166
2,selection,707,0.0011250000000000001
2,selection,708,0.0011250000000000001
2,selection,709,0.001167
2,selection,710,0.0011250000000000001
2,selection,711,0.0011250000000000001
2,selection,712,0.001167
2,selection,713,0.0011250000000000001
2,selection,714,0.001167
2,selection,715,0.001167
2,selection,716,0.0011250000000000001
2,selection,717,0.0011250000000000001
2,selection,718,0.0011250000000000001
2,selection,719,0.001167
2,selection,720,0.001166
2,selection,721,0.0011250000000000001
2,selection,722,0.001166
2,selection,723,0.0011250000000000001
2,selection,724,0.001166
2,selection,725,0.001167
2,selection,726,0.0011250000000000001
2,selection,727,0.001167
2,selection,728,0.0011250000000000001
2,selection,729,0.0011250000000000001
2,selection,730,0.0011250000000000001
2,selection,731,0.001167
2,selection,732,0.001166
2,selection,733,0.0011250000000000001
2,selection,734,0.0011250000000000001
2,selection,735,0.001167
2,selection,736,0.0011250000000000001
2,selection,737,0.0011250000000000001
2,selection,738,0.0011250000000000001
2,selection,739,0.0011250000000000001
2,selection,740,0.0011250000000000001
2,selection,741,0.001167
2,selection,742,0.0011250000000000001
2,selection,743,0.0011250000000000001
2,selection,744,0.001167
2,selection,745,0.0011250000000000001
2,selection,746,0.0011250000000000001
2,selection,747,0.0011250000000000001
2,selection,748,0.0011250000000000001
2,selection,749,0.001167
2,selection,750,0.001166
2,selection,751,0.001167
2,selection,752,0.0011250000000000001
2,selection,753,0.001167
2,selection,754,0.0011250000000000001
2,selection,755,0.0011250000000000001
2,selection,756,0.0011250000000000001
2,selection,757,0.0011250000000000001
2,selection,758,0.001166
2,selection,759,0.0011250000000000001
2,selection,760,0.001166
2,selection,761,0.0011250000000000001
2,selection,762,0.0011250000000000001
2,selection,763,0.001167
2,selection,764,0.0011250000000000001
2,selection,765,0.001167
2,selection,766,0.001166
2,selection,767,0.0011250000000000001
2,selection,768,0.001166
2,selection,769,0.0011250000000000001
2,selection,770,0.0011250000000000001
2,selection,771,0.001167
2,selection,772,0.0011250000000000001
2,selection,773,0.001167
2,selection,774,0.001167
2,selection,775,0.0011250000000000001
2,selection,776,0.001167
2,selection,777,0.0011250000000000001
2,selection,778,0.0011250000000000001
2,selection,779,0.001166
2,selection,780,0.0011250000000000001
2,selection,781,0.001166
2,selection,782,0.0011250000000000001
2,selection,783,0.001166
2,selection,784,0.0011250000000000001
2,selection,785,0.001166
2,selection,786,0.0011250000000000001
2,selection,787,0.001166
2,selection,788,0.0011250000000000001
2,selection,789,0.0011250000000000001
2,selection,790,0.0011250000000000001
2,selection,791,0.0011250000000000001
2,selection,792,0.001166
2,selection,793,0.0011250000000000001
2,selection,794,0.001166
2,selection,795,0.0011250000000000001
2,selection,796,0.0011250000000000001
2,selection,797,0.0011250000000000001
2,selection,798,0.001167
2,selection,799,0.001167
2,selection,800,0.0011250000000000001
2,selection,801,0.0011250000000000001
2,selection,802,0.0011250000000000001
2,selection,803,0.0011250000000000001
2,selection,804,0.0011250000000000001
2,selection,805,0.001167
2,selection,806,0.0011250000000000001
2,selection,807,0.001167
2,selection,808,0.0011250000000000001
2,selection,809,0.001167
2,selection,810,0.0011250000000000001
2,selection,811,0.0011250000000000001
2,selection,812,0.0011250000000000001
2,selection,813,0.001167
2,selection,814,0.0011250000000000001
2,selection,815,0.0011250000000000001
2,selection,816,0.001167
2,selection,817,0.0011250000000000001
2,selection,818,0.001167
2,selection,819,0.0011250000000000001
2,selection,820,0.0011250000000000001
2,selection,821,0.0011250000000000001
2,selection,822,0.0011250000000000001
2,selection,823,0.001166
2,selection,824,0.0011250000000000001
2,selection,825,0.001166
2,selection,826,0.001167
2,selection,827,0.0011250000000000001
2,selection,828,0.0011250000000000001
2,selection,829,0.0011250000000000001
2,selection,830,0.001166
2,selection,831,0.001167
2,selection,832,0.001166
2,selection,833,0.001167
2,selection,834,0.0011250000000000001
2,selection,835,0.001167
2,selection,836,0.0011250000000000001
2,selection,837,0.0011250000000000001
2,selection,838,0.001166
2,selection,839,0.001167
2,selection,840,0.0011250000000000001
2,selection,841,0.0011250000000000001
2,selection,842,0.001084
2,selection,843,0.0011250000000000001
2,selection,844,0.001167
2,selection,845,0.0011250000000000001
2,selection,846,0.001167
2,selection,847,0.0011250000000000001
2,selection,848,0.0011250000000000001
2,selection,849,0.001166
2,selection,850,0.0011250000000000001
2,selection,851,0.001166
2,selection,852,0.0011250000000000001
2,selection,853,0.0011250000000000001
2,selection,854,0.0011250000000000001
2,selection,855,0.0011250000000000001
2,selection,856,0.0011250000000000001
2,selection,857,0.001167
2,selection,858,0.0011250000000000001
2,selection,859,0.0011250000000000001
2,selection,860,0.0011250000000000001
2,selection,861,0.0011250000000000001
2,selection,862,0.0011250000000000001
2,selection,863,0.0011250000000000001
2,selection,864,0.0011250000000000001
2,selection,865,0.001167
2,selection,866,0.0011250000000000001
2,selection,867,0.0011250000000000001
2,selection,868,0.0011250000000000001
2,selection,869,0.0011250000000000001
2,selection,870,0.0011250000000000001
2,selection,871,0.001167
2,selection,872,0.0011250000000000001
2,selection,873,0.0011250000000000001
2,selection,874,0.0011250000000000001
2,selection,875,0.0011250000000000001
2,selection,876,0.001166
2,selection,877,0.0011250000000000001
2,selection,878,0.0011250000000000001
2,selection,879,0.001167
2,selection,880,0.0011250000000000001
2,selection,881,0.0011250000000000001
2,selection,882,0.0011250000000000001
2,selection,883,0.001166
2,selection,884,0.0011250000000000001
2,selection,885,0.0011250000000000001
2,selection,886,0.001167
2,selection,887,0.001166
2,selection,888,0.0011250000000000001
2,selection,889,0.0011250000000000001
2,selection,890,0.0011250000000000001
2,selection,891,0.001167
2,selection,892,0.0011250000000000001
2,selection,893,0.0011250000000000001
2,selection,894,0.001166
2,selection,895,0.0011250000000000001
2,selection,896,0.0011250000000000001
2,selection,897,0.001167
2,selection,898,0.0011250000000000001
2,selection,899,0.0011250000000000001
2,selection,900,0.0011250000000000001
2,selection,901,0.001167
2,selection,902,0.0011250000000000001
2,selection,903,0.001167
2,selection,904,0.001166
2,selection,905,0.0011250000000000001
2,selection,906,0.0011250000000000001
2,selection,907,0.001166
2,selection,908,0.0011250000000000001
2,selection,909,0.001166
2,selection,910,0.0011250000000000001
2,selection,911,0.0011250000000000001
2,selection,912,0.0011250000000000001
2,selection,913,0.001166
2,selection,914,0.001167
2,selection,915,0.0011250000000000001
2,selection,916,0.001167
2,selection,917,0.0011250000000000001
2,selection,918,0.0011250000000000001
2,selection,919,0.0011250000000000001
2,selection,920,0.0011250000000000001
2,selection,921,0.0011250000000000001
2,selection,922,0.0011250000000000001
2,selection,923,0.0011250000000000001
2,selection,924,0.0011250000000000001
2,selection,925,0.0011250000000000001
2,selection,926,0.001167
2,selection,927,0.001167
2,selection,928,0.0011250000000000001
2,selection,929,0.0011250000000000001
2,selection,930,0.001167
2,selection,931,0.0011250000000000001
2,selection,932,0.0011250000000000001
2,selection,933,0.0011250000000000001
2,selection,934,0.0011250000000000001
2,selection,935,0.0011250000000000001
2,selection,936,0.001083
2,selection,937,0.0011250000000000001
2,selection,938,0.0011250000000000001
2,selection,939,0.0011250000000000001
2,selection,940,0.001166
2,selection,941,0.0011250000000000001
2,selection,942,0.0011250000000000001
2,selection,943,0.0011250000000000001
2,selection,944,0.001167
2,selection,945,0.001167
2,selection,946,0.0011250000000000001
2,selection,947,0.0011250000000000001
2,selection,948,0.0011250000000000001
2,selection,949,0.0011250000000000001
2,selection,950,0.001167
2,selection,951,0.0011250000000000001
2,selection,952,0.0011250000000000001
2,selection,953,0.0011250000000000001
2,selection,954,0.001167
2,selection,955,0.0011250000000000001
2,selection,956,0.0011250000000000001
2,selection,957,0.0011250000000000001
2,selection,958,0.0011250000000000001
2,selection,959,0.0011250000000000001
2,selection,960,0.0011250000000000001
2,selection,961,0.001167
2,selection,962,0.0011250000000000001
2,selection,963,0.0011250000000000001
2,selection,964,0.001167
2,selection,965,0.0011250000000000001
2,selection,966,0.0011250000000000001
2,selection,967,0.0011250000000000001
2,selection,968,0.001167
2,selection,969,0.0011250000000000001
2,selection,970,0.0011250000000000001
2,selection,971,0.001166
2,selection,972,0.001167
2,selection,973,0.0011250000000000001
2,selection,974,0.001167
2,selection,975,0.0011250000000000001
2,selection,976,0.0011250000000000001
2,selection,977,0.0011250000000000001
2,selection,978,0.0011250000000000001
2,selection,979,0.001166
2,selection,980,0.001167
2,selection,981,0.0011250000000000001
2,selection,982,0.0011250000000000001
2,selection,983,0.0011250000000000001
2,selection,984,0.001167
2,selection,985,0.0011250000000000001
2,selection,986,0.001167
2,selection,987,0.001167
2,selection,988,0.0011250000000000001
2,selection,989,0.0011250000000000001
2,selection,990,0.0011250000000000001
2,selection,991,0.001166
2,selection,992,0.0011250000000000001
2,selection,993,0.0011250000000000001
2,selection,994,0.0011250000000000001
2,selection,995,0.0011250000000000001
2,selection,996,0.001166
2,selection,997,0.001167
2,selection,998,0.0011250000000000001
2,selection,999,0.001167
2,invoke,0,0.0026249999999999997
2,invoke,1,0.0005
2,invoke,2,0.000375
2,invoke,3,0.00029099999999999997
2,invoke,4,0.00029099999999999997
2,invoke,5,0.000292
2,invoke,6,0.000292
2,invoke,7,0.00029099999999999997
2,invoke,8,0.000292
2,invoke,9,0.000292
2,invoke,10,0.000292
2,invoke,11,0.00029099999999999997
2,invoke,12,0.000292
2,invoke,13,0.000292
2,invoke,14,0.000292
2,invoke,15,0.00029099999999999997
2,invoke,16,0.000292
2,invoke,17,0.000292
2,invoke,18,0.00029099999999999997
2,invoke,19,0.000292
2,invoke,20,0.000334
2,invoke,21,0.000292
2,invoke,22,0.00029099999999999997
2,invoke,23,0.000292
2,invoke,24,0.00025
2,invoke,25,0.000292
2,invoke,26,0.000458
2,invoke,27,0.00025
2,invoke,28,0.000292
2,invoke,29,0.000292
2,invoke,30,0.00029099999999999997
2,invoke,31,0.000292
2,invoke,32,0.000292
2,invoke,33,0.00025
2,invoke,34,0.00025
2,invoke,35,0.000292
2,invoke,36,0.000292
2,invoke,37,0.00029099999999999997
2,invoke,38,0.000458
2,invoke,39,0.000292
2,invoke,40,0.00033299999999999996
2,invoke,41,0.00029099999999999997
2,invoke,42,0.000292
2,invoke,43,0.000292
2,invoke,44,0.00025
2,invoke,45,0.00029099999999999997
2,invoke,46,0.000292
2,invoke,47,0.000334
2,invoke,48,0.000292
2,invoke,49,0.00029099999999999997
2,invoke,50,0.000292
2,invoke,51,0.000292
2,invoke,52,0.00029099999999999997
2,invoke,53,0.00029099999999999997
2,invoke,54,0.000292
2,invoke,55,0.000292
2,invoke,56,0.00029099999999999997
2,invoke,57,0.000292
2,invoke,58,0.000292
2,invoke,59,0.00029099999999999997
2,invoke,60,0.00029099999999999997
2,invoke,61,0.000292
2,invoke,62,0.000292
2,invoke,63,0.00029099999999999997
2,invoke,64,0.00029099999999999997
2,invoke,65,0.000292
2,invoke,66,0.000292
2,invoke,67,0.00029099999999999997
2,invoke,68,0.00029099999999999997
2,invoke,69,0.000292
2,invoke,70,0.000292
2,invoke,71,0.00029099999999999997
2,invoke,72,0.000292
2,invoke,73,0.000292
2,invoke,74,0.00029099999999999997
2,invoke,75,0.000292
2,invoke,76,0.000334
2,invoke,77,0.000292
2,invoke,78,0.00029099999999999997
2,invoke,79,0.000292
2,invoke,80,0.000292
2,invoke,81,0.000292
2,invoke,82,0.00029099999999999997
2,invoke,83,0.000292
2,invoke,84,0.000292
2,invoke,85,0.000292
2,invoke,86,0.00029099999999999997
2,invoke,87,0.000292
2,invoke,88,0.000292
2,invoke,89,0.00029099999999999997
2,invoke,90,0.00029099999999999997
2,invoke,91,0.000292
2,invoke,92,0.000292
2,invoke,93,0.0005
2,invoke,94,0.00029099999999999997
2,invoke,95,0.00029099999999999997
2,invoke,96,0.000334
2,invoke,97,0.000292
2,invoke,98,0.00029099999999999997
2,invoke,99,0.000292
2,invoke,100,0.000292
2,invoke,101,0.000292
2,invoke,102,0.00029099999999999997
2,invoke,103,0.000292
2,invoke,104,0.000292
2,invoke,105,0.00033299999999999996
2,invoke,106,0.00029099999999999997
2,invoke,107,0.000292
2,invoke,108,0.000292
2,invoke,109,0.00029099999999999997
2,invoke,110,0.000292
2,invoke,111,0.000334
2,invoke,112,0.000292
2,invoke,113,0.00029099999999999997
2,invoke,114,0.000292
2,invoke,115,0.000292
2,invoke,116,0.00029099999999999997
2,invoke,117,0.000292
2,invoke,118,0.000292
2,invoke,119,0.00029099999999999997
2,invoke,120,0.000292
2,invoke,121,0.000292
2,invoke,122,0.000292
2,invoke,123,0.00029099999999999997
2,invoke,124,0.000292
2,invoke,125,0.000292
2,invoke,126,0.000292
2,invoke,127,0.00029099999999999997
2,invoke,128,0.000292
2,invoke,129,0.000292
2,invoke,130,0.00029099999999999997
2,invoke,131,0.00025
2,invoke,132,0.000292
2,invoke,133,0.00025
2,invoke,134,0.00029099999999999997
2,invoke,135,0.00025
2,invoke,136,0.000292
2,invoke,137,0.00029099999999999997
2,invoke,138,0.000292
2,invoke,139,0.000292
2,invoke,140,0.000292
2,invoke,141,0.00029099999999999997
2,invoke,142,0.000292
2,invoke,143,0.000292
2,invoke,144,0.00029099999999999997
2,invoke,145,0.00029099999999999997
2,invoke,146,0.000292
2,invoke,147,0.000292
2,invoke,148,0.00029099999999999997
2,invoke,149,0.000292
2,invoke,150,0.000292
2,invoke,151,0.00029099999999999997
2,invoke,152,0.00029099999999999997
2,invoke,153,0.000292
2,invoke,154,0.000292
2,invoke,155,0.00029099999999999997
2,invoke,156,0.00029099999999999997
2,invoke,157,0.000292
2,invoke,158,0.000292
2,invoke,159,0.00025
2,invoke,160,0.00029099999999999997
2,invoke,161,0.000292
2,invoke,162,0.000292
2,invoke,163,0.00029099999999999997
2,invoke,164,0.00029099999999999997
2,invoke,165,0.000292
2,invoke,166,0.000292
2,invoke,167,0.00029099999999999997
2,invoke,168,0.000292
2,invoke,169,0.000292
2,invoke,170,0.00029099999999999997
2,invoke,171,0.000292
2,invoke,172,0.000292
2,invoke,173,0.000292
2,invoke,174,0.00029099999999999997
2,invoke,175,0.000292
2,invoke,176,0.000292
2,invoke,177,0.00025
2,invoke,178,0.00025
2,invoke,179,0.000292
2,invoke,180,0.000292
2,invoke,181,0.00033299999999999996
2,invoke,182,0.00029099999999999997
2,invoke,183,0.000292
2,invoke,184,0.000292
2,invoke,185,0.00029099999999999997
2,invoke,186,0.00025
2,invoke,187,0.000292
2,invoke,188,0.000292
2,invoke,189,0.00029099999999999997
2,invoke,190,0.000292
2,invoke,191,0.000292
2,invoke,192,0.00025
2,invoke,193,0.00029099999999999997
2,invoke,194,0.000292
2,invoke,195,0.000334
2,invoke,196,0.000292
2,invoke,197,0.00029099999999999997
2,invoke,198,0.000292
2,invoke,199,0.000292
2,invoke,200,0.00029099999999999997
2,invoke,201,0.000292
2,invoke,202,0.000292
2,invoke,203,0.000292
2,invoke,204,0.00029099999999999997
2,invoke,205,0.000292
2,invoke,206,0.000292
2,invoke,207,0.00029099999999999997
2,invoke,208,0.000292
2,invoke,209,0.000292
2,invoke,210,0.00029099999999999997
2,invoke,211,0.00025
2,invoke,212,0.000292
2,invoke,213,0.000292
2,invoke,214,0.00029099999999999997
2,invoke,215,0.000292
2,invoke,216,0.000292
2,invoke,217,0.00029099999999999997
2,invoke,218,0.00029099999999999997
2,invoke,219,0.000292
2,invoke,220,0.000292
2,invoke,221,0.00029099999999999997
2,invoke,222,0.00033299999999999996
2,invoke,223,0.000292
2,invoke,224,0.000417
2,invoke,225,0.000292
2,invoke,226,0.000292
2,invoke,227,0.00029099999999999997
2,invoke,228,0.000292
2,invoke,229,0.000292
2,invoke,230,0.00029099999999999997
2,invoke,231,0.000292
2,invoke,232,0.000292
2,invoke,233,0.00029099999999999997
2,invoke,234,0.00025
2,invoke,235,0.000292
2,invoke,236,0.000292
2,invoke,237,0.00029099999999999997
2,invoke,238,0.000292
2,invoke,239,0.000292
2,invoke,240,0.00029099999999999997
2,invoke,241,0.00033299999999999996
2,invoke,242,0.000292
2,invoke,243,0.000292
2,invoke,244,0.00029099999999999997
2,invoke,245,0.00025
2,invoke,246,0.000292
2,invoke,247,0.000292
2,invoke,248,0.00029099999999999997
2,invoke,249,0.000292
2,invoke,250,0.000292
2,invoke,251,0.00029099999999999997
2,invoke,252,0.00029099999999999997
2,invoke,253,0.000292
2,invoke,254,0.000292
2,invoke,255,0.00029099999999999997
2,invoke,256,0.00025
2,invoke,257,0.00025
2,invoke,258,0.00025
2,invoke,259,0.00029099999999999997
2,invoke,260,0.000292
2,invoke,261,0.000292
2,invoke,262,0.00029099999999999997
2,invoke,263,0.000292
2,invoke,264,0.000292
2,invoke,265,0.00029099999999999997
2,invoke,266,0.000292
2,invoke,267,0.000292
2,invoke,268,0.00029099999999999997
2,invoke,269,0.000292
2,invoke,270,0.000292
2,invoke,271,0.000292
2,invoke,272,0.00029099999999999997
2,invoke,273,0.000292
2,invoke,274,0.000334
2,invoke,275,0.000292
2,invoke,276,0.00029099999999999997
2,invoke,277,0.000292
2,invoke,278,0.000292
2,invoke,279,0.00029099999999999997
2,invoke,280,0.00025
2,invoke,281,0.000334
2,invoke,282,0.000292
2,invoke,283,0.00029099999999999997
2,invoke,284,0.000292
2,invoke,285,0.000292
2,invoke,286,0.00029099999999999997
2,invoke,287,0.000292
2,invoke,288,0.000292
2,invoke,289,0.000292
2,invoke,290,0.00029099999999999997
2,invoke,291,0.000292
2,invoke,292,0.000292
2,invoke,293,0.000292
2,invoke,294,0.00029099999999999997
2,invoke,295,0.000292
2,invoke,296,0.000292
2,invoke,297,0.000292
2,invoke,298,0.00029099999999999997
2,invoke,299,0.000292
2,invoke,300,0.000292
2,invoke,301,0.00029099999999999997
2,invoke,302,0.000292
2,invoke,303,0.000334
2,invoke,304,0.000292
2,invoke,305,0.00029099999999999997
2,invoke,306,0.000292
2,invoke,307,0.000292
2,invoke,308,0.000292
2,invoke,309,0.00029099999999999997
2,invoke,310,0.000292
2,invoke,311,0.00025
2,invoke,312,0.00029099999999999997
2,invoke,313,0.000292
2,invoke,314,0.000334
2,invoke,315,0.000292
2,invoke,316,0.00029099999999999997
2,invoke,317,0.000292
2,invoke,318,0.000292
2,invoke,319,0.00029099999999999997
2,invoke,320,0.000292
2,invoke,321,0.000292
2,invoke,322,0.00029099999999999997
2,invoke,323,0.00025
2,invoke,324,0.000292
2,invoke,325,0.00029099999999999997
2,invoke,326,0.00025
2,invoke,327,0.000292
2,invoke,328,0.000292
2,invoke,329,0.00029099999999999997
2,invoke,330,0.000292
2,invoke,331,0.000292
2,invoke,332,0.00029099999999999997
2,invoke,333,0.00029099999999999997
2,invoke,334,0.000292
2,invoke,335,0.000292
2,invoke,336,0.00029099999999999997
2,invoke,337,0.000292
2,invoke,338,0.000292
2,invoke,339,0.00029099999999999997
2,invoke,340,0.000292
2,invoke,341,0.000292
2,invoke,342,0.00029099999999999997
2,invoke,343,0.00029099999999999997
2,invoke,344,0.000292
2,invoke,345,0.000292
2,invoke,346,0.00029099999999999997
2,invoke,347,0.00033299999999999996
2,invoke,348,0.000292
2,invoke,349,0.000292
2,invoke,350,0.00029099999999999997
2,invoke,351,0.000292
2,invoke,352,0.000292
2,invoke,353,0.000292
2,invoke,354,0.00029099999999999997
2,invoke,355,0.000292
2,invoke,356,0.000292
2,invoke,357,0.00029099999999999997
2,invoke,358,0.00025
2,invoke,359,0.000292
2,invoke,360,0.000292
2,invoke,361,0.00029099999999999997
2,invoke,362,0.000292
2,invoke,363,0.000292
2,invoke,364,0.000292
2,invoke,365,0.00029099999999999997
2,invoke,366,0.000292
2,invoke,367,0.000292
2,invoke,368,0.00029099999999999997
2,invoke,369,0.00029099999999999997
2,invoke,370,0.000292
2,invoke,371,0.000292
2,invoke,372,0.00029099999999999997
2,invoke,373,0.000292
2,invoke,374,0.000292
2,invoke,375,0.00029099999999999997
2,invoke,376,0.000292
2,invoke,377,0.000292
2,invoke,378,0.00029099999999999997
2,invoke,379,0.000292
2,invoke,380,0.000292
2,invoke,381,0.00029099999999999997
2,invoke,382,0.000292
2,invoke,383,0.000292
2,invoke,384,0.000292
2,invoke,385,0.00029099999999999997
2,invoke,386,0.000292
2,invoke,387,0.000292
2,invoke,388,0.00029099999999999997
2,invoke,389,0.000292
2,invoke,390,0.00025
2,invoke,391,0.000292
2,invoke,392,0.00029099999999999997
2,invoke,393,0.000292
2,invoke,394,0.000292
2,invoke,395,0.00029099999999999997
2,invoke,396,0.00029099999999999997
2,invoke,397,0.000292
2,invoke,398,0.000292
2,invoke,399,0.00029099999999999997
2,invoke,400,0.000292
2,invoke,401,0.000292
2,invoke,402,0.00025
2,invoke,403,0.00029099999999999997
2,invoke,404,0.000292
2,invoke,405,0.000292
2,invoke,406,0.00029099999999999997
2,invoke,407,0.000292
2,invoke,408,0.000292
2,invoke,409,0.000292
2,invoke,410,0.00029099999999999997
2,invoke,411,0.000292
2,invoke,412,0.000292
2,invoke,413,0.00029099999999999997
2,invoke,414,0.000292
2,invoke,415,0.00025
2,invoke,416,0.000292
2,invoke,417,0.00029099999999999997
2,invoke,418,0.000292
2,invoke,419,0.000292
2,invoke,420,0.00029099999999999997
2,invoke,421,0.000292
2,invoke,422,0.000292
2,invoke,423,0.00029099999999999997
2,invoke,424,0.000292
2,invoke,425,0.000292
2,invoke,426,0.00029099999999999997
2,invoke,427,0.00033299999999999996
2,invoke,428,0.000292
2,invoke,429,0.000292
2,invoke,430,0.00029099999999999997
2,invoke,431,0.000292
2,invoke,432,0.000292
2,invoke,433,0.00025
2,invoke,434,0.00025
2,invoke,435,0.00025
2,invoke,436,0.00029099999999999997
2,invoke,437,0.00029099999999999997
2,invoke,438,0.000292
2,invoke,439,0.000292
2,invoke,440,0.00029099999999999997
2,invoke,441,0.000292
2,invoke,442,0.000292
2,invoke,443,0.000292
2,invoke,444,0.00029099999999999997
2,invoke,445,0.000292
2,invoke,446,0.00025
2,invoke,447,0.000292
2,invoke,448,0.00029099999999999997
2,invoke,449,0.000292
2,invoke,450,0.000292
2,invoke,451,0.000292
2,invoke,452,0.00029099999999999997
2,invoke,453,0.000292
2,invoke,454,0.000292
2,invoke,455,0.00029099999999999997
2,invoke,456,0.000292
2,invoke,457,0.000292
2,invoke,458,0.00025
2,invoke,459,0.00029099999999999997
2,invoke,460,0.000292
2,invoke,461,0.000292
2,invoke,462,0.00029099999999999997
2,invoke,463,0.00029099999999999997
2,invoke,464,0.000292
2,invoke,465,0.000292
2,invoke,466,0.00029099999999999997
2,invoke,467,0.000292
2,invoke,468,0.000292
2,invoke,469,0.00029099999999999997
2,invoke,470,0.00029099999999999997
2,invoke,471,0.000292
2,invoke,472,0.000292
2,invoke,473,0.00029099999999999997
2,invoke,474,0.000292
2,invoke,475,0.00025
2,invoke,476,0.000292
2,invoke,477,0.00029099999999999997
2,invoke,478,0.000292
2,invoke,479,0.000292
2,invoke,480,0.00029099999999999997
2,invoke,481,0.000292
2,invoke,482,0.000292
2,invoke,483,0.00029099999999999997
2,invoke,484,0.000292
2,invoke,485,0.000292
2,invoke,486,0.00029099999999999997
2,invoke,487,0.000292
2,invoke,488,0.00025
2,invoke,489,0.00025
2,invoke,490,0.000292
2,invoke,491,0.00025
2,invoke,492,0.000292
2,invoke,493,0.00029099999999999997
2,invoke,494,0.000292
2,invoke,495,0.000292
2,invoke,496,0.000292
2,invoke,497,0.00029099999999999997
2,invoke,498,0.000292
2,invoke,499,0.000292
2,invoke,500,0.00029099999999999997
2,invoke,501,0.00025
2,invoke,502,0.00025
2,invoke,503,0.00025
2,invoke,504,0.00025
2,invoke,505,0.000292
2,invoke,506,0.00029099999999999997
2,invoke,507,0.00025
2,invoke,508,0.000292
2,invoke,509,0.00029099999999999997
2,invoke,510,0.000292
2,invoke,511,0.000292
2,invoke,512,0.000292
2,invoke,513,0.00029099999999999997
2,invoke,514,0.000292
2,invoke,515,0.00025
2,invoke,516,0.00029099999999999997
2,invoke,517,0.000292
2,invoke,518,0.00025
2,invoke,519,0.000292
2,invoke,520,0.00029099999999999997
2,invoke,521,0.000292
2,invoke,522,0.000292
2,invoke,523,0.00029099999999999997
2,invoke,524,0.000292
2,invoke,525,0.000292
2,invoke,526,0.00029099999999999997
2,invoke,527,0.000292
2,invoke,528,0.000292
2,invoke,529,0.00029099999999999997
2,invoke,530,0.000292
2,invoke,531,0.00025
2,invoke,532,0.00025
2,invoke,533,0.00029099999999999997
2,invoke,534,0.000292
2,invoke,535,0.000292
2,invoke,536,0.00029099999999999997
2,invoke,537,0.000292
2,invoke,538,0.000292
2,invoke,539,0.00025
2,invoke,540,0.00029099999999999997
2,invoke,541,0.000292
2,invoke,542,0.000292
2,invoke,543,0.000292
2,invoke,544,0.00029099999999999997
2,invoke,545,0.000292
2,invoke,546,0.000292
2,invoke,547,0.00029099999999999997
2,invoke,548,0.00029099999999999997
2,invoke,549,0.000292
2,invoke,550,0.000292
2,invoke,551,0.00029099999999999997
2,invoke,552,0.000292
2,invoke,553,0.000292
2,invoke,554,0.000292
2,invoke,555,0.00029099999999999997
2,invoke,556,0.000292
2,invoke,557,0.000292
2,invoke,558,0.00029099999999999997
2,invoke,559,0.000292
2,invoke,560,0.000292
2,invoke,561,0.00029099999999999997
2,invoke,562,0.000292
2,invoke,563,0.000292
2,invoke,564,0.00029099999999999997
2,invoke,565,0.000292
2,invoke,566,0.000292
2,invoke,567,0.00029099999999999997
2,invoke,568,0.000292
2,invoke,569,0.00025
2,invoke,570,0.000292
2,invoke,571,0.00025
2,invoke,572,0.000292
2,invoke,573,0.000292
2,invoke,574,0.00029099999999999997
2,invoke,575,0.000292
2,invoke,576,0.000292
2,invoke,577,0.00029099999999999997
2,invoke,578,0.00033299999999999996
2,invoke,579,0.000292
2,invoke,580,0.000292
2,invoke,581,0.00029099999999999997
2,invoke,582,0.00033299999999999996
2,invoke,583,0.000292
2,invoke,584,0.000292
2,invoke,585,0.00029099999999999997
2,invoke,586,0.00025
2,invoke,587,0.000292
2,invoke,588,0.00029099999999999997
2,invoke,589,0.00025
2,invoke,590,0.00025
2,invoke,591,0.000292
2,invoke,592,0.00029099999999999997
2,invoke,593,0.000292
2,invoke,594,0.000292
2,invoke,595,0.00029099999999999997
2,invoke,596,0.000292
2,invoke,597,0.000292
2,invoke,598,0.00029099999999999997
2,invoke,599,0.000292
2,invoke,600,0.000292
2,invoke,601,0.00029099999999999997
2,invoke,602,0.000292
2,invoke,603,0.000292
2,invoke,604,0.00029099999999999997
2,invoke,605,0.00025
2,invoke,606,0.000292
2,invoke,607,0.000292
2,invoke,608,0.00029099999999999997
2,invoke,609,0.000292
2,invoke,610,0.000292
2,invoke,611,0.000292
2,invoke,612,0.00029099999999999997
2,invoke,613,0.000292
2,invoke,614,0.000292
2,invoke,615,0.00029099999999999997
2,invoke,616,0.00029099999999999997
2,invoke,617,0.000292
2,invoke,618,0.000292
2,invoke,619,0.00033299999999999996
2,invoke,620,0.00029099999999999997
2,invoke,621,0.000292
2,invoke,622,0.000292
2,invoke,623,0.00029099999999999997
2,invoke,624,0.000292
2,invoke,625,0.000292
2,invoke,626,0.00029099999999999997
2,invoke,627,0.00025
2,invoke,628,0.000292
2,invoke,629,0.000292
2,invoke,630,0.00029099999999999997
2,invoke,631,0.00029099999999999997
2,invoke,632,0.000292
2,invoke,633,0.000292
2,invoke,634,0.00029099999999999997
2,invoke,635,0.00033299999999999996
2,invoke,636,0.000292
2,invoke,637,0.000292
2,invoke,638,0.00029099999999999997
2,invoke,639,0.000292
2,invoke,640,0.000292
2,invoke,641,0.000292
2,invoke,642,0.00029099999999999997
2,invoke,643,0.000292
2,invoke,644,0.000292
2,invoke,645,0.00029099999999999997
2,invoke,646,0.00029099999999999997
2,invoke,647,0.000292
2,invoke,648,0.000292
2,invoke,649,0.00025
2,invoke,650,0.00025
2,invoke,651,0.000292
2,invoke,652,0.000292
2,invoke,653,0.00029099999999999997
2,invoke,654,0.00025
2,invoke,655,0.00025
2,invoke,656,0.000292
2,invoke,657,0.00029099999999999997
2,invoke,658,0.000292
2,invoke,659,0.000292
2,invoke,660,0.00029099999999999997
2,invoke,661,0.000292
2,invoke,662,0.000292
2,invoke,663,0.00029099999999999997
2,invoke,664,0.000292
2,invoke,665,0.000292
2,invoke,666,0.00029099999999999997
2,invoke,667,0.000292
2,invoke,668,0.000292
2,invoke,669,0.000292
2,invoke,670,0.00029099999999999997
2,invoke,671,0.000292
2,invoke,672,0.000292
2,invoke,673,0.00029099999999999997
2,invoke,674,0.000292
2,invoke,675,0.000292
2,invoke,676,0.000292
2,invoke,677,0.00029099999999999997
2,invoke,678,0.000292
2,invoke,679,0.000292
2,invoke,680,0.00029099999999999997
2,invoke,681,0.000292
2,invoke,682,0.000292
2,invoke,683,0.00025
2,invoke,684,0.00025
2,invoke,685,0.000292
2,invoke,686,0.000292
2,invoke,687,0.00029099999999999997
2,invoke,688,0.000292
2,invoke,689,0.000292
2,invoke,690,0.00029099999999999997
2,invoke,691,0.00029099999999999997
2,invoke,692,0.000292
2,invoke,693,0.000292
2,invoke,694,0.00029099999999999997
2,invoke,695,0.000292
2,invoke,696,0.00025
2,invoke,697,0.00025
2,invoke,698,0.00029099999999999997
2,invoke,699,0.000292
2,invoke,700,0.000292
2,invoke,701,0.00029099999999999997
2,invoke,702,0.000292
2,invoke,703,0.000292
2,invoke,704,0.00029099999999999997
2,invoke,705,0.00033299999999999996
2,invoke,706,0.000292
2,invoke,707,0.000292
2,invoke,708,0.00029099999999999997
2,invoke,709,0.000292
2,invoke,710,0.000292
2,invoke,711,0.000292
2,invoke,712,0.000292
2,invoke,713,0.00029099999999999997
2,invoke,714,0.000292
2,invoke,715,0.000292
2,invoke,716,0.00025
2,invoke,717,0.00025
2,invoke,718,0.000292
2,invoke,719,0.000292
2,invoke,720,0.00029099999999999997
2,invoke,721,0.000292
2,invoke,722,0.000292
2,invoke,723,0.00029099999999999997
2,invoke,724,0.00033299999999999996
2,invoke,725,0.000292
2,invoke,726,0.000292
2,invoke,727,0.00029099999999999997
2,invoke,728,0.000292
2,invoke,729,0.000292
2,invoke,730,0.00029099999999999997
2,invoke,731,0.000292
2,invoke,732,0.000334
2,invoke,733,0.000292
2,invoke,734,0.00029099999999999997
2,invoke,735,0.000292
2,invoke,736,0.000292
2,invoke,737,0.00029099999999999997
2,invoke,738,0.000292
2,invoke,739,0.000292
2,invoke,740,0.00029099999999999997
2,invoke,741,0.000292
2,invoke,742,0.000292
2,invoke,743,0.00029099999999999997
2,invoke,744,0.000292
2,invoke,745,0.000292
2,invoke,746,0.00029099999999999997
2,invoke,747,0.000292
2,invoke,748,0.00025
2,invoke,749,0.000292
2,invoke,750,0.00029099999999999997
2,invoke,751,0.000292
2,invoke,752,0.000292
2,invoke,753,0.00029099999999999997
2,invoke,754,0.000292
2,invoke,755,0.000292
2,invoke,756,0.00029099999999999997
2,invoke,757,0.000292
2,invoke,758,0.000292
2,invoke,759,0.00029099999999999997
2,invoke,760,0.000292
2,invoke,761,0.000292
2,invoke,762,0.00025
2,invoke,763,0.00029099999999999997
2,invoke,764,0.000292
2,invoke,765,0.000292
2,invoke,766,0.00029099999999999997
2,invoke,767,0.000292
2,invoke,768,0.000292
2,invoke,769,0.00029099999999999997
2,invoke,770,0.000292
2,invoke,771,0.000292
2,invoke,772,0.00029099999999999997
2,invoke,773,0.000292
2,invoke,774,0.000292
2,invoke,775,0.00029099999999999997
2,invoke,776,0.00025
2,invoke,777,0.000292
2,invoke,778,0.00025
2,invoke,779,0.00029099999999999997
2,invoke,780,0.000292
2,invoke,781,0.000292
2,invoke,782,0.00029099999999999997
2,invoke,783,0.000292
2,invoke,784,0.000292
2,invoke,785,0.00029099999999999997
2,invoke,786,0.00025
2,invoke,787,0.00025
2,invoke,788,0.000292
2,invoke,789,0.00029099999999999997
2,invoke,790,0.000292
2,invoke,791,0.000292
2,invoke,792,0.00025
2,invoke,793,0.00029099999999999997
2,invoke,794,0.000292
2,invoke,795,0.000292
2,invoke,796,0.00029099999999999997
2,invoke,797,0.00025
2,invoke,798,0.000292
2,invoke,799,0.000292
2,invoke,800,0.00029099999999999997
2,invoke,801,0.000292
2,invoke,802,0.000334
2,invoke,803,0.000292
2,invoke,804,0.00029099999999999997
2,invoke,805,0.000292
2,invoke,806,0.000292
2,invoke,807,0.000292
2,invoke,808,0.00029099999999999997
2,invoke,809,0.000292
2,invoke,810,0.000292
2,invoke,811,0.00029099999999999997
2,invoke,812,0.00025
2,invoke,813,0.000292
2,invoke,814,0.000292
2,invoke,815,0.00029099999999999997
2,invoke,816,0.000292
2,invoke,817,0.000292
2,invoke,818,0.00029099999999999997
2,invoke,819,0.000292
2,invoke,820,0.000292
2,invoke,821,0.00029099999999999997
2,invoke,822,0.000292
2,invoke,823,0.00025
2,invoke,824,0.000292
2,invoke,825,0.00029099999999999997
2,invoke,826,0.000292
2,invoke,827,0.000292
2,invoke,828,0.00029099999999999997
2,invoke,829,0.000292
2,invoke,830,0.000292
2,invoke,831,0.00025
2,invoke,832,0.00025
2,invoke,833,0.000292
2,invoke,834,0.000292
2,invoke,835,0.00029099999999999997
2,invoke,836,0.000292
2,invoke,837,0.000292
2,invoke,838,0.00029099999999999997
2,invoke,839,0.00029099999999999997
2,invoke,840,0.000292
2,invoke,841,0.000292
2,invoke,842,0.00029099999999999997
2,invoke,843,0.000292
2,invoke,844,0.000292
2,invoke,845,0.00029099999999999997
2,invoke,846,0.000292
2,invoke,847,0.000292
2,invoke,848,0.00029099999999999997
2,invoke,849,0.000292
2,invoke,850,0.000292
2,invoke,851,0.00029099999999999997
2,invoke,852,0.000292
2,invoke,853,0.00025
2,invoke,854,0.00033299999999999996
2,invoke,855,0.00029099999999999997
2,invoke,856,0.000292
2,invoke,857,0.000292
2,invoke,858,0.00029099999999999997
2,invoke,859,0.000292
2,invoke,860,0.000292
2,invoke,861,0.00029099999999999997
2,invoke,862,0.000292
2,invoke,863,0.00025
2,invoke,864,0.000292
2,invoke,865,0.00029099999999999997
2,invoke,866,0.000292
2,invoke,867,0.000292
2,invoke,868,0.00029099999999999997
2,invoke,869,0.000292
2,invoke,870,0.000292
2,invoke,871,0.00029099999999999997
2,invoke,872,0.000292
2,invoke,873,0.000334
2,invoke,874,0.000292
2,invoke,875,0.00029099999999999997
2,invoke,876,0.000292
2,invoke,877,0.000292
2,invoke,878,0.000292
2,invoke,879,0.00029099999999999997
2,invoke,880,0.000292
2,invoke,881,0.00025
2,invoke,882,0.00029099999999999997
2,invoke,883,0.00029099999999999997
2,invoke,884,0.000292
2,invoke,885,0.000292
2,invoke,886,0.000292
2,invoke,887,0.00029099999999999997
2,invoke,888,0.000292
2,invoke,889,0.000292
2,invoke,890,0.00029099999999999997
2,invoke,891,0.00029099999999999997
2,invoke,892,0.000292
2,invoke,893,0.000292
2,invoke,894,0.00029099999999999997
2,invoke,895,0.000292
2,invoke,896,0.000292
2,invoke,897,0.000292
2,invoke,898,0.00029099999999999997
2,invoke,899,0.000292
2,invoke,900,0.000292
2,invoke,901,0.00029099999999999997
2,invoke,902,0.000292
2,invoke,903,0.00025
2,invoke,904,0.000292
2,invoke,905,0.00029099999999999997
2,invoke,906,0.000292
2,invoke,907,0.000292
2,invoke,908,0.000292
2,invoke,909,0.00029099999999999997
2,invoke,910,0.000292
2,invoke,911,0.00025
2,invoke,912,0.000292
2,invoke,913,0.00029099999999999997
2,invoke,914,0.000292
2,invoke,915,0.000292
2,invoke,916,0.00029099999999999997
2,invoke,917,0.000292
2,invoke,918,0.000292
2,invoke,919,0.000292
2,invoke,920,0.00029099999999999997
2,invoke,921,0.000292
2,invoke,922,0.000292
2,invoke,923,0.00029099999999999997
2,invoke,924,0.00029099999999999997
2,invoke,925,0.000292
2,invoke,926,0.000292
2,invoke,927,0.00029099999999999997
2,invoke,928,0.000292
2,invoke,929,0.00025
2,invoke,930,0.00025
2,invoke,931,0.00029099999999999997
2,invoke,932,0.000292
2,invoke,933,0.000292
2,invoke,934,0.00029099999999999997
2,invoke,935,0.000292
2,invoke,936,0.000292
2,invoke,937,0.00029099999999999997
2,invoke,938,0.000292
2,invoke,939,0.00025
2,invoke,940,0.000292
2,invoke,941,0.00029099999999999997
2,invoke,942,0.000292
2,invoke,943,0.000292
2,invoke,944,0.000292
2,invoke,945,0.00029099999999999997
2,invoke,946,0.000292
2,invoke,947,0.000292
2,invoke,948,0.000292
2,invoke,949,0.00025
2,invoke,950,0.000292
2,invoke,951,0.000292
2,invoke,952,0.00033299999999999996
2,invoke,953,0.00029099999999999997
2,invoke,954,0.000292
2,invoke,955,0.000292
2,invoke,956,0.00029099999999999997
2,invoke,957,0.000292
2,invoke,958,0.000292
2,invoke,959,0.00029099999999999997
2,invoke,960,0.000292
2,invoke,961,0.000292
2,invoke,962,0.000292
2,invoke,963,0.00029099999999999997
2,invoke,964,0.000292
2,invoke,965,0.000292
2,invoke,966,0.00033299999999999996
2,invoke,967,0.000292
2,invoke,968,0.000292
2,invoke,969,0.00029099999999999997
2,invoke,970,0.000292
2,invoke,971,0.000292
2,invoke,972,0.00029099999999999997
2,invoke,973,0.000292
2,invoke,974,0.000292
2,invoke,975,0.00029099999999999997
2,invoke,976,0.000292
2,invoke,977,0.000292
2,invoke,978,0.00029099999999999997
2,invoke,979,0.000292
2,invoke,980,0.000292
2,invoke,981,0.00029099999999999997
2,invoke,982,0.000292
2,invoke,983,0.00025
2,invoke,984,0.00025
2,invoke,985,0.00025
2,invoke,986,0.000292
2,invoke,987,0.000292
2,invoke,988,0.00029099999999999997
2,invoke,989,0.000292
2,invoke,990,0.000292
2,invoke,991,0.00029099999999999997
2,invoke,992,0.000292
2,invoke,993,0.00025
2,invoke,994,0.000292
2,invoke,995,0.00029099999999999997
2,invoke,996,0.000292
2,invoke,997,0.000292
2,invoke,998,0.000292
2,invoke,999,0.00029099999999999997
3,query,0,0.260125
3,query,1,0.256625
3,query,2,0.244959
3,query,3,0.24487499999999998
3,query,4,0.245166
3,query,5,0.243291
3,query,6,0.243583
3,query,7,0.24245899999999998
3,query,8,0.241708
3,query,9,0.243917
3,query,10,0.24695899999999998
3,query,11,0.25925
3,query,12,0.259709
3,query,13,0.259458
3,query,14,0.25966599999999995
3,query,15,0.26033300000000004
3,query,16,0.25945900000000005
3,query,17,0.258958
3,query,18,0.259875
3,query,19,0.259291
3,query,20,0.25912500000000005
3,query,21,0.259375
3,query,22,0.259041
3,query,23,0.25887499999999997
3,query,24,0.25875
3,query,25,0.262625
3,query,26,0.262375
3,query,27,0.259458
3,query,28,0.25912500000000005
3,query,29,0.259041
3,query,30,0.259375
3,query,31,0.26241699999999996
3,query,32,0.25912500000000005
3,query,33,0.259625
3,query,34,0.25858400000000004
3,query,35,0.258625
3,query,36,0.259417
3,query,37,0.259542
3,query,38,0.2595
3,query,39,0.259
3,query,40,0.25875
3,query,41,0.259042
3,query,42,0.258542
3,query,43,0.25866700000000004
3,query,44,0.259
3,query,45,0.259333
3,query,46,0.259334
3,query,47,0.2595
3,query,48,0.259458
3,query,49,0.259167
3,query,50,0.25925
3,query,51,0.259334
3,query,52,0.259167
3,query,53,0.258334
3,query,54,0.25866700000000004
3,query,55,0.259917
3,query,56,0.297583
3,query,57,0.280333
3,query,58,0.25816700000000004
3,query,59,0.24537499999999998
3,query,60,0.248
3,query,61,0.24566699999999997
3,query,62,0.272584
3,query,63,0.242917
3,query,64,0.241917
3,query,65,0.243334
3,query,66,0.245625
3,query,67,0.24212499999999998
3,query,68,0.242167
3,query,69,0.24370899999999998
3,query,70,0.243167
3,query,71,0.242625
3,query,72,0.245959
3,query,73,0.24350000000000002
3,query,74,0.24295799999999998
3,query,75,0.242375
3,query,76,0.24354199999999998
3,query,77,0.242458
3,query,78,0.243708
3,query,79,0.24566699999999997
3,query,80,0.242375
3,query,81,0.242375
3,query,82,0.241542
3,query,83,0.242625
3,query,84,0.243584
3,query,85,0.24350000000000002
3,query,86,0.243875
3,query,87,0.24329199999999998
3,query,88,0.24225
3,query,89,0.24229199999999998
3,query,90,0.24283400000000002
3,query,91,0.262
3,query,92,0.27149999999999996
3,query,93,0.270041
3,query,94,0.270791
3,query,95,0.270583
3,query,96,0.281375
3,query,97,0.27591699999999997
3,query,98,0.28875
3,query,99,0.279167
3,query,100,0.24812499999999998
3,query,101,0.247916
3,query,102,0.25187499999999996
3,query,103,0.242084
3,query,104,0.242084
3,query,105,0.242417
3,query,106,0.24312499999999998
3,query,107,0.24233300000000002
3,query,108,0.241708
3,query,109,0.242041
3,query,110,0.242875
3,query,111,0.242375
3,query,112,0.24212499999999998
3,query,113,0.24175
3,query,114,0.242959
3,query,115,0.24195799999999998
3,query,116,0.24250000000000002
3,query,117,0.24845899999999999
3,query,118,0.242458
3,query,119,0.294625
3,query,120,0.27225
3,query,121,0.256166
3,query,122,0.24416599999999997
3,query,123,0.257375
3,query,124,0.242167
3,query,125,0.23650000000000002
3,query,126,0.236334
3,query,127,0.244583
3,query,128,0.239791
3,query,129,0.23658300000000002
3,query,130,0.236125
3,query,131,0.23800000000000002
3,query,132,0.24179099999999998
3,query,133,0.24141700000000002
3,query,134,0.269708
3,query,135,0.250292
3,query,136,0.240166
3,query,137,0.241125
3,query,138,0.24212499999999998
3,query,139,0.24266700000000002
3,query,140,0.24250000000000002
3,query,141,0.256875
3,query,142,0.25791699999999995
3,query,143,0.241334
3,query,144,0.242
3,query,145,0.249625
3,query,146,0.26175
3,query,147,0.240375
3,query,148,0.240292
3,query,149,0.240375
3,query,150,0.24487499999999998
3,query,151,0.26875
3,query,152,0.24325
3,query,153,0.24175
3,query,154,0.241541
3,query,155,0.242167
3,query,156,0.241542
3,query,157,0.24225
3,query,158,0.241542
3,query,159,0.256417
3,query,160,0.269084
3,query,161,0.24212499999999998
3,query,162,0.240792
3,query,163,0.242208
3,query,164,0.24533299999999997
3,query,165,0.241583
3,query,166,0.241375
3,query,167,0.242
3,query,168,0.239625
3,query,169,0.24058400000000002
3,query,170,0.24020899999999998
3,query,171,0.240375
3,query,172,0.243083
3,query,173,0.24250000000000002
3,query,174,0.241166
3,query,175,0.243792
3,query,176,0.2415
3,query,177,0.241708
3,query,178,0.24058400000000002
3,query,179,0.24841700000000003
3,query,180,0.24233300000000002
3,query,181,0.240333
3,query,182,0.240792
3,query,183,0.241542
3,query,184,0.242334
3,query,185,0.242584
3,query,186,0.24175
3,query,187,0.339916
3,query,188,0.25141600000000003
3,query,189,0.24195799999999998
3,query,190,0.24854199999999999
3,query,191,0.253291
3,query,192,0.241834
3,query,193,0.241375
3,query,194,0.24850000000000003
3,query,195,0.240625
3,query,196,0.24025000000000002
3,query,197,0.241208
3,query,198,0.24175
3,query,199,0.242208
3,query,200,0.242875
3,query,201,0.241667
3,query,202,0.242458
3,query,203,0.242583
3,query,204,0.24233300000000002
3,query,205,0.240708
3,query,206,0.242417
3,query,207,0.240625
3,query,208,0.2415
3,query,209,0.241208
3,query,210,0.241291
3,query,211,0.24225
3,query,212,0.24087499999999998
3,query,213,0.242416
3,query,214,0.241208
3,query,215,0.242
3,query,216,0.24108300000000002
3,query,217,0.240333
3,query,218,0.240333
3,query,219,0.241292
3,query,220,0.241625
3,query,221,0.241125
3,query,222,0.24233300000000002
3,query,223,0.241333
3,query,224,0.24158400000000002
3,query,225,0.241667
3,query,226,0.2405
3,query,227,0.25004200000000004
3,query,228,0.24445800000000004
3,query,229,0.24529199999999998
3,query,230,0.242375
3,query,231,0.243209
3,query,232,0.242417
3,query,233,0.240333
3,query,234,0.241875
3,query,235,0.244666
3,query,236,0.24233300000000002
3,query,237,0.24337499999999998
3,query,238,0.242
3,query,239,0.240709
3,query,240,0.241875
3,query,241,0.24195799999999998
3,query,242,0.241625
3,query,243,0.242416
3,query,244,0.242916
3,query,245,0.24175
3,query,246,0.24233300000000002
3,query,247,0.243042
3,query,248,0.24195799999999998
3,query,249,0.24250000000000002
3,query,250,0.242542
3,query,251,0.250666
3,query,252,0.242208
3,query,253,0.24533299999999997
3,query,254,0.241416
3,query,255,0.245542
3,query,256,0.241625
3,query,257,0.243084
3,query,258,0.242042
3,query,259,0.272375
3,query,260,0.26908299999999996
3,query,261,0.269166
3,query,262,0.246416
3,query,263,0.26283300000000004
3,query,264,0.24354199999999998
3,query,265,0.241292
3,query,266,0.241
3,query,267,0.241125
3,query,268,0.24312499999999998
3,query,269,0.247334
3,query,270,0.242583
3,query,271,0.252292
3,query,272,0.25887499999999997
3,query,273,0.26125
3,query,274,0.259416
3,query,275,0.259833
3,query,276,0.261583
3,query,277,0.248041
3,query,278,0.242
3,query,279,0.242666
3,query,280,0.242
3,query,281,0.24483399999999997
3,query,282,0.24245899999999998
3,query,283,0.242375
3,query,284,0.24025000000000002
3,query,285,0.242291
3,query,286,0.24337499999999998
3,query,287,0.243042
3,query,288,0.24250000000000002
3,query,289,0.247958
3,query,290,0.25875
3,query,291,0.259542
3,query,292,0.260083
3,query,293,0.267583
3,query,294,0.270833
3,query,295,0.279416
3,query,296,0.270583
3,query,297,0.27475
3,query,298,0.274166
3,query,299,0.274625
3,query,300,0.32525000000000004
3,query,301,0.271708
3,query,302,0.270041
3,query,303,0.24829099999999998
3,query,304,0.24175
3,query,305,0.24104199999999998
3,query,306,0.24875
3,query,307,0.24125000000000002
3,query,308,0.2405
3,query,309,0.241125
3,query,310,0.242542
3,query,311,0.24275
3,query,312,0.240792
3,query,313,0.24375
3,query,314,0.256666
3,query,315,0.241833
3,query,316,0.244
3,query,317,0.24016700000000002
3,query,318,0.240416
3,query,319,0.256417
3,query,320,0.262042
3,query,321,0.25879199999999997
3,query,322,0.258958
3,query,323,0.259
3,query,324,0.259458
3,query,325,0.305958
3,query,326,0.270625
3,query,327,0.259834
3,query,328,0.241208
3,query,329,0.25775
3,query,330,0.24295799999999998
3,query,331,0.243916
3,query,332,0.243291
3,query,333,0.24504099999999998
3,query,334,0.244167
3,query,335,0.243875
3,query,336,0.244625
3,query,337,0.24449999999999997
3,query,338,0.24350000000000002
3,query,339,0.251625
3,query,340,0.246667
3,query,341,0.24579199999999998
3,query,342,0.24350000000000002
3,query,343,0.24495799999999998
3,query,344,0.244625
3,query,345,0.24579099999999998
3,query,346,0.244292
3,query,347,0.252375
3,query,348,0.259709
3,query,349,0.24629099999999998
3,query,350,0.251041
3,query,351,0.25033299999999997
3,query,352,0.260417
3,query,353,0.24354199999999998
3,query,354,0.245042
3,query,355,0.244125
3,query,356,0.24483300000000002
3,query,357,0.243083
3,query,358,0.251917
3,query,359,0.245
3,query,360,0.243625
3,query,361,0.243
3,query,362,0.24320799999999998
3,query,363,0.244167
3,query,364,0.244125
3,query,365,0.244125
3,query,366,0.24329199999999998
3,query,367,0.243584
3,query,368,0.244083
3,query,369,0.244125
3,query,370,0.243708
3,query,371,0.243958
3,query,372,0.243875
3,query,373,0.24487499999999998
3,query,374,0.245
3,query,375,0.244625
3,query,376,0.243417
3,query,377,0.245208
3,query,378,0.24454099999999998
3,query,379,0.242083
3,query,380,0.25075
3,query,381,0.245416
3,query,382,0.24658299999999997
3,query,383,0.24904099999999998
3,query,384,0.247916
3,query,385,0.262208
3,query,386,0.262542
3,query,387,0.2665
3,query,388,0.263875
3,query,389,0.263542
3,query,390,0.2915
3,query,391,0.294375
3,query,392,0.258542
3,query,393,0.240833
3,query,394,0.255125
3,query,395,0.243666
3,query,396,0.241125
3,query,397,0.24216600000000002
3,query,398,0.240666
3,query,399,0.24008300000000002
3,query,400,0.2395
3,query,401,0.240292
3,query,402,0.240459
3,query,403,0.241792
3,query,404,0.239958
3,query,405,0.241708
3,query,406,0.241709
3,query,407,0.25416700000000003
3,query,408,0.257667
3,query,409,0.257083
3,query,410,0.258917
3,query,411,0.25858400000000004
3,query,412,0.25758299999999995
3,query,413,0.258291
3,query,414,0.257625
3,query,415,0.25879199999999997
3,query,416,0.25837499999999997
3,query,417,0.25833300000000003
3,query,418,0.257834
3,query,419,0.258
3,query,420,0.257625
3,query,421,0.258708
3,query,422,0.259416
3,query,423,0.265667
3,query,424,0.25758299999999995
3,query,425,0.25775
3,query,426,0.257292
3,query,427,0.258125
3,query,428,0.2575
3,query,429,0.262917
3,query,430,0.2575
3,query,431,0.257209
3,query,432,0.256875
3,query,433,0.257458
3,query,434,0.26087499999999997
3,query,435,0.258292
3,query,436,0.26108400000000004
3,query,437,0.257125
3,query,438,0.256459
3,query,439,0.258208
3,query,440,0.25758299999999995
3,query,441,0.257417
3,query,442,0.257334
3,query,443,0.25825000000000004
3,query,444,0.257375
3,query,445,0.25791699999999995
3,query,446,0.2595
3,query,447,0.25758299999999995
3,query,448,0.256916
3,query,449,0.25670800000000005
3,query,450,0.262834
3,query,451,0.26095799999999997
3,query,452,0.256833
3,query,453,0.256833
3,query,454,0.2585
3,query,455,0.271667
3,query,456,0.264375
3,query,457,0.301375
3,query,458,0.278708
3,query,459,0.266
3,query,460,0.24266700000000002
3,query,461,0.237541
3,query,462,0.24445800000000004
3,query,463,0.237667
3,query,464,0.259334
3,query,465,0.25387499999999996
3,query,466,0.242875
3,query,467,0.237292
3,query,468,0.2375
3,query,469,0.237041
3,query,470,0.276125
3,query,471,0.240459
3,query,472,0.237125
3,query,473,0.23762499999999998
3,query,474,0.237292
3,query,475,0.237375
3,query,476,0.237333
3,query,477,0.237375
3,query,478,0.237042
3,query,479,0.23741600000000002
3,query,480,0.23650000000000002
3,query,481,0.237208
3,query,482,0.236958
3,query,483,0.237459
3,query,484,0.239417
3,query,485,0.236916
3,query,486,0.237083
3,query,487,0.23762499999999998
3,query,488,0.242084
3,query,489,0.237542
3,query,490,0.23766600000000002
3,query,491,0.237458
3,query,492,0.25925
3,query,493,0.265
3,query,494,0.26537499999999997
3,query,495,0.26554099999999997
3,query,496,0.2655
3,query,497,0.26733300000000004
3,query,498,0.287333
3,query,499,0.249167
3,query,500,0.242041
3,query,501,0.241
3,query,502,0.24004199999999998
3,query,503,0.23633300000000002
3,query,504,0.235458
3,query,505,0.24691600000000002
3,query,506,0.236083
3,query,507,0.23575000000000002
3,query,508,0.235792
3,query,509,0.23566700000000002
3,query,510,0.23575000000000002
3,query,511,0.236042
3,query,512,0.23625
3,query,513,0.236709
3,query,514,0.24987499999999999
3,query,515,0.255875
3,query,516,0.256417
3,query,517,0.23533300000000001
3,query,518,0.235375
3,query,519,0.235
3,query,520,0.23533300000000001
3,query,521,0.235334
3,query,522,0.240667
3,query,523,0.235792
3,query,524,0.23900000000000002
3,query,525,0.310708
3,query,526,0.255458
3,query,527,0.257709
3,query,528,0.24104199999999998
3,query,529,0.256
3,query,530,0.241667
3,query,531,0.240375
3,query,532,0.241375
3,query,533,0.242875
3,query,534,0.244042
3,query,535,0.24212499999999998
3,query,536,0.242917
3,query,537,0.241416
3,query,538,0.242
3,query,539,0.241666
3,query,540,0.24325
3,query,541,0.242375
3,query,542,0.242541
3,query,543,0.241
3,query,544,0.24175
3,query,545,0.241125
3,query,546,0.24225
3,query,547,0.24275
3,query,548,0.245125
3,query,549,0.242083
3,query,550,0.242
3,query,551,0.241458
3,query,552,0.242041
3,query,553,0.242208
3,query,554,0.240625
3,query,555,0.246541
3,query,556,0.247166
3,query,557,0.243917
3,query,558,0.242084
3,query,559,0.24212499999999998
3,query,560,0.24179099999999998
3,query,561,0.240958
3,query,562,0.241667
3,query,563,0.243083
3,query,564,0.241666
3,query,565,0.24295799999999998
3,query,566,0.247291
3,query,567,0.242
3,query,568,0.24104199999999998
3,query,569,0.242709
3,query,570,0.24345899999999998
3,query,571,0.242792
3,query,572,0.241416
3,query,573,0.241625
3,query,574,0.242458
3,query,575,0.241084
3,query,576,0.24195799999999998
3,query,577,0.24350000000000002
3,query,578,0.242875
3,query,579,0.242375
3,query,580,0.24316600000000002
3,query,581,0.24566699999999997
3,query,582,0.241208
3,query,583,0.240792
3,query,584,0.245125
3,query,585,0.243458
3,query,586,0.242541
3,query,587,0.241583
3,query,588,0.244
3,query,589,0.250375
3,query,590,0.24337499999999998
3,query,591,0.246292
3,query,592,0.242542
3,query,593,0.283667
3,query,594,0.273125
3,query,595,0.263958
3,query,596,0.241834
3,query,597,0.261333
3,query,598,0.240625
3,query,599,0.24087499999999998
3,query,600,0.240625
3,query,601,0.241166
3,query,602,0.241333
3,query,603,0.24329199999999998
3,query,604,0.25879199999999997
3,query,605,0.258959
3,query,606,0.262667
3,query,607,0.25879199999999997
3,query,608,0.259042
3,query,609,0.253
3,query,610,0.24104199999999998
3,query,611,0.242334
3,query,612,0.240792
3,query,613,0.241292
3,query,614,0.241541
3,query,615,0.24141700000000002
3,query,616,0.241792
3,query,617,0.243625
3,query,618,0.242792
3,query,619,0.24345899999999998
3,query,620,0.25837499999999997
3,query,621,0.260208
3,query,622,0.259042
3,query,623,0.260167
3,query,624,0.259792
3,query,625,0.258208
3,query,626,0.242291
3,query,627,0.24195799999999998
3,query,628,0.242417
3,query,629,0.241292
3,query,630,0.241667
3,query,631,0.23975
3,query,632,0.241875
3,query,633,0.241708
3,query,634,0.241792
3,query,635,0.241167
3,query,636,0.24175
3,query,637,0.240958
3,query,638,0.253334
3,query,639,0.25870899999999997
3,query,640,0.26066700000000004
3,query,641,0.258125
3,query,642,0.259834
3,query,643,0.258292
3,query,644,0.243584
3,query,645,0.242
3,query,646,0.241625
3,query,647,0.244667
3,query,648,0.24175
3,query,649,0.242208
3,query,650,0.241875
3,query,651,0.24212499999999998
3,query,652,0.24087499999999998
3,query,653,0.240542
3,query,654,0.252917
3,query,655,0.25875
3,query,656,0.260167
3,query,657,0.25975
3,query,658,0.25845799999999997
3,query,659,0.264708
3,query,660,0.312166
3,query,661,0.246167
3,query,662,0.24325
3,query,663,0.243458
3,query,664,0.24620799999999998
3,query,665,0.242625
3,query,666,0.24212499999999998
3,query,667,0.242458
3,query,668,0.24179099999999998
3,query,669,0.24275
3,query,670,0.242875
3,query,671,0.242916
3,query,672,0.243541
3,query,673,0.245
3,query,674,0.244333
3,query,675,0.242708
3,query,676,0.24275
3,query,677,0.242917
3,query,678,0.24841700000000003
3,query,679,0.256791
3,query,680,0.246541
3,query,681,0.24233300000000002
3,query,682,0.247959
3,query,683,0.263417
3,query,684,0.260583
3,query,685,0.259917
3,query,686,0.26041600000000004
3,query,687,0.260833
3,query,688,0.260417
3,query,689,0.260125
3,query,690,0.260167
3,query,691,0.260292
3,query,692,0.266625
3,query,693,0.265417
3,query,694,0.293458
3,query,695,0.27329200000000003
3,query,696,0.27116599999999996
3,query,697,0.271416
3,query,698,0.307458
3,query,699,0.32879200000000003
3,query,700,0.277167
3,query,701,0.289125
3,query,702,0.271084
3,query,703,0.29333400000000004
3,query,704,0.264292
3,query,705,0.251083
3,query,706,0.2415
3,query,707,0.241292
3,query,708,0.241333
3,query,709,0.241292
3,query,710,0.242041
3,query,711,0.242916
3,query,712,0.241333
3,query,713,0.252791
3,query,714,0.250917
3,query,715,0.241292
3,query,716,0.24449999999999997
3,query,717,0.242334
3,query,718,0.24195799999999998
3,query,719,0.26504099999999997
3,query,720,0.241167
3,query,721,0.306542
3,query,722,0.275167
3,query,723,0.259166
3,query,724,0.254417
3,query,725,0.257667
3,query,726,0.262292
3,query,727,0.26066700000000004
3,query,728,0.23987499999999998
3,query,729,0.23583400000000002
3,query,730,0.237667
3,query,731,0.23475
3,query,732,0.239041
3,query,733,0.23550000000000001
3,query,734,0.241166
3,query,735,0.23608400000000002
3,query,736,0.23566700000000002
3,query,737,0.370292
3,query,738,0.25675
3,query,739,0.260917
3,query,740,0.272334
3,query,741,0.263666
3,query,742,0.257792
3,query,743,0.240958
3,query,744,0.240625
3,query,745,0.240708
3,query,746,0.243584
3,query,747,0.24725000000000003
3,query,748,0.26675
3,query,749,0.246292
3,query,750,0.25125000000000003
3,query,751,0.287166
3,query,752,0.277625
3,query,753,0.248292
3,query,754,0.246375
3,query,755,0.256334
3,query,756,0.24625
3,query,757,0.24662499999999998
3,query,758,0.263166
3,query,759,0.296958
3,query,760,0.286666
3,query,761,0.264791
3,query,762,0.276583
3,query,763,0.271584
3,query,764,0.275958
3,query,765,0.26329199999999997
3,query,766,0.554375
3,query,767,0.289417
3,query,768,0.25875
3,query,769,0.28612499999999996
3,query,770,0.26449999999999996
3,query,771,0.24966700000000003
3,query,772,0.25775
3,query,773,0.24454199999999998
3,query,774,0.24125000000000002
3,query,775,0.24987499999999999
3,query,776,0.249291
3,query,777,0.259625
3,query,778,0.274084
3,query,779,0.259833
3,query,780,0.272458
3,query,781,0.289333
3,query,782,0.276916
3,query,783,0.294375
3,query,784,0.265833
3,query,785,0.334875
3,query,786,0.328833
3,query,787,0.31224999999999997
3,query,788,0.274208
3,query,789,0.27675
3,query,790,0.240958
3,query,791,0.249834
3,query,792,0.298375
3,query,793,0.28608300000000003
3,query,794,0.268125
3,query,795,0.47725
3,query,796,0.330042
3,query,797,0.255041
3,query,798,0.263584
3,query,799,0.25025
3,query,800,0.24337499999999998
3,query,801,0.244625
3,query,802,0.240792
3,query,803,0.23566700000000002
3,query,804,0.23575000000000002
3,query,805,0.23558300000000001
3,query,806,0.235875
3,query,807,0.24250000000000002
3,query,808,0.260167
3,query,809,0.240375
3,query,810,0.25420899999999996
3,query,811,0.279917
3,query,812,0.270708
3,query,813,0.266166
3,query,814,0.241583
3,query,815,0.241625
3,query,816,0.285041
3,query,817,0.241583
3,query,818,0.253334
3,query,819,0.237542
3,query,820,0.27304199999999995
3,query,821,0.265334
3,query,822,0.259166
3,query,823,0.24087499999999998
3,query,824,0.23866600000000002
3,query,825,0.23558300000000001
3,query,826,0.23987499999999998
3,query,827,0.33591699999999997
3,query,828,0.37712500000000004
3,query,829,0.25833300000000003
3,query,830,0.25179199999999996
3,query,831,0.270791
3,query,832,0.247916
3,query,833,0.24316600000000002
3,query,834,0.252291
3,query,835,0.234791
3,query,836,0.234333
3,query,837,0.235042
3,query,838,0.23466700000000001
3,query,839,0.236625
3,query,840,0.247625
3,query,841,0.234166
3,query,842,0.263625
3,query,843,0.24625
3,query,844,0.25637499999999996
3,query,845,0.266542
3,query,846,0.25866700000000004
3,query,847,0.253458
3,query,848,0.260708
3,query,849,0.258083
3,query,850,0.248667
3,query,851,0.31475
3,query,852,0.306
3,query,853,0.273541
3,query,854,0.27141699999999996
3,query,855,0.250583
3,query,856,0.252458
3,query,857,0.248458
3,query,858,0.247666
3,query,859,0.254
3,query,860,0.24858299999999997
3,query,861,0.249167
3,query,862,0.247834
3,query,863,0.247708
3,query,864,0.247208
3,query,865,0.24779100000000004
3,query,866,0.250875
3,query,867,0.24570800000000004
3,query,868,0.243833
3,query,869,0.253834
3,query,870,0.26233300000000004
3,query,871,0.25725
3,query,872,0.25670800000000005
3,query,873,0.252958
3,query,874,0.24441699999999997
3,query,875,0.24495799999999998
3,query,876,0.243458
3,query,877,0.244042
3,query,878,0.24345899999999998
3,query,879,0.24337499999999998
3,query,880,0.244209
3,query,881,0.243209
3,query,882,0.24325
3,query,883,0.24312499999999998
3,query,884,0.253792
3,query,885,0.271708
3,query,886,0.272208
3,query,887,0.27925
3,query,888,0.277417
3,query,889,0.274167
3,query,890,0.27
3,query,891,0.27775
3,query,892,0.262959
3,query,893,0.247542
3,query,894,0.244917
3,query,895,0.242917
3,query,896,0.24275
3,query,897,0.243083
3,query,898,0.24320799999999998
3,query,899,0.244083
3,query,900,0.243084
3,query,901,0.24329199999999998
3,query,902,0.250875
3,query,903,0.267375
3,query,904,0.238958
3,query,905,0.252583
3,query,906,0.245334
3,query,907,0.263208
3,query,908,0.23875
3,query,909,0.23916700000000002
3,query,910,0.23987499999999998
3,query,911,0.23925
3,query,912,0.239709
3,query,913,0.23925
3,query,914,0.23925
3,query,915,0.239417
3,query,916,0.27358299999999997
3,query,917,0.27587500000000004
3,query,918,0.237708
3,query,919,0.235042
3,query,920,0.235375
3,query,921,0.23987499999999998
3,query,922,0.234792
3,query,923,0.247125
3,query,924,0.235417
3,query,925,0.24329199999999998
3,query,926,0.235083
3,query,927,0.23450000000000001
3,query,928,0.234875
3,query,929,0.234541
3,query,930,0.234333
3,query,931,0.234875
3,query,932,0.238333
3,query,933,0.234708
3,query,934,0.234459
3,query,935,0.23450000000000001
3,query,936,0.234333
3,query,937,0.234333
3,query,938,0.23366599999999998
3,query,939,0.234042
3,query,940,0.23450000000000001
3,query,941,0.23466700000000001
3,query,942,0.234541
3,query,943,0.23525
3,query,944,0.234125
3,query,945,0.23425
3,query,946,0.234375
3,query,947,0.234917
3,query,948,0.23391699999999999
3,query,949,0.233875
3,query,950,0.234875
3,query,951,0.233958
3,query,952,0.234625
3,query,953,0.234416
3,query,954,0.234917
3,query,955,0.234459
3,query,956,0.234458
3,query,957,0.23458299999999999
3,query,958,0.23475
3,query,959,0.237458
3,query,960,0.235
3,query,961,0.235292
3,query,962,0.234209
3,query,963,0.234959
3,query,964,0.234708
3,query,965,0.234833
3,query,966,0.234833
3,query,967,0.234875
3,query,968,0.234625
3,query,969,0.23450000000000001
3,query,970,0.259375
3,query,971,0.239125
3,query,972,0.23425
3,query,973,0.234041
3,query,974,0.24229199999999998
3,query,975,0.235125
3,query,976,0.235417
3,query,977,0.238875
3,query,978,0.234334
3,query,979,0.234167
3,query,980,0.23466700000000001
3,query,981,0.24275
3,query,982,0.251542
3,query,983,0.25179199999999996
3,query,984,0.25145799999999996
3,query,985,0.28975
3,query,986,0.282542
3,query,987,0.245166
3,query,988,0.244125
3,query,989,0.247417
3,query,990,0.24454199999999998
3,query,991,0.244167
3,query,992,0.249542
3,query,993,0.24529199999999998
3,query,994,0.244292
3,query,995,0.24508400000000002
3,query,996,0.244791
3,query,997,0.24529199999999998
3,query,998,0.244292
3,query,999,0.245083
3,selection,0,0.0025
3,selection,1,0.00125
3,selection,2,0.001167
3,selection,3,0.001167
3,selection,4,0.001166
3,selection,5,0.0012079999999999999
3,selection,6,0.001167
3,selection,7,0.001209
3,selection,8,0.001167
3,selection,9,0.0012079999999999999
3,selection,10,0.0012079999999999999
3,selection,11,0.0012079999999999999
3,selection,12,0.001166
3,selection,13,0.0012079999999999999
3,selection,14,0.0012079999999999999
3,selection,15,0.001167
3,selection,16,0.001167
3,selection,17,0.001166
3,selection,18,0.0012079999999999999
3,selection,19,0.001167
3,selection,20,0.001167
3,selection,21,0.001166
3,selection,22,0.0012079999999999999
3,selection,23,0.0012079999999999999
3,selection,24,0.001167
3,selection,25,0.001167
3,selection,26,0.001166
3,selection,27,0.0012079999999999999
3,selection,28,0.001167
3,selection,29,0.001167
3,selection,30,0.0012079999999999999
3,selection,31,0.001166
3,selection,32,0.0012079999999999999
3,selection,33,0.001167
3,selection,34,0.001209
3,selection,35,0.001167
3,selection,36,0.0012079999999999999
3,selection,37,0.001166
3,selection,38,0.0012079999999999999
3,selection,39,0.001167
3,selection,40,0.001209
3,selection,41,0.001167
3,selection,42,0.0012079999999999999
3,selection,43,0.001166
3,selection,44,0.0012079999999999999
3,selection,45,0.0012079999999999999
3,selection,46,0.001167
3,selection,47,0.001167
3,selection,48,0.001166
3,selection,49,0.0012079999999999999
3,selection,50,0.001167
3,selection,51,0.001167
3,selection,52,0.0012079999999999999
3,selection,53,0.0012079999999999999
3,selection,54,0.001167
3,selection,55,0.001166
3,selection,56,0.0012079999999999999
3,selection,57,0.0012079999999999999
3,selection,58,0.001167
3,selection,59,0.001167
3,selection,60,0.001209
3,selection,61,0.001167
3,selection,62,0.0012079999999999999
3,selection,63,0.001166
3,selection,64,0.0012079999999999999
3,selection,65,0.001167
3,selection,66,0.001209
3,selection,67,0.001167
3,selection,68,0.001166
3,selection,69,0.001167
3,selection,70,0.001167
3,selection,71,0.001167
3,selection,72,0.001166
3,selection,73,0.001167
3,selection,74,0.001209
3,selection,75,0.001167
3,selection,76,0.001166
3,selection,77,0.001167
3,selection,78,0.0011250000000000001
3,selection,79,0.001166
3,selection,80,0.0012079999999999999
3,selection,81,0.001167
3,selection,82,0.001167
3,selection,83,0.001166
3,selection,84,0.0012079999999999999
3,selection,85,0.001167
3,selection,86,0.001209
3,selection,87,0.001209
3,selection,88,0.001167
3,selection,89,0.001166
3,selection,90,0.0012079999999999999
3,selection,91,0.001167
3,selection,92,0.001167
3,selection,93,0.001166
3,selection,94,0.0012079999999999999
3,selection,95,0.001167
3,selection,96,0.001167
3,selection,97,0.001167
3,selection,98,0.001166
3,selection,99,0.001167
3,selection,100,0.001209
3,selection,101,0.001167
3,selection,102,0.0012079999999999999
3,selection,103,0.0012079999999999999
3,selection,104,0.001166
3,selection,105,0.001167
3,selection,106,0.001167
3,selection,107,0.001167
3,selection,108,0.0012079999999999999
3,selection,109,0.0012079999999999999
3,selection,110,0.001166
3,selection,111,0.001166
3,selection,112,0.001167
3,selection,113,0.001209
3,selection,114,0.001167
3,selection,115,0.001167
3,selection,116,0.0012079999999999999
3,selection,117,0.0012079999999999999
3,selection,118,0.0011250000000000001
3,selection,119,0.0012079999999999999
3,selection,120,0.0012079999999999999
3,selection,121,0.001166
3,selection,122,0.0012079999999999999
3,selection,123,0.001167
3,selection,124,0.001167
3,selection,125,0.0012079999999999999
3,selection,126,0.001166
3,selection,127,0.001166
3,selection,128,0.001167
3,selection,129,0.001167
3,selection,130,0.0012079999999999999
3,selection,131,0.001166
3,selection,132,0.001167
3,selection,133,0.001209
3,selection,134,0.001167
3,selection,135,0.001209
3,selection,136,0.001209
3,selection,137,0.001167
3,selection,138,0.0012079999999999999
3,selection,139,0.001166
3,selection,140,0.0012079999999999999
3,selection,141,0.0012079999999999999
3,selection,142,0.0012079999999999999
3,selection,143,0.0012079999999999999
3,selection,144,0.0012079999999999999
3,selection,145,0.0012079999999999999
3,selection,146,0.001167
3,selection,147,0.001167
3,selection,148,0.0012079999999999999
3,selection,149,0.001166
3,selection,150,0.001166
3,selection,151,0.001166
3,selection,152,0.001167
3,selection,153,0.001209
3,selection,154,0.001209
3,selection,155,0.001209
3,selection,156,0.001167
3,selection,157,0.001166
3,selection,158,0.0012079999999999999
3,selection,159,0.0012079999999999999
3,selection,160,0.0012079999999999999
3,selection,161,0.001167
3,selection,162,0.001209
3,selection,163,0.0011250000000000001
3,selection,164,0.001167
3,selection,165,0.001209
3,selection,166,0.001209
3,selection,167,0.001209
3,selection,168,0.0012079999999999999
3,selection,169,0.001166
3,selection,170,0.001167
3,selection,171,0.001209
3,selection,172,0.001209
3,selection,173,0.001167
3,selection,174,0.001166
3,selection,175,0.001167
3,selection,176,0.001167
3,selection,177,0.001167
3,selection,178,0.001166
3,selection,179,0.0012079999999999999
3,selection,180,0.001167
3,selection,181,0.001209
3,selection,182,0.001167
3,selection,183,0.001166
3,selection,184,0.0012079999999999999
3,selection,185,0.001209
3,selection,186,0.0011250000000000001
3,selection,187,0.001166
3,selection,188,0.001167
3,selection,189,0.001209
3,selection,190,0.001167
3,selection,191,0.001166
3,selection,192,0.0012079999999999999
3,selection,193,0.001167
3,selection,194,0.001209
3,selection,195,0.001167
3,selection,196,0.001166
3,selection,197,0.001167
3,selection,198,0.001167
3,selection,199,0.001166
3,selection,200,0.0012079999999999999
3,selection,201,0.001167
3,selection,202,0.001167
3,selection,203,0.0012079999999999999
3,selection,204,0.001167
3,selection,205,0.001167
3,selection,206,0.001166
3,selection,207,0.0012079999999999999
3,selection,208,0.001167
3,selection,209,0.001209
3,selection,210,0.001209
3,selection,211,0.001167
3,selection,212,0.001166
3,selection,213,0.001167
3,selection,214,0.001209
3,selection,215,0.001209
3,selection,216,0.001167
3,selection,217,0.0012079999999999999
3,selection,218,0.001167
3,selection,219,0.001209
3,selection,220,0.001209
3,selection,221,0.001167
3,selection,222,0.001166
3,selection,223,0.001166
3,selection,224,0.0011250000000000001
3,selection,225,0.001167
3,selection,226,0.001166
3,selection,227,0.00125
3,selection,228,0.001166
3,selection,229,0.0012079999999999999
3,selection,230,0.001167
3,selection,231,0.001209
3,selection,232,0.001167
3,selection,233,0.0012079999999999999
3,selection,234,0.001166
3,selection,235,0.001167
3,selection,236,0.001209
3,selection,237,0.001167
3,selection,238,0.00125
3,selection,239,0.0012079999999999999
3,selection,240,0.001166
3,selection,241,0.001166
3,selection,242,0.001167
3,selection,243,0.001167
3,selection,244,0.001209
3,selection,245,0.001167
3,selection,246,0.001167
3,selection,247,0.001166
3,selection,248,0.001166
3,selection,249,0.001167
3,selection,250,0.001167
3,selection,251,0.0012079999999999999
3,selection,252,0.0012079999999999999
3,selection,253,0.001166
3,selection,254,0.001167
3,selection,255,0.001167
3,selection,256,0.0012079999999999999
3,selection,257,0.001166
3,selection,258,0.0012079999999999999
3,selection,259,0.001167
3,selection,260,0.001167
3,selection,261,0.001167
3,selection,262,0.001167
3,selection,263,0.001166
3,selection,264,0.001167
3,selection,265,0.001209
3,selection,266,0.001209
3,selection,267,0.001167
3,selection,268,0.0012079999999999999
3,selection,269,0.001166
3,selection,270,0.001167
3,selection,271,0.001209
3,selection,272,0.001209
3,selection,273,0.001209
3,selection,274,0.001167
3,selection,275,0.0012079999999999999
3,selection,276,0.001166
3,selection,277,0.001167
3,selection,278,0.0012079999999999999
3,selection,279,0.0012079999999999999
3,selection,280,0.001167
3,selection,281,0.001167
3,selection,282,0.001167
3,selection,283,0.001166
3,selection,284,0.001167
3,selection,285,0.001209
3,selection,286,0.001209
3,selection,287,0.001209
3,selection,288,0.001167
3,selection,289,0.001166
3,selection,290,0.001167
3,selection,291,0.001209
3,selection,292,0.001167
3,selection,293,0.0012079999999999999
3,selection,294,0.001166
3,selection,295,0.0012079999999999999
3,selection,296,0.001167
3,selection,297,0.001167
3,selection,298,0.0012079999999999999
3,selection,299,0.001166
3,selection,300,0.001167
3,selection,301,0.00125
3,selection,302,0.001167
3,selection,303,0.001209
3,selection,304,0.001167
3,selection,305,0.0012079999999999999
3,selection,306,0.001166
3,selection,307,0.001167
3,selection,308,0.001209
3,selection,309,0.001167
3,selection,310,0.001166
3,selection,311,0.0012079999999999999
3,selection,312,0.0012079999999999999
3,selection,313,0.001167
3,selection,314,0.001167
3,selection,315,0.001209
3,selection,316,0.001167
3,selection,317,0.001166
3,selection,318,0.0012079999999999999
3,selection,319,0.001167
3,selection,320,0.001167
3,selection,321,0.001167
3,selection,322,0.001209
3,selection,323,0.001167
3,selection,324,0.0012079999999999999
3,selection,325,0.001166
3,selection,326,0.001167
3,selection,327,0.001167
3,selection,328,0.001166
3,selection,329,0.001166
3,selection,330,0.0012079999999999999
3,selection,331,0.001167
3,selection,332,0.001167
3,selection,333,0.001166
3,selection,334,0.001167
3,selection,335,0.001209
3,selection,336,0.001167
3,selection,337,0.001166
3,selection,338,0.0011250000000000001
3,selection,339,0.0011250000000000001
3,selection,340,0.001166
3,selection,341,0.0012079999999999999
3,selection,342,0.0012079999999999999
3,selection,343,0.001167
3,selection,344,0.0012079999999999999
3,selection,345,0.001167
3,selection,346,0.001167
3,selection,347,0.001166
3,selection,348,0.0012079999999999999
3,selection,349,0.0012079999999999999
3,selection,350,0.001209
3,selection,351,0.00125
3,selection,352,0.001167
3,selection,353,0.001167
3,selection,354,0.0012079999999999999
3,selection,355,0.0012079999999999999
3,selection,356,0.001166
3,selection,357,0.0012079999999999999
3,selection,358,0.0012079999999999999
3,selection,359,0.001167
3,selection,360,0.001209
3,selection,361,0.001167
3,selection,362,0.0012079999999999999
3,selection,363,0.001166
3,selection,364,0.001167
3,selection,365,0.001209
3,selection,366,0.0012079999999999999
3,selection,367,0.0012079999999999999
3,selection,368,0.001166
3,selection,369,0.001167
3,selection,370,0.001209
3,selection,371,0.001167
3,selection,372,0.0012079999999999999
3,selection,373,0.001166
3,selection,374,0.001167
3,selection,375,0.0012079999999999999
3,selection,376,0.0012079999999999999
3,selection,377,0.001166
3,selection,378,0.0012079999999999999
3,selection,379,0.0012079999999999999
3,selection,380,0.0012079999999999999
3,selection,381,0.001167
3,selection,382,0.001209
3,selection,383,0.001209
3,selection,384,0.001167
3,selection,385,0.001166
3,selection,386,0.001167
3,selection,387,0.001167
3,selection,388,0.001166
3,selection,389,0.0011250000000000001
3,selection,390,0.001167
3,selection,391,0.001209
3,selection,392,0.001167
3,selection,393,0.001166
3,selection,394,0.0012079999999999999
3,selection,395,0.001167
3,selection,396,0.001209
3,selection,397,0.001167
3,selection,398,0.0012079999999999999
3,selection,399,0.0012079999999999999
3,selection,400,0.001166
3,selection,401,0.00125
3,selection,402,0.001166
3,selection,403,0.001167
3,selection,404,0.001209
3,selection,405,0.001167
3,selection,406,0.0012079999999999999
3,selection,407,0.0012079999999999999
3,selection,408,0.0012079999999999999
3,selection,409,0.001166
3,selection,410,0.001166
3,selection,411,0.001167
3,selection,412,0.001209
3,selection,413,0.001167
3,selection,414,0.0012079999999999999
3,selection,415,0.0012079999999999999
3,selection,416,0.001166
3,selection,417,0.0012079999999999999
3,selection,418,0.001167
3,selection,419,0.001167
3,selection,420,0.001209
3,selection,421,0.001209
3,selection,422,0.001167
3,selection,423,0.001166
3,selection,424,0.001167
3,selection,425,0.001209
3,selection,426,0.001167
3,selection,427,0.001166
3,selection,428,0.001167
3,selection,429,0.001167
3,selection,430,0.0012079999999999999
3,selection,431,0.001166
3,selection,432,0.0012079999999999999
3,selection,433,0.001167
3,selection,434,0.001167
3,selection,435,0.0012079999999999999
3,selection,436,0.001166
3,selection,437,0.0012079999999999999
3,selection,438,0.001167
3,selection,439,0.001167
3,selection,440,0.0012079999999999999
3,selection,441,0.0012079999999999999
3,selection,442,0.001167
3,selection,443,0.001209
3,selection,444,0.001167
3,selection,445,0.001166
3,selection,446,0.001167
3,selection,447,0.001209
3,selection,448,0.001167
3,selection,449,0.0012079999999999999
3,selection,450,0.001166
3,selection,451,0.0012079999999999999
3,selection,452,0.001167
3,selection,453,0.001209
3,selection,454,0.001167
3,selection,455,0.001166
3,selection,456,0.001166
3,selection,457,0.001167
3,selection,458,0.001167
3,selection,459,0.001209
3,selection,460,0.001166
3,selection,461,0.001167
3,selection,462,0.001167
3,selection,463,0.001209
3,selection,464,0.001167
3,selection,465,0.001166
3,selection,466,0.0012079999999999999
3,selection,467,0.0012079999999999999
3,selection,468,0.001167
3,selection,469,0.001209
3,selection,470,0.0012079999999999999
3,selection,471,0.001166
3,selection,472,0.0012079999999999999
3,selection,473,0.001167
3,selection,474,0.001209
3,selection,475,0.001209
3,selection,476,0.001167
3,selection,477,0.0012079999999999999
3,selection,478,0.0012079999999999999
3,selection,479,0.001166
3,selection,480,0.0012079999999999999
3,selection,481,0.0012079999999999999
3,selection,482,0.001167
3,selection,483,0.001167
3,selection,484,0.001166
3,selection,485,0.0012079999999999999
3,selection,486,0.001167
3,selection,487,0.001209
3,selection,488,0.001167
3,selection,489,0.0012079999999999999
3,selection,490,0.0012079999999999999
3,selection,491,0.0012079999999999999
3,selection,492,0.0012079999999999999
3,selection,493,0.0012079999999999999
3,selection,494,0.001167
3,selection,495,0.001167
3,selection,496,0.001166
3,selection,497,0.0012079999999999999
3,selection,498,0.001167
3,selection,499,0.001209
3,selection,500,0.001167
3,selection,501,0.0011250000000000001
3,selection,502,0.001166
3,selection,503,0.001167
3,selection,504,0.001209
3,selection,505,0.001167
3,selection,506,0.0012079999999999999
3,selection,507,0.001166
3,selection,508,0.001167
3,selection,509,0.001167
3,selection,510,0.001166
3,selection,511,0.001167
3,selection,512,0.001167
3,selection,513,0.001167
3,selection,514,0.0012079999999999999
3,selection,515,0.001166
3,selection,516,0.001167
3,selection,517,0.001167
3,selection,518,0.001166
3,selection,519,0.001166
3,selection,520,0.0012079999999999999
3,selection,521,0.0012079999999999999
3,selection,522,0.001167
3,selection,523,0.001209
3,selection,524,0.001167
3,selection,525,0.0012079999999999999
3,selection,526,0.0012079999999999999
3,selection,527,0.0012079999999999999
3,selection,528,0.001166
3,selection,529,0.0012079999999999999
3,selection,530,0.001167
3,selection,531,0.001209
3,selection,532,0.001167
3,selection,533,0.001166
3,selection,534,0.0012079999999999999
3,selection,535,0.0012079999999999999
3,selection,536,0.0012079999999999999
3,selection,537,0.007917
3,selection,538,0.001209
3,selection,539,0.0012079999999999999
3,selection,540,0.0012079999999999999
3,selection,541,0.001166
3,selection,542,0.0012079999999999999
3,selection,543,0.00125
3,selection,544,0.001166
3,selection,545,0.0011250000000000001
3,selection,546,0.001167
3,selection,547,0.001166
3,selection,548,0.0012079999999999999
3,selection,549,0.001209
3,selection,550,0.001167
3,selection,551,0.001166
3,selection,552,0.0012079999999999999
3,selection,553,0.001167
3,selection,554,0.001167
3,selection,555,0.001166
3,selection,556,0.001167
3,selection,557,0.001167
3,selection,558,0.001166
3,selection,559,0.0011250000000000001
3,selection,560,0.001209
3,selection,561,0.001167
3,selection,562,0.001166
3,selection,563,0.001167
3,selection,564,0.001167
3,selection,565,0.0012079999999999999
3,selection,566,0.001166
3,selection,567,0.001167
3,selection,568,0.001167
3,selection,569,0.001166
3,selection,570,0.00125
3,selection,571,0.001166
3,selection,572,0.0012079999999999999
3,selection,573,0.001167
3,selection,574,0.001167
3,selection,575,0.001166
3,selection,576,0.001167
3,selection,577,0.001167
3,selection,578,0.001167
3,selection,579,0.001166
3,selection,580,0.001167
3,selection,581,0.001167
3,selection,582,0.001167
3,selection,583,0.001166
3,selection,584,0.0012079999999999999
3,selection,585,0.0011250000000000001
3,selection,586,0.001167
3,selection,587,0.0012079999999999999
3,selection,588,0.001167
3,selection,589,0.001209
3,selection,590,0.001167
3,selection,591,0.001166
3,selection,592,0.001167
3,selection,593,0.00125
3,selection,594,0.001209
3,selection,595,0.001209
3,selection,596,0.001167
3,selection,597,0.001167
3,selection,598,0.001166
3,selection,599,0.001167
3,selection,600,0.001167
3,selection,601,0.001166
3,selection,602,0.001166
3,selection,603,0.001167
3,selection,604,0.001209
3,selection,605,0.0011250000000000001
3,selection,606,0.001166
3,selection,607,0.001167
3,selection,608,0.001167
3,selection,609,0.0011250000000000001
3,selection,610,0.001166
3,selection,611,0.001167
3,selection,612,0.001209
3,selection,613,0.001167
3,selection,614,0.001166
3,selection,615,0.0012079999999999999
3,selection,616,0.001167
3,selection,617,0.001167
3,selection,618,0.001166
3,selection,619,0.001167
3,selection,620,0.001167
3,selection,621,0.001166
3,selection,622,0.001166
3,selection,623,0.001167
3,selection,624,0.001167
3,selection,625,0.001166
3,selection,626,0.0011250000000000001
3,selection,627,0.001167
3,selection,628,0.001166
3,selection,629,0.0012079999999999999
3,selection,630,0.001167
3,selection,631,0.001167
3,selection,632,0.001166
3,selection,633,0.001166
3,selection,634,0.001167
3,selection,635,0.001167
3,selection,636,0.001167
3,selection,637,0.001167
3,selection,638,0.001167
3,selection,639,0.001167
3,selection,640,0.001167
3,selection,641,0.001166
3,selection,642,0.0012079999999999999
3,selection,643,0.001167
3,selection,644,0.001167
3,selection,645,0.0012079999999999999
3,selection,646,0.001166
3,selection,647,0.0012079999999999999
3,selection,648,0.001167
3,selection,649,0.001209
3,selection,650,0.0011250000000000001
3,selection,651,0.001166
3,selection,652,0.001167
3,selection,653,0.001167
3,selection,654,0.0012079999999999999
3,selection,655,0.0012079999999999999
3,selection,656,0.001166
3,selection,657,0.001167
3,selection,658,0.001209
3,selection,659,0.001167
3,selection,660,0.001166
3,selection,661,0.0012079999999999999
3,selection,662,0.001167
3,selection,663,0.0011250000000000001
3,selection,664,0.0011250000000000001
3,selection,665,0.001167
3,selection,666,0.001167
3,selection,667,0.001166
3,selection,668,0.001167
3,selection,669,0.001209
3,selection,670,0.0011250000000000001
3,selection,671,0.001167
3,selection,672,0.0011250000000000001
3,selection,673,0.0012079999999999999
3,selection,674,0.001166
3,selection,675,0.001167
3,selection,676,0.001167
3,selection,677,0.001167
3,selection,678,0.00125
3,selection,679,0.001209
3,selection,680,0.001167
3,selection,681,0.00125
3,selection,682,0.001167
3,selection,683,0.001166
3,selection,684,0.001167
3,selection,685,0.001167
3,selection,686,0.001166
3,selection,687,0.0011250000000000001
3,selection,688,0.001209
3,selection,689,0.00125
3,selection,690,0.001167
3,selection,691,0.001167
3,selection,692,0.0012079999999999999
3,selection,693,0.0011250000000000001
3,selection,694,0.001167
3,selection,695,0.001209
3,selection,696,0.001167
3,selection,697,0.001167
3,selection,698,0.001167
3,selection,699,0.001167
3,selection,700,0.001167
3,selection,701,0.001166
3,selection,702,0.001167
3,selection,703,0.001209
3,selection,704,0.001167
3,selection,705,0.00125
3,selection,706,0.001167
3,selection,707,0.001166
3,selection,708,0.001167
3,selection,709,0.001167
3,selection,710,0.001166
3,selection,711,0.0012079999999999999
3,selection,712,0.001167
3,selection,713,0.001167
3,selection,714,0.0011250000000000001
3,selection,715,0.0011250000000000001
3,selection,716,0.001209
3,selection,717,0.0011250000000000001
3,selection,718,0.001166
3,selection,719,0.001167
3,selection,720,0.0011250000000000001
3,selection,721,0.001166
3,selection,722,0.001167
3,selection,723,0.001167
3,selection,724,0.001166
3,selection,725,0.001167
3,selection,726,0.001167
3,selection,727,0.001166
3,selection,728,0.0012079999999999999
3,selection,729,0.001166
3,selection,730,0.001167
3,selection,731,0.001167
3,selection,732,0.001167
3,selection,733,0.001166
3,selection,734,0.0012079999999999999
3,selection,735,0.001167
3,selection,736,0.001209
3,selection,737,0.001209
3,selection,738,0.001167
3,selection,739,0.001166
3,selection,740,0.001167
3,selection,741,0.001167
3,selection,742,0.0011250000000000001
3,selection,743,0.001167
3,selection,744,0.00125
3,selection,745,0.00125
3,selection,746,0.001166
3,selection,747,0.001167
3,selection,748,0.001209
3,selection,749,0.001167
3,selection,750,0.001166
3,selection,751,0.0012079999999999999
3,selection,752,0.00125
3,selection,753,0.00125
3,selection,754,0.001166
3,selection,755,0.00125
3,selection,756,0.0011250000000000001
3,selection,757,0.001167
3,selection,758,0.0011250000000000001
3,selection,759,0.0012079999999999999
3,selection,760,0.001167
3,selection,761,0.001209
3,selection,762,0.001167
3,selection,763,0.001166
3,selection,764,0.00125
3,selection,765,0.001167
3,selection,766,0.001209
3,selection,767,0.001167
3,selection,768,0.0012079999999999999
3,selection,769,0.001166
3,selection,770,0.0012079999999999999
3,selection,771,0.001167
3,selection,772,0.001167
3,selection,773,0.001166
3,selection,774,0.0012079999999999999
3,selection,775,0.001209
3,selection,776,0.001167
3,selection,777,0.0012079999999999999
3,selection,778,0.0012079999999999999
3,selection,779,0.001167
3,selection,780,0.001167
3,selection,781,0.001291
3,selection,782,0.001167
3,selection,783,0.0012079999999999999
3,selection,784,0.001166
3,selection,785,0.001167
3,selection,786,0.0012079999999999999
3,selection,787,0.00125
3,selection,788,0.0012079999999999999
3,selection,789,0.001166
3,selection,790,0.00125
3,selection,791,0.001167
3,selection,792,0.001209
3,selection,793,0.001166
3,selection,794,0.001167
3,selection,795,0.0011250000000000001
3,selection,796,0.001167
3,selection,797,0.001167
3,selection,798,0.0012079999999999999
3,selection,799,0.00125
3,selection,800,0.001209
3,selection,801,0.001167
3,selection,802,0.0012079999999999999
3,selection,803,0.001166
3,selection,804,0.00125
3,selection,805,0.001167
3,selection,806,0.001167
3,selection,807,0.001209
3,selection,808,0.001167
3,selection,809,0.001166
3,selection,810,0.001167
3,selection,811,0.001209
3,selection,812,0.001209
3,selection,813,0.001209
3,selection,814,0.001167
3,selection,815,0.001166
3,selection,816,0.001167
3,selection,817,0.001167
3,selection,818,0.001166
3,selection,819,0.0012079999999999999
3,selection,820,0.0012079999999999999
3,selection,821,0.001167
3,selection,822,0.001167
3,selection,823,0.001167
3,selection,824,0.0012079999999999999
3,selection,825,0.001166
3,selection,826,0.001167
3,selection,827,0.001167
3,selection,828,0.001166
3,selection,829,0.001167
3,selection,830,0.001167
3,selection,831,0.001209
3,selection,832,0.001209
3,selection,833,0.001167
3,selection,834,0.001166
3,selection,835,0.001167
3,selection,836,0.001167
3,selection,837,0.001209
3,selection,838,0.001167
3,selection,839,0.0012079999999999999
3,selection,840,0.0012079999999999999
3,selection,841,0.001167
3,selection,842,0.001209
3,selection,843,0.001167
3,selection,844,0.0011250000000000001
3,selection,845,0.001167
3,selection,846,0.0012079999999999999
3,selection,847,0.001166
3,selection,848,0.001167
3,selection,849,0.001167
3,selection,850,0.001167
3,selection,851,0.0012079999999999999
3,selection,852,0.0012079999999999999
3,selection,853,0.001167
3,selection,854,0.001209
3,selection,855,0.001167
3,selection,856,0.001166
3,selection,857,0.001166
3,selection,858,0.001167
3,selection,859,0.001167
3,selection,860,0.001166
3,selection,861,0.00125
3,selection,862,0.001166
3,selection,863,0.00125
3,selection,864,0.001166
3,selection,865,0.001167
3,selection,866,0.001167
3,selection,867,0.001166
3,selection,868,0.0011250000000000001
3,selection,869,0.001209
3,selection,870,0.001167
3,selection,871,0.001167
3,selection,872,0.0012079999999999999
3,selection,873,0.001166
3,selection,874,0.001166
3,selection,875,0.001167
3,selection,876,0.001167
3,selection,877,0.001166
3,selection,878,0.001167
3,selection,879,0.00125
3,selection,880,0.001167
3,selection,881,0.001167
3,selection,882,0.001166
3,selection,883,0.00125
3,selection,884,0.0012079999999999999
3,selection,885,0.00125
3,selection,886,0.001167
3,selection,887,0.001167
3,selection,888,0.0012079999999999999
3,selection,889,0.0012079999999999999
3,selection,890,0.001167
3,selection,891,0.001167
3,selection,892,0.001167
3,selection,893,0.001166
3,selection,894,0.0012920000000000002
3,selection,895,0.001166
3,selection,896,0.0012920000000000002
3,selection,897,0.00125
3,selection,898,0.001166
3,selection,899,0.001167
3,selection,900,0.001167
3,selection,901,0.001166
3,selection,902,0.001167
3,selection,903,0.001167
3,selection,904,0.001166
3,selection,905,0.0012079999999999999
3,selection,906,0.001167
3,selection,907,0.001167
3,selection,908,0.001166
3,selection,909,0.001167
3,selection,910,0.001209
3,selection,911,0.001167
3,selection,912,0.001166
3,selection,913,0.00125
3,selection,914,0.001167
3,selection,915,0.001167
3,selection,916,0.0012079999999999999
3,selection,917,0.001166
3,selection,918,0.001167
3,selection,919,0.001167
3,selection,920,0.001167
3,selection,921,0.001167
3,selection,922,0.001167
3,selection,923,0.001167
3,selection,924,0.0012079999999999999
3,selection,925,0.001167
3,selection,926,0.001167
3,selection,927,0.0012079999999999999
3,selection,928,0.001166
3,selection,929,0.0012079999999999999
3,selection,930,0.001167
3,selection,931,0.001167
3,selection,932,0.001166
3,selection,933,0.001166
3,selection,934,0.001167
3,selection,935,0.00125
3,selection,936,0.001167
3,selection,937,0.001209
3,selection,938,0.001209
3,selection,939,0.0011250000000000001
3,selection,940,0.001167
3,selection,941,0.001167
3,selection,942,0.001167
3,selection,943,0.001166
3,selection,944,0.001167
3,selection,945,0.001167
3,selection,946,0.001166
3,selection,947,0.001166
3,selection,948,0.001167
3,selection,949,0.001167
3,selection,950,0.001167
3,selection,951,0.001166
3,selection,952,0.00125
3,selection,953,0.001167
3,selection,954,0.001167
3,selection,955,0.001167
3,selection,956,0.001166
3,selection,957,0.0012079999999999999
3,selection,958,0.001167
3,selection,959,0.001167
3,selection,960,0.001166
3,selection,961,0.001167
3,selection,962,0.001167
3,selection,963,0.001166
3,selection,964,0.0011250000000000001
3,selection,965,0.001167
3,selection,966,0.001167
3,selection,967,0.0012079999999999999
3,selection,968,0.001166
3,selection,969,0.0011250000000000001
3,selection,970,0.001166
3,selection,971,0.0012079999999999999
3,selection,972,0.001167
3,selection,973,0.001167
3,selection,974,0.001166
3,selection,975,0.0011250000000000001
3,selection,976,0.001167
3,selection,977,0.001167
3,selection,978,0.001166
3,selection,979,0.0012079999999999999
3,selection,980,0.001167
3,selection,981,0.001167
3,selection,982,0.001166
3,selection,983,0.0012079999999999999
3,selection,984,0.001167
3,selection,985,0.001209
3,selection,986,0.001167
3,selection,987,0.001166
3,selection,988,0.001167
3,selection,989,0.001167
3,selection,990,0.0012079999999999999
3,selection,991,0.001167
3,selection,992,0.001167
3,selection,993,0.001167
3,selection,994,0.001209
3,selection,995,0.001209
3,selection,996,0.001167
3,selection,997,0.001166
3,selection,998,0.0011250000000000001
3,selection,999,0.0012079999999999999
3,invoke,0,0.0029170000000000003
3,invoke,1,0.00045900000000000004
3,invoke,2,0.00033299999999999996
3,invoke,3,0.00033299999999999996
3,invoke,4,0.000292
3,invoke,5,0.000334
3,invoke,6,0.000334
3,invoke,7,0.000292
3,invoke,8,0.00033299999999999996
3,invoke,9,0.00029099999999999997
3,invoke,10,0.000292
3,invoke,11,0.000292
3,invoke,12,0.000292
3,invoke,13,0.00033299999999999996
3,invoke,14,0.00029099999999999997
3,invoke,15,0.000292
3,invoke,16,0.000292
3,invoke,17,0.000292
3,invoke,18,0.000292
3,invoke,19,0.00029099999999999997
3,invoke,20,0.000292
3,invoke,21,0.000292
3,invoke,22,0.000334
3,invoke,23,0.000292
3,invoke,24,0.000292
3,invoke,25,0.00029099999999999997
3,invoke,26,0.00029099999999999997
3,invoke,27,0.000292
3,invoke,28,0.000334
3,invoke,29,0.000292
3,invoke,30,0.00029099999999999997
3,invoke,31,0.00029099999999999997
3,invoke,32,0.000292
3,invoke,33,0.000334
3,invoke,34,0.000292
3,invoke,35,0.000292
3,invoke,36,0.00029099999999999997
3,invoke,37,0.00029099999999999997
3,invoke,38,0.00033299999999999996
3,invoke,39,0.000292
3,invoke,40,0.000292
3,invoke,41,0.000292
3,invoke,42,0.00029099999999999997
3,invoke,43,0.000292
3,invoke,44,0.000334
3,invoke,45,0.000292
3,invoke,46,0.00029099999999999997
3,invoke,47,0.00033299999999999996
3,invoke,48,0.000292
3,invoke,49,0.000292
3,invoke,50,0.00033299999999999996
3,invoke,51,0.00029099999999999997
3,invoke,52,0.000292
3,invoke,53,0.000334
3,invoke,54,0.000334
3,invoke,55,0.000292
3,invoke,56,0.00029099999999999997
3,invoke,57,0.00029099999999999997
3,invoke,58,0.000292
3,invoke,59,0.000292
3,invoke,60,0.00033299999999999996
3,invoke,61,0.00029099999999999997
3,invoke,62,0.000292
3,invoke,63,0.000292
3,invoke,64,0.000334
3,invoke,65,0.000292
3,invoke,66,0.000292
3,invoke,67,0.00033299999999999996
3,invoke,68,0.00029099999999999997
3,invoke,69,0.00029099999999999997
3,invoke,70,0.000292
3,invoke,71,0.000292
3,invoke,72,0.000292
3,invoke,73,0.000292
3,invoke,74,0.00029099999999999997
3,invoke,75,0.000292
3,invoke,76,0.000334
3,invoke,77,0.000292
3,invoke,78,0.00033299999999999996
3,invoke,79,0.00029099999999999997
3,invoke,80,0.000292
3,invoke,81,0.000292
3,invoke,82,0.000292
3,invoke,83,0.000292
3,invoke,84,0.00029099999999999997
3,invoke,85,0.000292
3,invoke,86,0.000334
3,invoke,87,0.000292
3,invoke,88,0.00029099999999999997
3,invoke,89,0.00033299999999999996
3,invoke,90,0.000292
3,invoke,91,0.000334
3,invoke,92,0.00033299999999999996
3,invoke,93,0.00029099999999999997
3,invoke,94,0.000292
3,invoke,95,0.000292
3,invoke,96,0.000292
3,invoke,97,0.00029099999999999997
3,invoke,98,0.00033299999999999996
3,invoke,99,0.000292
3,invoke,100,0.000334
3,invoke,101,0.000292
3,invoke,102,0.00033299999999999996
3,invoke,103,0.00029099999999999997
3,invoke,104,0.000292
3,invoke,105,0.000292
3,invoke,106,0.000292
3,invoke,107,0.00029099999999999997
3,invoke,108,0.000292
3,invoke,109,0.000292
3,invoke,110,0.000334
3,invoke,111,0.000375
3,invoke,112,0.000334
3,invoke,113,0.000292
3,invoke,114,0.00033299999999999996
3,invoke,115,0.00029099999999999997
3,invoke,116,0.00029099999999999997
3,invoke,117,0.000292
3,invoke,118,0.000292
3,invoke,119,0.000292
3,invoke,120,0.00033299999999999996
3,invoke,121,0.00029099999999999997
3,invoke,122,0.000292
3,invoke,123,0.000334
3,invoke,124,0.000292
3,invoke,125,0.00029099999999999997
3,invoke,126,0.000292
3,invoke,127,0.00029099999999999997
3,invoke,128,0.000417
3,invoke,129,0.00033299999999999996
3,invoke,130,0.00029099999999999997
3,invoke,131,0.00033299999999999996
3,invoke,132,0.000292
3,invoke,133,0.000292
3,invoke,134,0.00033299999999999996
3,invoke,135,0.00033299999999999996
3,invoke,136,0.00029099999999999997
3,invoke,137,0.00033299999999999996
3,invoke,138,0.000292
3,invoke,139,0.000292
3,invoke,140,0.00033299999999999996
3,invoke,141,0.00029099999999999997
3,invoke,142,0.000292
3,invoke,143,0.000292
3,invoke,144,0.000375
3,invoke,145,0.000334
3,invoke,146,0.000292
3,invoke,147,0.000292
3,invoke,148,0.00033299999999999996
3,invoke,149,0.00029099999999999997
3,invoke,150,0.00033299999999999996
3,invoke,151,0.000334
3,invoke,152,0.000292
3,invoke,153,0.000375
3,invoke,154,0.000292
3,invoke,155,0.00033299999999999996
3,invoke,156,0.00029099999999999997
3,invoke,157,0.000292
3,invoke,158,0.000334
3,invoke,159,0.000292
3,invoke,160,0.00033299999999999996
3,invoke,161,0.00029099999999999997
3,invoke,162,0.000292
3,invoke,163,0.000292
3,invoke,164,0.000292
3,invoke,165,0.00029099999999999997
3,invoke,166,0.00029099999999999997
3,invoke,167,0.000292
3,invoke,168,0.000334
3,invoke,169,0.000292
3,invoke,170,0.000292
3,invoke,171,0.00029099999999999997
3,invoke,172,0.00029099999999999997
3,invoke,173,0.000292
3,invoke,174,0.000334
3,invoke,175,0.000292
3,invoke,176,0.00029099999999999997
3,invoke,177,0.00029099999999999997
3,invoke,178,0.000292
3,invoke,179,0.000292
3,invoke,180,0.000292
3,invoke,181,0.00029099999999999997
3,invoke,182,0.000292
3,invoke,183,0.000292
3,invoke,184,0.000292
3,invoke,185,0.00033299999999999996
3,invoke,186,0.00029099999999999997
3,invoke,187,0.00033299999999999996
3,invoke,188,0.00033299999999999996
3,invoke,189,0.000292
3,invoke,190,0.000334
3,invoke,191,0.000292
3,invoke,192,0.00033299999999999996
3,invoke,193,0.00029099999999999997
3,invoke,194,0.000292
3,invoke,195,0.000292
3,invoke,196,0.000292
3,invoke,197,0.00033299999999999996
3,invoke,198,0.00029099999999999997
3,invoke,199,0.00033299999999999996
3,invoke,200,0.000292
3,invoke,201,0.000292
3,invoke,202,0.00033299999999999996
3,invoke,203,0.00029099999999999997
3,invoke,204,0.00033299999999999996
3,invoke,205,0.000292
3,invoke,206,0.000334
3,invoke,207,0.000334
3,invoke,208,0.000292
3,invoke,209,0.00029099999999999997
3,invoke,210,0.00033299999999999996
3,invoke,211,0.000292
3,invoke,212,0.000292
3,invoke,213,0.000292
3,invoke,214,0.00029099999999999997
3,invoke,215,0.00029099999999999997
3,invoke,216,0.000292
3,invoke,217,0.000292
3,invoke,218,0.000292
3,invoke,219,0.00029099999999999997
3,invoke,220,0.000292
3,invoke,221,0.000292
3,invoke,222,0.00033299999999999996
3,invoke,223,0.00033299999999999996
3,invoke,224,0.00029099999999999997
3,invoke,225,0.00033299999999999996
3,invoke,226,0.000292
3,invoke,227,0.000334
3,invoke,228,0.000292
3,invoke,229,0.00033299999999999996
3,invoke,230,0.00029099999999999997
3,invoke,231,0.00033299999999999996
3,invoke,232,0.000334
3,invoke,233,0.000292
3,invoke,234,0.00029099999999999997
3,invoke,235,0.00029099999999999997
3,invoke,236,0.000292
3,invoke,237,0.000292
3,invoke,238,0.000292
3,invoke,239,0.00033299999999999996
3,invoke,240,0.00029099999999999997
3,invoke,241,0.00029099999999999997
3,invoke,242,0.00033299999999999996
3,invoke,243,0.000292
3,invoke,244,0.000292
3,invoke,245,0.00033299999999999996
3,invoke,246,0.00029099999999999997
3,invoke,247,0.000292
3,invoke,248,0.000292
3,invoke,249,0.00033299999999999996
3,invoke,250,0.00029099999999999997
3,invoke,251,0.000292
3,invoke,252,0.000292
3,invoke,253,0.00033299999999999996
3,invoke,254,0.00029099999999999997
3,invoke,255,0.000292
3,invoke,256,0.000334
3,invoke,257,0.000292
3,invoke,258,0.00029099999999999997
3,invoke,259,0.00029099999999999997
3,invoke,260,0.000292
3,invoke,261,0.000292
3,invoke,262,0.00025
3,invoke,263,0.000292
3,invoke,264,0.000292
3,invoke,265,0.00033299999999999996
3,invoke,266,0.00029099999999999997
3,invoke,267,0.000292
3,invoke,268,0.000292
3,invoke,269,0.00029099999999999997
3,invoke,270,0.00029099999999999997
3,invoke,271,0.000292
3,invoke,272,0.000292
3,invoke,273,0.000292
3,invoke,274,0.00029099999999999997
3,invoke,275,0.000292
3,invoke,276,0.000334
3,invoke,277,0.000292
3,invoke,278,0.00033299999999999996
3,invoke,279,0.00029099999999999997
3,invoke,280,0.00029099999999999997
3,invoke,281,0.000292
3,invoke,282,0.000292
3,invoke,283,0.000292
3,invoke,284,0.00029099999999999997
3,invoke,285,0.00033299999999999996
3,invoke,286,0.00033299999999999996
3,invoke,287,0.000292
3,invoke,288,0.000292
3,invoke,289,0.000292
3,invoke,290,0.00029099999999999997
3,invoke,291,0.00029099999999999997
3,invoke,292,0.000292
3,invoke,293,0.000292
3,invoke,294,0.000292
3,invoke,295,0.00029099999999999997
3,invoke,296,0.00029099999999999997
3,invoke,297,0.000292
3,invoke,298,0.000292
3,invoke,299,0.000292
3,invoke,300,0.00029099999999999997
3,invoke,301,0.000292
3,invoke,302,0.000292
3,invoke,303,0.000292
3,invoke,304,0.00029099999999999997
3,invoke,305,0.00033299999999999996
3,invoke,306,0.000292
3,invoke,307,0.000292
3,invoke,308,0.00029099999999999997
3,invoke,309,0.00029099999999999997
3,invoke,310,0.000292
3,invoke,311,0.000292
3,invoke,312,0.000292
3,invoke,313,0.00029099999999999997
3,invoke,314,0.00033299999999999996
3,invoke,315,0.000292
3,invoke,316,0.000292
3,invoke,317,0.00033299999999999996
3,invoke,318,0.00029099999999999997
3,invoke,319,0.000292
3,invoke,320,0.000334
3,invoke,321,0.000292
3,invoke,322,0.00029099999999999997
3,invoke,323,0.00033299999999999996
3,invoke,324,0.000292
3,invoke,325,0.000292
3,invoke,326,0.000334
3,invoke,327,0.000292
3,invoke,328,0.00033299999999999996
3,invoke,329,0.00033299999999999996
3,invoke,330,0.00029099999999999997
3,invoke,331,0.00033299999999999996
3,invoke,332,0.000292
3,invoke,333,0.000334
3,invoke,334,0.000292
3,invoke,335,0.00029099999999999997
3,invoke,336,0.00033299999999999996
3,invoke,337,0.000292
3,invoke,338,0.000334
3,invoke,339,0.000292
3,invoke,340,0.00033299999999999996
3,invoke,341,0.00029099999999999997
3,invoke,342,0.00033299999999999996
3,invoke,343,0.000292
3,invoke,344,0.000334
3,invoke,345,0.000292
3,invoke,346,0.00029099999999999997
3,invoke,347,0.00033299999999999996
3,invoke,348,0.000292
3,invoke,349,0.000375
3,invoke,350,0.000292
3,invoke,351,0.000334
3,invoke,352,0.000292
3,invoke,353,0.00029099999999999997
3,invoke,354,0.00033299999999999996
3,invoke,355,0.00033299999999999996
3,invoke,356,0.000292
3,invoke,357,0.000292
3,invoke,358,0.00029099999999999997
3,invoke,359,0.00029099999999999997
3,invoke,360,0.000292
3,invoke,361,0.000292
3,invoke,362,0.00033299999999999996
3,invoke,363,0.00029099999999999997
3,invoke,364,0.000292
3,invoke,365,0.000292
3,invoke,366,0.000292
3,invoke,367,0.00033299999999999996
3,invoke,368,0.00029099999999999997
3,invoke,369,0.000292
3,invoke,370,0.000334
3,invoke,371,0.000292
3,invoke,372,0.00029099999999999997
3,invoke,373,0.00033299999999999996
3,invoke,374,0.000292
3,invoke,375,0.000292
3,invoke,376,0.00033299999999999996
3,invoke,377,0.00029099999999999997
3,invoke,378,0.000292
3,invoke,379,0.000334
3,invoke,380,0.000292
3,invoke,381,0.00029099999999999997
3,invoke,382,0.00033299999999999996
3,invoke,383,0.00033299999999999996
3,invoke,384,0.000292
3,invoke,385,0.000334
3,invoke,386,0.000292
3,invoke,387,0.00033299999999999996
3,invoke,388,0.00029099999999999997
3,invoke,389,0.000292
3,invoke,390,0.000292
3,invoke,391,0.000292
3,invoke,392,0.00029099999999999997
3,invoke,393,0.000292
3,invoke,394,0.000334
3,invoke,395,0.000292
3,invoke,396,0.00029099999999999997
3,invoke,397,0.000292
3,invoke,398,0.000292
3,invoke,399,0.000292
3,invoke,400,0.00029099999999999997
3,invoke,401,0.000292
3,invoke,402,0.000334
3,invoke,403,0.000292
3,invoke,404,0.00033299999999999996
3,invoke,405,0.00029099999999999997
3,invoke,406,0.000292
3,invoke,407,0.000334
3,invoke,408,0.000292
3,invoke,409,0.000292
3,invoke,410,0.00033299999999999996
3,invoke,411,0.00029099999999999997
3,invoke,412,0.000292
3,invoke,413,0.000292
3,invoke,414,0.000292
3,invoke,415,0.000292
3,invoke,416,0.00029099999999999997
3,invoke,417,0.00029099999999999997
3,invoke,418,0.000292
3,invoke,419,0.000334
3,invoke,420,0.000292
3,invoke,421,0.00033299999999999996
3,invoke,422,0.00029099999999999997
3,invoke,423,0.00029099999999999997
3,invoke,424,0.000292
3,invoke,425,0.000334
3,invoke,426,0.000292
3,invoke,427,0.00029099999999999997
3,invoke,428,0.00033299999999999996
3,invoke,429,0.000292
3,invoke,430,0.000292
3,invoke,431,0.000292
3,invoke,432,0.00029099999999999997
3,invoke,433,0.00033299999999999996
3,invoke,434,0.000292
3,invoke,435,0.000292
3,invoke,436,0.00033299999999999996
3,invoke,437,0.00029099999999999997
3,invoke,438,0.00033299999999999996
3,invoke,439,0.000292
3,invoke,440,0.000334
3,invoke,441,0.000292
3,invoke,442,0.00029099999999999997
3,invoke,443,0.00029099999999999997
3,invoke,444,0.000292
3,invoke,445,0.000292
3,invoke,446,0.000292
3,invoke,447,0.00029099999999999997
3,invoke,448,0.00033299999999999996
3,invoke,449,0.000292
3,invoke,450,0.000334
3,invoke,451,0.000292
3,invoke,452,0.00029099999999999997
3,invoke,453,0.00033299999999999996
3,invoke,454,0.000292
3,invoke,455,0.000292
3,invoke,456,0.000292
3,invoke,457,0.00029099999999999997
3,invoke,458,0.000292
3,invoke,459,0.000292
3,invoke,460,0.000292
3,invoke,461,0.00033299999999999996
3,invoke,462,0.000292
3,invoke,463,0.000292
3,invoke,464,0.000292
3,invoke,465,0.00029099999999999997
3,invoke,466,0.00029099999999999997
3,invoke,467,0.000292
3,invoke,468,0.000292
3,invoke,469,0.000292
3,invoke,470,0.00033299999999999996
3,invoke,471,0.00029099999999999997
3,invoke,472,0.00033299999999999996
3,invoke,473,0.000292
3,invoke,474,0.000334
3,invoke,475,0.000292
3,invoke,476,0.00033299999999999996
3,invoke,477,0.00029099999999999997
3,invoke,478,0.000292
3,invoke,479,0.000292
3,invoke,480,0.000292
3,invoke,481,0.000292
3,invoke,482,0.00033299999999999996
3,invoke,483,0.00029099999999999997
3,invoke,484,0.00029099999999999997
3,invoke,485,0.000292
3,invoke,486,0.000334
3,invoke,487,0.000292
3,invoke,488,0.00033299999999999996
3,invoke,489,0.00029099999999999997
3,invoke,490,0.00029099999999999997
3,invoke,491,0.000292
3,invoke,492,0.000292
3,invoke,493,0.000292
3,invoke,494,0.00033299999999999996
3,invoke,495,0.00029099999999999997
3,invoke,496,0.000292
3,invoke,497,0.000292
3,invoke,498,0.000292
3,invoke,499,0.00029099999999999997
3,invoke,500,0.00029099999999999997
3,invoke,501,0.000292
3,invoke,502,0.000292
3,invoke,503,0.000334
3,invoke,504,0.000292
3,invoke,505,0.00029099999999999997
3,invoke,506,0.00033299999999999996
3,invoke,507,0.000292
3,invoke,508,0.000292
3,invoke,509,0.00033299999999999996
3,invoke,510,0.00029099999999999997
3,invoke,511,0.00029099999999999997
3,invoke,512,0.000292
3,invoke,513,0.000292
3,invoke,514,0.000292
3,invoke,515,0.000292
3,invoke,516,0.00029099999999999997
3,invoke,517,0.00033299999999999996
3,invoke,518,0.000292
3,invoke,519,0.000334
3,invoke,520,0.000292
3,invoke,521,0.00029099999999999997
3,invoke,522,0.00033299999999999996
3,invoke,523,0.000292
3,invoke,524,0.000292
3,invoke,525,0.00033299999999999996
3,invoke,526,0.00029099999999999997
3,invoke,527,0.00033299999999999996
3,invoke,528,0.000292
3,invoke,529,0.000292
3,invoke,530,0.00033299999999999996
3,invoke,531,0.00029099999999999997
3,invoke,532,0.000292
3,invoke,533,0.000334
3,invoke,534,0.000292
3,invoke,535,0.000292
3,invoke,536,0.00033299999999999996
3,invoke,537,0.00029099999999999997
3,invoke,538,0.00033299999999999996
3,invoke,539,0.000292
3,invoke,540,0.000334
3,invoke,541,0.000292
3,invoke,542,0.00029099999999999997
3,invoke,543,0.00033299999999999996
3,invoke,544,0.000292
3,invoke,545,0.000334
3,invoke,546,0.000292
3,invoke,547,0.00029099999999999997
3,invoke,548,0.00033299999999999996
3,invoke,549,0.000292
3,invoke,550,0.000292
3,invoke,551,0.000334
3,invoke,552,0.000292
3,invoke,553,0.00033299999999999996
3,invoke,554,0.00033299999999999996
3,invoke,555,0.00029099999999999997
3,invoke,556,0.000292
3,invoke,557,0.000292
3,invoke,558,0.000292
3,invoke,559,0.000292
3,invoke,560,0.00029099999999999997
3,invoke,561,0.00033299999999999996
3,invoke,562,0.000292
3,invoke,563,0.000292
3,invoke,564,0.000292
3,invoke,565,0.00029099999999999997
3,invoke,566,0.00029099999999999997
3,invoke,567,0.00033299999999999996
3,invoke,568,0.000292
3,invoke,569,0.000292
3,invoke,570,0.000292
3,invoke,571,0.000292
3,invoke,572,0.00029099999999999997
3,invoke,573,0.00033299999999999996
3,invoke,574,0.000292
3,invoke,575,0.000292
3,invoke,576,0.00033299999999999996
3,invoke,577,0.00029099999999999997
3,invoke,578,0.00033299999999999996
3,invoke,579,0.00033299999999999996
3,invoke,580,0.000292
3,invoke,581,0.000292
3,invoke,582,0.000292
3,invoke,583,0.00033299999999999996
3,invoke,584,0.00029099999999999997
3,invoke,585,0.00033299999999999996
3,invoke,586,0.000292
3,invoke,587,0.000334
3,invoke,588,0.000292
3,invoke,589,0.00029099999999999997
3,invoke,590,0.00029099999999999997
3,invoke,591,0.000292
3,invoke,592,0.000334
3,invoke,593,0.000292
3,invoke,594,0.00033299999999999996
3,invoke,595,0.00029099999999999997
3,invoke,596,0.000292
3,invoke,597,0.000292
3,invoke,598,0.000292
3,invoke,599,0.00029099999999999997
3,invoke,600,0.000292
3,invoke,601,0.000334
3,invoke,602,0.000292
3,invoke,603,0.00029099999999999997
3,invoke,604,0.00029099999999999997
3,invoke,605,0.00033299999999999996
3,invoke,606,0.000292
3,invoke,607,0.000334
3,invoke,608,0.000292
3,invoke,609,0.000292
3,invoke,610,0.00029099999999999997
3,invoke,611,0.00033299999999999996
3,invoke,612,0.000292
3,invoke,613,0.000292
3,invoke,614,0.000292
3,invoke,615,0.00033299999999999996
3,invoke,616,0.00033299999999999996
3,invoke,617,0.000292
3,invoke,618,0.000292
3,invoke,619,0.000292
3,invoke,620,0.00029099999999999997
3,invoke,621,0.00029099999999999997
3,invoke,622,0.000292
3,invoke,623,0.000334
3,invoke,624,0.000292
3,invoke,625,0.00033299999999999996
3,invoke,626,0.00029099999999999997
3,invoke,627,0.00033299999999999996
3,invoke,628,0.000292
3,invoke,629,0.000292
3,invoke,630,0.000292
3,invoke,631,0.00029099999999999997
3,invoke,632,0.00033299999999999996
3,invoke,633,0.000292
3,invoke,634,0.000292
3,invoke,635,0.000292
3,invoke,636,0.00029099999999999997
3,invoke,637,0.00033299999999999996
3,invoke,638,0.000292
3,invoke,639,0.000334
3,invoke,640,0.000292
3,invoke,641,0.000292
3,invoke,642,0.00029099999999999997
3,invoke,643,0.00029099999999999997
3,invoke,644,0.000292
3,invoke,645,0.000334
3,invoke,646,0.000292
3,invoke,647,0.00029099999999999997
3,invoke,648,0.00029099999999999997
3,invoke,649,0.000292
3,invoke,650,0.000292
3,invoke,651,0.00029099999999999997
3,invoke,652,0.00029099999999999997
3,invoke,653,0.00033299999999999996
3,invoke,654,0.000292
3,invoke,655,0.000334
3,invoke,656,0.000292
3,invoke,657,0.000292
3,invoke,658,0.00029099999999999997
3,invoke,659,0.00033299999999999996
3,invoke,660,0.000292
3,invoke,661,0.000334
3,invoke,662,0.000292
3,invoke,663,0.00029099999999999997
3,invoke,664,0.000292
3,invoke,665,0.000292
3,invoke,666,0.000292
3,invoke,667,0.00033299999999999996
3,invoke,668,0.00029099999999999997
3,invoke,669,0.000292
3,invoke,670,0.000292
3,invoke,671,0.000292
3,invoke,672,0.00033299999999999996
3,invoke,673,0.00029099999999999997
3,invoke,674,0.000292
3,invoke,675,0.000334
3,invoke,676,0.000292
3,invoke,677,0.00029099999999999997
3,invoke,678,0.00033299999999999996
3,invoke,679,0.000292
3,invoke,680,0.000292
3,invoke,681,0.000292
3,invoke,682,0.00033299999999999996
3,invoke,683,0.00029099999999999997
3,invoke,684,0.00033299999999999996
3,invoke,685,0.000292
3,invoke,686,0.000292
3,invoke,687,0.000292
3,invoke,688,0.00029099999999999997
3,invoke,689,0.00033299999999999996
3,invoke,690,0.000292
3,invoke,691,0.000292
3,invoke,692,0.000292
3,invoke,693,0.00033299999999999996
3,invoke,694,0.00029099999999999997
3,invoke,695,0.00033299999999999996
3,invoke,696,0.000292
3,invoke,697,0.00025
3,invoke,698,0.00033299999999999996
3,invoke,699,0.000292
3,invoke,700,0.000334
3,invoke,701,0.000292
3,invoke,702,0.00029099999999999997
3,invoke,703,0.00029099999999999997
3,invoke,704,0.00033299999999999996
3,invoke,705,0.000292
3,invoke,706,0.000334
3,invoke,707,0.000292
3,invoke,708,0.00033299999999999996
3,invoke,709,0.00029099999999999997
3,invoke,710,0.00029099999999999997
3,invoke,711,0.000292
3,invoke,712,0.000292
3,invoke,713,0.000292
3,invoke,714,0.00029099999999999997
3,invoke,715,0.00029099999999999997
3,invoke,716,0.000292
3,invoke,717,0.000292
3,invoke,718,0.000292
3,invoke,719,0.00029099999999999997
3,invoke,720,0.00033299999999999996
3,invoke,721,0.000292
3,invoke,722,0.000292
3,invoke,723,0.000292
3,invoke,724,0.000292
3,invoke,725,0.00029099999999999997
3,invoke,726,0.000292
3,invoke,727,0.000292
3,invoke,728,0.000292
3,invoke,729,0.00033299999999999996
3,invoke,730,0.00029099999999999997
3,invoke,731,0.000292
3,invoke,732,0.000292
3,invoke,733,0.000292
3,invoke,734,0.00029099999999999997
3,invoke,735,0.00033299999999999996
3,invoke,736,0.000292
3,invoke,737,0.000292
3,invoke,738,0.000292
3,invoke,739,0.00029099999999999997
3,invoke,740,0.00033299999999999996
3,invoke,741,0.000292
3,invoke,742,0.000292
3,invoke,743,0.00033299999999999996
3,invoke,744,0.00033299999999999996
3,invoke,745,0.00029099999999999997
3,invoke,746,0.000292
3,invoke,747,0.000292
3,invoke,748,0.000292
3,invoke,749,0.000292
3,invoke,750,0.00029099999999999997
3,invoke,751,0.00029099999999999997
3,invoke,752,0.000292
3,invoke,753,0.000334
3,invoke,754,0.000292
3,invoke,755,0.00029099999999999997
3,invoke,756,0.00029099999999999997
3,invoke,757,0.000292
3,invoke,758,0.000334
3,invoke,759,0.000292
3,invoke,760,0.00033299999999999996
3,invoke,761,0.00029099999999999997
3,invoke,762,0.00033299999999999996
3,invoke,763,0.000292
3,invoke,764,0.000334
3,invoke,765,0.000292
3,invoke,766,0.00029099999999999997
3,invoke,767,0.00033299999999999996
3,invoke,768,0.000292
3,invoke,769,0.000292
3,invoke,770,0.000292
3,invoke,771,0.000334
3,invoke,772,0.000292
3,invoke,773,0.00033299999999999996
3,invoke,774,0.00033299999999999996
3,invoke,775,0.000292
3,invoke,776,0.000334
3,invoke,777,0.000292
3,invoke,778,0.00033299999999999996
3,invoke,779,0.00029099999999999997
3,invoke,780,0.00033299999999999996
3,invoke,781,0.000292
3,invoke,782,0.000334
3,invoke,783,0.000292
3,invoke,784,0.00033299999999999996
3,invoke,785,0.000292
3,invoke,786,0.00029099999999999997
3,invoke,787,0.00033299999999999996
3,invoke,788,0.000292
3,invoke,789,0.000292
3,invoke,790,0.00029099999999999997
3,invoke,791,0.00029099999999999997
3,invoke,792,0.000292
3,invoke,793,0.000292
3,invoke,794,0.00033299999999999996
3,invoke,795,0.00029099999999999997
3,invoke,796,0.000292
3,invoke,797,0.000292
3,invoke,798,0.000292
3,invoke,799,0.00029099999999999997
3,invoke,800,0.00029099999999999997
3,invoke,801,0.00033299999999999996
3,invoke,802,0.000292
3,invoke,803,0.000334
3,invoke,804,0.000292
3,invoke,805,0.00033299999999999996
3,invoke,806,0.00029099999999999997
3,invoke,807,0.00033299999999999996
3,invoke,808,0.000292
3,invoke,809,0.000334
3,invoke,810,0.000292
3,invoke,811,0.00029099999999999997
3,invoke,812,0.000292
3,invoke,813,0.000292
3,invoke,814,0.000292
3,invoke,815,0.00029099999999999997
3,invoke,816,0.00033299999999999996
3,invoke,817,0.000292
3,invoke,818,0.000292
3,invoke,819,0.000292
3,invoke,820,0.00029099999999999997
3,invoke,821,0.00033299999999999996
3,invoke,822,0.000334
3,invoke,823,0.000292
3,invoke,824,0.00029099999999999997
3,invoke,825,0.000292
3,invoke,826,0.000292
3,invoke,827,0.000292
3,invoke,828,0.00029099999999999997
3,invoke,829,0.00029099999999999997
3,invoke,830,0.00033299999999999996
3,invoke,831,0.000292
3,invoke,832,0.000292
3,invoke,833,0.000334
3,invoke,834,0.000292
3,invoke,835,0.00033299999999999996
3,invoke,836,0.00029099999999999997
3,invoke,837,0.000292
3,invoke,838,0.000334
3,invoke,839,0.000292
3,invoke,840,0.00033299999999999996
3,invoke,841,0.00029099999999999997
3,invoke,842,0.00029099999999999997
3,invoke,843,0.000292
3,invoke,844,0.000334
3,invoke,845,0.000292
3,invoke,846,0.00033299999999999996
3,invoke,847,0.00029099999999999997
3,invoke,848,0.00029099999999999997
3,invoke,849,0.000292
3,invoke,850,0.000292
3,invoke,851,0.000292
3,invoke,852,0.00033299999999999996
3,invoke,853,0.00029099999999999997
3,invoke,854,0.000292
3,invoke,855,0.000292
3,invoke,856,0.000292
3,invoke,857,0.00029099999999999997
3,invoke,858,0.00033299999999999996
3,invoke,859,0.000292
3,invoke,860,0.000292
3,invoke,861,0.00033299999999999996
3,invoke,862,0.00029099999999999997
3,invoke,863,0.00029099999999999997
3,invoke,864,0.00033299999999999996
3,invoke,865,0.000292
3,invoke,866,0.000334
3,invoke,867,0.000292
3,invoke,868,0.00029099999999999997
3,invoke,869,0.00033299999999999996
3,invoke,870,0.000292
3,invoke,871,0.000292
3,invoke,872,0.00033299999999999996
3,invoke,873,0.00029099999999999997
3,invoke,874,0.000292
3,invoke,875,0.000334
3,invoke,876,0.000292
3,invoke,877,0.00029099999999999997
3,invoke,878,0.00029099999999999997
3,invoke,879,0.000292
3,invoke,880,0.000334
3,invoke,881,0.000292
3,invoke,882,0.00029099999999999997
3,invoke,883,0.00033299999999999996
3,invoke,884,0.000292
3,invoke,885,0.000292
3,invoke,886,0.00033299999999999996
3,invoke,887,0.00029099999999999997
3,invoke,888,0.000292
3,invoke,889,0.000334
3,invoke,890,0.000334
3,invoke,891,0.000292
3,invoke,892,0.00029099999999999997
3,invoke,893,0.00029099999999999997
3,invoke,894,0.000292
3,invoke,895,0.000334
3,invoke,896,0.000292
3,invoke,897,0.00029099999999999997
3,invoke,898,0.00029099999999999997
3,invoke,899,0.000292
3,invoke,900,0.000334
3,invoke,901,0.000334
3,invoke,902,0.000292
3,invoke,903,0.00029099999999999997
3,invoke,904,0.00029099999999999997
3,invoke,905,0.000292
3,invoke,906,0.000292
3,invoke,907,0.000292
3,invoke,908,0.00029099999999999997
3,invoke,909,0.00029099999999999997
3,invoke,910,0.000292
3,invoke,911,0.000334
3,invoke,912,0.000292
3,invoke,913,0.00033299999999999996
3,invoke,914,0.00029099999999999997
3,invoke,915,0.000292
3,invoke,916,0.000334
3,invoke,917,0.000292
3,invoke,918,0.00029099999999999997
3,invoke,919,0.00029099999999999997
3,invoke,920,0.000292
3,invoke,921,0.000292
3,invoke,922,0.00029099999999999997
3,invoke,923,0.00029099999999999997
3,invoke,924,0.000292
3,invoke,925,0.000292
3,invoke,926,0.00029099999999999997
3,invoke,927,0.00029099999999999997
3,invoke,928,0.000292
3,invoke,929,0.000292
3,invoke,930,0.000292
3,invoke,931,0.00029099999999999997
3,invoke,932,0.000292
3,invoke,933,0.000292
3,invoke,934,0.000292
3,invoke,935,0.000292
3,invoke,936,0.00029099999999999997
3,invoke,937,0.00033299999999999996
3,invoke,938,0.000292
3,invoke,939,0.000292
3,invoke,940,0.00029099999999999997
3,invoke,941,0.00033299999999999996
3,invoke,942,0.000292
3,invoke,943,0.000292
3,invoke,944,0.000292
3,invoke,945,0.00033299999999999996
3,invoke,946,0.00029099999999999997
3,invoke,947,0.000292
3,invoke,948,0.000292
3,invoke,949,0.000334
3,invoke,950,0.000292
3,invoke,951,0.00029099999999999997
3,invoke,952,0.00033299999999999996
3,invoke,953,0.000292
3,invoke,954,0.000292
3,invoke,955,0.000292
3,invoke,956,0.00029099999999999997
3,invoke,957,0.00033299999999999996
3,invoke,958,0.000334
3,invoke,959,0.000292
3,invoke,960,0.00029099999999999997
3,invoke,961,0.00033299999999999996
3,invoke,962,0.000292
3,invoke,963,0.000292
3,invoke,964,0.00029099999999999997
3,invoke,965,0.000292
3,invoke,966,0.000292
3,invoke,967,0.000292
3,invoke,968,0.00029099999999999997
3,invoke,969,0.00029099999999999997
3,invoke,970,0.000292
3,invoke,971,0.000292
3,invoke,972,0.000292
3,invoke,973,0.00033299999999999996
3,invoke,974,0.00029099999999999997
3,invoke,975,0.000292
3,invoke,976,0.000334
3,invoke,977,0.000292
3,invoke,978,0.00029099999999999997
3,invoke,979,0.00029099999999999997
3,invoke,980,0.000292
3,invoke,981,0.000334
3,invoke,982,0.000292
3,invoke,983,0.00029099999999999997
3,invoke,984,0.000292
3,invoke,985,0.000292
3,invoke,986,0.000292
3,invoke,987,0.00033299999999999996
3,invoke,988,0.00029099999999999997
3,invoke,989,0.000292
3,invoke,990,0.000292
3,invoke,991,0.000292
3,invoke,992,0.00033299999999999996
3,invoke,993,0.00029099999999999997
3,invoke,994,0.000292
3,invoke,995,0.000292
3,invoke,996,0.000292
3,invoke,997,0.000292
3,invoke,998,0.00033299999999999996
3,invoke,999,0.00029099999999999997
