operation,sample,cycle,dispatch_ms,controller_ms,graph_ms,draw_proxy_ms,results,selected
invoke,0,0,,,6.316125,7.248625,0,
input,1,0,2.37675,0.272791,30.654542,36.387,3,0
input,2,0,6.358042,0.16475,11.033417,13.341583,2,0
input,3,0,8.329958,0.199459,11.837083,14.113583,1,0
input,4,0,1.449334,0.148208,4.016084,5.433417,1,0
input,5,0,0.149042,0.127167,2.848542,4.233209,1,0
input,6,0,0.122708,0.174375,4.54725,5.868542,1,0
input,7,0,0.146542,0.033083,4.422542,6.638,0,
input,8,0,0.196416,0.048083,2.221333,3.042666,0,
input,9,0,0.160459,0.033584,1.780542,2.418084,0,
input,10,0,0.127708,0.364459,5.339583,8.916375,100,0
input,11,0,0.16475,0.378416,4.3745,6.731875,100,0
input,12,0,0.153375,0.361292,3.982542,5.978375,100,0
input,13,0,0.183792,0.354,3.958042,5.953292,100,0
input,14,0,0.121208,0.045291,1.935583,3.881666,0,
input,15,0,1.833542,0.030375,3.333792,4.040125,0,
input,16,0,0.164542,0.034083,2.635625,3.302459,0,
input,17,0,0.130583,0.056958,1.255542,1.766958,0,
input,18,0,0.174917,0.047208,1.373125,1.979542,0,
input,19,0,0.143791,0.058542,1.550833,2.165833,0,
input,20,0,0.139333,0.049958,1.925,2.600083,0,
input,21,0,0.121709,0.066584,1.469209,2.043084,0,
input,22,0,0.186709,0.068291,5.298667,6.079459,0,
input,23,0,0.165084,0.074208,3.67325,4.387459,0,
input,24,0,0.125166,0.087292,1.533958,2.168333,0,
selection,25,0,0.395291,0.046459,3.454166,5.429666,100,1
selection,26,0,0.215,0.06025,2.475083,4.183167,100,2
selection,27,0,0.15925,0.039083,2.163541,3.686458,100,3
selection,28,0,0.208709,0.057875,2.430917,4.152334,100,4
selection,29,0,0.166084,0.041208,2.615792,4.381,100,5
selection,30,0,0.245417,0.063416,3.163,7.624417,100,6
selection,31,0,0.237959,0.063167,2.619667,7.166334,100,7
selection,32,0,0.184458,0.049042,2.966,7.691,100,8
selection,33,0,0.230375,0.055167,3.223167,7.503667,100,9
selection,34,0,0.2285,0.052209,3.260958,7.708166,100,10
selection,35,0,0.219625,0.061084,3.107916,7.803416,100,11
selection,36,0,1.320417,0.04225,4.120833,8.251583,100,12
selection,37,0,0.138208,0.030542,2.830166,7.067,100,13
selection,38,0,0.18875,0.041417,3.332917,7.602792,100,14
selection,39,0,0.160667,0.034541,3.128625,7.405417,100,15
selection,40,0,0.165,0.034958,3.404292,7.282667,100,16
selection,41,0,3.62675,0.06325,7.073375,11.689708,100,17
selection,42,0,0.208584,0.048208,3.783292,7.895417,100,18
selection,43,0,0.14275,0.032084,3.307583,7.342583,100,19
selection,44,0,0.145208,0.028875,3.279125,6.776041,100,20
empty,45,0,0.140792,0.033959,3.363209,5.505042,0,
invoke,46,1,,,4.610625,5.227375,0,
input,47,1,1.849583,0.213166,7.573166,9.710125,3,0
input,48,1,8.19625,0.184583,11.28125,13.531417,2,0
input,49,1,1.550292,0.202208,5.064709,7.241709,1,0
input,50,1,1.632125,0.1775,4.299,5.642834,1,0
input,51,1,0.137292,0.136625,2.661709,3.96575,1,0
input,52,1,0.208167,0.211375,3.157833,4.313583,1,0
input,53,1,1.445833,0.045166,3.766916,5.65125,0,
input,54,1,0.171042,0.038167,1.810417,2.526542,0,
input,55,1,0.182042,0.040916,2.262458,2.973792,0,
input,56,1,0.259667,0.337875,4.516125,7.379208,100,0
input,57,1,0.133417,0.328666,4.134042,6.653542,100,0
input,58,1,0.150209,0.35075,3.81275,6.005125,100,0
input,59,1,1.846959,0.345917,5.630417,8.050625,100,0
input,60,1,0.1465,0.044667,2.283875,4.469042,0,
input,61,1,4.502417,0.042625,6.206084,6.970834,0,
input,62,1,0.13875,0.031333,1.593042,2.304,0,
input,63,1,0.192833,0.082458,2.179542,2.98675,0,
input,64,1,1.451583,0.069417,3.08525,3.779166,0,
input,65,1,0.130875,0.053125,2.026958,2.661041,0,
input,66,1,0.12225,0.053792,1.365125,1.974625,0,
input,67,1,0.18175,0.066375,2.556875,3.37275,0,
input,68,1,0.144459,0.06825,1.591792,2.314417,0,
input,69,1,0.16675,0.0635,1.818292,2.560042,0,
input,70,1,0.196917,0.066084,1.890833,2.60725,0,
selection,71,1,0.249167,0.052333,3.469167,5.328,100,1
selection,72,1,0.251917,0.065208,3.093125,4.902542,100,2
selection,73,1,0.256042,0.055084,2.682917,4.637167,100,3
selection,74,1,1.218083,0.115417,3.8035,5.774958,100,4
selection,75,1,1.854667,0.060292,4.3555,6.350709,100,5
selection,76,1,1.882625,0.037375,4.051792,8.307708,100,6
selection,77,1,0.160958,0.039042,2.776541,7.21875,100,7
selection,78,1,0.195583,0.056292,2.975416,7.672833,100,8
selection,79,1,0.195041,0.0445,2.824958,7.35075,100,9
selection,80,1,0.224875,0.05475,3.173833,7.34,100,10
selection,81,1,0.139291,0.0305,2.546666,6.792833,100,11
selection,82,1,0.177042,0.037333,3.242375,7.848,100,12
selection,83,1,1.727292,0.052125,4.934792,9.544,100,13
selection,84,1,0.153333,0.03875,3.20275,7.936583,100,14
selection,85,1,0.206209,0.045834,3.61075,7.957459,100,15
selection,86,1,0.162458,0.036334,3.32825,7.142,100,16
selection,87,1,0.167625,0.033167,3.6355,7.984375,100,17
selection,88,1,0.233167,0.060334,4.041792,8.772584,100,18
selection,89,1,0.1505,0.035833,3.567667,7.606459,100,19
selection,90,1,0.109083,0.023042,3.091708,6.782,100,20
empty,91,1,0.101125,0.029625,1.621083,3.55525,0,
invoke,92,2,,,4.104167,4.851084,0,
input,93,2,0.164083,0.170166,8.213,10.474458,3,0
input,94,2,0.73025,0.199167,4.185042,6.388417,2,0
input,95,2,1.4835,0.141917,3.944667,5.841834,1,0
input,96,2,2.565333,0.196,5.575,7.077958,1,0
input,97,2,1.864333,0.181833,4.621625,5.9695,1,0
input,98,2,0.130208,0.138417,2.563083,3.793625,1,0
input,99,2,0.117375,0.030791,3.604291,5.403666,0,
input,100,2,0.185834,0.036625,2.06675,2.765584,0,
input,101,2,0.193333,0.02925,1.960417,2.576667,0,
input,102,2,0.147875,0.35,4.876458,7.752458,100,0
input,103,2,0.14775,0.334,5.838375,8.136584,100,0
input,104,2,0.171417,0.341542,4.152417,6.091584,100,0
input,105,2,0.19275,0.365709,5.877792,7.943083,100,0
input,106,2,1.154167,0.04525,3.45075,6.106792,0,
input,107,2,4.439792,0.04375,6.148292,6.936084,0,
input,108,2,0.2,0.032584,1.963459,2.65675,0,
input,109,2,0.155875,0.062917,1.675292,2.370708,0,
input,110,2,0.161458,0.063208,1.791125,2.49125,0,
input,111,2,0.125458,0.05,1.3335,1.947917,0,
input,112,2,5.207917,0.06225,6.680917,7.303584,0,
input,113,2,0.137958,0.074792,1.785083,2.560458,0,
input,114,2,1.478083,0.074125,3.018833,3.659375,0,
input,115,2,0.104959,0.053958,3.172667,3.800709,0,
input,116,2,0.117542,0.059292,1.232667,1.781708,0,
selection,117,2,0.241542,0.044833,3.191125,4.9265,100,1
selection,118,2,0.219125,0.059542,2.922625,4.531125,100,2
selection,119,2,0.1985,0.0465,2.487958,4.19575,100,3
selection,120,2,1.613041,0.055667,3.882291,5.429708,100,4
selection,121,2,0.239542,0.067958,2.937458,4.810292,100,5
selection,122,2,0.183875,0.042,2.80725,6.845792,100,6
selection,123,2,0.192084,0.0415,2.472667,6.305334,100,7
selection,124,2,0.198417,0.042708,2.855042,7.204417,100,8
selection,125,2,0.241292,0.035125,2.795042,7.155583,100,9
selection,126,2,2.139625,0.061959,5.256792,10.1335,100,10
selection,127,2,0.250417,0.06375,3.750583,7.780375,100,11
selection,128,2,0.244,0.05575,3.366333,7.531541,100,12
selection,129,2,0.156625,0.032166,2.6945,6.759834,100,13
selection,130,2,0.196542,0.045,3.560958,8.031875,100,14
selection,131,2,1.669542,0.042833,4.639,9.041667,100,15
selection,132,2,0.188666,0.040042,3.45925,7.622541,100,16
selection,133,2,0.170042,0.039125,3.508333,7.844583,100,17
selection,134,2,0.165084,0.034583,3.455125,7.337459,100,18
selection,135,2,0.230625,0.059167,4.221041,8.525666,100,19
selection,136,2,1.223292,0.055458,4.903958,8.853208,100,20
empty,137,2,0.096417,0.035625,1.590042,3.481292,0,
invoke,138,3,,,4.072458,4.648125,0,
input,139,3,0.173791,0.210833,6.028333,8.145583,3,0
input,140,3,1.657083,0.186916,5.378583,7.254,2,0
input,141,3,1.453833,0.201542,4.437708,6.479625,1,0
input,142,3,1.310208,0.132375,3.676417,4.850667,1,0
input,143,3,0.163042,0.139375,2.250417,3.502709,1,0
input,144,3,0.161125,0.157791,2.974417,4.051875,1,0
input,145,3,1.309042,0.035333,3.064333,4.613,0,
input,146,3,4.506125,0.043958,6.214291,6.94475,0,
input,147,3,0.122833,0.036625,5.479208,6.218417,0,
input,148,3,0.203041,0.330792,6.6565,9.436083,100,0
input,149,3,1.736458,0.331625,5.764916,8.276458,100,0
input,150,3,1.025875,0.364292,5.108209,7.225417,100,0
input,151,3,0.140667,0.37,4.066208,6.60375,100,0
input,152,3,0.112333,0.036166,2.04125,4.073125,0,
input,153,3,3.570791,0.042875,5.285791,6.055166,0,
input,154,3,0.1505,0.03325,1.53,2.156,0,
input,155,3,0.140167,0.067,1.807042,2.599583,0,
input,156,3,0.10475,0.053667,1.420542,2.073458,0,
input,157,3,0.257292,0.05325,1.552542,2.146667,0,
input,158,3,0.168084,0.067291,4.856417,5.547334,0,
input,159,3,0.152791,0.078958,1.772375,2.631083,0,
input,160,3,1.007917,0.069042,2.425625,3.071917,0,
input,161,3,0.109042,0.05725,2.216917,2.917542,0,
input,162,3,0.123042,0.065291,1.395209,1.991084,0,
selection,163,3,0.201291,0.050333,3.336041,5.263875,100,1
selection,164,3,0.137208,0.034708,1.961958,3.38825,100,2
selection,165,3,0.156208,0.032167,2.115916,3.522708,100,3
selection,166,3,0.226708,0.06825,2.102208,3.476875,100,4
selection,167,3,0.180333,0.043125,2.633208,4.380666,100,5
selection,168,3,0.175167,0.040833,2.366334,6.489209,100,6
selection,169,3,0.305875,0.055084,2.618375,6.681625,100,7
selection,170,3,0.1665,0.04275,2.871167,7.488334,100,8
selection,171,3,0.21525,0.050666,3.288208,7.704791,100,9
selection,172,3,0.220458,0.053417,3.164083,7.275291,100,10
selection,173,3,0.218917,0.0555,3.68375,8.089542,100,11
selection,174,3,0.186209,0.037083,2.987125,7.428375,100,12
selection,175,3,0.212,0.058708,3.193583,7.366875,100,13
selection,176,3,1.850959,0.05075,5.122459,9.467542,100,14
selection,177,3,0.180875,0.035917,3.154375,6.992209,100,15
selection,178,3,0.223166,0.055833,4.167958,8.894708,100,16
selection,179,3,3.672792,0.039292,7.073709,11.17775,100,17
selection,180,3,0.186459,0.043167,3.704125,8.257417,100,18
selection,181,3,0.221458,0.054458,4.132208,8.259708,100,19
selection,182,3,0.228042,0.045166,3.874458,8.276208,100,20
empty,183,3,0.975208,0.044666,2.862708,4.967,0,
invoke,184,4,,,5.343167,6.004208,0,
input,185,4,0.648584,0.193708,6.167792,8.5305,3,0
input,186,4,5.878834,0.181334,9.30725,11.57575,2,0
input,187,4,1.482167,0.198125,4.802209,7.012959,1,0
input,188,4,1.494166,0.177792,4.276416,5.67975,1,0
input,189,4,2.145083,0.160084,5.049375,6.601166,1,0
input,190,4,1.948,0.181417,4.858959,6.281084,1,0
input,191,4,1.664125,0.044375,3.948875,5.746375,0,
input,192,4,3.514042,0.035667,5.175042,5.884584,0,
input,193,4,0.174625,0.034,2.824917,3.585125,0,
input,194,4,0.129083,0.332458,4.936291,7.878583,100,0
input,195,4,4.641875,0.399833,9.089541,11.696208,100,0
input,196,4,0.180958,0.3625,4.304333,6.619083,100,0
input,197,4,0.221667,0.39375,5.141833,7.692958,100,0
input,198,4,0.154875,0.052625,2.699334,5.182167,0,
input,199,4,0.172708,0.03775,1.705708,2.449041,0,
input,200,4,0.228334,0.029958,2.07475,2.81525,0,
input,201,4,0.194083,0.06825,2.137875,3.014875,0,
input,202,4,0.124042,0.076417,1.782208,2.52325,0,
input,203,4,0.116166,0.047667,1.269333,1.879583,0,
input,204,4,0.131417,0.048833,1.363,2.003958,0,
input,205,4,0.147375,0.078459,1.983541,2.818041,0,
input,206,4,0.172417,0.06825,1.796375,2.524125,0,
input,207,4,0.105125,0.061792,1.532875,2.274209,0,
input,208,4,0.159792,0.069292,1.915334,2.751292,0,
selection,209,4,0.232291,0.054583,3.086458,4.955,100,1
selection,210,4,0.287458,0.082167,3.076583,4.857583,100,2
selection,211,4,0.270958,0.065458,2.992125,4.791583,100,3
selection,212,4,0.19825,0.04875,2.718959,4.511375,100,4
selection,213,4,1.801166,0.048875,4.074541,5.853583,100,5
selection,214,4,0.130333,0.033833,2.399667,6.34475,100,6
selection,215,4,0.300292,0.080084,3.09625,7.030917,100,7
selection,216,4,1.686292,0.047167,4.396542,8.827583,100,8
selection,217,4,0.184708,0.05825,2.972833,7.17,100,9
selection,218,4,0.237958,0.058042,3.451583,7.662125,100,10
selection,219,4,0.189375,0.0455,3.091042,7.49,100,11
selection,220,4,0.2205,0.057709,3.238209,7.20025,100,12
selection,221,4,0.196709,0.043708,3.2595,7.250125,100,13
selection,222,4,3.811375,0.043708,6.801042,11.083875,100,14
selection,223,4,0.860291,0.04075,4.174958,8.316833,100,15
selection,224,4,0.193417,0.050417,3.705875,8.078708,100,16
selection,225,4,0.1495,0.031208,3.071833,7.0315,100,17
selection,226,4,0.176875,0.040583,3.519084,7.437084,100,18
selection,227,4,0.178833,0.03675,3.663042,7.852542,100,19
selection,228,4,0.191125,0.0405,4.1665,8.680333,100,20
empty,229,4,1.437417,0.037875,6.46825,8.2715,0,
invoke,230,5,,,4.552584,5.230584,0,
input,231,5,0.175084,0.180333,6.162292,8.134167,3,0
input,232,5,8.081417,0.180458,10.994542,13.057125,2,0
input,233,5,2.662042,0.220291,5.996292,8.094667,1,0
input,234,5,1.611458,0.1755,4.450375,5.840791,1,0
input,235,5,2.133542,0.175792,5.0445,6.647833,1,0
input,236,5,1.775542,0.146167,4.154458,5.359583,1,0
input,237,5,0.107042,0.034458,2.109875,3.863,0,
input,238,5,1.642834,0.037,3.352542,4.183792,0,
input,239,5,0.185375,0.0355,2.682375,3.409584,0,
input,240,5,0.118208,0.366875,4.67575,7.764417,100,0
input,241,5,0.160584,0.365208,8.949584,11.45225,100,0
input,242,5,0.512917,0.4025,5.048,7.416584,100,0
input,243,5,0.189958,0.386625,4.573666,6.725625,100,0
input,244,5,0.144625,0.045583,2.552958,4.896041,0,
input,245,5,1.480792,0.046917,3.359875,4.119792,0,
input,246,5,0.179834,0.04,4.012125,4.676917,0,
input,247,5,0.164084,0.074708,1.874292,2.63725,0,
input,248,5,1.055834,0.0665,2.522542,3.140792,0,
input,249,5,4.302958,0.068959,5.860166,6.566583,0,
input,250,5,0.14925,0.052792,2.931375,3.556958,0,
input,251,5,0.207709,0.098334,1.896042,2.605,0,
input,252,5,0.150917,0.068792,3.8205,4.520625,0,
input,253,5,0.1265,0.064458,1.397791,2.084875,0,
input,254,5,1.470667,0.081292,3.232458,3.957083,0,
selection,255,5,0.260208,0.056583,3.160208,4.943583,100,1
selection,256,5,0.177666,0.050375,2.579541,4.637,100,2
selection,257,5,0.171083,0.0455,2.66025,4.587042,100,3
selection,258,5,1.128792,0.061042,3.375,5.0255,100,4
selection,259,5,0.203583,0.053875,2.610583,4.571333,100,5
selection,260,5,0.177875,0.041083,2.428916,6.571416,100,6
selection,261,5,0.2795,0.07075,3.074333,7.184,100,7
selection,262,5,0.199958,0.054625,2.778833,6.917458,100,8
selection,263,5,0.244834,0.072709,2.916875,7.004292,100,9
selection,264,5,0.248459,0.048875,3.363709,7.878125,100,10
selection,265,5,0.867667,0.042833,3.466417,7.778792,100,11
selection,266,5,0.182458,0.044667,3.34475,8.085125,100,12
selection,267,5,0.239916,0.060917,3.758333,7.827916,100,13
selection,268,5,0.245375,0.057625,3.621667,7.972833,100,14
selection,269,5,0.162208,0.032958,3.388416,7.968333,100,15
selection,270,5,1.054959,0.053583,4.669792,8.850875,100,16
selection,271,5,0.139041,0.033042,3.631,8.278125,100,17
selection,272,5,0.201459,0.045375,3.695084,7.643209,100,18
selection,273,5,0.27475,0.038958,3.843875,8.311917,100,19
selection,274,5,1.47125,0.043333,5.185542,9.604959,100,20
empty,275,5,0.1455,0.031041,3.217083,5.282208,0,
invoke,276,6,,,4.061,4.764208,0,
input,277,6,0.176,0.221667,9.705875,11.837,3,0
input,278,6,0.130958,0.150125,4.193375,6.469625,2,0
input,279,6,0.343667,0.185458,3.134292,5.244167,1,0
input,280,6,2.974292,0.215791,6.233125,8.057917,1,0
input,281,6,1.101584,0.166708,3.751959,5.450042,1,0
input,282,6,2.099375,0.195792,5.018125,6.467333,1,0
input,283,6,0.119708,0.030708,2.009,3.784416,0,
input,284,6,0.130625,0.034125,1.707125,2.4735,0,
input,285,6,0.167792,0.035417,1.666875,2.387834,0,
input,286,6,0.187792,0.326625,5.695792,8.569,100,0
input,287,6,1.63,0.356792,5.9595,8.90175,100,0
input,288,6,0.138333,0.35975,4.028417,6.440208,100,0
input,289,6,0.177333,0.366292,4.256208,6.519666,100,0
input,290,6,1.213417,0.044417,3.466958,5.62575,0,
input,291,6,3.771666,0.043292,5.409666,6.150916,0,
input,292,6,0.1855,0.035708,3.626416,4.300958,0,
input,293,6,0.114542,0.0675,3.067417,3.72125,0,
input,294,6,0.187708,0.068666,1.943667,2.708167,0,
input,295,6,0.135375,0.071333,1.693334,2.329125,0,
input,296,6,0.104333,0.045541,1.259542,1.866542,0,
input,297,6,0.223,0.065417,2.802042,3.59725,0,
input,298,6,0.195666,0.08675,2.097166,2.889625,0,
input,299,6,0.202625,0.078333,1.865208,2.575333,0,
input,300,6,0.112042,0.061042,1.377917,2.013167,0,
selection,301,6,1.521917,0.059667,4.775709,6.863042,100,1
selection,302,6,1.068666,0.060417,3.845875,6.023625,100,2
selection,303,6,1.455792,0.059209,3.866792,5.58975,100,3
selection,304,6,2.199541,0.075834,4.734291,6.336458,100,4
selection,305,6,0.2065,0.052834,2.734666,4.648916,100,5
selection,306,6,0.19525,0.045916,2.5025,6.549708,100,6
selection,307,6,0.197625,0.045583,2.60525,6.830791,100,7
selection,308,6,0.337459,0.087583,3.192834,7.847792,100,8
selection,309,6,1.735625,0.058083,4.88625,10.02975,100,9
selection,310,6,0.229417,0.0425,3.16575,7.57575,100,10
selection,311,6,0.192125,0.043042,3.062459,7.417209,100,11
selection,312,6,0.208916,0.054,3.640416,8.395541,100,12
selection,313,6,0.245375,0.050542,3.666417,8.08525,100,13
selection,314,6,1.486916,0.041708,4.777208,9.322,100,14
selection,315,6,0.213917,0.046708,3.712167,8.179084,100,15
selection,316,6,4.928125,0.064291,8.543042,13.174583,100,16
selection,317,6,0.228459,0.054375,3.691417,7.935209,100,17
selection,318,6,0.198042,0.041542,3.932292,8.301792,100,18
selection,319,6,0.181167,0.034625,3.593625,7.868542,100,19
selection,320,6,1.142666,0.03825,4.789291,9.385625,100,20
empty,321,6,0.123083,0.033792,1.722708,3.951125,0,
invoke,322,7,,,4.49025,5.238833,0,
input,323,7,1.957625,0.199958,7.646833,10.107292,3,0
input,324,7,8.203833,0.198167,11.611083,13.944833,2,0
input,325,7,1.45225,0.219666,4.54325,6.778917,1,0
input,326,7,1.479834,0.190333,4.282459,5.564084,1,0
input,327,7,0.180791,0.148084,3.141291,4.724916,1,0
input,328,7,0.147667,0.154833,4.723667,6.099417,1,0
input,329,7,0.134167,0.035459,4.295542,6.087125,0,
input,330,7,0.175667,0.046583,2.213459,3.0425,0,
input,331,7,1.674084,0.039084,3.189417,3.838625,0,
input,332,7,0.228791,0.323125,6.396583,9.220625,100,0
input,333,7,1.9785,0.373292,6.546333,9.312667,100,0
input,334,7,0.178083,0.3705,4.242833,6.54175,100,0
input,335,7,0.208625,0.379833,4.828834,7.250709,100,0
input,336,7,0.157083,0.0465,2.589083,5.062208,0,
input,337,7,0.161208,0.039791,1.791917,2.529667,0,
input,338,7,0.146416,0.042625,2.695458,3.319208,0,
input,339,7,0.129041,0.066167,3.4565,4.108583,0,
input,340,7,0.117084,0.049833,1.291292,1.830292,0,
input,341,7,0.09125,0.041292,1.3795,1.936584,0,
input,342,7,1.292208,0.051625,2.396958,2.873417,0,
input,343,7,0.121083,0.06025,2.798083,3.321917,0,
input,344,7,0.182917,0.080583,2.057542,2.829917,0,
input,345,7,0.216125,0.091333,1.987416,2.704541,0,
input,346,7,0.117042,0.063333,1.469125,2.115667,0,
selection,347,7,0.228916,0.047,3.1685,5.1605,100,1
selection,348,7,0.273333,0.07925,2.912791,4.718916,100,2
selection,349,7,0.265334,0.071875,3.080667,4.975792,100,3
selection,350,7,0.215417,0.054042,2.726375,4.505,100,4
selection,351,7,0.304792,0.04125,2.442,4.162,100,5
selection,352,7,2.623958,0.043125,5.049958,9.348042,100,6
selection,353,7,0.208833,0.045917,2.60825,7.482792,100,7
selection,354,7,0.280333,0.066125,3.414041,8.166708,100,8
selection,355,7,0.262166,0.058542,3.331791,7.516708,100,9
selection,356,7,0.248125,0.05425,3.191834,7.415792,100,10
selection,357,7,0.166584,0.033375,2.750167,7.007334,100,11
selection,358,7,1.872959,0.049083,5.015459,9.382709,100,12
selection,359,7,0.242459,0.043208,3.424792,8.12875,100,13
selection,360,7,0.195167,0.040084,3.179125,7.39775,100,14
selection,361,7,0.179375,0.036583,3.231167,7.6315,100,15
selection,362,7,0.186292,0.040583,3.595084,7.873584,100,16
selection,363,7,0.246292,0.06475,3.794542,7.941209,100,17
selection,364,7,0.871834,0.039125,4.404834,9.129625,100,18
selection,365,7,0.146625,0.032833,3.816875,8.046458,100,19
selection,366,7,0.13425,0.027166,3.038375,6.595542,100,20
empty,367,7,0.113459,0.036417,5.5195,7.5845,0,
invoke,368,8,,,5.462125,6.163375,0,
input,369,8,0.166917,0.232625,6.428708,8.610167,3,0
input,370,8,8.116833,0.183333,11.265416,13.352583,2,0
input,371,8,2.229375,0.19825,5.202375,7.326333,1,0
input,372,8,1.451167,0.189667,4.550667,6.063042,1,0
input,373,8,0.186375,0.178875,2.785875,4.171125,1,0
input,374,8,0.204958,0.178667,6.552041,7.750291,1,0
input,375,8,0.137167,0.035542,2.56125,4.382,0,
input,376,8,0.182542,0.056,4.48,5.246583,0,
input,377,8,0.186333,0.037333,1.800333,2.595916,0,
input,378,8,2.671875,0.369167,7.959083,11.265875,100,0
input,379,8,0.167042,0.361708,8.5915,10.97475,100,0
input,380,8,1.421708,0.353375,5.520125,7.812375,100,0
input,381,8,1.4035,0.376084,5.387542,7.535834,100,0
input,382,8,0.11725,0.03575,2.413042,4.857792,0,
input,383,8,3.512375,0.045166,5.262334,6.153542,0,
input,384,8,0.179958,0.039916,3.243333,3.938417,0,
input,385,8,0.181542,0.065125,5.834,6.532917,0,
input,386,8,0.158292,0.060084,3.408125,4.019167,0,
input,387,8,1.054416,0.045792,2.124791,2.678458,0,
input,388,8,0.115125,0.04775,2.864833,3.469333,0,
input,389,8,0.546625,0.072625,2.312667,3.138084,0,
input,390,8,0.156125,0.077875,5.332542,6.016917,0,
input,391,8,0.140291,0.068625,1.528791,2.240208,0,
input,392,8,0.197,0.062084,1.538083,2.172125,0,
selection,393,8,0.243375,0.050375,3.243042,5.286208,100,1
selection,394,8,0.194292,0.05075,2.981167,4.545375,100,2
selection,395,8,0.218583,0.047542,2.794625,4.564042,100,3
selection,396,8,0.286125,0.0705,2.90925,4.660291,100,4
selection,397,8,1.789416,0.069416,4.451041,6.563583,100,5
selection,398,8,1.639875,0.061875,4.372,8.760833,100,6
selection,399,8,0.250167,0.06825,2.999667,7.688459,100,7
selection,400,8,0.221167,0.048167,3.263292,7.32525,100,8
selection,401,8,0.239125,0.052541,3.095708,7.376625,100,9
selection,402,8,0.226375,0.046,3.08,7.422625,100,10
selection,403,8,0.157792,0.031,2.501833,6.407917,100,11
selection,404,8,2.655375,0.04075,5.404125,9.759042,100,12
selection,405,8,0.180292,0.03825,3.121792,7.073708,100,13
selection,406,8,0.177291,0.039083,3.376875,7.847208,100,14
selection,407,8,0.183333,0.039833,3.594083,7.739167,100,15
selection,408,8,0.202333,0.034583,3.121208,7.135167,100,16
selection,409,8,0.188,0.043042,3.772209,8.075875,100,17
selection,410,8,0.16825,0.042084,3.180792,7.398042,100,18
selection,411,8,1.59075,0.041833,5.161083,9.864208,100,19
selection,412,8,0.180542,0.03875,3.866333,8.422208,100,20
empty,413,8,0.138458,0.029417,9.777083,11.717667,0,
invoke,414,9,,,5.714583,6.340083,0,
input,415,9,0.185416,0.226583,6.02425,8.326375,3,0
input,416,9,1.870084,0.194292,5.750875,7.943459,2,0
input,417,9,1.443667,0.193125,4.305417,6.210125,1,0
input,418,9,2.041916,0.193417,5.449041,7.126166,1,0
input,419,9,1.423084,0.179042,4.178292,5.581542,1,0
input,420,9,0.140042,0.108791,2.522542,3.757833,1,0
input,421,9,0.135041,0.035625,3.139958,4.999583,0,
input,422,9,0.190625,0.049792,2.054167,2.829042,0,
input,423,9,1.233417,0.042375,3.0655,3.8185,0,
input,424,9,0.16775,0.367041,5.191042,8.344959,100,0
input,425,9,1.561958,0.32275,5.764958,8.253833,100,0
input,426,9,0.141625,0.373833,4.324916,6.624041,100,0
input,427,9,0.12425,0.371792,4.417917,6.560959,100,0
input,428,9,0.137,0.040042,2.345458,4.851708,0,
input,429,9,2.587667,0.044666,4.415084,5.1145,0,
input,430,9,0.205833,0.038541,3.312708,3.986125,0,
input,431,9,0.165042,0.077083,3.55425,4.228167,0,
input,432,9,0.105209,0.051,1.264084,1.804167,0,
input,433,9,0.16925,0.04925,1.569042,2.166625,0,
input,434,9,0.124833,0.056208,1.431458,2.060125,0,
input,435,9,0.141042,0.059666,2.238083,2.890083,0,
input,436,9,0.130542,0.063833,1.415333,2.02325,0,
input,437,9,0.179459,0.078167,2.24075,2.980459,0,
input,438,9,0.138125,0.076458,1.849417,2.655958,0,
selection,439,9,0.251458,0.050583,3.297291,5.187875,100,1
selection,440,9,0.252917,0.074667,3.128417,4.944375,100,2
selection,441,9,0.216459,0.05025,2.811292,4.658,100,3
selection,442,9,0.174209,0.048375,2.675334,4.514542,100,4
selection,443,9,1.690125,0.037875,3.851125,5.602542,100,5
selection,444,9,0.209125,0.045542,2.503042,6.428792,100,6
selection,445,9,0.191625,0.053125,2.638625,6.804084,100,7
selection,446,9,2.123208,0.067083,4.985208,9.545333,100,8
selection,447,9,0.231625,0.052875,3.23025,7.676417,100,9
selection,448,9,0.227292,0.053959,3.402125,7.697334,100,10
selection,449,9,0.283084,0.075041,3.504584,7.853542,100,11
selection,450,9,0.1725,0.04175,3.226791,7.677,100,12
selection,451,9,1.318583,0.038083,4.239833,8.321875,100,13
selection,452,9,0.19425,0.03925,3.328583,7.737542,100,14
selection,453,9,0.190833,0.040584,3.47825,7.409666,100,15
selection,454,9,0.164792,0.035667,3.323083,7.476792,100,16
selection,455,9,0.143542,0.031708,3.523292,7.676708,100,17
selection,456,9,0.238083,0.06175,3.494208,7.666791,100,18
selection,457,9,1.133958,0.046292,4.974958,9.252333,100,19
selection,458,9,0.1615,0.031125,3.389541,7.672,100,20
empty,459,9,0.118125,0.0325,3.035792,5.025792,0,
invoke,460,10,,,4.461666,5.91475,0,
input,461,10,0.188417,0.242041,6.213458,8.363,3,0
input,462,10,8.220541,0.167209,11.098791,13.169708,2,0
input,463,10,0.756958,0.200709,4.098083,6.657333,1,0
input,464,10,1.436416,0.183,4.256,5.670958,1,0
input,465,10,2.159458,0.160292,4.76175,6.157166,1,0
input,466,10,0.211666,0.139709,3.019166,4.399583,1,0
input,467,10,0.114875,0.036459,2.715125,4.611875,0,
input,468,10,0.189375,0.035459,4.116708,4.917708,0,
input,469,10,0.178625,0.042667,1.863125,2.648542,0,
input,470,10,2.052584,0.37325,7.364459,10.415459,100,0
input,471,10,0.139292,0.36125,4.245667,6.672292,100,0
input,472,10,0.189708,0.380166,4.4705,6.644875,100,0
input,473,10,0.191375,0.388958,6.264916,8.533,100,0
input,474,10,0.097709,0.038083,2.061792,4.399459,0,
input,475,10,0.184708,0.036916,1.803125,2.530125,0,
input,476,10,1.088916,0.035875,2.577875,3.263166,0,
input,477,10,0.182125,0.076458,3.82775,4.51325,0,
input,478,10,0.130083,0.044541,1.185417,1.700458,0,
input,479,10,0.193,0.055208,1.891,2.605875,0,
input,480,10,0.106542,0.058958,1.555333,2.250708,0,
input,481,10,0.163541,0.068084,1.819833,2.57175,0,
input,482,10,0.128417,0.062541,1.48975,2.133917,0,
input,483,10,0.195833,0.060083,1.696541,2.418083,0,
input,484,10,0.135792,0.077,1.826042,2.624959,0,
selection,485,10,0.235459,0.063459,3.469084,5.147167,100,1
selection,486,10,0.214708,0.050125,2.699125,4.656167,100,2
selection,487,10,0.179541,0.04925,2.204041,3.928791,100,3
selection,488,10,0.824417,0.057042,2.97275,4.75225,100,4
selection,489,10,0.164167,0.043334,2.258084,4.359709,100,5
selection,490,10,0.326,0.087917,2.887,6.347541,100,6
selection,491,10,0.161167,0.049208,2.159167,5.786375,100,7
selection,492,10,0.224166,0.062625,3.09025,6.897333,100,8
selection,493,10,0.196833,0.056833,2.651,6.55875,100,9
selection,494,10,0.209625,0.056458,2.6305,6.452,100,10
selection,495,10,0.204583,0.060125,2.66375,6.333208,100,11
selection,496,10,0.201833,0.055042,2.71375,6.761292,100,12
selection,497,10,0.182167,0.051208,2.797209,6.454667,100,13
selection,498,10,0.183667,0.048167,3.124417,6.869167,100,14
selection,499,10,0.171584,0.047375,2.940292,6.77625,100,15
selection,500,10,0.148417,0.047833,2.914959,6.895334,100,16
selection,501,10,0.155208,0.048875,3.1645,6.990708,100,17
selection,502,10,0.144666,0.04,3.195333,7.016,100,18
selection,503,10,0.179958,0.041959,3.147833,6.679166,100,19
selection,504,10,0.157958,0.040542,3.184666,6.561375,100,20
empty,505,10,0.105666,0.031833,6.23825,7.743,0,
invoke,506,11,,,4.285667,4.715667,0,
input,507,11,0.121708,0.107042,3.470916,4.984583,3,0
input,508,11,0.132,0.107584,3.946916,5.900416,2,0
input,509,11,1.412334,0.110667,4.093667,5.698709,1,0
input,510,11,2.716166,0.115292,6.166791,7.371541,1,0
input,511,11,1.729458,0.109083,3.938666,4.844583,1,0
input,512,11,0.102667,0.106666,5.48175,6.480375,1,0
input,513,11,0.099,0.03,5.407041,6.646916,0,
input,514,11,0.115459,0.035167,5.341834,6.009125,0,
input,515,11,0.104541,0.026667,1.323166,1.874166,0,
input,516,11,1.609333,0.269042,5.030708,7.132542,100,0
input,517,11,10.02775,0.263291,12.915292,14.680042,100,0
input,518,11,1.452417,0.3395,5.131458,7.107667,100,0
input,519,11,0.654,0.298084,3.877375,5.816083,100,0
input,520,11,0.934709,0.0385,3.178042,4.885917,0,
input,521,11,0.134208,0.022875,1.224458,1.777166,0,
input,522,11,0.100083,0.028375,4.838166,5.49525,0,
input,523,11,0.112167,0.045792,1.302792,1.861584,0,
input,524,11,1.678333,0.047917,3.544875,4.071708,0,
input,525,11,0.131875,0.048833,4.65925,5.210375,0,
input,526,11,0.10975,0.045167,5.603042,6.221125,0,
input,527,11,0.114541,0.048375,1.377166,2.007083,0,
input,528,11,1.693958,0.046917,2.849458,3.35525,0,
input,529,11,0.104709,0.058125,5.275542,5.938917,0,
input,530,11,0.114834,0.048958,4.9455,5.58575,0,
selection,531,11,1.416583,0.051917,3.780708,5.229666,100,1
selection,532,11,0.148709,0.036583,1.847584,3.239292,100,2
selection,533,11,0.150458,0.03475,2.063875,3.663291,100,3
selection,534,11,1.106166,0.0425,3.036083,4.361666,100,4
selection,535,11,3.17175,0.055458,4.857416,6.187166,100,5
selection,536,11,0.140583,0.040833,1.779291,4.960291,100,6
selection,537,11,0.13075,0.035125,1.73175,4.891166,100,7
selection,538,11,0.150916,0.038334,2.307166,5.626625,100,8
selection,539,11,0.484625,0.04425,2.597958,5.78525,100,9
selection,540,11,1.371875,0.04475,3.479334,6.567625,100,10
selection,541,11,1.17,0.053542,3.395625,6.761625,100,11
selection,542,11,1.34425,0.050666,3.595792,6.648,100,12
selection,543,11,1.432875,0.046416,3.699375,6.79925,100,13
selection,544,11,1.025042,0.053125,3.664417,7.064375,100,14
selection,545,11,0.275667,0.03925,2.876084,6.256167,100,15
selection,546,11,0.448792,0.092042,2.920875,6.050334,100,16
selection,547,11,1.01875,0.047875,3.721583,7.049958,100,17
selection,548,11,0.331375,0.040625,2.925917,6.279542,100,18
selection,549,11,0.450584,0.050375,3.392375,6.949834,100,19
selection,550,11,0.156792,0.040208,3.007459,6.319709,100,20
empty,551,11,0.846334,0.032,2.800084,4.345417,0,
invoke,552,12,,,4.955291,5.397,0,
input,553,12,0.103458,0.111166,7.300916,8.865625,3,0
input,554,12,6.665,0.106166,9.914541,11.571666,2,0
input,555,12,1.444916,0.109416,4.135,5.622875,1,0
input,556,12,2.50375,0.105917,5.48675,6.614666,1,0
input,557,12,0.112792,0.103209,4.165292,5.131542,1,0
input,558,12,0.108416,0.1075,6.282041,7.248708,1,0
input,559,12,0.094833,0.035041,6.410583,7.722167,0,
input,560,12,0.109916,0.032167,5.76125,6.335,0,
input,561,12,0.111958,0.03275,5.577875,6.234875,0,
input,562,12,0.109625,0.278416,7.908209,9.944,100,0
input,563,12,2.514583,0.340167,6.234708,8.067375,100,0
input,564,12,0.788709,0.377167,4.591459,6.209584,100,0
input,565,12,0.940458,0.326667,4.596167,6.211792,100,0
input,566,12,0.846333,0.027625,2.8925,4.398958,0,
input,567,12,6.501625,0.025917,7.582042,8.132958,0,
input,568,12,0.118792,0.03575,6.399542,6.961917,0,
input,569,12,0.120584,0.053542,5.244792,5.793875,0,
input,570,12,0.112542,0.048708,4.620959,5.270834,0,
input,571,12,0.107125,0.0435,1.190458,1.785,0,
input,572,12,2.117417,0.046958,3.430834,3.994084,0,
input,573,12,0.099,0.055125,4.159833,4.700083,0,
input,574,12,0.101791,0.044791,1.154333,1.683666,0,
input,575,12,0.107333,0.044917,4.266375,4.748833,0,
input,576,12,0.111041,0.05,4.934375,5.533333,0,
selection,577,12,2.069792,0.046959,4.181792,5.520208,100,1
selection,578,12,0.128417,0.036417,1.716,3.085583,100,2
selection,579,12,0.154291,0.038083,1.815666,3.12525,100,3
selection,580,12,1.405875,0.05175,3.123042,4.381542,100,4
selection,581,12,0.148292,0.038459,2.032417,3.452792,100,5
selection,582,12,0.140291,0.03425,1.664708,4.742791,100,6
selection,583,12,1.723916,0.036875,3.39825,6.38475,100,7
selection,584,12,1.755834,0.037291,3.379417,6.298125,100,8
selection,585,12,1.798459,0.037625,3.742042,7.140792,100,9
selection,586,12,1.463375,0.050375,3.73325,7.354833,100,10
selection,587,12,0.500833,0.042459,2.599041,5.86825,100,11
selection,588,12,1.0175,0.047458,3.255292,6.74225,100,12
selection,589,12,1.596959,0.0435,3.756709,6.95375,100,13
selection,590,12,1.44575,0.046542,3.733417,7.167958,100,14
selection,591,12,1.663625,0.039666,3.945542,7.540542,100,15
selection,592,12,0.481916,0.045959,3.160916,6.535375,100,16
selection,593,12,0.284709,0.033042,2.865709,6.034125,100,17
selection,594,12,2.059916,0.026458,4.741583,7.9335,100,18
selection,595,12,2.019042,0.02775,4.791792,8.069459,100,19
selection,596,12,0.382459,0.029375,3.355292,6.749125,100,20
empty,597,12,0.088792,0.027166,1.262292,2.68,0,
invoke,598,13,,,2.888333,3.373042,0,
input,599,13,0.103334,0.124167,4.115625,6.057167,3,0
input,600,13,8.221292,0.119875,10.557042,12.335042,2,0
input,601,13,2.805209,0.112625,4.92475,6.520042,1,0
input,602,13,2.828584,0.097125,4.455625,5.357625,1,0
input,603,13,0.121375,0.130208,2.626958,3.755875,1,0
input,604,13,0.112,0.116625,1.999208,3.004541,1,0
input,605,13,0.103167,0.028834,1.663125,3.374875,0,
input,606,13,0.121125,0.031542,1.296375,1.909416,0,
input,607,13,0.124833,0.033333,1.451166,2.068791,0,
input,608,13,0.117083,0.36625,4.127041,7.155125,100,0
input,609,13,0.106083,0.35625,3.577917,5.709417,100,0
input,610,13,1.411833,0.368917,5.012208,6.850708,100,0
input,611,13,0.886584,0.365166,4.492,6.536334,100,0
input,612,13,0.42775,0.035958,2.292833,4.285333,0,
input,613,13,4.491541,0.032292,5.786708,6.404291,0,
input,614,13,0.132625,0.03375,1.581375,2.213,0,
input,615,13,1.1825,0.059833,2.695542,3.373417,0,
input,616,13,0.130167,0.066416,2.418542,3.046875,0,
input,617,13,0.120167,0.053208,1.365125,2.00925,0,
input,618,13,0.126958,0.059959,3.178042,3.893208,0,
input,619,13,0.104541,0.057875,1.366916,1.998375,0,
input,620,13,0.120709,0.061209,1.738792,2.394917,0,
input,621,13,0.069208,0.056667,1.183083,1.806375,0,
input,622,13,5.136417,0.077583,7.016417,7.931959,0,
selection,623,13,0.274416,0.050875,3.530083,5.716541,100,1
selection,624,13,0.258292,0.071583,3.071625,4.86925,100,2
selection,625,13,0.210083,0.050625,2.754458,4.70675,100,3
selection,626,13,0.24725,0.064583,2.816833,4.663875,100,4
selection,627,13,1.599542,0.050458,4.063125,6.08175,100,5
selection,628,13,1.877584,0.040583,4.40875,8.818459,100,6
selection,629,13,0.245792,0.056375,3.035459,7.926584,100,7
selection,630,13,0.145083,0.031625,2.809,7.252083,100,8
selection,631,13,0.216333,0.05525,3.243625,7.794,100,9
selection,632,13,0.238542,0.056292,3.201042,7.592542,100,10
selection,633,13,0.197375,0.038291,3.253208,7.931041,100,11
selection,634,13,0.605375,0.051834,3.656833,7.921333,100,12
selection,635,13,0.876583,0.053375,4.04125,9.0,100,13
selection,636,13,0.211708,0.045667,3.462875,7.950083,100,14
selection,637,13,0.209875,0.042834,3.75775,8.150625,100,15
selection,638,13,2.995459,0.055166,6.656792,11.06525,100,16
selection,639,13,0.197,0.057667,3.404292,7.898458,100,17
selection,640,13,0.178875,0.034542,3.443916,7.411208,100,18
selection,641,13,0.1955,0.040875,4.014292,8.326792,100,19
selection,642,13,0.189458,0.041209,3.693291,7.781458,100,20
empty,643,13,1.894667,0.0455,3.880667,6.035125,0,
invoke,644,14,,,4.925334,5.52375,0,
input,645,14,3.278833,0.20375,8.318291,10.2215,3,0
input,646,14,5.0925,0.217125,8.59875,11.059458,2,0
input,647,14,1.454417,0.214625,4.806708,8.546583,1,0
input,648,14,0.183958,0.1395,2.579042,4.027542,1,0
input,649,14,1.575916,0.179667,4.363791,5.78775,1,0
input,650,14,0.250625,0.14275,2.997375,4.335708,1,0
input,651,14,0.159542,0.036875,9.001292,10.876083,0,
input,652,14,1.471834,0.051042,3.570209,4.329709,0,
input,653,14,0.206417,0.032,2.2055,2.869667,0,
input,654,14,0.167917,0.341,5.000334,8.0375,100,0
input,655,14,0.158625,0.359541,6.704375,9.031958,100,0
input,656,14,1.845625,0.341917,5.665708,7.93875,100,0
input,657,14,0.184875,0.364375,4.3905,6.827291,100,0
input,658,14,1.160292,0.044375,3.33475,5.577833,0,
input,659,14,3.606583,0.041333,5.122833,5.753208,0,
input,660,14,0.1415,0.029875,1.455458,2.081291,0,
input,661,14,0.149167,0.0525,1.577042,2.269875,0,
input,662,14,0.21675,0.0555,1.676083,2.300792,0,
input,663,14,0.0955,0.041667,1.102459,1.646375,0,
input,664,14,0.152709,0.060833,2.013792,2.696292,0,
input,665,14,0.165583,0.072375,1.810625,2.581542,0,
input,666,14,2.054042,0.078875,3.760125,4.46075,0,
input,667,14,0.117458,0.067708,2.403166,3.03575,0,
input,668,14,0.127625,0.061792,1.517042,2.256083,0,
selection,669,14,0.235333,0.047708,3.249375,5.395041,100,1
selection,670,14,0.256416,0.068375,2.872958,4.628791,100,2
selection,671,14,0.234125,0.052792,2.992833,4.6095,100,3
selection,672,14,0.187792,0.047292,2.452917,4.145208,100,4
selection,673,14,1.500459,0.040625,3.71375,5.782209,100,5
selection,674,14,0.198917,0.049167,2.751667,7.107667,100,6
selection,675,14,1.632583,0.040584,3.98375,8.14275,100,7
selection,676,14,0.168458,0.043875,2.62,7.370333,100,8
selection,677,14,0.206792,0.055041,2.76825,7.2245,100,9
selection,678,14,0.19825,0.05125,3.345334,7.598959,100,10
selection,679,14,0.227209,0.061084,3.3775,7.850542,100,11
selection,680,14,0.174542,0.035542,3.072875,7.514667,100,12
selection,681,14,1.969167,0.063375,5.264208,10.122,100,13
selection,682,14,0.196458,0.042292,3.321708,7.6215,100,14
selection,683,14,0.194583,0.041584,3.590083,7.630417,100,15
selection,684,14,0.178959,0.04575,3.331542,7.455584,100,16
selection,685,14,0.191208,0.037083,3.350333,7.391875,100,17
selection,686,14,0.308959,0.061708,3.76025,7.792792,100,18
selection,687,14,1.200208,0.056375,4.856958,8.950541,100,19
selection,688,14,0.14975,0.030833,3.336125,6.895709,100,20
empty,689,14,0.109708,0.033417,1.587542,3.41925,0,
invoke,690,15,,,3.84225,4.602875,0,
input,691,15,0.185083,0.189417,5.999958,8.168958,3,0
input,692,15,0.2535,0.17375,3.5495,6.013333,2,0
input,693,15,1.459375,0.115125,3.701333,5.537583,1,0
input,694,15,2.959208,0.211375,6.191708,7.805875,1,0
input,695,15,1.521458,0.191583,4.415625,5.917333,1,0
input,696,15,1.943,0.190667,4.925166,6.4075,1,0
input,697,15,1.653209,0.042833,3.810417,5.700709,0,
input,698,15,3.147208,0.04425,4.897458,5.672167,0,
input,699,15,0.174875,0.039667,2.143167,2.8325,0,
input,700,15,7.019125,0.362,12.011958,14.953125,100,0
input,701,15,0.136375,0.345542,4.1185,6.656541,100,0
input,702,15,0.189792,0.367833,4.426959,6.667417,100,0
input,703,15,0.148625,0.36625,6.3325,8.420833,100,0
input,704,15,0.144334,0.037917,2.273542,4.603709,0,
input,705,15,0.202,0.047583,2.270875,3.125208,0,
input,706,15,0.522292,0.042833,2.218959,2.956917,0,
input,707,15,0.197166,0.067834,3.842,4.523166,0,
input,708,15,0.133792,0.052583,1.332834,1.862625,0,
input,709,15,0.167167,0.076958,3.200292,3.846167,0,
input,710,15,0.136125,0.053458,1.439792,2.045333,0,
input,711,15,0.100208,0.053875,1.853333,2.532041,0,
input,712,15,0.966334,0.055667,2.220709,2.843334,0,
input,713,15,0.161334,0.063125,2.903209,3.607417,0,
input,714,15,0.803375,0.067541,2.243958,2.874583,0,
selection,715,15,0.249875,0.049458,3.4535,5.44025,100,1
selection,716,15,0.288959,0.063792,3.004917,4.765792,100,2
selection,717,15,0.191,0.043708,2.39475,3.988041,100,3
selection,718,15,0.782542,0.049333,3.027875,4.56375,100,4
selection,719,15,0.219291,0.057667,2.739333,4.93475,100,5
selection,720,15,0.209125,0.049375,2.946,7.1555,100,6
selection,721,15,0.218125,0.044167,2.748084,7.04125,100,7
selection,722,15,0.22575,0.051459,3.07525,8.081667,100,8
selection,723,15,0.778583,0.064625,3.745792,8.859625,100,9
selection,724,15,0.216459,0.041958,3.209667,7.988125,100,10
selection,725,15,0.160125,0.036375,3.109958,7.411,100,11
selection,726,15,0.164208,0.04925,3.205041,7.743708,100,12
selection,727,15,5.915041,0.059292,9.134208,14.015958,100,13
selection,728,15,0.273583,0.080667,4.257916,8.666708,100,14
selection,729,15,0.2565,0.057125,3.499458,7.922333,100,15
selection,730,15,2.480334,0.06025,5.715667,10.394,100,16
selection,731,15,0.2175,0.046458,3.765917,8.880292,100,17
selection,732,15,0.330917,0.095459,4.346667,9.009,100,18
selection,733,15,1.3205,0.073541,5.006417,9.382584,100,19
selection,734,15,0.221541,0.043958,3.912916,8.299458,100,20
empty,735,15,0.169375,0.035041,3.203041,5.387833,0,
invoke,736,16,,,4.203542,4.90325,0,
input,737,16,0.192458,0.157458,6.099625,8.180417,3,0
input,738,16,7.955166,0.188542,11.264041,13.300291,2,0
input,739,16,1.434334,0.186125,4.421417,6.65675,1,0
input,740,16,1.050875,0.207416,4.249209,5.752375,1,0
input,741,16,0.221666,0.15725,3.0335,4.44175,1,0
input,742,16,0.226833,0.161875,4.521583,5.997708,1,0
input,743,16,0.15675,0.0375,5.010958,6.806791,0,
input,744,16,0.17975,0.040625,4.239833,5.041375,0,
input,745,16,0.174375,0.046167,1.997459,2.798542,0,
input,746,16,1.289125,0.357709,6.259792,9.17325,100,0
input,747,16,0.135458,0.338625,4.125916,6.678333,100,0
input,748,16,0.184958,0.355167,4.406792,6.692458,100,0
input,749,16,0.186042,0.386208,4.634917,6.676167,100,0
input,750,16,0.157792,0.040792,4.182042,6.517125,0,
input,751,16,0.23275,0.048416,2.448708,3.357708,0,
input,752,16,1.417333,0.040334,3.010083,3.695708,0,
input,753,16,5.105667,0.05375,6.625,7.377667,0,
input,754,16,0.148291,0.073958,2.60575,3.254458,0,
input,755,16,0.1025,0.045083,1.165,1.694917,0,
input,756,16,0.155541,0.053375,1.933541,2.561125,0,
input,757,16,0.155625,0.072458,1.764625,2.509083,0,
input,758,16,0.165875,0.070583,1.690042,2.41775,0,
input,759,16,0.142834,0.074041,1.908125,2.707125,0,
input,760,16,0.231083,0.079125,1.804625,2.548333,0,
selection,761,16,0.279125,0.046833,3.282208,5.340916,100,1
selection,762,16,0.261791,0.067333,2.641541,4.27375,100,2
selection,763,16,0.219625,0.054291,3.007583,4.793916,100,3
selection,764,16,0.19425,0.045917,2.488208,4.283625,100,4
selection,765,16,1.561208,0.066875,3.988041,6.067375,100,5
selection,766,16,1.754292,0.04325,4.01325,8.205667,100,6
selection,767,16,0.218375,0.049584,2.759875,7.099708,100,7
selection,768,16,0.203208,0.047459,2.801583,7.100375,100,8
selection,769,16,0.204042,0.048167,2.90125,7.445375,100,9
selection,770,16,0.224584,0.046666,3.338292,7.659334,100,10
selection,771,16,0.2525,0.062833,3.21725,7.363,100,11
selection,772,16,0.176584,0.035792,3.042292,7.205959,100,12
selection,773,16,2.104834,0.056291,5.214917,9.522459,100,13
selection,774,16,0.194375,0.042542,3.117542,7.059083,100,14
selection,775,16,0.180667,0.034792,3.2275,7.301792,100,15
selection,776,16,0.176083,0.036958,3.278167,7.283917,100,16
selection,777,16,0.167042,0.031375,3.576125,7.522292,100,17
selection,778,16,0.181584,0.048167,3.430875,8.106334,100,18
selection,779,16,1.161166,0.058,5.144041,9.641458,100,19
selection,780,16,0.150834,0.034,3.355917,7.024875,100,20
empty,781,16,0.117042,0.041542,7.066334,9.040459,0,
invoke,782,17,,,4.066833,6.380708,0,
input,783,17,0.181958,0.212041,5.995916,8.189625,3,0
input,784,17,0.173417,0.147875,3.10175,5.224667,2,0
input,785,17,0.270542,0.162709,3.328,5.447084,1,0
input,786,17,1.514208,0.206834,4.766542,6.2575,1,0
input,787,17,0.16625,0.16775,3.353209,5.024,1,0
input,788,17,0.234583,0.141083,4.868791,6.225041,1,0
input,789,17,0.176416,0.0395,6.15375,8.117375,0,
input,790,17,0.237625,0.039584,2.338916,3.15075,0,
input,791,17,0.171875,0.046208,1.93075,2.744916,0,
input,792,17,0.218209,0.34925,4.564542,7.53625,100,0
input,793,17,0.715667,0.360791,5.224459,7.716834,100,0
input,794,17,0.195625,0.358209,4.353875,6.576916,100,0
input,795,17,0.194917,0.37975,4.376875,6.355292,100,0
input,796,17,0.139125,0.041,2.257958,4.633542,0,
input,797,17,0.182959,0.040542,1.922542,2.671792,0,
input,798,17,0.197375,0.036875,2.30225,3.032334,0,
input,799,17,0.153792,0.0465,1.409167,1.98575,0,
input,800,17,0.204333,0.05575,1.707333,2.42025,0,
input,801,17,0.200708,0.074167,2.043583,2.814375,0,
input,802,17,1.744458,0.0675,3.462833,4.1615,0,
input,803,17,0.138916,0.070541,2.493583,3.139666,0,
input,804,17,0.0985,0.058958,1.2595,1.817625,0,
input,805,17,0.187041,0.066333,1.863208,2.661041,0,
input,806,17,0.172,0.07175,2.02325,2.928,0,
selection,807,17,0.246458,0.049958,3.41375,5.414458,100,1
selection,808,17,0.262958,0.06825,3.322,5.107125,100,2
selection,809,17,0.763584,0.037667,3.021625,4.706792,100,3
selection,810,17,0.255958,0.067,3.171167,5.02125,100,4
selection,811,17,0.200458,0.047333,2.648875,4.618791,100,5
selection,812,17,0.190375,0.039125,2.476125,6.764666,100,6
selection,813,17,0.222459,0.044083,2.901375,7.342084,100,7
selection,814,17,0.237875,0.051375,3.095959,7.61725,100,8
selection,815,17,0.258791,0.063542,3.017833,7.539583,100,9
selection,816,17,1.563708,0.046583,4.385,8.8905,100,10
selection,817,17,0.203375,0.053292,3.401958,8.006291,100,11
selection,818,17,0.22675,0.04475,3.3295,7.37825,100,12
selection,819,17,0.227416,0.055958,3.1775,7.254916,100,13
selection,820,17,0.27775,0.06475,3.714666,8.062375,100,14
selection,821,17,1.734458,0.05075,4.804791,9.262416,100,15
selection,822,17,0.206625,0.042833,3.4545,7.599167,100,16
selection,823,17,0.169458,0.039917,3.48575,7.477,100,17
selection,824,17,0.224208,0.057791,4.1115,8.219375,100,18
selection,825,17,0.216083,0.050458,3.745,8.0135,100,19
selection,826,17,0.968209,0.025125,3.883375,7.463875,100,20
empty,827,17,0.118792,0.03275,1.863667,4.185667,0,
invoke,828,18,,,4.189125,4.876458,0,
input,829,18,2.323917,0.200625,7.344042,9.436375,3,0
input,830,18,1.620375,0.17875,4.443667,6.316292,2,0
input,831,18,3.556167,0.18225,6.647167,8.808834,1,0
input,832,18,1.46675,0.19225,4.357875,5.80925,1,0
input,833,18,0.169292,0.146375,3.133333,4.466125,1,0
input,834,18,0.198667,0.196917,4.344,5.642709,1,0
input,835,18,0.113416,0.036625,2.085208,4.276875,0,
input,836,18,0.191209,0.042083,1.90625,2.706834,0,
input,837,18,0.154208,0.0355,1.631375,2.425583,0,
input,838,18,0.212625,0.368666,4.992417,7.936375,100,0
input,839,18,0.152,0.319416,6.040834,8.232,100,0
input,840,18,0.195625,0.344417,4.792083,7.088583,100,0
input,841,18,0.182625,0.349416,5.07175,7.005625,100,0
input,842,18,1.492041,0.032209,3.287,5.212708,0,
input,843,18,0.133125,0.029708,1.408292,2.007833,0,
input,844,18,0.134541,0.033542,2.43375,3.075125,0,
input,845,18,0.144875,0.049375,1.483417,2.101667,0,
input,846,18,0.114667,0.065125,3.20475,3.909625,0,
input,847,18,0.136834,0.06475,1.51425,2.144417,0,
input,848,18,0.173417,0.063542,1.836458,2.498583,0,
input,849,18,1.047375,0.076209,2.659416,3.348125,0,
input,850,18,0.117542,0.059958,2.34125,2.998625,0,
input,851,18,0.254833,0.075875,1.917917,2.617042,0,
input,852,18,0.179084,0.082333,1.963542,2.786417,0,
selection,853,18,0.2665,0.04925,3.164208,4.98625,100,1
selection,854,18,0.226792,0.063125,2.983459,4.552875,100,2
selection,855,18,0.173833,0.041959,2.632542,4.42375,100,3
selection,856,18,1.129583,0.040708,3.302875,4.922375,100,4
selection,857,18,0.238833,0.066083,2.718458,4.368792,100,5
selection,858,18,4.742833,0.055916,7.144958,11.26675,100,6
selection,859,18,0.199625,0.048833,2.559709,6.8005,100,7
selection,860,18,1.065917,0.043625,3.740542,7.814917,100,8
selection,861,18,0.220791,0.047791,3.12325,7.520708,100,9
selection,862,18,0.167209,0.039542,3.120625,7.270584,100,10
selection,863,18,0.232291,0.047041,3.431791,7.804291,100,11
selection,864,18,0.235958,0.056541,3.466083,7.625875,100,12
selection,865,18,0.155583,0.032875,2.845667,6.365,100,13
selection,866,18,0.1685,0.061125,3.276542,7.670042,100,14
selection,867,18,1.290709,0.0615,4.881292,9.558459,100,15
selection,868,18,0.182375,0.039041,3.367875,7.677125,100,16
selection,869,18,0.171583,0.038583,3.631667,7.641875,100,17
selection,870,18,0.242209,0.050916,3.795625,8.639709,100,18
selection,871,18,0.991084,0.053917,4.744542,9.445625,100,19
selection,872,18,0.210917,0.044542,3.929084,8.148834,100,20
empty,873,18,0.118917,0.035417,5.777917,7.723583,0,
invoke,874,19,,,3.998083,4.68225,0,
input,875,19,0.153,0.1845,5.378375,7.45875,3,0
input,876,19,7.360833,0.16975,10.495625,12.929166,2,0
input,877,19,1.430667,0.170208,4.306708,6.485375,1,0
input,878,19,2.211416,0.199167,5.2635,6.736833,1,0
input,879,19,1.793333,0.187958,4.525083,5.884208,1,0
input,880,19,0.143458,0.144875,2.978625,4.411125,1,0
input,881,19,0.153083,0.035125,3.7855,5.609958,0,
input,882,19,0.227958,0.047458,2.420083,3.275,0,
input,883,19,1.678166,0.04875,3.392916,4.151375,0,
input,884,19,3.952333,0.348291,8.85575,11.751708,100,0
input,885,19,0.132958,0.335166,4.250292,6.655625,100,0
input,886,19,0.176083,0.355,4.381958,6.453208,100,0
input,887,19,0.191208,0.384917,4.626792,6.689917,100,0
input,888,19,0.129833,0.035292,4.581333,6.7285,0,
input,889,19,0.194875,0.045667,2.070459,2.907,0,
input,890,19,0.629834,0.040541,2.25325,2.925417,0,
input,891,19,0.15675,0.053959,3.198167,3.839,0,
input,892,19,0.115833,0.04825,1.210375,1.762875,0,
input,893,19,0.175666,0.061125,5.025458,5.70825,0,
input,894,19,0.159084,0.068125,1.599084,2.275584,0,
input,895,19,1.41125,0.073375,2.84425,3.433042,0,
input,896,19,0.112459,0.075792,2.839,3.5375,0,
input,897,19,0.810417,0.063083,2.020917,2.61525,0,
input,898,19,0.175458,0.066625,3.2495,3.944416,0,
selection,899,19,0.285208,0.051333,3.326458,5.155,100,1
selection,900,19,0.206459,0.052042,3.503334,5.303292,100,2
selection,901,19,0.2285,0.047375,2.369209,3.933959,100,3
selection,902,19,2.133042,0.076458,4.293125,5.948958,100,4
selection,903,19,0.209125,0.055583,2.588792,4.439167,100,5
selection,904,19,0.257334,0.060708,3.134125,7.354834,100,6
selection,905,19,0.268834,0.068667,2.977792,7.509334,100,7
selection,906,19,0.216125,0.051791,2.848083,7.441333,100,8
selection,907,19,0.22,0.05025,3.22975,8.220416,100,9
selection,908,19,0.973,0.043792,3.714791,8.242583,100,10
selection,909,19,0.226416,0.053333,3.285916,8.018375,100,11
selection,910,19,0.15975,0.037625,3.071166,7.1815,100,12
selection,911,19,4.719958,0.044041,7.656542,12.098958,100,13
selection,912,19,0.191458,0.041791,3.388375,7.967333,100,14
selection,913,19,0.175958,0.034292,3.325583,7.740208,100,15
selection,914,19,0.163208,0.035542,3.361541,7.3135,100,16
selection,915,19,0.190333,0.041958,3.570208,8.193375,100,17
selection,916,19,0.166042,0.032292,3.384875,6.967542,100,18
selection,917,19,0.171958,0.0605,3.706458,8.273917,100,19
selection,918,19,1.380833,0.051458,5.150667,9.639375,100,20
empty,919,19,0.134833,0.0405,1.775291,3.958708,0,
invoke,920,20,,,7.916709,9.387334,0,
input,921,20,1.15475,0.204709,6.089958,8.05525,3,0
input,922,20,0.191292,0.191416,3.289375,5.272417,2,0
input,923,20,1.897208,0.146875,4.711125,6.568583,1,0
input,924,20,2.454792,0.165833,5.147375,6.553708,1,0
input,925,20,2.168958,0.185084,4.955333,6.360791,1,0
input,926,20,2.19675,0.178542,4.887834,6.131375,1,0
input,927,20,0.105625,0.030416,1.840667,3.57725,0,
input,928,20,0.183917,0.043292,1.971834,2.888917,0,
input,929,20,1.977208,0.047,3.433292,4.066958,0,
input,930,20,0.207708,0.356417,5.346416,8.454791,100,0
input,931,20,1.302208,0.365,5.694292,8.330833,100,0
input,932,20,0.183083,0.352084,4.384458,6.707042,100,0
input,933,20,0.618416,0.381166,4.777291,7.399833,100,0
input,934,20,0.113084,0.033334,1.91225,4.232167,0,
input,935,20,3.495875,0.042417,5.280583,6.126625,0,
input,936,20,0.161834,0.034708,1.733125,2.501584,0,
input,937,20,0.167417,0.071083,2.020292,2.858667,0,
input,938,20,1.924167,0.065083,3.465292,4.13025,0,
input,939,20,0.152458,0.072334,2.80175,3.500833,0,
input,940,20,0.16025,0.069208,1.906084,2.807334,0,
input,941,20,0.148375,0.066291,1.75425,2.492791,0,
input,942,20,0.16,0.072917,1.76725,2.588833,0,
input,943,20,0.095833,0.088416,1.681875,2.415667,0,
input,944,20,0.130583,0.069209,1.566042,2.329375,0,
selection,945,20,0.304375,0.060042,3.717625,5.655917,100,1
selection,946,20,0.220042,0.051375,3.050375,4.743042,100,2
selection,947,20,0.241125,0.0575,2.781917,4.899,100,3
selection,948,20,0.546833,0.043125,3.132333,4.883417,100,4
selection,949,20,0.183291,0.055,2.713833,4.887416,100,5
selection,950,20,0.272291,0.061875,3.344708,7.535333,100,6
selection,951,20,0.312542,0.084042,2.828334,7.485167,100,7
selection,952,20,1.727667,0.054291,4.535459,9.324292,100,8
selection,953,20,0.255583,0.047084,3.740375,8.741291,100,9
selection,954,20,0.242875,0.063458,3.017959,7.548625,100,10
selection,955,20,0.190709,0.049458,3.097334,7.273125,100,11
selection,956,20,2.264583,0.058542,5.322791,9.379208,100,12
selection,957,20,0.202125,0.04425,3.150667,7.801792,100,13
selection,958,20,0.213959,0.048209,3.767417,8.179,100,14
selection,959,20,0.195625,0.050834,3.314792,7.541209,100,15
selection,960,20,0.150292,0.029042,2.807333,6.685375,100,16
selection,961,20,0.214209,0.047042,3.569042,8.145125,100,17
selection,962,20,0.406084,0.036375,4.025584,8.34825,100,18
selection,963,20,0.213167,0.047291,4.079208,8.935292,100,19
selection,964,20,0.221583,0.043625,3.97675,8.206167,100,20
empty,965,20,0.134333,0.039542,1.989375,4.051791,0,
invoke,966,21,,,5.228416,5.884208,0,
input,967,21,0.16125,0.237834,9.02325,11.419,3,0
input,968,21,0.165083,0.200125,4.751458,6.931542,2,0
input,969,21,0.186958,0.184,3.496125,5.6045,1,0
input,970,21,0.343458,0.159334,3.063708,4.807083,1,0
input,971,21,1.41025,0.174333,4.150833,5.72225,1,0
input,972,21,1.984125,0.211875,5.021875,6.660833,1,0
input,973,21,1.35525,0.047542,3.503833,5.432375,0,
input,974,21,3.625125,0.043208,5.431708,6.277666,0,
input,975,21,0.186583,0.041583,3.842708,4.585291,0,
input,976,21,0.230959,0.333792,5.891917,9.067084,100,0
input,977,21,1.390375,0.42475,6.293666,8.562208,100,0
input,978,21,0.14925,0.346042,4.363084,6.515417,100,0
input,979,21,0.15875,0.412958,8.316583,10.6175,100,0
input,980,21,0.111916,0.037166,2.743375,4.999333,0,
input,981,21,0.193291,0.037833,3.926,4.591791,0,
input,982,21,0.178375,0.039292,1.825042,2.680292,0,
input,983,21,2.114709,0.064916,3.694709,4.340209,0,
input,984,21,0.149458,0.06,3.516625,4.172416,0,
input,985,21,0.184667,0.072583,2.025542,2.784458,0,
input,986,21,0.155666,0.057709,2.421333,3.169958,0,
input,987,21,0.115375,0.061,1.335084,1.901,0,
input,988,21,0.215125,0.057625,1.866125,2.548125,0,
input,989,21,0.135375,0.064542,1.545834,2.195459,0,
input,990,21,0.128084,0.05975,1.518334,2.138292,0,
selection,991,21,0.206041,0.056167,3.168458,5.195333,100,1
selection,992,21,0.270166,0.061292,2.99325,4.751083,100,2
selection,993,21,0.227,0.050084,2.485541,4.402875,100,3
selection,994,21,1.088458,0.036667,3.378875,4.935625,100,4
selection,995,21,0.225167,0.051542,2.844,4.96,100,5
selection,996,21,0.283917,0.063167,2.778917,6.835208,100,6
selection,997,21,0.247209,0.052125,2.831792,6.88025,100,7
selection,998,21,0.220708,0.050334,2.981291,7.348083,100,8
selection,999,21,0.255666,0.061958,3.327041,8.372916,100,9
selection,1000,21,0.286208,0.057583,2.943875,6.934791,100,10
selection,1001,21,0.204834,0.058042,3.060709,7.7005,100,11
selection,1002,21,1.159792,0.048583,4.2235,8.949,100,12
selection,1003,21,0.19925,0.042334,3.296166,7.953083,100,13
selection,1004,21,0.215417,0.052042,3.481,7.501667,100,14
selection,1005,21,0.37225,0.062125,3.579208,7.797375,100,15
selection,1006,21,0.19175,0.047917,3.448958,7.398666,100,16
selection,1007,21,1.193917,0.05025,4.912834,9.221125,100,17
selection,1008,21,0.145875,0.031458,3.058083,6.805333,100,18
selection,1009,21,0.16875,0.04325,3.5205,7.86275,100,19
selection,1010,21,0.167042,0.045166,3.543875,7.696417,100,20
empty,1011,21,0.137,0.036541,4.852916,7.040708,0,
invoke,1012,22,,,6.290208,7.087125,0,
input,1013,22,1.620917,0.201,7.193834,9.396292,3,0
input,1014,22,7.420292,0.201709,10.616417,13.057583,2,0
input,1015,22,2.270792,0.188583,5.174542,7.357875,1,0
input,1016,22,1.195792,0.160334,4.032708,5.728208,1,0
input,1017,22,0.195292,0.131959,3.043958,4.462083,1,0
input,1018,22,0.205458,0.133916,3.806708,5.103458,1,0
input,1019,22,0.131375,0.037875,4.45475,6.491875,0,
input,1020,22,0.215834,0.049834,5.168209,5.949792,0,
input,1021,22,0.216834,0.048291,2.129334,2.982084,0,
input,1022,22,0.151125,0.313666,4.648875,7.64725,100,0
input,1023,22,0.466333,0.33975,4.404125,6.762792,100,0
input,1024,22,0.183958,0.36025,4.181791,6.498041,100,0
input,1025,22,0.172375,0.37725,4.145084,6.303834,100,0
input,1026,22,0.420084,0.047,2.697375,5.087459,0,
input,1027,22,3.937291,0.04275,5.668416,6.439041,0,
input,1028,22,0.147584,0.035875,2.079334,2.80575,0,
input,1029,22,0.15425,0.064333,1.609875,2.192,0,
input,1030,22,0.193042,0.055666,2.650958,3.275708,0,
input,1031,22,0.13525,0.06425,1.637708,2.322417,0,
input,1032,22,0.177333,0.059916,1.811875,2.484416,0,
input,1033,22,0.129375,0.079583,4.64425,5.390541,0,
input,1034,22,0.103958,0.054667,1.272042,1.826667,0,
input,1035,22,0.135875,0.063042,2.43325,3.082083,0,
input,1036,22,0.129375,0.063625,1.511583,2.148958,0,
selection,1037,22,0.179333,0.048333,2.983583,4.839125,100,1
selection,1038,22,0.185292,0.0465,2.332167,3.836209,100,2
selection,1039,22,0.158625,0.036416,2.276167,4.133875,100,3
selection,1040,22,1.441666,0.043167,3.618041,4.998666,100,4
selection,1041,22,0.23825,0.063709,2.535875,4.419334,100,5
selection,1042,22,4.853958,0.048709,7.479958,11.57075,100,6
selection,1043,22,1.374417,0.041917,4.020209,8.484084,100,7
selection,1044,22,0.220167,0.045334,3.05075,7.624042,100,8
selection,1045,22,0.171375,0.032584,2.940375,7.830917,100,9
selection,1046,22,0.2735,0.068333,3.416666,7.894833,100,10
selection,1047,22,0.175083,0.0415,3.049291,7.584208,100,11
selection,1048,22,2.063458,0.060625,5.338375,10.060916,100,12
selection,1049,22,0.216583,0.050375,3.281125,7.694166,100,13
selection,1050,22,0.180667,0.044625,3.469833,7.820208,100,14
selection,1051,22,0.188292,0.039,3.27925,7.701042,100,15
selection,1052,22,0.244583,0.090667,3.718833,8.122041,100,16
selection,1053,22,1.306708,0.0335,4.606458,9.1165,100,17
selection,1054,22,0.213125,0.047709,3.713459,7.614834,100,18
selection,1055,22,0.184416,0.04475,3.845083,8.02975,100,19
selection,1056,22,0.276375,0.048791,3.845917,8.164542,100,20
empty,1057,22,1.814416,0.041834,3.745708,6.05475,0,
invoke,1058,23,,,8.12825,9.036084,0,
input,1059,23,0.492041,0.243084,5.779916,7.771333,3,0
input,1060,23,7.306084,0.171708,10.509459,13.076792,2,0
input,1061,23,1.409125,0.178666,4.707666,8.178041,1,0
input,1062,23,1.381375,0.144291,3.869541,5.336416,1,0
input,1063,23,0.146916,0.128,2.820458,4.067666,1,0
input,1064,23,0.184708,0.146375,4.260458,5.565041,1,0
input,1065,23,0.120375,0.040917,2.381125,4.147166,0,
input,1066,23,0.16525,0.034542,1.845792,2.736208,0,
input,1067,23,0.240083,0.038625,2.877875,3.786917,0,
input,1068,23,0.1175,0.320875,4.613125,7.574625,100,0
input,1069,23,0.159291,0.360083,4.547291,7.032583,100,0
input,1070,23,0.222583,0.350959,5.964333,7.907875,100,0
input,1071,23,0.16425,0.346917,4.098042,6.143167,100,0
input,1072,23,0.130334,0.035917,2.106959,4.20425,0,
input,1073,23,0.134625,0.035417,1.729042,2.412667,0,
input,1074,23,1.24125,0.032333,2.545958,3.155458,0,
input,1075,23,0.15125,0.055917,2.343167,3.000417,0,
input,1076,23,0.130458,0.051666,1.439708,2.045,0,
input,1077,23,0.138125,0.053625,1.651667,2.22075,0,
input,1078,23,0.103,0.045625,1.13225,1.648625,0,
input,1079,23,0.183667,0.081792,5.467,6.338583,0,
input,1080,23,0.1565,0.064541,3.273916,3.980625,0,
input,1081,23,0.159083,0.073917,1.838625,2.61675,0,
input,1082,23,0.174,0.06575,1.943875,2.73575,0,
selection,1083,23,0.2065,0.075042,3.088708,4.884166,100,1
selection,1084,23,0.170125,0.040666,2.43325,4.110208,100,2
selection,1085,23,0.257,0.04575,2.438834,3.981917,100,3
selection,1086,23,0.232417,0.054416,2.360792,4.035583,100,4
selection,1087,23,0.30475,0.049292,2.7305,4.642458,100,5
selection,1088,23,0.199583,0.048292,2.790458,7.273417,100,6
selection,1089,23,0.199083,0.045416,2.752583,7.2315,100,7
selection,1090,23,0.246125,0.061708,3.365875,7.8185,100,8
selection,1091,23,0.291667,0.064583,2.946542,7.221458,100,9
selection,1092,23,0.20125,0.043625,2.847167,7.439959,100,10
selection,1093,23,2.160625,0.045875,5.141708,9.62775,100,11
selection,1094,23,0.150833,0.032625,2.984292,7.554458,100,12
selection,1095,23,0.224833,0.052292,3.243916,7.385625,100,13
selection,1096,23,0.177458,0.036792,3.180333,7.176,100,14
selection,1097,23,0.192459,0.035333,3.6045,7.94625,100,15
selection,1098,23,0.33025,0.075583,3.519625,7.509917,100,16
selection,1099,23,0.212417,0.060167,3.419167,7.817959,100,17
selection,1100,23,1.526708,0.047875,4.995666,8.969625,100,18
selection,1101,23,0.144666,0.035834,3.210083,7.178833,100,19
selection,1102,23,0.143167,0.027625,3.214792,7.501,100,20
empty,1103,23,0.125958,0.039042,3.126125,5.2095,0,
invoke,1104,24,,,4.73775,5.410167,0,
input,1105,24,0.203917,0.211875,6.011083,8.195875,3,0
input,1106,24,0.180708,0.214208,4.024416,5.9725,2,0
input,1107,24,0.47875,0.174583,3.322584,5.421209,1,0
input,1108,24,0.190792,0.180792,2.963875,4.138375,1,0
input,1109,24,2.205584,0.201833,5.109542,6.576459,1,0
input,1110,24,1.961209,0.151042,4.478959,5.798709,1,0
input,1111,24,2.101583,0.042917,4.408083,6.382041,0,
input,1112,24,3.38125,0.043875,5.255708,6.144417,0,
input,1113,24,1.907417,0.043375,3.71325,4.483458,0,
input,1114,24,0.179541,0.347584,6.324166,9.316375,100,0
input,1115,24,1.512125,0.3135,5.789875,8.279083,100,0
input,1116,24,0.177708,0.353459,4.143125,6.272583,100,0
input,1117,24,0.159,0.395333,4.723083,6.8675,100,0
input,1118,24,0.127791,0.043916,2.297833,4.819833,0,
input,1119,24,2.766917,0.032375,4.313417,5.041042,0,
input,1120,24,0.19575,0.032416,1.588458,2.260833,0,
input,1121,24,0.150708,0.060875,1.614083,2.345083,0,
input,1122,24,2.455625,0.085042,4.160167,4.837042,0,
input,1123,24,0.183125,0.06025,2.789791,3.516541,0,
input,1124,24,0.15225,0.067083,1.701834,2.409417,0,
input,1125,24,0.1565,0.069709,2.197083,2.978833,0,
input,1126,24,0.128333,0.06425,1.743041,2.473625,0,
input,1127,24,1.365875,0.07425,2.847208,3.505875,0,
input,1128,24,0.13675,0.083625,5.414584,6.183209,0,
selection,1129,24,0.271333,0.05575,3.600083,6.143,100,1
selection,1130,24,0.262208,0.073625,2.961,4.576208,100,2
selection,1131,24,0.249333,0.055667,2.697625,4.495458,100,3
selection,1132,24,1.536209,0.047875,3.991792,5.657167,100,4
selection,1133,24,0.188417,0.043459,2.538542,4.408875,100,5
selection,1134,24,0.182,0.043333,2.549083,6.405,100,6
selection,1135,24,0.34325,0.067625,2.997417,7.312375,100,7
selection,1136,24,0.169,0.044416,2.594125,6.684667,100,8
selection,1137,24,0.182625,0.041,2.7005,7.110416,100,9
selection,1138,24,0.167625,0.037875,2.807916,6.963125,100,10
selection,1139,24,2.279542,0.078333,5.509083,10.336292,100,11
selection,1140,24,0.20525,0.050541,3.070333,6.922292,100,12
selection,1141,24,0.2205,0.051875,3.593916,7.826583,100,13
selection,1142,24,0.229666,0.05575,3.453583,7.556,100,14
selection,1143,24,0.170375,0.035,2.986375,6.910208,100,15
selection,1144,24,0.297542,0.064917,3.470875,7.900042,100,16
selection,1145,24,1.128042,0.060167,4.400625,8.884333,100,17
selection,1146,24,0.284375,0.067,4.302292,8.669834,100,18
selection,1147,24,0.231416,0.0505,3.923666,8.209208,100,19
selection,1148,24,0.182375,0.039458,3.699208,8.192042,100,20
empty,1149,24,0.354333,0.039583,2.05675,4.015792,0,
invoke,1150,25,,,4.400375,5.086375,0,
input,1151,25,0.191292,0.209333,9.060917,11.16825,3,0
input,1152,25,0.188083,0.176334,3.171958,5.85425,2,0
input,1153,25,1.342709,0.2575,5.745667,8.096917,1,0
input,1154,25,0.867541,0.211459,4.078125,5.930625,1,0
input,1155,25,1.452625,0.230584,4.67875,6.4265,1,0
input,1156,25,0.178292,0.184333,5.537208,6.798375,1,0
input,1157,25,0.150375,0.03625,2.917583,4.821792,0,
input,1158,25,1.8025,0.035,3.153417,3.854,0,
input,1159,25,0.146459,0.039959,3.431125,4.072584,0,
input,1160,25,0.193791,0.296083,4.987791,7.585083,100,0
input,1161,25,0.144625,0.368459,4.817625,7.338125,100,0
input,1162,25,0.134,0.3485,3.905709,5.829042,100,0
input,1163,25,0.191,0.354042,4.259041,6.221208,100,0
input,1164,25,0.093333,0.029375,1.646125,3.761166,0,
input,1165,25,1.374667,0.033,2.861292,3.470667,0,
input,1166,25,0.124667,0.033167,4.912375,5.548875,0,
input,1167,25,0.113833,0.042167,1.248375,1.831708,0,
input,1168,25,2.1745,0.044166,3.269166,3.790666,0,
input,1169,25,0.081709,0.062125,2.976792,3.621542,0,
input,1170,25,0.113042,0.049,1.342042,1.959834,0,
input,1171,25,0.099416,0.053417,1.944916,2.539583,0,
input,1172,25,0.134417,0.059417,1.544958,2.205167,0,
input,1173,25,0.185291,0.07025,1.875666,2.533708,0,
input,1174,25,0.129625,0.05725,1.38275,1.990375,0,
selection,1175,25,0.713459,0.051208,3.765292,5.933417,100,1
selection,1176,25,2.051958,0.070792,4.996083,6.825958,100,2
selection,1177,25,1.642292,0.056792,4.048792,5.701958,100,3
selection,1178,25,0.170791,0.052584,2.510833,4.376458,100,4
selection,1179,25,0.200333,0.04975,2.7855,4.885833,100,5
selection,1180,25,0.156083,0.04275,2.642042,6.933292,100,6
selection,1181,25,0.188625,0.044666,2.853333,7.209916,100,7
selection,1182,25,0.186709,0.045916,2.828,7.112125,100,8
selection,1183,25,0.21575,0.049042,3.123542,8.220083,100,9
selection,1184,25,1.492792,0.047125,4.479333,9.113375,100,10
selection,1185,25,0.225833,0.037125,2.889458,7.451542,100,11
selection,1186,25,0.165959,0.041375,3.662709,8.172417,100,12
selection,1187,25,0.233583,0.056042,3.532166,7.855875,100,13
selection,1188,25,0.159625,0.030875,2.840542,6.589542,100,14
selection,1189,25,0.23475,0.064583,3.450875,7.740875,100,15
selection,1190,25,1.612333,0.034875,4.773,9.332208,100,16
selection,1191,25,0.2175,0.054792,3.884875,8.425292,100,17
selection,1192,25,0.250375,0.0585,3.943375,8.049625,100,18
selection,1193,25,0.1845,0.0385,3.65125,8.132875,100,19
selection,1194,25,1.265708,0.0595,5.048083,9.240666,100,20
empty,1195,25,0.157792,0.049334,2.444959,4.72425,0,
invoke,1196,26,,,4.830875,5.570583,0,
input,1197,26,1.444667,0.201667,7.13275,9.130375,3,0
input,1198,26,6.773166,0.202166,10.0195,12.572041,2,0
input,1199,26,1.418792,0.2025,5.087417,7.615,1,0
input,1200,26,1.436791,0.205875,4.385291,6.009083,1,0
input,1201,26,1.638208,0.1605,4.200375,5.635333,1,0
input,1202,26,0.191792,0.199917,3.364208,4.786833,1,0
input,1203,26,0.157,0.0345,2.520959,4.426125,0,
input,1204,26,0.185625,0.031709,3.478167,4.236542,0,
input,1205,26,0.157917,0.044584,1.970583,2.848667,0,
input,1206,26,2.202916,0.36725,7.063583,10.1535,100,0
input,1207,26,0.16425,0.376292,4.10225,6.646125,100,0
input,1208,26,0.141958,0.335083,3.835916,5.970458,100,0
input,1209,26,0.192417,0.366125,4.207709,6.196584,100,0
input,1210,26,0.133375,0.040667,2.216417,4.57925,0,
input,1211,26,0.195417,0.044167,1.947417,2.7325,0,
input,1212,26,0.190333,0.040958,2.63025,3.442416,0,
input,1213,26,0.133792,0.067916,2.084959,2.954,0,
input,1214,26,1.283791,0.060125,2.691041,3.296041,0,
input,1215,26,0.129791,0.063042,3.47525,4.127791,0,
input,1216,26,0.160041,0.061,1.583916,2.184583,0,
input,1217,26,0.140459,0.064375,1.676834,2.389834,0,
input,1218,26,0.084625,0.052125,1.152375,1.697,0,
input,1219,26,0.186083,0.068208,3.861083,4.634208,0,
input,1220,26,0.169083,0.078,3.705333,4.460416,0,
selection,1221,26,1.460333,0.053292,4.594917,7.005625,100,1
selection,1222,26,0.832625,0.056667,3.492584,5.549917,100,2
selection,1223,26,1.63,0.056291,3.781792,5.26525,100,3
selection,1224,26,0.254958,0.058292,2.679333,4.351667,100,4
selection,1225,26,0.200958,0.04825,2.484208,4.265375,100,5
selection,1226,26,0.259958,0.060667,3.176375,7.478333,100,6
selection,1227,26,0.181542,0.037958,2.464958,7.010792,100,7
selection,1228,26,0.240459,0.06325,3.27125,7.679542,100,8
selection,1229,26,0.225792,0.06125,3.18825,7.745125,100,9
selection,1230,26,2.140083,0.051,5.131917,9.677625,100,10
selection,1231,26,0.146625,0.028958,2.659792,7.125834,100,11
selection,1232,26,7.603167,0.063541,11.000708,16.133125,100,12
selection,1233,26,0.214833,0.047625,3.820666,8.480125,100,13
selection,1234,26,0.198417,0.038708,3.544209,8.149,100,14
selection,1235,26,1.840667,0.062625,5.334542,9.910584,100,15
selection,1236,26,0.191375,0.044458,3.615833,8.152958,100,16
selection,1237,26,0.179041,0.038584,3.672875,7.836208,100,17
selection,1238,26,0.215709,0.05,3.605,7.473417,100,18
selection,1239,26,0.162167,0.040209,3.525875,7.641125,100,19
selection,1240,26,2.1015,0.048458,5.880167,10.632959,100,20
empty,1241,26,0.141,0.030417,2.673458,4.485417,0,
invoke,1242,27,,,4.112333,4.833541,0,
input,1243,27,0.153583,0.189,5.030625,7.317208,3,0
input,1244,27,7.28275,0.153542,10.268708,12.606333,2,0
input,1245,27,2.787333,0.191958,6.087291,8.365,1,0
input,1246,27,1.391917,0.189375,4.371042,5.871209,1,0
input,1247,27,1.824625,0.164916,4.365459,5.828042,1,0
input,1248,27,0.172042,0.172708,3.759,4.873375,1,0
input,1249,27,0.085125,0.052416,3.819292,5.334542,0,
input,1250,27,0.10525,0.028291,1.38675,2.191583,0,
input,1251,27,1.586959,0.035,2.992875,3.639584,0,
input,1252,27,0.14925,0.342,5.30425,7.773125,100,0
input,1253,27,0.115584,0.327417,3.512584,5.329917,100,0
input,1254,27,0.125917,0.349,4.753875,6.73225,100,0
input,1255,27,0.142917,0.342917,3.787209,5.567584,100,0
input,1256,27,0.105084,0.036292,2.798959,4.717459,0,
input,1257,27,0.137,0.034709,1.665084,2.286584,0,
input,1258,27,0.141625,0.033666,1.41875,1.9995,0,
input,1259,27,0.120083,0.052416,1.392041,1.962333,0,
input,1260,27,3.032459,0.054333,4.525417,5.172959,0,
input,1261,27,0.11275,0.051333,3.135666,3.70725,0,
input,1262,27,0.313209,0.067084,1.903709,2.543375,0,
input,1263,27,0.090583,0.062042,1.64525,2.474167,0,
input,1264,27,1.647041,0.071875,2.937333,3.468083,0,
input,1265,27,0.116209,0.066083,6.477084,7.167334,0,
input,1266,27,0.187584,0.080292,2.746,3.568042,0,
selection,1267,27,0.343541,0.06475,3.609125,5.751125,100,1
selection,1268,27,0.893,0.054083,3.378375,5.09925,100,2
selection,1269,27,2.246917,0.064542,4.565292,6.295708,100,3
selection,1270,27,0.201792,0.055292,2.514125,4.233042,100,4
selection,1271,27,0.154,0.0395,2.218333,3.901166,100,5
selection,1272,27,0.694,0.03775,2.949125,7.51975,100,6
selection,1273,27,0.20875,0.043334,2.753417,7.703375,100,7
selection,1274,27,0.211792,0.044542,3.365625,8.050833,100,8
selection,1275,27,0.25025,0.066792,2.945917,7.170709,100,9
selection,1276,27,0.20525,0.057042,2.892041,7.038166,100,10
selection,1277,27,0.194333,0.062167,3.11425,7.630666,100,11
selection,1278,27,1.76125,0.059375,5.056125,9.962458,100,12
selection,1279,27,0.255292,0.067709,3.773834,8.523125,100,13
selection,1280,27,0.242417,0.053917,3.592834,8.066584,100,14
selection,1281,27,0.171875,0.035958,3.156709,6.802292,100,15
selection,1282,27,3.506083,0.051708,7.322958,11.608083,100,16
selection,1283,27,0.203917,0.062041,3.460708,7.608375,100,17
selection,1284,27,0.167459,0.04375,3.594542,7.822792,100,18
selection,1285,27,1.974042,0.053833,5.762792,10.375542,100,19
selection,1286,27,0.2185,0.045667,3.905667,8.0075,100,20
empty,1287,27,0.126833,0.035209,5.781208,7.750666,0,
invoke,1288,28,,,6.622459,7.317709,0,
input,1289,28,0.180875,0.249334,6.169667,8.553833,3,0
input,1290,28,7.554583,0.192125,10.713958,12.950083,2,0
input,1291,28,1.949292,0.202584,5.318542,7.457708,1,0
input,1292,28,1.391,0.20325,4.300584,5.765042,1,0
input,1293,28,1.944167,0.180292,4.71175,6.164042,1,0
input,1294,28,2.123042,0.154583,4.600959,5.988625,1,0
input,1295,28,0.128708,0.036125,2.026875,3.817833,0,
input,1296,28,0.185917,0.033667,4.113125,4.840417,0,
input,1297,28,0.288625,0.04725,2.023875,2.768709,0,
input,1298,28,0.216625,0.352541,5.545125,8.683083,100,0
input,1299,28,0.921334,0.34525,5.335959,7.891,100,0
input,1300,28,1.005375,0.362208,5.021041,7.455,100,0
input,1301,28,0.174083,0.378667,4.290875,6.616166,100,0
input,1302,28,0.132583,0.040375,2.063833,4.4205,0,
input,1303,28,4.570208,0.044459,6.322041,7.203458,0,
input,1304,28,1.814541,0.044792,3.569208,4.308708,0,
input,1305,28,0.219417,0.0685,3.448334,4.220875,0,
input,1306,28,0.143625,0.058042,1.552083,2.205708,0,
input,1307,28,0.160458,0.051791,1.551541,2.215166,0,
input,1308,28,0.095625,0.045917,1.161792,1.695334,0,
input,1309,28,0.112125,0.054875,3.015708,3.676375,0,
input,1310,28,0.150208,0.068792,1.684333,2.399,0,
input,1311,28,0.157375,0.075083,3.427791,4.145375,0,
input,1312,28,0.101292,0.080583,1.660542,2.513875,0,
selection,1313,28,0.192708,0.047166,2.833167,4.72175,100,1
selection,1314,28,0.250209,0.064459,2.778125,4.41625,100,2
selection,1315,28,0.157375,0.033208,2.174416,4.272208,100,3
selection,1316,28,0.229125,0.047416,2.467041,4.108166,100,4
selection,1317,28,0.219666,0.056541,2.703958,4.637,100,5
selection,1318,28,0.220417,0.048667,2.994584,7.541709,100,6
selection,1319,28,0.190291,0.044875,2.5275,6.708833,100,7
selection,1320,28,0.267792,0.062875,3.559,8.351583,100,8
selection,1321,28,0.276916,0.081625,3.018708,7.648666,100,9
selection,1322,28,1.477834,0.053917,4.653834,9.982542,100,10
selection,1323,28,0.227458,0.044,3.54325,8.140291,100,11
selection,1324,28,0.30875,0.039958,3.439084,7.829667,100,12
selection,1325,28,0.211333,0.04425,3.358,8.11725,100,13
selection,1326,28,0.64175,0.04475,3.590667,8.106625,100,14
selection,1327,28,0.205833,0.044958,3.394167,7.667917,100,15
selection,1328,28,0.215041,0.05275,4.000916,8.650958,100,16
selection,1329,28,0.18075,0.038333,3.485458,7.497375,100,17
selection,1330,28,2.226416,0.054625,6.060958,10.438916,100,18
selection,1331,28,0.207791,0.044083,3.611625,7.714875,100,19
selection,1332,28,0.193333,0.040666,3.914666,8.196916,100,20
empty,1333,28,0.135708,0.03525,1.676083,3.733917,0,
invoke,1334,29,,,4.739208,5.316291,0,
input,1335,29,1.561542,0.182541,6.566333,8.713042,3,0
input,1336,29,0.986292,0.157791,4.653584,6.907209,2,0
input,1337,29,0.169917,0.187334,3.156625,5.205375,1,0
input,1338,29,1.395458,0.199208,4.713417,6.505792,1,0
input,1339,29,1.215291,0.185208,3.870708,5.230416,1,0
input,1340,29,0.158084,0.159584,2.818334,4.087709,1,0
input,1341,29,0.140208,0.062041,2.765042,4.668542,0,
input,1342,29,0.197959,0.045333,2.023792,2.76775,0,
input,1343,29,0.15775,0.032208,3.459958,4.153208,0,
input,1344,29,0.229542,0.332209,5.236792,8.307292,100,0
input,1345,29,0.159875,0.335125,5.838291,8.335666,100,0
input,1346,29,0.232125,0.358333,4.455792,6.761084,100,0
input,1347,29,0.153833,0.352083,3.667958,5.617416,100,0
input,1348,29,0.112125,0.034958,2.271875,4.15575,0,
input,1349,29,0.135,0.037666,1.684625,2.342584,0,
input,1350,29,1.356958,0.031334,2.617375,3.186625,0,
input,1351,29,0.141583,0.054542,2.819416,3.423708,0,
input,1352,29,0.125542,0.05325,1.344417,1.897042,0,
input,1353,29,0.164125,0.066083,2.963542,3.561625,0,
input,1354,29,0.111667,0.051625,1.347167,1.932958,0,
input,1355,29,0.128416,0.060709,1.700833,2.28625,0,
input,1356,29,0.884334,0.050167,1.924084,2.446667,0,
input,1357,29,0.096708,0.05175,4.89625,5.440666,0,
input,1358,29,0.131167,0.064958,1.612792,2.374459,0,
selection,1359,29,1.386709,0.071,5.018834,7.470917,100,1
selection,1360,29,1.14125,0.060041,3.64975,5.534709,100,2
selection,1361,29,1.825,0.037417,3.866459,5.445084,100,3
selection,1362,29,0.2115,0.055167,2.915583,4.717625,100,4
selection,1363,29,0.182042,0.046125,2.435292,4.499125,100,5
selection,1364,29,0.213167,0.051084,2.722292,7.157167,100,6
selection,1365,29,0.157791,0.038459,2.280791,6.687208,100,7
selection,1366,29,0.233625,0.051917,3.214958,7.601791,100,8
selection,1367,29,0.156875,0.040208,2.682,7.301584,100,9
selection,1368,29,0.298541,0.083125,3.722708,8.100958,100,10
selection,1369,29,0.224167,0.064125,2.785958,6.943042,100,11
selection,1370,29,2.290792,0.044792,5.185083,9.307042,100,12
selection,1371,29,0.384208,0.039959,3.381416,7.7215,100,13
selection,1372,29,0.183417,0.040833,3.29525,7.60175,100,14
selection,1373,29,0.155875,0.039708,3.115041,7.11625,100,15
selection,1374,29,0.188666,0.04375,3.708458,7.877541,100,16
selection,1375,29,0.179916,0.039125,3.573291,7.516291,100,17
selection,1376,29,0.165958,0.037333,3.473583,7.442083,100,18
selection,1377,29,0.206042,0.051333,3.779042,8.432333,100,19
selection,1378,29,0.222375,0.056208,4.129541,8.665791,100,20
empty,1379,29,0.13875,0.041292,1.897125,3.880917,0,
invoke,1380,30,,,4.333916,4.993291,0,
input,1381,30,0.178541,0.234291,7.836416,10.089458,3,0
input,1382,30,7.483375,0.174625,10.549292,12.663209,2,0
input,1383,30,1.312959,0.1665,4.03125,5.964542,1,0
input,1384,30,3.348208,0.196708,6.15225,7.624208,1,0
input,1385,30,1.978917,0.168458,4.663667,6.0665,1,0
input,1386,30,0.124541,0.127,2.593625,3.820416,1,0
input,1387,30,0.117292,0.050459,3.5915,5.444209,0,
input,1388,30,0.155083,0.04475,2.271625,3.175041,0,
input,1389,30,0.971125,0.041083,2.539709,3.227792,0,
input,1390,30,0.178375,0.320208,5.235416,8.039083,100,0
input,1391,30,1.459459,0.392708,6.041959,8.555875,100,0
input,1392,30,0.197375,0.382292,5.103542,7.435042,100,0
input,1393,30,0.1355,0.342333,4.138125,6.324917,100,0
input,1394,30,0.103417,0.031833,1.646292,3.465,0,
input,1395,30,3.760959,0.031416,4.997875,5.561667,0,
input,1396,30,0.156166,0.036959,1.961166,2.591958,0,
input,1397,30,0.131667,0.054917,1.520417,2.139958,0,
input,1398,30,0.151,0.054667,1.670666,2.311875,0,
input,1399,30,0.0965,0.043375,1.238208,1.773083,0,
input,1400,30,0.1275,0.061541,2.068833,2.747542,0,
input,1401,30,0.108708,0.053875,1.290041,1.869375,0,
input,1402,30,0.139916,0.069125,1.878083,2.638958,0,
input,1403,30,0.994375,0.059,2.240417,2.86975,0,
input,1404,30,0.111792,0.059875,2.921459,3.576709,0,
selection,1405,30,0.259209,0.046833,3.487042,5.47525,100,1
selection,1406,30,0.241459,0.066875,3.116834,4.8295,100,2
selection,1407,30,1.030875,0.042,3.15425,4.748875,100,3
selection,1408,30,0.160709,0.035084,2.299584,3.9945,100,4
selection,1409,30,0.202292,0.047583,2.91,4.778667,100,5
selection,1410,30,0.217875,0.061625,2.923459,6.833959,100,6
selection,1411,30,0.16925,0.038542,2.517042,6.768084,100,7
selection,1412,30,0.23625,0.045167,3.017334,8.0685,100,8
selection,1413,30,0.202792,0.041167,3.08875,7.596959,100,9
selection,1414,30,0.228583,0.04625,3.090458,7.682666,100,10
selection,1415,30,0.262708,0.059125,3.290167,7.77675,100,11
selection,1416,30,1.377125,0.059417,4.551541,9.11725,100,12
selection,1417,30,0.287875,0.066625,3.552958,8.427625,100,13
selection,1418,30,6.338792,0.085292,10.168542,15.136417,100,14
selection,1419,30,0.209959,0.060625,3.791542,8.34475,100,15
selection,1420,30,0.295709,0.085792,4.062375,8.530375,100,16
selection,1421,30,0.170209,0.041667,3.500917,7.748334,100,17
selection,1422,30,1.537625,0.047667,5.088042,9.178625,100,18
selection,1423,30,0.218333,0.057834,4.050833,8.748708,100,19
selection,1424,30,0.259667,0.063667,4.228542,8.379583,100,20
empty,1425,30,2.041916,0.033834,4.233458,6.397875,0,
invoke,1426,31,,,4.465333,7.011083,0,
input,1427,31,0.539375,0.195208,5.516167,7.420625,3,0
input,1428,31,5.618167,0.177666,8.725709,11.168709,2,0
input,1429,31,1.380125,0.193084,4.627166,6.928541,1,0
input,1430,31,1.363541,0.173083,3.954291,5.174875,1,0
input,1431,31,0.131541,0.123333,2.665833,3.999666,1,0
input,1432,31,0.170959,0.137291,4.63025,5.886542,1,0
input,1433,31,0.11675,0.038083,2.332792,4.209917,0,
input,1434,31,0.73775,0.047209,2.606666,3.388833,0,
input,1435,31,0.151792,0.038333,4.907292,5.683084,0,
input,1436,31,0.148708,0.346875,6.672083,9.489166,100,0
input,1437,31,1.857625,0.339625,6.348167,8.877667,100,0
input,1438,31,0.178292,0.345833,4.155583,6.302917,100,0
input,1439,31,0.17975,0.382833,4.319708,6.466375,100,0
input,1440,31,0.113958,0.033292,1.930208,4.070166,0,
input,1441,31,0.173459,0.040208,1.892209,2.639667,0,
input,1442,31,0.144417,0.033625,1.857417,2.598209,0,
input,1443,31,0.156042,0.062959,1.71675,2.497,0,
input,1444,31,0.108,0.07,1.611333,2.228041,0,
input,1445,31,0.159291,0.064208,1.666541,2.321208,0,
input,1446,31,2.026792,0.063791,3.853917,4.688209,0,
input,1447,31,0.193917,0.070542,2.273709,3.030834,0,
input,1448,31,0.115458,0.061,1.508708,2.195917,0,
input,1449,31,0.193542,0.061209,1.740667,2.423667,0,
input,1450,31,0.141959,0.070959,1.604709,2.311792,0,
selection,1451,31,0.233292,0.047625,3.416375,5.487042,100,1
selection,1452,31,0.274958,0.0705,2.979042,4.585583,100,2
selection,1453,31,0.2105,0.049125,2.699333,4.578125,100,3
selection,1454,31,0.298583,0.062458,3.105833,4.85025,100,4
selection,1455,31,1.830083,0.071375,4.558541,6.699541,100,5
selection,1456,31,1.561166,0.050958,4.276583,8.458916,100,6
selection,1457,31,0.262666,0.060375,3.123875,7.833708,100,7
selection,1458,31,0.223875,0.048,3.186833,7.912916,100,8
selection,1459,31,0.19325,0.041167,2.875,7.615875,100,9
selection,1460,31,0.20775,0.072375,3.143083,7.770583,100,10
selection,1461,31,1.609958,0.04575,4.686458,9.439625,100,11
selection,1462,31,0.138334,0.027375,2.689917,6.594834,100,12
selection,1463,31,0.197833,0.043417,3.4055,7.372583,100,13
selection,1464,31,0.183667,0.037625,3.436167,8.036667,100,14
selection,1465,31,0.201666,0.045125,3.473833,7.851125,100,15
selection,1466,31,2.227542,0.049375,5.791209,10.384834,100,16
selection,1467,31,0.192583,0.042709,3.580375,7.627708,100,17
selection,1468,31,0.15575,0.031709,3.212083,7.237,100,18
selection,1469,31,0.174042,0.043208,3.835834,8.050084,100,19
selection,1470,31,3.468417,0.062667,7.175709,11.748125,100,20
empty,1471,31,0.148583,0.047292,2.321583,4.36975,0,
invoke,1472,32,,,4.340459,5.056042,0,
input,1473,32,1.700291,0.189333,6.923458,8.826458,3,0
input,1474,32,7.537208,0.206958,10.781083,13.19825,2,0
input,1475,32,1.350667,0.197792,4.59275,7.270417,1,0
input,1476,32,1.325875,0.173166,4.231916,5.88175,1,0
input,1477,32,1.660833,0.188208,4.713375,6.473208,1,0
input,1478,32,1.536041,0.173584,4.17875,5.479583,1,0
input,1479,32,2.135208,0.040166,4.233375,6.175416,0,
input,1480,32,6.036792,0.038167,7.832625,8.7605,0,
input,1481,32,1.16175,0.040042,2.77625,3.542166,0,
input,1482,32,0.190625,0.35525,5.486458,8.668583,100,0
input,1483,32,0.880958,0.35075,5.268833,8.062791,100,0
input,1484,32,0.194375,0.370959,4.837625,7.043542,100,0
input,1485,32,0.235625,0.357833,3.889458,6.257958,100,0
input,1486,32,1.088125,0.047709,3.34725,5.8065,0,
input,1487,32,4.496709,0.040792,6.137,6.94275,0,
input,1488,32,2.146709,0.041917,3.78075,4.512875,0,
input,1489,32,0.1905,0.056166,2.631375,3.389,0,
input,1490,32,0.156292,0.063334,1.703833,2.416417,0,
input,1491,32,0.139208,0.066,2.896292,3.640167,0,
input,1492,32,0.108708,0.073708,3.427333,4.047541,0,
input,1493,32,0.116208,0.057792,1.360125,1.923833,0,
input,1494,32,0.13475,0.054875,2.434875,3.076708,0,
input,1495,32,0.110584,0.067709,1.439292,2.06075,0,
input,1496,32,0.194833,0.081209,1.929125,2.702542,0,
selection,1497,32,0.822084,0.0655,4.155417,6.247959,100,1
selection,1498,32,1.048875,0.052042,3.580042,5.309833,100,2
selection,1499,32,2.113333,0.0485,4.720583,6.639916,100,3
selection,1500,32,2.221667,0.057167,4.816084,6.712125,100,4
selection,1501,32,1.972834,0.060625,4.643375,6.5385,100,5
selection,1502,32,1.808875,0.056042,4.427083,8.99875,100,6
selection,1503,32,0.275542,0.062958,3.212792,8.094875,100,7
selection,1504,32,0.183416,0.055792,2.971333,7.88525,100,8
selection,1505,32,0.239,0.050334,2.972958,7.318916,100,9
selection,1506,32,0.177667,0.048,3.003333,7.540167,100,10
selection,1507,32,0.170875,0.034708,2.798958,6.783666,100,11
selection,1508,32,0.2075,0.041167,3.2235,7.6685,100,12
selection,1509,32,0.188167,0.03825,3.295042,7.496042,100,13
selection,1510,32,0.168708,0.042667,3.253333,7.874333,100,14
selection,1511,32,1.302625,0.042875,4.75125,9.28125,100,15
selection,1512,32,8.301083,0.04625,11.8395,16.612333,100,16
selection,1513,32,0.191083,0.040416,3.771875,8.09075,100,17
selection,1514,32,0.163084,0.058167,3.778542,7.959542,100,18
selection,1515,32,0.1395,0.027125,3.39825,7.276,100,19
selection,1516,32,1.838375,0.044708,5.422459,9.982459,100,20
empty,1517,32,0.136125,0.040958,1.809083,4.163917,0,
invoke,1518,33,,,5.973125,6.678292,0,
input,1519,33,0.166042,0.203625,5.865667,8.063542,3,0
input,1520,33,1.652666,0.191458,5.39575,7.687166,2,0
input,1521,33,1.377917,0.14075,3.865292,6.200834,1,0
input,1522,33,2.03075,0.196667,5.157458,6.927625,1,0
input,1523,33,0.15675,0.124834,2.702709,4.002542,1,0
input,1524,33,0.178958,0.160417,5.406625,6.77875,1,0
input,1525,33,0.149417,0.035042,3.86075,5.878334,0,
input,1526,33,0.200625,0.05625,2.237458,3.082542,0,
input,1527,33,0.772208,0.041916,2.492583,3.23775,0,
input,1528,33,0.186125,0.333167,6.841167,9.767625,100,0
input,1529,33,1.312125,0.340834,5.680833,8.275708,100,0
input,1530,33,1.352708,0.368583,5.414,7.690291,100,0
input,1531,33,0.172334,0.358125,3.798084,6.084209,100,0
input,1532,33,0.114375,0.046,2.476333,4.837625,0,
input,1533,33,0.185583,0.041583,1.945083,2.7375,0,
input,1534,33,0.161459,0.035625,1.681459,2.451417,0,
input,1535,33,0.17,0.06225,1.897584,2.791917,0,
input,1536,33,0.201667,0.056583,1.735209,2.3985,0,
input,1537,33,0.148958,0.065667,1.671833,2.404458,0,
input,1538,33,0.1515,0.063208,2.104834,2.707042,0,
input,1539,33,0.115375,0.068875,1.470625,2.120458,0,
input,1540,33,0.160292,0.07025,2.105125,2.820708,0,
input,1541,33,0.131292,0.063208,1.503042,2.166209,0,
input,1542,33,0.136083,0.075834,1.773291,2.453541,0,
selection,1543,33,0.209375,0.055791,3.115208,5.017208,100,1
selection,1544,33,0.237875,0.077125,2.651583,4.280875,100,2
selection,1545,33,0.175625,0.03525,2.389875,4.355417,100,3
selection,1546,33,1.398042,0.046208,3.949875,5.892333,100,4
selection,1547,33,1.94275,0.064334,4.525375,6.869125,100,5
selection,1548,33,1.400708,0.046083,4.006,8.553708,100,6
selection,1549,33,0.37475,0.082541,3.643833,8.70375,100,7
selection,1550,33,0.286333,0.062917,3.374708,7.860708,100,8
selection,1551,33,0.19175,0.044458,2.889167,7.576917,100,9
selection,1552,33,2.174708,0.053625,4.92775,9.231417,100,10
selection,1553,33,0.211375,0.046333,3.076,7.51625,100,11
selection,1554,33,0.192584,0.040666,3.310917,7.96175,100,12
selection,1555,33,0.256208,0.058709,3.722083,8.354333,100,13
selection,1556,33,0.189083,0.045791,3.69025,8.447375,100,14
selection,1557,33,1.396208,0.045083,4.748708,9.169833,100,15
selection,1558,33,0.124583,0.0445,3.240417,7.102875,100,16
selection,1559,33,0.178917,0.036417,3.525958,7.416625,100,17
selection,1560,33,0.176792,0.035208,3.628958,7.599667,100,18
selection,1561,33,0.295792,0.039958,3.502083,7.331625,100,19
selection,1562,33,0.183667,0.048167,3.772417,8.131,100,20
empty,1563,33,0.956958,0.042875,2.976125,5.098458,0,
invoke,1564,34,,,4.680792,5.501333,0,
input,1565,34,0.946959,0.226708,6.625209,8.769875,3,0
input,1566,34,1.911417,0.215542,5.962333,8.3125,2,0
input,1567,34,0.149667,0.146542,2.463,4.787875,1,0
input,1568,34,1.338875,0.188083,4.51375,6.223875,1,0
input,1569,34,1.425666,0.183416,4.148416,5.564583,1,0
input,1570,34,0.154416,0.189583,2.852375,4.060083,1,0
input,1571,34,0.125541,0.041708,4.0115,6.189458,0,
input,1572,34,0.177375,0.048209,5.727167,6.431584,0,
input,1573,34,4.589791,0.041792,6.377125,7.143,0,
input,1574,34,0.157125,0.340959,6.395833,9.57925,100,0
input,1575,34,1.538916,0.355417,5.890583,8.347958,100,0
input,1576,34,0.698042,0.404625,4.874,7.264459,100,0
input,1577,34,0.194667,0.381375,4.205292,6.609709,100,0
input,1578,34,0.114791,0.043583,2.12025,4.58225,0,
input,1579,34,3.77925,0.045208,5.497666,6.3365,0,
input,1580,34,0.154125,0.033083,1.685959,2.416042,0,
input,1581,34,0.207041,0.068458,2.205916,3.131791,0,
input,1582,34,1.025,0.061458,2.62725,3.352208,0,
input,1583,34,0.120708,0.066291,2.161042,2.807375,0,
input,1584,34,0.103209,0.051875,1.280542,1.841834,0,
input,1585,34,0.130125,0.053208,2.077083,2.709875,0,
input,1586,34,0.148084,0.071292,1.687375,2.382834,0,
input,1587,34,0.132083,0.070583,1.675958,2.389625,0,
input,1588,34,0.136708,0.074625,1.628917,2.366542,0,
selection,1589,34,0.245625,0.053334,3.182875,5.178125,100,1
selection,1590,34,0.276458,0.078959,3.207458,5.012375,100,2
selection,1591,34,0.186,0.045375,2.606875,4.334,100,3
selection,1592,34,1.019583,0.062167,3.795541,5.99625,100,4
selection,1593,34,0.183125,0.046583,2.717125,4.558458,100,5
selection,1594,34,0.19225,0.04225,2.803958,7.091333,100,6
selection,1595,34,0.235875,0.059167,3.016167,7.534917,100,7
selection,1596,34,0.255583,0.063625,3.446917,7.929167,100,8
selection,1597,34,0.238708,0.064917,3.012291,7.344625,100,9
selection,1598,34,0.220542,0.051791,3.131334,7.572292,100,10
selection,1599,34,1.722916,0.058125,5.031791,10.002833,100,11
selection,1600,34,0.17475,0.0435,2.95175,7.167416,100,12
selection,1601,34,0.205584,0.053292,3.73275,8.1295,100,13
selection,1602,34,0.187083,0.044625,3.230833,7.581375,100,14
selection,1603,34,2.166917,0.044875,5.571208,9.893167,100,15
selection,1604,34,0.180416,0.036541,3.275916,7.001416,100,16
selection,1605,34,0.170291,0.037,3.669208,7.814916,100,17
selection,1606,34,0.206542,0.043375,3.518125,7.369417,100,18
selection,1607,34,0.153541,0.035,3.2965,7.268541,100,19
selection,1608,34,0.234166,0.075834,3.442208,7.343083,100,20
empty,1609,34,1.282958,0.055709,3.418458,5.578125,0,
invoke,1610,35,,,5.092583,5.7385,0,
input,1611,35,0.326375,0.2235,6.634875,8.96325,3,0
input,1612,35,6.902417,0.128417,9.532667,11.813542,2,0
input,1613,35,2.609542,0.188209,5.746584,7.965875,1,0
input,1614,35,1.31825,0.208917,4.505666,6.0965,1,0
input,1615,35,0.133583,0.148875,2.844083,4.145416,1,0
input,1616,35,0.183625,0.17425,5.23675,6.584667,1,0
input,1617,35,0.140792,0.035958,3.909417,5.758542,0,
input,1618,35,0.158792,0.053292,2.568292,3.53875,0,
input,1619,35,0.443958,0.044083,2.172125,2.913666,0,
input,1620,35,0.177208,0.349083,5.724833,9.038542,100,0
input,1621,35,1.112209,0.351083,5.077959,7.605292,100,0
input,1622,35,1.060334,0.382708,5.388292,7.77575,100,0
input,1623,35,0.170583,0.382792,3.992083,6.255166,100,0
input,1624,35,0.10875,0.042666,2.161958,4.752166,0,
input,1625,35,3.125,0.041959,4.915917,5.80375,0,
input,1626,35,1.906791,0.0525,3.76525,4.561875,0,
input,1627,35,0.200416,0.070458,3.78175,4.569416,0,
input,1628,35,0.154083,0.073875,1.848291,2.63775,0,
input,1629,35,2.198667,0.071791,3.860167,4.576667,0,
input,1630,35,0.138833,0.061834,3.449958,4.162125,0,
input,1631,35,0.117375,0.062542,1.379333,1.990333,0,
input,1632,35,0.202667,0.069292,2.179333,2.921583,0,
input,1633,35,0.135333,0.067459,1.598042,2.312667,0,
input,1634,35,0.141625,0.081084,3.336,4.099917,0,
selection,1635,35,0.223042,0.043708,3.087375,5.013292,100,1
selection,1636,35,0.239458,0.061875,2.933792,4.683792,100,2
selection,1637,35,0.226292,0.048292,2.668,4.609417,100,3
selection,1638,35,0.212083,0.050125,2.513083,4.237625,100,4
selection,1639,35,0.177458,0.045459,2.41575,4.318875,100,5
selection,1640,35,0.216959,0.054125,2.8715,7.211042,100,6
selection,1641,35,0.18275,0.045209,2.645292,6.828208,100,7
selection,1642,35,0.218375,0.056125,3.051834,7.550834,100,8
selection,1643,35,1.695875,0.056208,4.718916,9.704,100,9
selection,1644,35,0.216125,0.047709,3.535167,7.818042,100,10
selection,1645,35,0.231459,0.050333,3.292959,7.517625,100,11
selection,1646,35,0.258209,0.057459,3.042084,7.052667,100,12
selection,1647,35,0.217542,0.052208,3.357542,8.172292,100,13
selection,1648,35,0.159958,0.042458,3.334208,7.585,100,14
selection,1649,35,1.336167,0.052875,4.452292,8.9205,100,15
selection,1650,35,0.173791,0.032917,3.197791,7.37925,100,16
selection,1651,35,0.270542,0.082334,4.254917,9.04725,100,17
selection,1652,35,0.1895,0.043708,3.795125,8.389,100,18
selection,1653,35,0.965667,0.0505,4.672625,8.899,100,19
selection,1654,35,0.198083,0.039292,3.841208,7.643083,100,20
empty,1655,35,0.1365,0.044,1.987625,4.001208,0,
invoke,1656,36,,,4.616625,5.190416,0,
input,1657,36,2.099,0.214958,8.162125,10.386209,3,0
input,1658,36,6.773833,0.178,9.895208,12.399333,2,0
input,1659,36,0.136333,0.169208,2.77875,4.889041,1,0
input,1660,36,1.902583,0.190125,4.974708,6.695792,1,0
input,1661,36,1.502041,0.155292,4.062625,5.533666,1,0
input,1662,36,0.141875,0.126542,2.559958,3.760375,1,0
input,1663,36,0.148083,0.038917,3.985917,6.052083,0,
input,1664,36,0.1915,0.051916,2.341709,3.244167,0,
input,1665,36,0.94575,0.03925,2.422292,3.098667,0,
input,1666,36,0.209625,0.328083,5.96375,8.877125,100,0
input,1667,36,1.441125,0.342459,6.039417,8.6155,100,0
input,1668,36,0.190292,0.351375,4.263875,6.553167,100,0
input,1669,36,0.209334,0.371583,4.640167,6.973792,100,0
input,1670,36,0.144667,0.042375,2.380167,4.702417,0,
input,1671,36,2.471209,0.04425,4.131375,4.825584,0,
input,1672,36,0.174417,0.036,2.24725,2.993292,0,
input,1673,36,0.158084,0.060209,1.58275,2.316084,0,
input,1674,36,0.187458,0.078,1.942916,2.660458,0,
input,1675,36,0.216875,0.084333,2.163958,3.063333,0,
input,1676,36,0.930167,0.07225,2.659459,3.371042,0,
input,1677,36,0.242167,0.075667,2.234583,2.962167,0,
input,1678,36,0.112083,0.059333,1.359,1.9475,0,
input,1679,36,0.244,0.067083,1.856958,2.578875,0,
input,1680,36,0.15525,0.079875,1.801791,2.576666,0,
selection,1681,36,0.280375,0.0485,3.051209,4.794917,100,1
selection,1682,36,0.237,0.074833,3.0485,4.798208,100,2
selection,1683,36,0.216625,0.052375,2.679875,4.536333,100,3
selection,1684,36,0.548542,0.058,3.068167,4.893542,100,4
selection,1685,36,2.089709,0.053166,4.198334,5.866084,100,5
selection,1686,36,0.171958,0.042458,2.542833,6.677625,100,6
selection,1687,36,0.151875,0.037708,2.881917,7.065625,100,7
selection,1688,36,1.519958,0.044833,4.13425,8.262333,100,8
selection,1689,36,0.168,0.045834,2.937375,7.507875,100,9
selection,1690,36,0.263458,0.058042,2.973833,7.18625,100,10
selection,1691,36,0.210917,0.051625,3.3935,7.784542,100,11
selection,1692,36,0.22,0.055625,3.529833,7.977416,100,12
selection,1693,36,0.172875,0.037958,3.178125,7.489125,100,13
selection,1694,36,1.256708,0.049875,4.325875,8.404458,100,14
selection,1695,36,0.237,0.048125,3.819333,8.206416,100,15
selection,1696,36,0.179875,0.03625,3.506667,7.432625,100,16
selection,1697,36,0.190125,0.048791,3.548375,7.419167,100,17
selection,1698,36,0.253834,0.042541,3.888584,8.216375,100,18
selection,1699,36,1.919917,0.068375,5.67825,9.845209,100,19
selection,1700,36,0.1535,0.030042,3.2935,6.849083,100,20
empty,1701,36,0.150625,0.04075,2.023667,4.095708,0,
invoke,1702,37,,,3.879291,4.583125,0,
input,1703,37,1.915416,0.230041,7.737541,9.824166,3,0
input,1704,37,0.322458,0.183125,3.446666,5.70125,2,0
input,1705,37,0.171042,0.168625,3.036375,5.030625,1,0
input,1706,37,1.426125,0.155292,4.060709,5.457959,1,0
input,1707,37,0.144208,0.118042,2.476542,3.77625,1,0
input,1708,37,0.19325,0.141208,4.724,6.002083,1,0
input,1709,37,0.122958,0.033625,3.822833,5.588125,0,
input,1710,37,0.195833,0.053209,2.23775,3.117416,0,
input,1711,37,0.191375,0.037583,3.656417,4.302875,0,
input,1712,37,0.186125,0.327125,5.877375,8.625167,100,0
input,1713,37,0.203541,0.373708,4.780583,6.960125,100,0
input,1714,37,2.02875,0.342375,5.305125,7.422917,100,0
input,1715,37,0.128458,0.353209,3.664083,5.472125,100,0
input,1716,37,0.104208,0.038458,3.844458,5.847958,0,
input,1717,37,0.141959,0.036708,3.3075,4.0065,0,
input,1718,37,0.129125,0.031584,1.412625,2.041959,0,
input,1719,37,0.132375,0.057084,1.474792,2.089542,0,
input,1720,37,1.266875,0.042375,2.298541,2.816875,0,
input,1721,37,0.106167,0.0495,2.666833,3.2255,0,
input,1722,37,1.585709,0.056125,3.054375,3.679792,0,
input,1723,37,0.116542,0.069459,2.484542,3.079375,0,
input,1724,37,1.283416,0.05025,2.344583,2.8655,0,
input,1725,37,0.107666,0.059875,2.76175,3.339875,0,
input,1726,37,0.115375,0.057041,1.30975,1.910875,0,
selection,1727,37,1.780416,0.057459,4.62825,6.891958,100,1
selection,1728,37,1.259959,0.052958,3.827875,5.6545,100,2
selection,1729,37,2.034709,0.039834,4.50725,6.282959,100,3
selection,1730,37,2.059375,0.036708,4.433459,6.00675,100,4
selection,1731,37,0.201,0.045917,2.774416,4.731791,100,5
selection,1732,37,0.239208,0.060459,3.083375,7.09325,100,6
selection,1733,37,0.193875,0.058875,2.741708,7.098708,100,7
selection,1734,37,0.218334,0.057541,3.186375,7.945125,100,8
selection,1735,37,0.206333,0.045875,3.120583,7.561042,100,9
selection,1736,37,2.070792,0.043625,5.034333,9.534458,100,10
selection,1737,37,0.212167,0.067166,3.577417,8.207792,100,11
selection,1738,37,0.218791,0.044792,3.491,7.772541,100,12
selection,1739,37,0.173,0.035875,3.313375,7.484458,100,13
selection,1740,37,0.218125,0.045708,3.324083,7.263375,100,14
selection,1741,37,0.134417,0.032791,2.929917,6.855709,100,15
selection,1742,37,0.166458,0.0465,3.624167,7.740125,100,16
selection,1743,37,1.120333,0.061292,4.995583,9.362791,100,17
selection,1744,37,0.161458,0.030708,3.293958,6.8655,100,18
selection,1745,37,0.150125,0.029959,3.222791,7.226291,100,19
selection,1746,37,0.20375,0.052084,3.860584,8.063834,100,20
empty,1747,37,0.128708,0.03775,2.624541,4.809833,0,
invoke,1748,38,,,4.282917,5.064167,0,
input,1749,38,0.1545,0.160959,6.135458,8.512875,3,0
input,1750,38,2.023125,0.198958,5.901,8.001916,2,0
input,1751,38,0.391625,0.203,3.447,5.534166,1,0
input,1752,38,0.198667,0.164417,3.255,4.789375,1,0
input,1753,38,2.708667,0.165791,5.144,6.603417,1,0
input,1754,38,0.151833,0.116917,2.322417,3.548375,1,0
input,1755,38,0.121958,0.039166,2.74675,4.4495,0,
input,1756,38,0.204542,0.03775,2.020625,2.996667,0,
input,1757,38,0.186417,0.035458,2.588417,3.311209,0,
input,1758,38,0.250125,0.335541,5.243292,8.2025,100,0
input,1759,38,0.160833,0.394042,7.8745,10.796458,100,0
input,1760,38,1.329333,0.364833,5.366541,7.981833,100,0
input,1761,38,0.186542,0.348625,4.417459,6.739625,100,0
input,1762,38,0.131333,0.039084,2.054833,5.089916,0,
input,1763,38,1.803125,0.048625,3.609625,4.36375,0,
input,1764,38,0.184958,0.037542,4.248875,4.966791,0,
input,1765,38,0.1935,0.07475,2.174125,2.921708,0,
input,1766,38,1.472416,0.064625,3.084541,3.76275,0,
input,1767,38,0.111917,0.061084,3.63975,4.390042,0,
input,1768,38,0.144334,0.05225,1.361542,1.943542,0,
input,1769,38,0.169625,0.059917,2.201792,2.873834,0,
input,1770,38,0.209125,0.075416,2.073625,2.892583,0,
input,1771,38,2.055792,0.077125,3.758542,4.43375,0,
input,1772,38,0.157583,0.070834,3.751583,4.584083,0,
selection,1773,38,0.241584,0.059625,3.265542,5.363209,100,1
selection,1774,38,0.321333,0.088791,3.047375,4.824833,100,2
selection,1775,38,0.237458,0.053167,3.090916,5.033791,100,3
selection,1776,38,0.213209,0.045458,2.372209,4.073417,100,4
selection,1777,38,1.498875,0.049,3.93275,5.849083,100,5
selection,1778,38,2.016458,0.0605,4.533791,8.924291,100,6
selection,1779,38,0.243542,0.0605,2.83425,7.868708,100,7
selection,1780,38,0.211875,0.043208,3.321833,7.598916,100,8
selection,1781,38,0.268792,0.057292,3.263458,7.4825,100,9
selection,1782,38,0.250625,0.049916,3.25125,7.735084,100,10
selection,1783,38,0.149875,0.035791,3.496458,8.268417,100,11
selection,1784,38,0.341292,0.065208,3.302417,7.766917,100,12
selection,1785,38,0.233875,0.055625,3.654791,8.315041,100,13
selection,1786,38,0.228291,0.058042,3.626875,7.961041,100,14
selection,1787,38,0.18525,0.036875,3.297209,7.399834,100,15
selection,1788,38,2.289625,0.05575,5.52525,9.693708,100,16
selection,1789,38,0.195,0.047167,3.5915,7.66575,100,17
selection,1790,38,0.183167,0.037417,3.839209,8.142667,100,18
selection,1791,38,0.280541,0.050125,3.693958,7.679416,100,19
selection,1792,38,0.195167,0.0485,3.891625,8.162792,100,20
empty,1793,38,0.410333,0.042458,2.282375,4.470041,0,
invoke,1794,39,,,4.13725,4.729459,0,
input,1795,39,0.12475,0.199334,4.547833,6.634416,3,0
input,1796,39,0.193208,0.145,5.12425,7.299416,2,0
input,1797,39,0.174542,0.192333,3.209625,5.1885,1,0
input,1798,39,0.80225,0.176292,3.46775,4.846875,1,0
input,1799,39,3.909792,0.197375,6.954667,8.502917,1,0
input,1800,39,1.707,0.216209,4.753584,6.118167,1,0
input,1801,39,0.112042,0.035333,2.405334,4.256167,0,
input,1802,39,0.166959,0.034875,2.662667,3.383125,0,
input,1803,39,0.167458,0.037292,1.716208,2.438083,0,
input,1804,39,0.201875,0.341,5.604875,9.169792,100,0
input,1805,39,9.562208,0.336292,13.753083,16.040666,100,0
input,1806,39,0.215792,0.342458,4.243709,6.798709,100,0
input,1807,39,0.264291,0.420708,5.597958,7.977333,100,0
input,1808,39,0.180625,0.057583,3.042625,5.32225,0,
input,1809,39,0.147625,0.033083,1.587167,2.227292,0,
input,1810,39,2.181542,0.040333,3.79025,4.4775,0,
input,1811,39,0.170417,0.05625,2.800042,3.508167,0,
input,1812,39,0.114583,0.051208,1.208875,1.746792,0,
input,1813,39,3.214375,0.075791,4.967375,5.668,0,
input,1814,39,0.151459,0.051958,2.415792,3.096292,0,
input,1815,39,0.151416,0.062459,1.610166,2.324583,0,
input,1816,39,0.149083,0.079041,3.564875,4.373416,0,
input,1817,39,0.147833,0.067792,1.605083,2.305125,0,
input,1818,39,0.244292,0.079041,1.908667,2.642708,0,
selection,1819,39,0.258417,0.052416,3.347917,5.1925,100,1
selection,1820,39,0.167042,0.046084,2.506834,3.996625,100,2
selection,1821,39,0.243458,0.060875,2.723417,4.606833,100,3
selection,1822,39,1.227167,0.045333,3.298042,4.787709,100,4
selection,1823,39,0.168584,0.041959,2.462917,4.294459,100,5
selection,1824,39,0.214625,0.058208,2.793417,6.72275,100,6
selection,1825,39,0.274292,0.076,3.257917,7.901875,100,7
selection,1826,39,0.37,0.079583,2.852917,7.0035,100,8
selection,1827,39,0.230209,0.058542,3.003125,7.383292,100,9
selection,1828,39,1.740667,0.0505,4.529709,8.777667,100,10
selection,1829,39,0.219667,0.0505,3.029667,7.404375,100,11
selection,1830,39,0.204333,0.044791,3.710708,7.976458,100,12
selection,1831,39,0.221584,0.051917,3.337542,7.488125,100,13
selection,1832,39,0.185333,0.041375,3.145916,7.382916,100,14
selection,1833,39,0.222416,0.054666,3.457958,8.009125,100,15
selection,1834,39,0.842,0.044625,3.997208,8.105666,100,16
selection,1835,39,0.200917,0.0455,3.615042,7.636167,100,17
selection,1836,39,0.186333,0.040709,3.798375,8.000833,100,18
selection,1837,39,0.174125,0.040375,3.520834,7.3975,100,19
selection,1838,39,3.482792,0.059917,7.292,11.904375,100,20
empty,1839,39,0.147417,0.043708,2.065,4.416542,0,
invoke,1840,40,,,4.492167,5.380833,0,
input,1841,40,0.719125,0.176917,6.110041,8.305458,3,0
input,1842,40,5.722458,0.149916,8.757416,10.989125,2,0
input,1843,40,1.474917,0.205,4.696,7.039584,1,0
input,1844,40,1.774834,0.186958,4.788875,6.220792,1,0
input,1845,40,1.323833,0.199125,4.256125,5.736833,1,0
input,1846,40,1.975167,0.188375,4.961625,6.387583,1,0
input,1847,40,1.42375,0.044167,3.76925,5.694166,0,
input,1848,40,3.147042,0.044458,4.915292,5.667792,0,
input,1849,40,0.176125,0.035958,2.018375,2.80025,0,
input,1850,40,0.185875,0.379458,4.992917,7.9775,100,0
input,1851,40,0.152291,0.35625,4.517458,6.843125,100,0
input,1852,40,0.167166,0.412542,4.308833,6.344041,100,0
input,1853,40,0.15875,0.34275,6.307208,8.408916,100,0
input,1854,40,0.114208,0.033667,2.075958,4.279917,0,
input,1855,40,0.158208,0.045334,2.352125,3.384167,0,
input,1856,40,0.148833,0.034,1.571167,2.361583,0,
input,1857,40,0.153209,0.073875,1.821709,2.56825,0,
input,1858,40,1.9455,0.071167,3.533834,4.180334,0,
input,1859,40,0.118792,0.059042,2.080042,2.756667,0,
input,1860,40,1.296958,0.053959,2.420792,2.978708,0,
input,1861,40,0.128708,0.060458,3.05475,3.8645,0,
input,1862,40,0.153791,0.074208,1.698791,2.368541,0,
input,1863,40,0.174542,0.067166,2.098625,2.916375,0,
input,1864,40,0.10425,0.061916,1.432417,2.05025,0,
selection,1865,40,0.474167,0.071291,3.845125,6.346334,100,1
selection,1866,40,1.300625,0.059375,3.80775,5.752667,100,2
selection,1867,40,1.933834,0.051875,4.403709,6.322542,100,3
selection,1868,40,0.258542,0.052291,2.448042,4.031458,100,4
selection,1869,40,0.229,0.052625,2.830875,4.900542,100,5
selection,1870,40,0.198875,0.042542,2.499084,6.842959,100,6
selection,1871,40,0.24625,0.058125,3.199334,7.820417,100,7
selection,1872,40,0.172666,0.042959,2.670958,7.121541,100,8
selection,1873,40,0.221416,0.051208,3.194375,7.746708,100,9
selection,1874,40,0.245416,0.055208,3.475458,7.987791,100,10
selection,1875,40,2.201917,0.036666,4.998667,9.383792,100,11
selection,1876,40,0.173709,0.046,3.338209,7.770542,100,12
selection,1877,40,0.2165,0.044292,3.685334,8.162542,100,13
selection,1878,40,0.353417,0.066625,3.131417,7.059875,100,14
selection,1879,40,0.179958,0.044292,3.280458,7.492625,100,15
selection,1880,40,2.084416,0.065,5.347375,9.894375,100,16
selection,1881,40,0.271208,0.081167,4.157708,8.575833,100,17
selection,1882,40,0.1405,0.028125,3.099084,6.744375,100,18
selection,1883,40,0.22025,0.052125,3.657416,7.57575,100,19
selection,1884,40,0.199042,0.04075,3.8255,8.319917,100,20
empty,1885,40,0.332208,0.033792,2.013125,3.926375,0,
invoke,1886,41,,,6.154875,6.814334,0,
input,1887,41,0.167625,0.249708,6.17675,8.447667,3,0
input,1888,41,1.963541,0.191792,5.820041,7.9185,2,0
input,1889,41,1.337666,0.191208,4.176375,6.3035,1,0
input,1890,41,1.698042,0.191458,4.860583,6.624042,1,0
input,1891,41,1.325708,0.164875,3.992333,5.675208,1,0
input,1892,41,0.175125,0.126625,4.184833,5.28725,1,0
input,1893,41,0.142042,0.038417,3.587292,5.544417,0,
input,1894,41,0.18525,0.048875,2.427292,3.258208,0,
input,1895,41,0.133916,0.033792,1.64525,2.341708,0,
input,1896,41,0.135709,0.347416,4.8525,7.9395,100,0
input,1897,41,0.143167,0.356,6.880334,9.205334,100,0
input,1898,41,2.167917,0.353042,6.085792,8.297958,100,0
input,1899,41,0.173959,0.372125,3.99425,6.163417,100,0
input,1900,41,0.136459,0.042625,2.214334,4.361167,0,
input,1901,41,0.189334,0.044458,1.971459,2.764959,0,
input,1902,41,1.775958,0.044875,3.415625,4.150875,0,
input,1903,41,0.154125,0.068166,3.570917,4.276042,0,
input,1904,41,0.106542,0.050625,1.272959,1.854042,0,
input,1905,41,0.228542,0.053166,1.750333,2.431875,0,
input,1906,41,0.151875,0.0595,1.531083,2.178333,0,
input,1907,41,0.145375,0.058583,1.551375,2.251875,0,
input,1908,41,0.103417,0.059542,1.392875,2.001042,0,
input,1909,41,0.272417,0.069792,1.805208,2.521083,0,
input,1910,41,0.12525,0.072459,1.516875,2.166375,0,
selection,1911,41,0.641583,0.058792,3.865791,5.877708,100,1
selection,1912,41,1.238584,0.055458,3.720709,5.436209,100,2
selection,1913,41,2.137792,0.044667,4.663625,6.405167,100,3
selection,1914,41,2.121625,0.056667,4.685875,6.568667,100,4
selection,1915,41,1.966666,0.03875,3.975416,5.701375,100,5
selection,1916,41,2.6855,0.039208,5.002541,9.192708,100,6
selection,1917,41,0.25875,0.069292,3.158916,7.433791,100,7
selection,1918,41,0.212917,0.047708,3.075125,7.368917,100,8
selection,1919,41,0.1995,0.045125,3.086458,7.575167,100,9
selection,1920,41,0.189417,0.04675,3.025917,7.52475,100,10
selection,1921,41,0.172834,0.0345,2.78925,6.39775,100,11
selection,1922,41,0.155083,0.037125,3.01425,7.684792,100,12
selection,1923,41,1.984125,0.05775,5.265542,9.679833,100,13
selection,1924,41,0.171042,0.033666,3.081875,7.715542,100,14
selection,1925,41,0.194667,0.045417,3.501917,7.43975,100,15
selection,1926,41,5.701875,0.044542,8.984917,13.388959,100,16
selection,1927,41,0.209458,0.050167,3.975,8.320958,100,17
selection,1928,41,0.207,0.050208,3.847166,8.213791,100,18
selection,1929,41,0.146958,0.030958,3.260583,7.2485,100,19
selection,1930,41,2.02725,0.041208,5.86,10.617542,100,20
empty,1931,41,0.098375,0.035291,1.747875,3.641167,0,
invoke,1932,42,,,4.884666,5.487875,0,
input,1933,42,0.136416,0.20475,5.572833,7.809833,3,0
input,1934,42,0.22175,0.199667,3.263,5.2445,2,0
input,1935,42,0.728584,0.1795,3.443292,5.350625,1,0
input,1936,42,1.432083,0.193042,4.468583,5.907708,1,0
input,1937,42,1.737375,0.194209,4.690875,6.151542,1,0
input,1938,42,1.927,0.154459,4.59775,5.946834,1,0
input,1939,42,0.129625,0.033583,2.024,3.865791,0,
input,1940,42,0.192,0.048791,2.29975,3.262709,0,
input,1941,42,1.011916,0.040875,2.73875,3.494916,0,
input,1942,42,0.1865,0.339042,5.564541,8.529541,100,0
input,1943,42,2.758042,0.391459,7.6855,10.298333,100,0
input,1944,42,0.16075,0.334125,4.084541,6.218916,100,0
input,1945,42,0.158625,0.349542,3.934,6.292458,100,0
input,1946,42,0.958334,0.03575,3.130375,5.521459,0,
input,1947,42,3.327083,0.043875,5.034125,5.897375,0,
input,1948,42,2.013125,0.038042,3.661333,4.351958,0,
input,1949,42,0.199208,0.057125,3.593833,4.346125,0,
input,1950,42,0.169916,0.066584,1.785625,2.496291,0,
input,1951,42,0.123167,0.058417,1.658792,2.383292,0,
input,1952,42,0.103333,0.0475,1.253708,1.837666,0,
input,1953,42,0.197417,0.063083,3.718209,4.511209,0,
input,1954,42,0.142708,0.074708,1.842167,2.61125,0,
input,1955,42,2.223209,0.07325,4.360042,5.060167,0,
input,1956,42,0.163333,0.068208,1.875125,2.652416,0,
selection,1957,42,0.364583,0.066,3.577542,5.760958,100,1
selection,1958,42,0.275917,0.071375,2.948125,4.750583,100,2
selection,1959,42,0.249208,0.057208,3.312875,5.179458,100,3
selection,1960,42,0.162375,0.04125,2.466542,4.303875,100,4
selection,1961,42,1.124542,0.04875,3.57075,5.442875,100,5
selection,1962,42,2.061291,0.045875,4.504625,9.168083,100,6
selection,1963,42,0.244625,0.066708,3.335583,8.382625,100,7
selection,1964,42,0.22475,0.050583,3.285375,7.827542,100,8
selection,1965,42,0.257542,0.065542,3.025542,7.404875,100,9
selection,1966,42,0.185833,0.043417,3.219625,7.799292,100,10
selection,1967,42,1.298125,0.055292,4.425625,9.077083,100,11
selection,1968,42,0.202042,0.035667,3.017917,7.61225,100,12
selection,1969,42,0.206834,0.047292,3.280792,7.768459,100,13
selection,1970,42,0.214833,0.044833,3.642458,7.92525,100,14
selection,1971,42,0.162792,0.033583,2.968542,7.08575,100,15
selection,1972,42,2.997625,0.034,6.152417,10.464917,100,16
selection,1973,42,0.220625,0.055541,4.094125,8.408041,100,17
selection,1974,42,0.232416,0.0565,3.883583,7.959833,100,18
selection,1975,42,0.173667,0.034166,3.383792,7.30275,100,19
selection,1976,42,0.162125,0.03525,3.620125,7.829166,100,20
empty,1977,42,0.46875,0.038958,3.450834,5.425209,0,
invoke,1978,43,,,4.632125,5.303916,0,
input,1979,43,0.198084,0.190375,6.866417,9.060334,3,0
input,1980,43,7.23925,0.165292,10.267834,12.676667,2,0
input,1981,43,2.795166,0.201292,6.019958,9.723,1,0
input,1982,43,0.220333,0.1935,3.825167,5.22275,1,0
input,1983,43,0.210792,0.227959,3.670875,5.403667,1,0
input,1984,43,0.538208,0.168458,3.017708,4.188375,1,0
input,1985,43,0.11875,0.034459,2.258584,4.252792,0,
input,1986,43,0.2265,0.04,3.675334,4.486,0,
input,1987,43,0.179833,0.039208,1.814583,2.552583,0,
input,1988,43,0.221709,0.361667,5.257792,8.241625,100,0
input,1989,43,1.132833,0.393375,5.288666,7.836083,100,0
input,1990,43,0.138375,0.349125,4.041958,6.186416,100,0
input,1991,43,0.203041,0.396333,4.783458,7.149375,100,0
input,1992,43,0.152416,0.044,2.550125,5.1285,0,
input,1993,43,0.183916,0.03925,1.91975,2.697125,0,
input,1994,43,1.944917,0.037917,3.513417,4.246542,0,
input,1995,43,0.213084,0.060209,2.4455,3.044417,0,
input,1996,43,0.0855,0.049333,1.207917,1.754,0,
input,1997,43,3.687,0.053583,4.973,5.542834,0,
input,1998,43,0.126625,0.062875,2.782584,3.472625,0,
input,1999,43,0.175041,0.068625,1.677083,2.292416,0,
input,2000,43,0.153417,0.0635,3.679959,4.389834,0,
input,2001,43,0.141292,0.082834,3.541875,4.31025,0,
input,2002,43,0.117083,0.06175,1.457875,2.10775,0,
selection,2003,43,0.696208,0.060125,3.769958,6.028958,100,1
selection,2004,43,0.372416,0.079708,2.457708,3.9095,100,2
selection,2005,43,0.206083,0.052375,2.661375,4.1525,100,3
selection,2006,43,0.536708,0.050292,3.072125,4.934458,100,4
selection,2007,43,0.205792,0.050792,2.277167,3.997625,100,5
selection,2008,43,0.143375,0.033417,2.627291,6.792583,100,6
selection,2009,43,0.268958,0.058541,3.049,7.53375,100,7
selection,2010,43,0.305333,0.047958,2.749417,6.925833,100,8
selection,2011,43,0.188917,0.050167,2.754375,6.99475,100,9
selection,2012,43,0.190292,0.047958,2.774333,6.909792,100,10
selection,2013,43,1.900166,0.036167,4.559958,8.674916,100,11
selection,2014,43,0.197542,0.045375,3.184167,7.40825,100,12
selection,2015,43,0.196541,0.051084,3.09725,7.356208,100,13
selection,2016,43,0.284584,0.07325,3.972834,8.440875,100,14
selection,2017,43,0.188459,0.040167,3.284584,7.8235,100,15
selection,2018,43,1.81475,0.035292,4.838042,9.283959,100,16
selection,2019,43,0.168708,0.039958,3.494583,7.414,100,17
selection,2020,43,0.198792,0.040125,3.571417,7.662208,100,18
selection,2021,43,0.176291,0.033375,3.590083,7.403083,100,19
selection,2022,43,0.192791,0.04375,3.863375,8.0475,100,20
empty,2023,43,3.198375,0.043292,4.93875,7.079458,0,
invoke,2024,44,,,4.268667,6.775792,0,
input,2025,44,0.167333,0.2465,5.905625,7.84475,3,0
input,2026,44,0.212667,0.177084,3.392167,5.387917,2,0
input,2027,44,1.343458,0.198375,4.392666,6.706875,1,0
input,2028,44,2.861458,0.199458,5.906041,7.276041,1,0
input,2029,44,1.91875,0.190959,4.767125,6.188666,1,0
input,2030,44,2.016417,0.1965,4.92275,6.373792,1,0
input,2031,44,0.125833,0.035625,2.365,4.145833,0,
input,2032,44,0.147375,0.03925,1.847417,2.768625,0,
input,2033,44,0.144542,0.040333,1.788458,2.511792,0,
input,2034,44,0.16725,0.332167,4.881375,7.707083,100,0
input,2035,44,0.152375,0.373417,6.164,8.48425,100,0
input,2036,44,1.979125,0.342709,5.3695,7.425708,100,0
input,2037,44,0.890625,0.358083,4.426917,6.787417,100,0
input,2038,44,0.976334,0.03475,2.721084,4.596959,0,
input,2039,44,3.245459,0.033333,4.526667,5.168792,0,
input,2040,44,0.158292,0.038542,2.433542,3.162458,0,
input,2041,44,0.123292,0.054208,1.576167,2.249,0,
input,2042,44,0.186375,0.0525,1.662125,2.317834,0,
input,2043,44,0.087708,0.04475,1.08275,1.637958,0,
input,2044,44,0.166833,0.054833,1.627083,2.347916,0,
input,2045,44,0.168375,0.072125,1.782208,2.4925,0,
input,2046,44,0.145542,0.083,3.546792,4.378083,0,
input,2047,44,0.173875,0.070375,6.458166,7.198875,0,
input,2048,44,0.173541,0.074459,2.425458,3.119375,0,
selection,2049,44,1.261125,0.069709,4.485625,6.967875,100,1
selection,2050,44,1.518917,0.045291,4.057542,5.843875,100,2
selection,2051,44,2.073875,0.054,4.516333,6.3495,100,3
selection,2052,44,2.004042,0.054333,4.589959,6.598709,100,4
selection,2053,44,1.759291,0.041834,4.410125,6.542,100,5
selection,2054,44,1.5825,0.03725,4.101292,8.8955,100,6
selection,2055,44,0.965958,0.042209,3.563083,8.418583,100,7
selection,2056,44,0.17425,0.043958,2.965417,7.723375,100,8
selection,2057,44,0.2055,0.043666,3.480208,8.427833,100,9
selection,2058,44,0.273458,0.061042,3.515375,8.010625,100,10
selection,2059,44,0.178292,0.040916,3.095292,7.751459,100,11
selection,2060,44,2.115917,0.053708,5.108584,9.825459,100,12
selection,2061,44,0.247209,0.061166,3.579209,8.040667,100,13
selection,2062,44,0.146167,0.033709,3.511875,7.6815,100,14
selection,2063,44,0.256542,0.061792,4.125417,9.013,100,15
selection,2064,44,2.282084,0.043125,5.841625,10.4155,100,16
selection,2065,44,0.139542,0.033209,3.295125,7.633333,100,17
selection,2066,44,0.20575,0.051417,4.042,8.345292,100,18
selection,2067,44,0.242292,0.047125,3.948917,8.407458,100,19
selection,2068,44,1.051333,0.056125,4.572208,8.825292,100,20
empty,2069,44,0.143042,0.041667,2.115625,4.50325,0,
invoke,2070,45,,,4.05,4.829833,0,
input,2071,45,1.962417,0.211833,7.68275,9.846542,3,0
input,2072,45,6.551416,0.157209,9.559708,11.722,2,0
input,2073,45,1.278917,0.207667,4.551834,6.834792,1,0
input,2074,45,1.259416,0.185166,4.032666,5.454375,1,0
input,2075,45,2.130375,0.184833,4.887417,6.31325,1,0
input,2076,45,2.172208,0.148833,4.477583,5.78225,1,0
input,2077,45,0.111041,0.029959,2.013291,3.808041,0,
input,2078,45,0.196417,0.037834,3.784083,4.569042,0,
input,2079,45,0.167875,0.039792,2.133208,3.08975,0,
input,2080,45,0.976084,0.356709,5.66975,8.694209,100,0
input,2081,45,0.151959,0.349917,4.300959,6.801375,100,0
input,2082,45,0.177,0.347125,4.525833,6.608125,100,0
input,2083,45,0.167042,0.387042,4.470084,6.588375,100,0
input,2084,45,0.133667,0.043875,2.502542,4.738875,0,
input,2085,45,0.173791,0.041708,1.942666,2.909,0,
input,2086,45,1.387666,0.033417,2.675916,3.262833,0,
input,2087,45,0.142333,0.071833,2.989375,3.636458,0,
input,2088,45,0.131375,0.064625,1.721416,2.4395,0,
input,2089,45,0.206292,0.056875,1.738959,2.427375,0,
input,2090,45,0.117916,0.052459,1.447,2.149583,0,
input,2091,45,0.199,0.061,1.953417,2.689542,0,
input,2092,45,0.188084,0.111709,2.03825,2.884209,0,
input,2093,45,1.659625,0.068334,3.344417,4.189334,0,
input,2094,45,0.196167,0.085291,2.20125,2.956167,0,
selection,2095,45,0.612125,0.062167,3.87975,6.040833,100,1
selection,2096,45,0.2055,0.054542,2.779958,4.518875,100,2
selection,2097,45,0.1845,0.039125,2.430375,4.136833,100,3
selection,2098,45,0.135917,0.030625,2.138584,3.977292,100,4
selection,2099,45,0.863042,0.046167,3.404334,5.340792,100,5
selection,2100,45,1.848875,0.037166,4.057125,8.599792,100,6
selection,2101,45,1.299959,0.034041,3.88625,8.73925,100,7
selection,2102,45,0.208792,0.050291,3.324208,7.765583,100,8
selection,2103,45,0.1975,0.043792,3.3575,8.0565,100,9
selection,2104,45,0.250625,0.063458,3.1085,7.494333,100,10
selection,2105,45,0.149666,0.034542,3.211875,7.723666,100,11
selection,2106,45,1.333291,0.049917,4.507583,9.370708,100,12
selection,2107,45,0.242875,0.05675,4.017791,8.533458,100,13
selection,2108,45,0.1955,0.047167,3.444333,7.869958,100,14
selection,2109,45,0.153417,0.03475,3.332334,8.181084,100,15
selection,2110,45,1.20725,0.030958,4.494458,9.371625,100,16
selection,2111,45,0.179458,0.044542,3.731625,8.012916,100,17
selection,2112,45,0.244458,0.050458,3.79025,7.877917,100,18
selection,2113,45,0.220458,0.039625,4.039708,8.577917,100,19
selection,2114,45,0.198375,0.04625,3.996667,8.093583,100,20
empty,2115,45,0.240916,0.04225,2.336583,4.489125,0,
invoke,2116,46,,,4.298416,5.066833,0,
input,2117,46,0.165291,0.24,7.797125,10.136375,3,0
input,2118,46,0.127834,0.122292,3.43325,5.662292,2,0
input,2119,46,1.417333,0.190917,4.240125,6.470083,1,0
input,2120,46,1.572042,0.207375,4.581292,6.16475,1,0
input,2121,46,1.704,0.181625,4.525083,6.05675,1,0
input,2122,46,1.989042,0.145875,4.801583,6.397208,1,0
input,2123,46,1.603708,0.042125,3.874833,5.897625,0,
input,2124,46,0.183333,0.042792,2.0095,2.801333,0,
input,2125,46,0.20625,0.035333,2.010708,2.75875,0,
input,2126,46,6.877,0.374459,12.041125,15.266291,100,0
input,2127,46,0.119125,0.324083,3.825666,6.093375,100,0
input,2128,46,0.145084,0.371041,4.514792,6.885084,100,0
input,2129,46,0.181209,0.365917,4.647875,6.803834,100,0
input,2130,46,0.136208,0.04075,2.292208,4.913916,0,
input,2131,46,0.181084,0.044291,2.10275,3.025834,0,
input,2132,46,1.222167,0.042708,2.941167,3.682542,0,
input,2133,46,0.2245,0.064833,2.711125,3.420083,0,
input,2134,46,0.200334,0.065084,1.863209,2.579792,0,
input,2135,46,0.114875,0.062166,1.431792,2.015333,0,
input,2136,46,0.10675,0.051417,1.328917,1.978083,0,
input,2137,46,0.231792,0.06325,1.844417,2.567333,0,
input,2138,46,0.120208,0.06875,1.706958,2.355291,0,
input,2139,46,0.176083,0.073959,2.744583,3.533125,0,
input,2140,46,0.122625,0.085125,3.88825,4.6305,0,
selection,2141,46,0.212208,0.053792,3.061625,4.989375,100,1
selection,2142,46,0.258417,0.0685,3.136,4.876667,100,2
selection,2143,46,0.166666,0.040667,2.371875,4.226666,100,3
selection,2144,46,0.456375,0.04475,2.825417,4.350375,100,4
selection,2145,46,0.182833,0.045167,2.380833,4.24725,100,5
selection,2146,46,0.215959,0.054166,2.983917,7.184584,100,6
selection,2147,46,0.18925,0.052458,2.602083,7.239833,100,7
selection,2148,46,0.241708,0.06,3.469417,8.144833,100,8
selection,2149,46,1.07825,0.04,3.932,9.067167,100,9
selection,2150,46,0.189167,0.04325,3.045417,8.089584,100,10
selection,2151,46,0.199875,0.039458,3.343417,7.498708,100,11
selection,2152,46,0.213166,0.052667,3.28175,7.646083,100,12
selection,2153,46,0.204625,0.053834,3.317458,7.863083,100,13
selection,2154,46,0.195959,0.044959,3.181584,7.303584,100,14
selection,2155,46,1.710916,0.034667,4.68625,8.909416,100,15
selection,2156,46,0.349083,0.056042,3.780958,8.295167,100,16
selection,2157,46,0.238666,0.053708,3.371416,7.291291,100,17
selection,2158,46,0.224125,0.052625,4.020416,8.453291,100,18
selection,2159,46,0.202709,0.041417,3.94525,8.576375,100,19
selection,2160,46,1.130584,0.03375,4.801209,9.161917,100,20
empty,2161,46,0.116792,0.0445,2.145625,4.332209,0,
invoke,2162,47,,,4.396209,5.096209,0,
input,2163,47,0.151625,0.234958,6.044208,8.502291,3,0
input,2164,47,17.013791,0.191708,20.285666,22.504166,2,0
input,2165,47,1.292125,0.198125,4.787083,8.327292,1,0
input,2166,47,0.188584,0.163,2.994875,4.577667,1,0
input,2167,47,1.303291,0.162375,3.940541,5.528875,1,0
input,2168,47,2.152333,0.167084,4.920625,6.374667,1,0
input,2169,47,1.517084,0.046583,3.908667,5.947042,0,
input,2170,47,2.929208,0.047,4.808666,5.65625,0,
input,2171,47,0.226917,0.033917,2.290709,3.013417,0,
input,2172,47,0.131042,0.363958,5.195167,8.685375,100,0
input,2173,47,0.273083,0.351,7.357875,9.775458,100,0
input,2174,47,1.302042,0.356,5.503084,7.671375,100,0
input,2175,47,0.19825,0.384625,4.618125,6.951875,100,0
input,2176,47,0.134208,0.041875,2.283208,4.63025,0,
input,2177,47,2.268083,0.034083,3.621458,4.334208,0,
input,2178,47,0.302666,0.036,2.742125,3.518666,0,
input,2179,47,0.133875,0.059875,1.601,2.375959,0,
input,2180,47,2.181875,0.068125,3.672542,4.275459,0,
input,2181,47,0.126791,0.05075,4.828583,5.433375,0,
input,2182,47,0.142625,0.052333,3.541,4.198375,0,
input,2183,47,0.198959,0.087,2.239709,3.12825,0,
input,2184,47,2.139375,0.077791,3.917667,4.659417,0,
input,2185,47,0.14875,0.072125,4.877,5.57525,0,
input,2186,47,0.153166,0.068583,3.389083,4.094333,0,
selection,2187,47,0.161667,0.035792,2.972459,4.889209,100,1
selection,2188,47,0.166042,0.043834,3.172334,5.04525,100,2
selection,2189,47,1.060791,0.042792,3.006708,4.431708,100,3
selection,2190,47,0.2935,0.074917,2.635875,4.42175,100,4
selection,2191,47,0.191708,0.055417,2.517458,4.255791,100,5
selection,2192,47,0.195625,0.045416,2.67625,7.346541,100,6
selection,2193,47,0.2085,0.047875,2.784417,6.644625,100,7
selection,2194,47,0.2215,0.047917,2.934125,7.370083,100,8
selection,2195,47,0.204083,0.045083,2.7995,7.32225,100,9
selection,2196,47,0.251083,0.055958,3.238416,7.591625,100,10
selection,2197,47,0.200458,0.045542,3.163708,7.289417,100,11
selection,2198,47,2.085417,0.048292,5.347667,9.399708,100,12
selection,2199,47,0.2045,0.046583,3.406291,7.779083,100,13
selection,2200,47,0.166292,0.039292,3.396584,7.533167,100,14
selection,2201,47,0.218542,0.045583,3.39225,7.737625,100,15
selection,2202,47,0.173333,0.043458,3.457958,7.336917,100,16
selection,2203,47,2.142042,0.057042,5.879459,10.302667,100,17
selection,2204,47,0.178458,0.034708,3.398166,7.013708,100,18
selection,2205,47,0.137166,0.027708,3.08525,6.679083,100,19
selection,2206,47,0.152959,0.038166,3.47975,7.475709,100,20
empty,2207,47,0.124,0.037334,4.815209,6.925417,0,
invoke,2208,48,,,4.721792,5.399584,0,
input,2209,48,1.995,0.165167,7.08575,9.144875,3,0
input,2210,48,0.154875,0.204917,4.482042,6.750792,2,0
input,2211,48,1.270375,0.220125,4.425875,6.36275,1,0
input,2212,48,2.884417,0.182916,5.826875,7.24475,1,0
input,2213,48,1.936084,0.192125,4.775625,6.039792,1,0
input,2214,48,0.177166,0.175834,3.755833,5.013458,1,0
input,2215,48,0.163834,0.030708,1.910375,3.620167,0,
input,2216,48,0.178791,0.046,2.189166,2.946208,0,
input,2217,48,0.138125,0.040667,1.715375,2.42725,0,
input,2218,48,0.162792,0.344667,5.079958,8.059792,100,0
input,2219,48,0.151833,0.37325,8.812,11.519875,100,0
input,2220,48,0.145208,0.334416,4.120958,6.509416,100,0
input,2221,48,0.166209,0.359,4.159584,6.352,100,0
input,2222,48,0.504667,0.043666,2.618708,4.924,0,
input,2223,48,3.100416,0.032208,4.412208,5.0035,0,
input,2224,48,0.136583,0.033208,4.129125,4.817417,0,
input,2225,48,0.128333,0.0525,1.459,2.085375,0,
input,2226,48,1.579417,0.052708,2.855209,3.399584,0,
input,2227,48,0.087542,0.053708,3.114792,3.693292,0,
input,2228,48,1.256291,0.040416,2.183583,2.691875,0,
input,2229,48,0.082042,0.056667,3.056667,3.649417,0,
input,2230,48,0.191166,0.066166,1.926125,2.69225,0,
input,2231,48,0.170958,0.0725,1.925083,2.735333,0,
input,2232,48,0.114417,0.066375,1.447958,2.1415,0,
selection,2233,48,0.272708,0.053834,3.377625,5.409166,100,1
selection,2234,48,0.33625,0.073334,2.898583,4.652167,100,2
selection,2235,48,0.198666,0.041292,2.815625,4.765333,100,3
selection,2236,48,1.337541,0.066125,3.847833,5.638583,100,4
selection,2237,48,2.104041,0.050625,4.497708,6.394166,100,5
selection,2238,48,2.152042,0.050167,4.672834,9.130584,100,6
selection,2239,48,0.281417,0.051208,2.562125,7.019333,100,7
selection,2240,48,0.193917,0.045917,2.737834,7.25175,100,8
selection,2241,48,0.22125,0.0465,3.169,7.640416,100,9
selection,2242,48,0.226334,0.048708,3.668834,8.101125,100,10
selection,2243,48,0.164125,0.035833,2.777,6.754542,100,11
selection,2244,48,0.170833,0.042916,2.903541,6.867125,100,12
selection,2245,48,0.219584,0.056833,3.282417,7.729834,100,13
selection,2246,48,1.146375,0.039083,4.297584,8.639084,100,14
selection,2247,48,0.173708,0.043875,3.557708,8.378833,100,15
selection,2248,48,0.221333,0.044334,3.801166,8.282,100,16
selection,2249,48,0.176333,0.039084,3.440667,7.783667,100,17
selection,2250,48,0.168417,0.034041,3.522084,7.891084,100,18
selection,2251,48,1.249208,0.033292,4.713083,8.994166,100,19
selection,2252,48,0.192,0.040709,4.083542,8.352792,100,20
empty,2253,48,0.175625,0.042041,4.537458,6.508,0,
invoke,2254,49,,,7.178667,7.944709,0,
input,2255,49,7.387709,0.164125,12.270042,14.331875,3,0
input,2256,49,0.458167,0.14925,3.261,5.532333,2,0
input,2257,49,0.615916,0.188625,3.777375,6.1055,1,0
input,2258,49,1.358291,0.189166,4.48975,6.109666,1,0
input,2259,49,1.439,0.175166,4.500709,6.268375,1,0
input,2260,49,0.179042,0.157375,5.183292,6.435542,1,0
input,2261,49,0.114709,0.031666,1.91,3.75375,0,
input,2262,49,0.174958,0.045375,2.109208,2.932292,0,
input,2263,49,1.248125,0.042083,3.019792,3.766958,0,
input,2264,49,0.179959,0.324458,4.929625,7.693834,100,0
input,2265,49,0.174791,0.350834,4.429875,6.819541,100,0
input,2266,49,1.761958,0.370375,5.833625,8.076708,100,0
input,2267,49,1.242333,0.361417,5.3725,7.695,100,0
input,2268,49,0.139917,0.039,2.206334,4.403,0,
input,2269,49,3.312833,0.041541,4.93875,5.629208,0,
input,2270,49,0.188375,0.043,2.646417,3.316625,0,
input,2271,49,0.189083,0.0605,1.85275,2.95375,0,
input,2272,49,1.388459,0.054458,2.650542,3.170167,0,
input,2273,49,0.13875,0.055292,2.709959,3.283417,0,
input,2274,49,0.111458,0.051083,1.407166,2.020083,0,
input,2275,49,0.091375,0.060917,3.093166,3.693958,0,
input,2276,49,1.228625,0.042834,2.258042,2.824125,0,
input,2277,49,0.163625,0.079166,4.742291,5.365625,0,
input,2278,49,0.169333,0.063583,1.756,2.476042,0,
selection,2279,49,0.234125,0.04375,3.144,5.1265,100,1
selection,2280,49,0.239834,0.079542,2.836667,4.672709,100,2
selection,2281,49,0.164125,0.049083,2.392208,3.942333,100,3
selection,2282,49,0.130125,0.032833,1.968042,3.464542,100,4
selection,2283,49,2.273334,0.052125,4.527042,6.320584,100,5
selection,2284,49,0.165459,0.037875,2.418,6.331459,100,6
selection,2285,49,0.169375,0.040792,2.498959,6.806125,100,7
selection,2286,49,1.953875,0.064125,4.374,8.521334,100,8
selection,2287,49,1.043583,0.044834,3.671625,8.055625,100,9
selection,2288,49,1.071125,0.036625,3.895792,8.259125,100,10
selection,2289,49,0.223917,0.051416,3.236625,7.578167,100,11
selection,2290,49,0.161583,0.036833,2.694708,6.714292,100,12
selection,2291,49,0.191708,0.045292,2.947041,7.025208,100,13
selection,2292,49,0.229917,0.067458,3.567917,7.850958,100,14
selection,2293,49,0.22975,0.054167,3.574333,7.661167,100,15
selection,2294,49,0.159583,0.032334,2.921541,6.70025,100,16
selection,2295,49,0.159166,0.040083,3.318083,7.477708,100,17
selection,2296,49,1.956375,0.057417,5.333791,9.520625,100,18
selection,2297,49,0.192291,0.042708,3.7945,7.7035,100,19
selection,2298,49,0.166084,0.036125,3.850542,7.942792,100,20
empty,2299,49,0.100834,0.032333,1.404375,3.267917,0,
invoke,2300,50,,,6.046417,6.783917,0,
input,2301,50,0.173459,0.217375,7.622375,9.756209,3,0
input,2302,50,6.137958,0.148417,12.833333,14.844291,2,0
input,2303,50,6.158584,0.212667,9.619292,12.018834,1,0
input,2304,50,1.215792,0.189,3.980875,5.414292,1,0
input,2305,50,2.113583,0.16775,4.762708,6.254583,1,0
input,2306,50,2.13325,0.169666,4.697291,5.924,1,0
input,2307,50,0.109875,0.031667,2.106458,3.994958,0,
input,2308,50,0.206625,0.035625,3.787917,4.529958,0,
input,2309,50,6.835916,0.042833,8.657833,9.402208,0,
input,2310,50,0.167875,0.339209,6.208208,9.177542,100,0
input,2311,50,1.74075,0.354042,6.219333,8.910458,100,0
input,2312,50,0.173125,0.364208,4.470041,6.483,100,0
input,2313,50,0.168959,0.385667,4.648875,6.97875,100,0
input,2314,50,0.138292,0.042083,2.477792,5.024667,0,
input,2315,50,0.203333,0.043459,2.08775,2.734458,0,
input,2316,50,0.122416,0.033583,2.541333,3.244375,0,
input,2317,50,0.117584,0.067,1.505459,2.275209,0,
input,2318,50,0.145583,0.054125,1.638625,2.274292,0,
input,2319,50,0.0985,0.044958,1.100625,1.610208,0,
input,2320,50,0.147125,0.053667,2.213792,2.914792,0,
input,2321,50,0.116833,0.065042,1.483083,2.15825,0,
input,2322,50,0.157,0.084417,1.98375,2.792792,0,
input,2323,50,0.10925,0.052875,1.404041,2.112791,0,
input,2324,50,2.243875,0.087709,4.080417,4.879833,0,
selection,2325,50,0.256292,0.051583,3.500625,5.445,100,1
selection,2326,50,0.269834,0.07775,3.382375,5.138209,100,2
selection,2327,50,0.204542,0.048125,2.409459,4.185,100,3
selection,2328,50,1.043417,0.052667,3.61525,5.376083,100,4
selection,2329,50,2.133042,0.059709,4.646,6.617709,100,5
selection,2330,50,1.932709,0.058917,4.544292,8.613625,100,6
selection,2331,50,0.133209,0.027041,2.129917,6.44625,100,7
selection,2332,50,0.203916,0.048917,2.687625,6.746833,100,8
selection,2333,50,0.243583,0.05725,3.192791,7.866666,100,9
selection,2334,50,0.190917,0.0435,2.939708,7.307,100,10
selection,2335,50,0.216208,0.044792,3.333541,7.725416,100,11
selection,2336,50,0.161208,0.041041,2.827375,6.98025,100,12
selection,2337,50,0.282167,0.076292,3.323709,8.076209,100,13
selection,2338,50,0.608333,0.029833,3.402292,7.5505,100,14
selection,2339,50,0.200875,0.0435,3.548,7.792416,100,15
selection,2340,50,0.210542,0.042833,3.53925,7.884334,100,16
selection,2341,50,0.137333,0.052833,3.503166,7.656333,100,17
selection,2342,50,0.189125,0.043833,3.650209,7.526542,100,18
selection,2343,50,0.181541,0.037167,3.418708,7.6155,100,19
selection,2344,50,0.178666,0.0475,3.875,8.554375,100,20
empty,2345,50,0.135875,0.044375,2.056542,4.104125,0,
invoke,2346,51,,,4.246042,5.023958,0,
input,2347,51,2.085375,0.204625,8.155417,10.228542,3,0
input,2348,51,1.272791,0.211875,4.522625,6.720416,2,0
input,2349,51,1.248917,0.197166,4.2155,6.446958,1,0
input,2350,51,2.54925,0.204125,5.469791,7.001333,1,0
input,2351,51,2.976458,0.178125,5.754667,7.075833,1,0
input,2352,51,2.178333,0.141417,4.418541,5.68275,1,0
input,2353,51,0.106625,0.032041,2.001667,3.773375,0,
input,2354,51,0.186666,0.050291,2.185708,3.121166,0,
input,2355,51,0.184167,0.0405,1.841458,2.559833,0,
input,2356,51,0.162541,0.334042,5.849,8.5375,100,0
input,2357,51,0.149917,0.344833,4.839042,7.347583,100,0
input,2358,51,0.163833,0.354,3.986417,5.975625,100,0
input,2359,51,0.124291,0.358042,4.072708,5.997583,100,0
input,2360,51,0.16925,0.034209,2.210958,4.310667,0,
input,2361,51,0.185667,0.055583,2.428125,3.216292,0,
input,2362,51,0.974541,0.031625,2.217458,2.830083,0,
input,2363,51,5.57525,0.054208,7.020166,7.645708,0,
input,2364,51,0.12225,0.067667,2.309292,2.883792,0,
input,2365,51,0.124458,0.052584,1.444292,2.047667,0,
input,2366,51,0.089708,0.06475,3.124958,3.756875,0,
input,2367,51,0.107166,0.059041,1.232208,1.771333,0,
input,2368,51,0.125792,0.05875,2.47725,3.226917,0,
input,2369,51,0.413458,0.065125,1.903166,2.595291,0,
input,2370,51,0.124834,0.070875,3.497042,4.321542,0,
selection,2371,51,0.188625,0.051667,2.938875,4.788083,100,1
selection,2372,51,0.218416,0.057667,2.892125,4.618,100,2
selection,2373,51,0.180292,0.043291,2.30025,3.970125,100,3
selection,2374,51,2.109375,0.050833,4.179125,5.675584,100,4
selection,2375,51,0.197625,0.046916,2.723375,4.798625,100,5
selection,2376,51,0.20225,0.048959,2.905916,6.801958,100,6
selection,2377,51,0.187125,0.043417,2.509,6.987083,100,7
selection,2378,51,0.222667,0.048459,3.215459,8.219417,100,8
selection,2379,51,2.346958,0.050458,5.314667,10.577125,100,9
selection,2380,51,0.165833,0.033292,2.927291,7.664666,100,10
selection,2381,51,0.149166,0.031458,2.880541,7.161958,100,11
selection,2382,51,0.151666,0.028167,2.761416,7.038583,100,12
selection,2383,51,0.238959,0.061292,3.97175,8.324959,100,13
selection,2384,51,0.23925,0.047666,3.511125,7.763625,100,14
selection,2385,51,0.165,0.03375,3.094584,7.10775,100,15
selection,2386,51,0.181708,0.035625,3.247917,7.620042,100,16
selection,2387,51,1.306208,0.03925,4.62925,8.814541,100,17
selection,2388,51,0.169042,0.031625,3.318542,6.99225,100,18
selection,2389,51,0.134709,0.028834,3.320625,7.649542,100,19
selection,2390,51,0.221917,0.047625,4.197917,8.399333,100,20
empty,2391,51,0.137084,0.034,3.766584,5.964667,0,
invoke,2392,52,,,4.026042,5.055584,0,
input,2393,52,0.167875,0.22225,6.213834,8.149084,3,0
input,2394,52,1.884833,0.144292,5.30475,7.064708,2,0
input,2395,52,1.232625,0.153125,3.691416,5.515541,1,0
input,2396,52,2.883708,0.192792,5.945792,7.494833,1,0
input,2397,52,1.712084,0.175125,4.377042,5.704334,1,0
input,2398,52,0.17075,0.139541,2.611875,3.807667,1,0
input,2399,52,0.139875,0.055875,4.180916,5.939875,0,
input,2400,52,0.192417,0.033166,4.257584,4.997334,0,
input,2401,52,0.179958,0.043958,1.783375,2.606667,0,
input,2402,52,0.228958,0.332625,4.492083,7.322458,100,0
input,2403,52,1.224042,0.341917,5.41125,7.855917,100,0
input,2404,52,0.135375,0.343584,3.655791,5.9465,100,0
input,2405,52,1.182791,0.383917,4.952375,7.292,100,0
input,2406,52,0.108167,0.033833,1.774167,3.632042,0,
input,2407,52,2.845709,0.035458,4.274084,4.945209,0,
input,2408,52,0.143375,0.038167,2.121375,2.854083,0,
input,2409,52,0.158167,0.054125,1.584084,2.239084,0,
input,2410,52,0.186166,0.063459,1.956166,2.697,0,
input,2411,52,0.132375,0.054292,1.451542,2.086708,0,
input,2412,52,0.17075,0.065167,2.107041,2.899875,0,
input,2413,52,0.132708,0.070542,1.690458,2.424833,0,
input,2414,52,0.125667,0.059875,1.66825,2.397042,0,
input,2415,52,0.092625,0.062375,1.409625,2.196833,0,
input,2416,52,2.121625,0.095458,3.932375,4.714,0,
selection,2417,52,0.890709,0.051666,4.324709,7.010625,100,1
selection,2418,52,0.184208,0.055666,2.871916,4.814708,100,2
selection,2419,52,1.62375,0.047917,4.144667,6.032125,100,3
selection,2420,52,0.250125,0.061209,2.7975,4.785917,100,4
selection,2421,52,0.2655,0.071208,3.4325,5.564,100,5
selection,2422,52,0.222709,0.059875,3.232917,7.787084,100,6
selection,2423,52,0.221709,0.0505,2.73325,6.82575,100,7
selection,2424,52,0.213458,0.042833,3.007708,7.748917,100,8
selection,2425,52,1.896375,0.049375,4.747375,9.75,100,9
selection,2426,52,0.1535,0.03725,2.787875,7.017667,100,10
selection,2427,52,0.206416,0.042292,3.4965,7.910083,100,11
selection,2428,52,0.196875,0.048459,3.356625,7.662375,100,12
selection,2429,52,0.173292,0.038209,3.160625,7.415542,100,13
selection,2430,52,1.959791,0.057417,5.629833,10.048041,100,14
selection,2431,52,0.23025,0.045459,3.445291,8.022458,100,15
selection,2432,52,5.0025,0.057792,8.694333,13.338042,100,16
selection,2433,52,0.190542,0.037792,3.878042,8.258375,100,17
selection,2434,52,0.225042,0.054292,3.835584,7.838959,100,18
selection,2435,52,0.152625,0.035042,3.436417,7.432417,100,19
selection,2436,52,0.185583,0.044792,3.973708,8.657833,100,20
empty,2437,52,0.152125,0.039,2.19325,4.284833,0,
invoke,2438,53,,,4.592083,5.30475,0,
input,2439,53,2.080208,0.201416,7.097625,9.174333,3,0
input,2440,53,8.267833,0.194041,11.351916,13.481208,2,0
input,2441,53,1.655541,0.218459,4.981083,7.458125,1,0
input,2442,53,1.258458,0.18225,4.082292,5.554792,1,0
input,2443,53,2.000958,0.163375,4.5435,5.887041,1,0
input,2444,53,0.131917,0.141542,2.915083,4.227417,1,0
input,2445,53,0.113209,0.042708,5.615709,7.388334,0,
input,2446,53,0.1805,0.045208,2.42425,3.372125,0,
input,2447,53,0.471292,0.039833,2.098792,2.810375,0,
input,2448,53,0.190875,0.323208,4.929167,7.704792,100,0
input,2449,53,0.159833,0.343083,4.38475,6.847917,100,0
input,2450,53,2.023041,0.351167,5.635208,7.700666,100,0
input,2451,53,1.210958,0.342583,4.673041,6.603125,100,0
input,2452,53,0.615292,0.032916,2.283209,4.089834,0,
input,2453,53,0.139709,0.032375,1.447542,2.064875,0,
input,2454,53,0.153916,0.035208,2.834125,3.484958,0,
input,2455,53,0.093959,0.04725,1.170042,1.7135,0,
input,2456,53,0.136583,0.05825,1.484291,2.091375,0,
input,2457,53,0.155708,0.049125,1.527167,2.070833,0,
input,2458,53,0.09375,0.045083,1.206833,1.789041,0,
input,2459,53,0.0995,0.060375,2.222125,2.797375,0,
input,2460,53,0.078542,0.047542,1.066542,1.569542,0,
input,2461,53,0.114584,0.057833,2.073167,2.65525,0,
input,2462,53,0.09325,0.057958,1.242708,1.783167,0,
selection,2463,53,0.233209,0.050417,3.279084,5.321875,100,1
selection,2464,53,1.096125,0.063416,3.691958,5.444083,100,2
selection,2465,53,0.287084,0.069958,2.4405,4.037209,100,3
selection,2466,53,0.177875,0.040125,2.77125,4.36325,100,4
selection,2467,53,0.241875,0.053042,2.475583,4.432,100,5
selection,2468,53,1.266125,0.042792,3.916625,8.217416,100,6
selection,2469,53,1.222167,0.034834,3.786625,8.131917,100,7
selection,2470,53,0.179042,0.036167,2.713125,7.623042,100,8
selection,2471,53,0.192333,0.035833,2.859417,7.3025,100,9
selection,2472,53,0.196458,0.045041,2.903083,7.325958,100,10
selection,2473,53,0.193,0.043042,3.220583,7.398375,100,11
selection,2474,53,0.189708,0.0435,2.962166,6.830208,100,12
selection,2475,53,0.294833,0.046958,3.229583,7.353292,100,13
selection,2476,53,0.184041,0.041916,3.120125,7.264458,100,14
selection,2477,53,2.157,0.06175,5.423333,9.869625,100,15
selection,2478,53,0.15075,0.034458,3.273375,7.493833,100,16
selection,2479,53,0.124709,0.028167,3.152292,7.556375,100,17
selection,2480,53,0.2365,0.057041,4.124834,8.884542,100,18
selection,2481,53,0.198709,0.043,3.567917,7.223709,100,19
selection,2482,53,1.812542,0.059541,5.929209,10.130417,100,20
empty,2483,53,0.093084,0.026667,1.420834,3.336625,0,
invoke,2484,54,,,3.928208,6.394875,0,
input,2485,54,0.14175,0.193958,5.126625,7.161209,3,0
input,2486,54,3.823583,0.198542,6.995041,9.424,2,0
input,2487,54,1.292375,0.215125,4.607125,8.696125,1,0
input,2488,54,0.174875,0.182375,2.953959,4.301292,1,0
input,2489,54,2.190708,0.1915,5.261208,6.913375,1,0
input,2490,54,0.227292,0.125958,2.667417,3.859708,1,0
input,2491,54,0.1555,0.037166,4.240833,6.165625,0,
input,2492,54,0.176083,0.048416,2.209,3.084875,0,
input,2493,54,0.151333,0.043333,1.827583,2.602125,0,
input,2494,54,0.157667,0.333292,5.095084,7.986334,100,0
input,2495,54,0.247625,0.345791,5.464625,7.797833,100,0
input,2496,54,2.195083,0.366375,6.135833,8.3785,100,0
input,2497,54,0.18425,0.358209,3.999417,6.087458,100,0
input,2498,54,1.119334,0.038417,3.282625,5.645084,0,
input,2499,54,2.904417,0.032458,4.212,4.856708,0,
input,2500,54,0.150375,0.035333,4.90375,5.561042,0,
input,2501,54,0.11875,0.046583,1.31975,1.995083,0,
input,2502,54,0.128125,0.048458,1.295958,1.784167,0,
input,2503,54,0.096625,0.043292,1.091208,1.565458,0,
input,2504,54,0.11675,0.055833,2.23875,2.903958,0,
input,2505,54,1.047375,0.056542,2.3005,2.868291,0,
input,2506,54,0.104375,0.073084,3.066583,3.775375,0,
input,2507,54,0.095208,0.056625,1.341375,1.956458,0,
input,2508,54,0.128291,0.067375,1.702541,2.422958,0,
selection,2509,54,0.256125,0.048625,3.400625,5.711417,100,1
selection,2510,54,1.335083,0.090708,3.944625,5.806208,100,2
selection,2511,54,1.9205,0.053542,4.506416,6.255291,100,3
selection,2512,54,2.001125,0.047958,4.494834,6.249,100,4
selection,2513,54,2.075042,0.061458,4.875917,7.286458,100,5
selection,2514,54,1.177916,0.04325,3.533666,8.345208,100,6
selection,2515,54,0.192542,0.042625,2.786584,7.655625,100,7
selection,2516,54,0.222417,0.046916,3.340583,7.997542,100,8
selection,2517,54,0.224167,0.043583,3.0695,7.518667,100,9
selection,2518,54,0.216167,0.056834,3.116375,7.481208,100,10
selection,2519,54,2.016417,0.057375,5.032125,10.12475,100,11
selection,2520,54,0.213583,0.050417,3.257375,7.63925,100,12
selection,2521,54,0.171958,0.041583,3.423916,8.280333,100,13
selection,2522,54,0.274417,0.064541,3.503208,8.20375,100,14
selection,2523,54,1.61675,0.060292,5.219208,9.76625,100,15
selection,2524,54,0.190292,0.040709,3.406167,7.603542,100,16
selection,2525,54,0.186458,0.046417,3.799083,7.795333,100,17
selection,2526,54,0.262542,0.092208,3.733792,7.820792,100,18
selection,2527,54,0.1775,0.043166,3.531833,7.873417,100,19
selection,2528,54,0.616083,0.048041,4.1135,8.153166,100,20
empty,2529,54,0.147875,0.044042,2.016709,4.610834,0,
invoke,2530,55,,,4.921208,5.640916,0,
input,2531,55,0.127125,0.1305,5.067833,6.876083,3,0
input,2532,55,7.233208,0.189625,10.466833,12.954875,2,0
input,2533,55,1.281417,0.227709,4.603834,7.148959,1,0
input,2534,55,1.319417,0.205541,4.439792,6.302333,1,0
input,2535,55,1.290291,0.182583,4.109291,5.645333,1,0
input,2536,55,2.011958,0.186583,4.864167,6.338792,1,0
input,2537,55,1.61125,0.038583,3.802416,5.653333,0,
input,2538,55,4.003834,0.04075,5.74525,6.590625,0,
input,2539,55,0.14875,0.048042,3.046791,3.83675,0,
input,2540,55,0.144833,0.322375,4.6015,7.599458,100,0
input,2541,55,0.167291,0.318917,6.668416,9.1715,100,0
input,2542,55,1.814,0.356458,5.752667,8.087375,100,0
input,2543,55,0.13475,0.37725,4.250791,6.729416,100,0
input,2544,55,0.117792,0.035667,2.135083,4.245208,0,
input,2545,55,5.137334,0.041,7.02975,7.977625,0,
input,2546,55,1.037875,0.04075,2.627083,3.314667,0,
input,2547,55,0.196583,0.057209,3.610708,4.413833,0,
input,2548,55,0.184291,0.065583,1.846541,2.533708,0,
input,2549,55,0.158791,0.058125,2.040708,2.823625,0,
input,2550,55,0.417917,0.054,1.807792,2.527458,0,
input,2551,55,0.176709,0.060416,2.928667,3.592542,0,
input,2552,55,0.168709,0.070125,1.707084,2.409667,0,
input,2553,55,0.113166,0.063584,2.957875,3.754208,0,
input,2554,55,0.120125,0.075375,1.738958,2.636292,0,
selection,2555,55,0.203125,0.056709,3.087125,5.043917,100,1
selection,2556,55,0.240542,0.061584,2.684334,4.371959,100,2
selection,2557,55,0.182792,0.036959,2.44525,4.180125,100,3
selection,2558,55,1.285625,0.034916,3.321792,4.87475,100,4
selection,2559,55,0.195709,0.044291,2.245542,4.079209,100,5
selection,2560,55,0.264667,0.072959,3.260042,7.346208,100,6
selection,2561,55,0.239458,0.055958,2.862167,7.130167,100,7
selection,2562,55,0.191959,0.044334,2.863709,7.401167,100,8
selection,2563,55,0.166292,0.03625,2.818,7.369875,100,9
selection,2564,55,1.202625,0.054125,4.447792,9.311834,100,10
selection,2565,55,0.164875,0.034209,2.925125,7.15075,100,11
selection,2566,55,0.188833,0.036708,3.206541,7.324833,100,12
selection,2567,55,0.208333,0.072833,3.237375,7.335167,100,13
selection,2568,55,0.203666,0.032834,3.125958,7.037083,100,14
selection,2569,55,0.209,0.054375,3.807042,8.175584,100,15
selection,2570,55,0.92775,0.06675,4.4785,8.921,100,16
selection,2571,55,0.130417,0.028459,3.026792,6.937584,100,17
selection,2572,55,0.155417,0.029583,3.252625,7.362584,100,18
selection,2573,55,4.945583,0.058458,8.690958,13.231958,100,19
selection,2574,55,0.16325,0.035209,3.722458,7.950833,100,20
empty,2575,55,0.166125,0.033167,1.86425,3.959166,0,
invoke,2576,56,,,4.619,6.645542,0,
input,2577,56,0.172917,0.2115,5.753959,7.773084,3,0
input,2578,56,1.207834,0.17175,4.158459,6.1615,2,0
input,2579,56,1.577834,0.206,4.919042,7.397209,1,0
input,2580,56,1.200583,0.153917,3.800625,5.345541,1,0
input,2581,56,2.181458,0.173708,4.842583,6.269416,1,0
input,2582,56,2.234834,0.20125,5.202667,6.774417,1,0
input,2583,56,1.411042,0.039875,3.720792,5.728459,0,
input,2584,56,5.776291,0.042042,7.816291,8.830375,0,
input,2585,56,0.166708,0.038167,1.820917,2.570125,0,
input,2586,56,0.177958,0.396375,5.253708,8.403458,100,0
input,2587,56,0.16025,0.3485,5.338833,8.209666,100,0
input,2588,56,1.734208,0.365084,5.802833,8.192875,100,0
input,2589,56,0.140666,0.404542,4.266083,6.740166,100,0
input,2590,56,0.158625,0.055334,2.692625,5.3575,0,
input,2591,56,0.150667,0.040583,1.813417,2.606209,0,
input,2592,56,0.24075,0.0335,1.707125,2.454917,0,
input,2593,56,0.140917,0.068375,1.917833,2.738292,0,
input,2594,56,1.9615,0.070959,3.690834,4.390625,0,
input,2595,56,0.212667,0.056667,2.4005,3.153,0,
input,2596,56,0.151208,0.061417,1.7095,2.514833,0,
input,2597,56,0.257709,0.073625,2.263834,3.111125,0,
input,2598,56,0.149875,0.083292,2.017791,2.833833,0,
input,2599,56,1.218834,0.0825,2.621167,3.248084,0,
input,2600,56,0.110792,0.073291,5.426875,6.083,0,
selection,2601,56,0.207541,0.047083,3.17925,4.961416,100,1
selection,2602,56,0.223916,0.054833,2.856,4.537958,100,2
selection,2603,56,0.214542,0.044459,2.500375,4.1455,100,3
selection,2604,56,2.134042,0.049083,4.541708,6.105917,100,4
selection,2605,56,0.181625,0.047833,2.489917,4.4525,100,5
selection,2606,56,0.254667,0.068708,3.041333,7.248083,100,6
selection,2607,56,0.234042,0.055375,2.696584,6.890834,100,7
selection,2608,56,0.190875,0.047625,2.87325,7.406,100,8
selection,2609,56,1.668833,0.034875,4.357041,9.270041,100,9
selection,2610,56,0.220625,0.047333,3.270334,8.565709,100,10
selection,2611,56,0.210208,0.04375,3.568375,7.864625,100,11
selection,2612,56,0.150334,0.03325,2.754459,6.784667,100,12
selection,2613,56,0.204875,0.043459,3.139792,7.433542,100,13
selection,2614,56,2.16225,0.066166,5.643125,10.273208,100,14
selection,2615,56,0.21225,0.049708,3.4665,7.568541,100,15
selection,2616,56,0.202,0.044583,3.471458,7.703583,100,16
selection,2617,56,0.190625,0.03925,3.861667,8.40375,100,17
selection,2618,56,1.388209,0.042958,4.85625,9.232709,100,18
selection,2619,56,0.195625,0.04725,3.856625,8.003125,100,19
selection,2620,56,0.143417,0.034584,3.843875,7.826875,100,20
empty,2621,56,0.111041,0.032666,1.531708,3.633166,0,
invoke,2622,57,,,9.396375,9.9605,0,
input,2623,57,2.018875,0.194875,8.515833,10.441833,3,0
input,2624,57,4.519875,0.153917,7.393417,9.407834,2,0
input,2625,57,2.726333,0.196917,5.844458,8.101166,1,0
input,2626,57,2.137125,0.191333,5.053917,6.490875,1,0
input,2627,57,1.119375,0.203125,4.051208,5.461958,1,0
input,2628,57,0.166375,0.141833,2.710625,3.940625,1,0
input,2629,57,0.103083,0.035917,4.25325,6.030417,0,
input,2630,57,0.201042,0.048875,2.27325,3.228125,0,
input,2631,57,1.837875,0.0365,3.28425,3.974959,0,
input,2632,57,0.214958,0.328209,6.242417,9.057958,100,0
input,2633,57,0.13925,0.368417,5.836041,8.36675,100,0
input,2634,57,1.659667,0.3505,5.6635,8.088958,100,0
input,2635,57,0.186625,0.352417,4.16375,6.535334,100,0
input,2636,57,0.965,0.038875,2.97975,4.923458,0,
input,2637,57,4.281458,0.032209,5.566333,6.170666,0,
input,2638,57,0.12275,0.036042,3.287792,3.910292,0,
input,2639,57,0.133917,0.047,1.334292,1.882917,0,
input,2640,57,0.109375,0.050792,1.553292,2.132375,0,
input,2641,57,1.182458,0.041,2.162,2.661583,0,
input,2642,57,0.179958,0.053292,1.612708,2.31125,0,
input,2643,57,0.1775,0.068958,2.332125,3.052125,0,
input,2644,57,0.100791,0.052208,1.432833,2.197083,0,
input,2645,57,0.12625,0.058875,1.348292,1.896042,0,
input,2646,57,0.09375,0.058167,1.411541,2.030791,0,
selection,2647,57,0.349125,0.082041,3.246208,5.325167,100,1
selection,2648,57,0.209584,0.06025,2.407667,3.918334,100,2
selection,2649,57,0.210291,0.044916,2.4525,4.369125,100,3
selection,2650,57,0.959334,0.043458,3.390625,4.994625,100,4
selection,2651,57,0.206083,0.052666,2.548625,4.469833,100,5
selection,2652,57,0.209083,0.047791,2.904625,7.020958,100,6
selection,2653,57,0.193125,0.046917,2.914125,7.571542,100,7
selection,2654,57,0.257708,0.061084,3.34425,7.488458,100,8
selection,2655,57,1.516167,0.055459,4.495375,9.676209,100,9
selection,2656,57,0.182292,0.036292,3.121292,7.833083,100,10
selection,2657,57,0.347625,0.062,3.303125,7.55,100,11
selection,2658,57,0.154708,0.03625,3.044958,7.095708,100,12
selection,2659,57,0.206958,0.048625,3.215167,7.707208,100,13
selection,2660,57,1.292125,0.060792,4.84725,9.089,100,14
selection,2661,57,0.124375,0.026625,2.969,6.963583,100,15
selection,2662,57,0.206542,0.052042,3.750125,8.253833,100,16
selection,2663,57,0.206958,0.049625,3.942792,8.480375,100,17
selection,2664,57,1.832292,0.041125,5.039292,9.303583,100,18
selection,2665,57,0.824125,0.049333,4.305625,8.567209,100,19
selection,2666,57,0.220667,0.048208,4.093292,8.494625,100,20
empty,2667,57,0.101708,0.031542,1.623583,3.764875,0,
invoke,2668,58,,,4.854333,5.501625,0,
input,2669,58,3.445333,0.21125,8.893,10.893125,3,0
input,2670,58,4.173042,0.18,7.28125,9.761209,2,0
input,2671,58,6.896291,0.227333,10.523791,12.77625,1,0
input,2672,58,1.2105,0.201667,4.155959,5.796,1,0
input,2673,58,1.730958,0.138208,4.01525,5.302417,1,0
input,2674,58,0.181333,0.146167,3.239041,4.561458,1,0
input,2675,58,0.137875,0.035333,3.570292,5.409,0,
input,2676,58,0.165959,0.052375,2.396875,3.275709,0,
input,2677,58,0.947875,0.042542,2.596625,3.307791,0,
input,2678,58,0.155542,0.335792,6.755,10.123042,100,0
input,2679,58,9.321291,0.355875,13.58675,15.913166,100,0
input,2680,58,0.187333,0.349083,4.198292,6.443208,100,0
input,2681,58,0.194541,0.384792,4.485125,6.846666,100,0
input,2682,58,0.102708,0.045292,2.430958,4.807417,0,
input,2683,58,1.636208,0.031584,3.168542,3.876625,0,
input,2684,58,0.182708,0.034833,2.497458,3.208916,0,
input,2685,58,0.143167,0.0585,1.514083,2.165042,0,
input,2686,58,0.142958,0.055208,1.598958,2.317,0,
input,2687,58,0.14975,0.059458,1.551875,2.191083,0,
input,2688,58,0.146708,0.062291,2.537083,3.361041,0,
input,2689,58,0.119917,0.057209,1.33025,1.892125,0,
input,2690,58,0.202125,0.065833,2.351334,3.222,0,
input,2691,58,0.168333,0.081583,2.221666,3.159375,0,
input,2692,58,1.062,0.082,2.689667,3.399583,0,
selection,2693,58,0.238625,0.055458,3.596792,5.530167,100,1
selection,2694,58,0.179583,0.0425,2.441042,4.065375,100,2
selection,2695,58,2.231167,0.053042,4.561125,6.132375,100,3
selection,2696,58,0.28325,0.059208,2.5845,4.309709,100,4
selection,2697,58,0.210125,0.053666,2.692458,4.679166,100,5
selection,2698,58,0.197584,0.047167,2.736334,6.950167,100,6
selection,2699,58,0.251125,0.060333,3.322958,7.402375,100,7
selection,2700,58,0.219167,0.046417,2.944584,7.436542,100,8
selection,2701,58,0.252,0.066042,3.254541,7.525416,100,9
selection,2702,58,0.201167,0.048292,3.284042,7.635083,100,10
selection,2703,58,0.239875,0.0505,3.3975,7.956625,100,11
selection,2704,58,1.924959,0.036333,5.403625,9.555084,100,12
selection,2705,58,0.172583,0.041208,3.202,7.294291,100,13
selection,2706,58,6.076334,0.050917,9.369375,13.72,100,14
selection,2707,58,0.21425,0.048542,3.887166,8.687791,100,15
selection,2708,58,0.265542,0.063542,4.109792,8.79425,100,16
selection,2709,58,1.972875,0.032208,5.013542,9.073458,100,17
selection,2710,58,0.144583,0.031375,3.574333,8.138333,100,18
selection,2711,58,0.200417,0.039208,3.821459,7.94075,100,19
selection,2712,58,0.243416,0.054667,4.425416,8.589,100,20
empty,2713,58,1.815583,0.044,3.701417,5.997667,0,
invoke,2714,59,,,4.089375,4.896041,0,
input,2715,59,0.203375,0.162083,6.176625,8.176666,3,0
input,2716,59,7.226958,0.173083,10.446667,13.039958,2,0
input,2717,59,2.518708,0.205208,5.997708,10.084375,1,0
input,2718,59,0.184292,0.203542,3.078167,4.463584,1,0
input,2719,59,0.204875,0.206666,3.309542,5.230209,1,0
input,2720,59,0.141917,0.145792,2.686959,3.950584,1,0
input,2721,59,0.156083,0.0385,4.824333,6.758208,0,
input,2722,59,1.879917,0.041917,3.73275,4.623875,0,
input,2723,59,0.159541,0.043458,1.84225,2.614,0,
input,2724,59,0.898083,0.344542,5.6745,8.870292,100,0
input,2725,59,0.12625,0.343625,4.178042,6.7845,100,0
input,2726,59,0.199167,0.3855,4.559375,6.722042,100,0
input,2727,59,0.198875,0.359458,6.094,8.228167,100,0
input,2728,59,0.162584,0.040584,3.706,5.695459,0,
input,2729,59,0.176,0.033917,4.025875,4.74225,0,
input,2730,59,0.1785,0.037458,1.73825,2.473584,0,
input,2731,59,0.132083,0.057375,1.689792,2.396333,0,
input,2732,59,7.144083,0.074167,8.941333,9.663208,0,
input,2733,59,0.126833,0.067834,3.016292,3.739083,0,
input,2734,59,0.138333,0.057917,1.557625,2.217125,0,
input,2735,59,0.150875,0.071292,2.341792,3.199209,0,
input,2736,59,0.135417,0.077625,1.923459,2.776959,0,
input,2737,59,1.329333,0.08125,3.019,3.73575,0,
input,2738,59,0.216042,0.090791,2.424833,3.184583,0,
selection,2739,59,0.258541,0.051042,3.564458,5.675375,100,1
selection,2740,59,0.259792,0.070541,3.803458,5.65075,100,2
selection,2741,59,0.223084,0.0445,2.476625,4.141875,100,3
selection,2742,59,0.222875,0.057083,2.987542,4.920792,100,4
selection,2743,59,0.228167,0.045666,2.485875,4.463,100,5
selection,2744,59,0.157958,0.041792,2.505333,6.633417,100,6
selection,2745,59,0.17825,0.039209,2.529708,6.784083,100,7
selection,2746,59,0.255292,0.057167,3.046875,7.332708,100,8
selection,2747,59,0.293792,0.091709,2.993,7.337417,100,9
selection,2748,59,0.203417,0.04975,2.76,6.902125,100,10
selection,2749,59,1.864708,0.060375,5.113625,9.46475,100,11
selection,2750,59,0.21925,0.052167,3.238,7.504083,100,12
selection,2751,59,0.18925,0.040709,3.337458,7.430708,100,13
selection,2752,59,0.245208,0.061208,3.583625,7.836208,100,14
selection,2753,59,0.167,0.033833,3.172583,7.564875,100,15
selection,2754,59,1.823041,0.050583,4.8665,9.019375,100,16
selection,2755,59,0.203041,0.048042,3.918916,7.990541,100,17
selection,2756,59,0.198167,0.04575,3.839042,7.842458,100,18
selection,2757,59,0.285125,0.038834,3.502042,7.425083,100,19
selection,2758,59,0.184209,0.049708,4.046125,8.177625,100,20
empty,2759,59,0.123708,0.033916,1.700458,3.782291,0,
