operation,sample,cycle,dispatch_ms,controller_ms,graph_ms,draw_proxy_ms,results,selected
invoke,0,0,,,6.319917,7.584833,0,
input,1,0,3.27675,0.319583,31.970208,37.771333,3,0
input,2,0,7.621291,0.16075,12.638666,14.995708,2,0
input,3,0,0.176,0.178542,3.191166,5.2325,1,0
input,4,0,0.198208,0.20625,3.847,5.764333,1,0
input,5,0,0.591,0.172916,3.293292,4.791,1,0
input,6,0,0.174542,0.143083,5.497583,6.596167,1,0
input,7,0,0.163291,0.034625,3.028291,5.302833,0,
input,8,0,0.197166,0.039417,3.986333,4.773833,0,
input,9,0,0.174542,0.037334,1.738417,2.541458,0,
input,10,0,1.859458,0.386542,7.368833,11.401625,100,0
input,11,0,0.158583,0.389625,8.785666,11.16625,100,0
input,12,0,0.190459,0.352,4.249834,6.596667,100,0
input,13,0,1.136459,0.383,5.018667,7.328625,100,0
input,14,0,0.135834,0.043125,2.182125,4.445792,0,
input,15,0,3.460208,0.043959,5.178292,6.012792,0,
input,16,0,0.189792,0.036167,2.013084,2.761709,0,
input,17,0,0.176625,0.067041,2.008291,2.848333,0,
input,18,0,1.214,0.063417,2.613417,3.185917,0,
input,19,0,0.115167,0.051583,2.688125,3.297209,0,
input,20,0,1.017416,0.053292,2.218333,2.843375,0,
input,21,0,0.151959,0.074917,3.362125,4.146917,0,
input,22,0,0.133958,0.061334,1.64375,2.436458,0,
input,23,0,0.143417,0.065375,1.880209,2.690959,0,
input,24,0,0.123583,0.082292,1.651708,2.422333,0,
selection,25,0,0.435958,0.05275,3.837208,6.339125,100,1
selection,26,0,2.010708,0.054167,5.570041,7.852625,100,2
selection,27,0,0.242292,0.056,2.693125,4.515833,100,3
selection,28,0,0.199041,0.04875,2.825916,4.735125,100,4
selection,29,0,6.745834,0.063416,9.615875,12.292625,100,5
selection,30,0,1.233292,0.044083,3.811167,9.444209,100,6
selection,31,0,0.195,0.049166,3.043959,8.407542,100,7
selection,32,0,0.25025,0.063708,3.424375,8.383292,100,8
selection,33,0,2.231542,0.06125,5.278959,10.487542,100,9
selection,34,0,0.22525,0.054334,3.760375,8.041834,100,10
selection,35,0,0.178084,0.043917,3.02375,7.532834,100,11
selection,36,0,0.231791,0.057959,3.252583,7.746375,100,12
selection,37,0,1.963958,0.03975,4.906458,9.704041,100,13
selection,38,0,0.214542,0.048333,3.473125,8.213167,100,14
selection,39,0,0.169,0.035375,3.253792,7.73825,100,15
selection,40,0,0.2235,0.056333,3.419792,7.496167,100,16
selection,41,0,0.243416,0.035875,3.287291,7.366916,100,17
selection,42,0,0.193084,0.042208,3.375542,7.388542,100,18
selection,43,0,1.983083,0.0375,5.622291,9.847958,100,19
selection,44,0,0.180542,0.050667,3.916292,8.12575,100,20
empty,45,0,0.145417,0.050208,2.036125,3.977917,0,
invoke,46,1,,,3.913583,4.625583,0,
input,47,1,0.168042,0.18475,8.227333,10.427917,3,0
input,48,1,7.266291,0.17525,10.41,12.605083,2,0
input,49,1,2.616708,0.211458,6.011666,8.123583,1,0
input,50,1,2.144584,0.186,4.882084,6.229125,1,0
input,51,1,0.16225,0.148583,2.8345,4.119875,1,0
input,52,1,0.211417,0.175959,3.846208,5.123458,1,0
input,53,1,0.137417,0.036958,2.017917,4.058584,0,
input,54,1,0.156542,0.039417,1.671625,2.336834,0,
input,55,1,3.256708,0.040959,4.914958,5.634042,0,
input,56,1,0.149292,0.353458,5.985084,8.874917,100,0
input,57,1,0.933958,0.332292,4.632875,7.387541,100,0
input,58,1,1.195542,0.366625,5.418542,7.898833,100,0
input,59,1,1.127333,0.373084,5.321375,7.958916,100,0
input,60,1,0.14175,0.040542,2.1745,4.572417,0,
input,61,1,3.49775,0.034292,4.901,5.647,0,
input,62,1,0.211458,0.036333,4.517916,5.303916,0,
input,63,1,0.186917,0.071125,1.9725,2.835375,0,
input,64,1,1.082542,0.065458,2.691083,3.354708,0,
input,65,1,0.13225,0.056042,2.510875,3.223583,0,
input,66,1,0.116083,0.055916,1.453791,2.102625,0,
input,67,1,0.151416,0.06175,1.709333,2.404291,0,
input,68,1,0.137958,0.083167,1.76475,2.546416,0,
input,69,1,0.131875,0.074,1.876875,2.676167,0,
input,70,1,0.3285,0.065958,1.80925,2.5745,0,
selection,71,1,0.25075,0.051292,3.333542,5.304625,100,1
selection,72,1,0.217125,0.057166,2.634166,4.193291,100,2
selection,73,1,0.177667,0.043416,2.330959,4.030875,100,3
selection,74,1,1.343375,0.04,3.880459,5.637584,100,4
selection,75,1,2.135417,0.04825,4.518625,6.346792,100,5
selection,76,1,2.160208,0.034625,4.37775,8.479875,100,6
selection,77,1,0.238667,0.063333,2.9345,7.207583,100,7
selection,78,1,0.183083,0.043791,2.442708,6.489833,100,8
selection,79,1,0.676875,0.047208,3.535917,8.048292,100,9
selection,80,1,0.234,0.06075,3.299583,7.83975,100,10
selection,81,1,0.181292,0.04,3.02975,7.229875,100,11
selection,82,1,0.179042,0.045333,2.875917,6.963917,100,12
selection,83,1,0.220709,0.069042,3.691709,8.207959,100,13
selection,84,1,0.164125,0.032708,3.261541,7.662083,100,14
selection,85,1,1.552875,0.068875,4.948292,9.202333,100,15
selection,86,1,0.188041,0.04,3.540791,7.8845,100,16
selection,87,1,0.178833,0.046375,3.337083,7.515875,100,17
selection,88,1,0.186333,0.042917,3.734458,7.524333,100,18
selection,89,1,0.189083,0.040542,3.743333,7.860375,100,19
selection,90,1,0.162333,0.041541,3.625666,7.72975,100,20
empty,91,1,1.7405,0.044583,3.666875,5.785417,0,
invoke,92,2,,,3.912583,5.983208,0,
input,93,2,0.202792,0.249583,5.98475,8.059875,3,0
input,94,2,0.190334,0.203709,3.77125,5.568125,2,0
input,95,2,0.182,0.152916,2.800792,4.636667,1,0
input,96,2,0.217916,0.175667,3.714708,5.195666,1,0
input,97,2,1.2255,0.158833,3.765292,4.996792,1,0
input,98,2,0.141625,0.149417,3.455584,4.619084,1,0
input,99,2,0.137875,0.041375,3.035583,4.8055,0,
input,100,2,0.184833,0.04975,2.207208,2.982875,0,
input,101,2,0.946375,0.041417,2.587,3.276833,0,
input,102,2,0.164667,0.323209,5.599792,8.398792,100,0
input,103,2,0.155209,0.325875,4.981834,7.178292,100,0
input,104,2,0.154875,0.321375,3.819333,5.78975,100,0
input,105,2,0.145958,0.336667,3.939167,5.726,100,0
input,106,2,0.100792,0.033791,2.005917,3.8345,0,
input,107,2,0.126625,0.035792,1.644541,2.263875,0,
input,108,2,0.141417,0.032917,1.544458,2.137292,0,
input,109,2,0.143208,0.051291,1.3865,1.936,0,
input,110,2,4.498083,0.0515,5.772166,6.36075,0,
input,111,2,0.112542,0.0475,2.586334,3.125417,0,
input,112,2,1.15725,0.051583,2.435667,3.043084,0,
input,113,2,0.087458,0.060917,2.805958,3.463375,0,
input,114,2,0.113875,0.063459,1.481875,2.117375,0,
input,115,2,0.195292,0.066333,3.413917,4.110167,0,
input,116,2,0.126833,0.080875,1.822833,2.618625,0,
selection,117,2,0.236292,0.047875,3.287792,5.383875,100,1
selection,118,2,0.219666,0.05975,2.820333,4.557833,100,2
selection,119,2,0.298125,0.042,2.357417,3.8365,100,3
selection,120,2,2.090291,0.064208,4.791833,6.604958,100,4
selection,121,2,1.952666,0.05225,4.326958,6.209375,100,5
selection,122,2,2.094959,0.040625,4.462667,8.725375,100,6
selection,123,2,0.216792,0.055208,3.134875,7.749042,100,7
selection,124,2,0.199959,0.052209,3.04275,8.128417,100,8
selection,125,2,0.233375,0.058666,3.124209,7.31375,100,9
selection,126,2,0.203458,0.047667,3.2585,7.958417,100,10
selection,127,2,2.000708,0.033541,4.916083,9.277375,100,11
selection,128,2,0.195125,0.042042,3.344292,8.053709,100,12
selection,129,2,0.188958,0.050084,3.144625,7.3875,100,13
selection,130,2,0.200375,0.039584,3.324209,7.306625,100,14
selection,131,2,0.179875,0.037291,3.434375,7.443416,100,15
selection,132,2,0.199125,0.045583,3.4895,7.441917,100,16
selection,133,2,0.16575,0.03475,3.386917,7.714625,100,17
selection,134,2,0.15325,0.040917,3.122708,7.253958,100,18
selection,135,2,1.6605,0.031958,4.96425,8.965542,100,19
selection,136,2,0.111625,0.025209,3.272042,7.135333,100,20
empty,137,2,0.113666,0.035125,1.605666,3.49425,0,
invoke,138,3,,,4.036292,4.683,0,
input,139,3,0.157916,0.22625,6.182958,8.359916,3,0
input,140,3,1.3395,0.1405,4.237458,6.297417,2,0
input,141,3,0.128375,0.1245,2.484292,4.074667,1,0
input,142,3,4.898416,0.164792,8.192125,9.764,1,0
input,143,3,1.41925,0.165792,4.01925,5.270875,1,0
input,144,3,0.14525,0.131709,2.528375,3.80575,1,0
input,145,3,0.185125,0.044958,5.427167,7.103958,0,
input,146,3,0.195459,0.039416,3.610417,4.238209,0,
input,147,3,0.180625,0.046209,1.816417,2.515917,0,
input,148,3,0.196084,0.30925,5.59825,8.538875,100,0
input,149,3,1.313333,0.366333,5.947042,8.559042,100,0
input,150,3,1.028083,0.367959,5.074667,7.405875,100,0
input,151,3,0.129292,0.324375,3.363167,5.405583,100,0
input,152,3,0.673542,0.030958,2.304834,4.022042,0,
input,153,3,0.150917,0.032458,1.409167,1.985167,0,
input,154,3,0.131167,0.032791,1.930459,2.55075,0,
input,155,3,0.123917,0.051333,1.44125,2.0785,0,
input,156,3,0.127875,0.055,4.376333,5.005375,0,
input,157,3,0.110625,0.045917,1.194209,1.785375,0,
input,158,3,0.121083,0.048125,1.314583,1.865667,0,
input,159,3,0.138167,0.065417,1.531,2.141917,0,
input,160,3,0.153167,0.064542,1.839792,2.683417,0,
input,161,3,0.117834,0.064416,1.446,2.08375,0,
input,162,3,0.160625,0.086042,2.08125,2.948334,0,
selection,163,3,0.232875,0.047666,3.222625,5.2265,100,1
selection,164,3,0.690667,0.070167,3.272875,5.074292,100,2
selection,165,3,2.067791,0.064625,4.561166,6.277625,100,3
selection,166,3,0.190417,0.055709,2.470625,4.241708,100,4
selection,167,3,0.144166,0.037625,2.271208,4.212958,100,5
selection,168,3,0.169,0.04275,2.543083,7.135042,100,6
selection,169,3,0.200333,0.047083,2.628958,7.407875,100,7
selection,170,3,0.185792,0.04525,3.3755,7.878042,100,8
selection,171,3,0.221083,0.0555,3.614333,7.534083,100,9
selection,172,3,0.218458,0.059042,2.916833,7.011791,100,10
selection,173,3,0.202708,0.053208,2.908417,7.065917,100,11
selection,174,3,0.176708,0.042917,3.004708,7.139542,100,12
selection,175,3,1.540042,0.043833,4.245042,8.089375,100,13
selection,176,3,0.204584,0.049875,3.187334,7.427209,100,14
selection,177,3,0.295334,0.074791,4.090459,8.167209,100,15
selection,178,3,0.271041,0.071083,4.076416,8.521166,100,16
selection,179,3,0.167458,0.040584,3.520166,7.52175,100,17
selection,180,3,1.451375,0.045125,5.471208,9.698292,100,18
selection,181,3,0.14225,0.03225,3.431959,7.35625,100,19
selection,182,3,0.234083,0.049875,3.895625,7.852708,100,20
empty,183,3,0.104125,0.031,1.478625,3.521208,0,
invoke,184,4,,,5.90125,6.553292,0,
input,185,4,0.171791,0.212958,5.886958,8.218125,3,0
input,186,4,8.25975,0.18975,11.248208,13.4175,2,0
input,187,4,0.369375,0.174291,3.351959,5.58025,1,0
input,188,4,1.094,0.175541,3.790542,5.12975,1,0
input,189,4,0.150917,0.133667,2.724792,4.013209,1,0
input,190,4,0.199541,0.167042,4.325083,5.638875,1,0
input,191,4,0.121792,0.041834,4.094625,5.942792,0,
input,192,4,0.173833,0.040834,2.090125,3.031,0,
input,193,4,0.820792,0.053542,2.80075,3.449542,0,
input,194,4,0.18975,0.322292,6.666833,10.046625,100,0
input,195,4,8.822,0.33575,12.85625,15.015625,100,0
input,196,4,0.147042,0.330708,3.994333,6.241083,100,0
input,197,4,0.191417,0.345042,5.64,7.779458,100,0
input,198,4,0.122667,0.03425,2.01475,4.206667,0,
input,199,4,0.18175,0.048625,2.178958,2.921292,0,
input,200,4,0.479541,0.043375,2.216416,2.93025,0,
input,201,4,0.144416,0.067333,2.895,3.509083,0,
input,202,4,0.127417,0.06525,1.513708,2.168542,0,
input,203,4,0.177334,0.059417,3.126,3.7745,0,
input,204,4,0.141625,0.050667,1.37375,1.982583,0,
input,205,4,0.24675,0.056208,1.748708,2.433625,0,
input,206,4,0.135334,0.061417,1.451334,2.04925,0,
input,207,4,0.163584,0.069584,1.772,2.459792,0,
input,208,4,0.086208,0.064125,1.36525,1.967333,0,
selection,209,4,0.326959,0.063208,3.576834,5.6525,100,1
selection,210,4,1.08,0.060375,3.60275,5.278458,100,2
selection,211,4,2.220584,0.042042,4.330792,5.99725,100,3
selection,212,4,0.202875,0.053167,2.595667,4.39725,100,4
selection,213,4,0.144917,0.037416,2.225167,4.147667,100,5
selection,214,4,0.178791,0.04125,2.362083,6.933,100,6
selection,215,4,6.464833,0.0715,9.365,13.76575,100,7
selection,216,4,0.170042,0.038791,2.668792,6.963709,100,8
selection,217,4,0.218375,0.050208,3.054458,7.900083,100,9
selection,218,4,0.267875,0.07275,3.488375,7.497834,100,10
selection,219,4,0.200917,0.0395,3.086834,7.362667,100,11
selection,220,4,0.172333,0.036875,3.2915,8.140833,100,12
selection,221,4,0.782709,0.031209,3.827,8.260084,100,13
selection,222,4,0.556542,0.045584,3.676875,8.038208,100,14
selection,223,4,0.170959,0.039584,3.092709,7.079209,100,15
selection,224,4,6.396416,0.045208,9.825208,14.316958,100,16
selection,225,4,0.178209,0.04,3.931417,8.789584,100,17
selection,226,4,0.190792,0.038708,3.720792,8.203167,100,18
selection,227,4,0.180459,0.040666,3.641709,7.744584,100,19
selection,228,4,1.579208,0.046875,5.387958,9.648542,100,20
empty,229,4,0.1355,0.039208,1.828417,3.917584,0,
invoke,230,5,,,4.914667,5.527917,0,
input,231,5,1.102625,0.206666,6.985333,9.202333,3,0
input,232,5,0.164417,0.261958,4.076917,6.091375,2,0
input,233,5,0.180792,0.191667,3.38675,5.433917,1,0
input,234,5,0.175083,0.219291,3.879541,5.670708,1,0
input,235,5,0.160083,0.215125,3.311708,5.062625,1,0
input,236,5,1.22825,0.183792,4.012625,5.4865,1,0
input,237,5,1.582833,0.046959,3.985292,6.054417,0,
input,238,5,3.840875,0.043875,5.539958,6.278791,0,
input,239,5,0.202458,0.042791,2.888625,3.631916,0,
input,240,5,0.201541,0.357459,5.082541,8.227125,100,0
input,241,5,3.652291,0.358333,8.317375,10.945833,100,0
input,242,5,0.203167,0.35625,4.766875,6.947459,100,0
input,243,5,0.159084,0.370416,3.954125,6.422959,100,0
input,244,5,0.115417,0.0445,2.261917,4.757459,0,
input,245,5,2.125375,0.053709,4.023291,4.768166,0,
input,246,5,0.212917,0.036667,5.994917,6.716625,0,
input,247,5,0.194041,0.062541,3.005916,3.670583,0,
input,248,5,0.188625,0.071875,1.942125,2.696209,0,
input,249,5,0.214334,0.0555,1.576417,2.291417,0,
input,250,5,0.119333,0.049041,1.339,1.888166,0,
input,251,5,0.14025,0.059167,2.049375,2.650625,0,
input,252,5,0.126083,0.061583,1.417042,2.006667,0,
input,253,5,0.137542,0.058584,1.502417,2.162083,0,
input,254,5,1.071625,0.061833,2.418417,3.162333,0,
selection,255,5,0.266125,0.069833,3.365875,5.166833,100,1
selection,256,5,0.219083,0.061209,2.962625,4.608708,100,2
selection,257,5,0.191541,0.043541,2.420458,4.131416,100,3
selection,258,5,1.130375,0.062917,3.560833,5.244667,100,4
selection,259,5,0.179666,0.057292,2.631333,4.455291,100,5
selection,260,5,0.192584,0.044542,2.730709,6.620709,100,6
selection,261,5,0.220709,0.0635,2.679292,6.772125,100,7
selection,262,5,0.202167,0.041042,2.705084,6.668292,100,8
selection,263,5,0.162875,0.031333,2.680792,6.9915,100,9
selection,264,5,0.259875,0.107167,3.179875,7.322,100,10
selection,265,5,0.158041,0.037583,2.677708,6.694375,100,11
selection,266,5,0.1725,0.037917,3.020917,7.303708,100,12
selection,267,5,1.512584,0.03825,4.3395,8.48025,100,13
selection,268,5,0.864875,0.030667,3.754458,8.482416,100,14
selection,269,5,0.193292,0.043166,3.180959,7.339834,100,15
selection,270,5,0.199708,0.047666,3.445291,7.424708,100,16
selection,271,5,0.200833,0.050583,3.873291,8.209541,100,17
selection,272,5,0.159292,0.030375,3.233292,7.480375,100,18
selection,273,5,1.744875,0.047167,5.502375,10.259,100,19
selection,274,5,0.203708,0.049458,4.168166,8.28325,100,20
empty,275,5,0.143833,0.033166,1.708042,3.782917,0,
invoke,276,6,,,5.5535,6.574333,0,
input,277,6,0.168166,0.219542,6.044375,8.133,3,0
input,278,6,1.719125,0.204125,6.029041,8.150333,2,0
input,279,6,1.19,0.199125,4.230125,6.425625,1,0
input,280,6,1.454,0.203666,4.480167,6.023792,1,0
input,281,6,1.753,0.175834,4.472875,5.976375,1,0
input,282,6,2.052208,0.171917,4.687333,5.946916,1,0
input,283,6,2.062125,0.042292,4.280209,6.276584,0,
input,284,6,3.744667,0.045708,5.545958,6.3745,0,
input,285,6,0.19,0.041584,3.934292,4.658167,0,
input,286,6,0.230042,0.327084,6.141209,9.068875,100,0
input,287,6,1.753083,0.367791,6.314625,9.056667,100,0
input,288,6,0.193625,0.348167,4.4685,6.585666,100,0
input,289,6,0.163834,0.383334,4.843917,7.085834,100,0
input,290,6,0.109583,0.034875,2.166375,4.491875,0,
input,291,6,0.150875,0.040375,2.095375,2.7755,0,
input,292,6,0.231208,0.049875,1.961625,2.705125,0,
input,293,6,0.168542,0.0645,1.833334,2.553084,0,
input,294,6,1.945792,0.068,3.591042,4.241958,0,
input,295,6,0.118958,0.063625,2.346958,3.027792,0,
input,296,6,0.12825,0.061375,1.498292,2.177917,0,
input,297,6,4.854792,0.0815,6.724167,7.530959,0,
input,298,6,0.220167,0.0785,2.836708,3.59025,0,
input,299,6,0.119625,0.059958,1.361167,1.961167,0,
input,300,6,0.14475,0.070625,1.692917,2.266417,0,
selection,301,6,1.422334,0.057375,4.401542,6.708834,100,1
selection,302,6,1.142959,0.045166,3.64275,5.405334,100,2
selection,303,6,2.144209,0.040625,4.482334,6.063417,100,3
selection,304,6,0.316,0.072292,2.764875,4.706209,100,4
selection,305,6,0.242792,0.051333,2.764958,4.762,100,5
selection,306,6,0.159375,0.039958,2.488959,6.59425,100,6
selection,307,6,0.242834,0.056917,3.143042,7.629084,100,7
selection,308,6,0.201792,0.042709,2.714583,7.148125,100,8
selection,309,6,0.248334,0.055708,3.062125,7.57,100,9
selection,310,6,1.900458,0.054959,4.640042,9.339042,100,10
selection,311,6,0.226209,0.046417,3.608625,8.138875,100,11
selection,312,6,0.210375,0.040583,3.097833,6.89575,100,12
selection,313,6,0.214042,0.039708,3.283292,7.216292,100,13
selection,314,6,0.136,0.035292,3.005709,7.199834,100,14
selection,315,6,0.168709,0.045583,3.497167,7.671875,100,15
selection,316,6,0.217666,0.050375,3.595166,7.903541,100,16
selection,317,6,0.767625,0.029083,3.744417,7.655833,100,17
selection,318,6,0.208375,0.046,3.042334,6.477667,100,18
selection,319,6,0.167917,0.038792,3.593958,7.848792,100,19
selection,320,6,0.191291,0.044375,3.854666,7.789625,100,20
empty,321,6,0.146917,0.035083,4.749208,6.944167,0,
invoke,322,7,,,3.464667,4.20875,0,
input,323,7,0.170417,0.221375,6.12425,8.347542,3,0
input,324,7,0.249292,0.20525,3.540458,5.78625,2,0
input,325,7,1.198917,0.184875,3.981292,5.974125,1,0
input,326,7,2.591458,0.180542,5.512083,7.167875,1,0
input,327,7,1.742125,0.161,4.378667,5.721292,1,0
input,328,7,0.147791,0.139167,2.730958,4.010791,1,0
input,329,7,0.133166,0.032333,3.423375,5.236666,0,
input,330,7,0.201458,0.049167,2.058417,2.897708,0,
input,331,7,0.157583,0.033792,3.371958,4.181541,0,
input,332,7,0.193541,0.342333,5.330291,8.241083,100,0
input,333,7,0.158375,0.326292,5.9825,8.461125,100,0
input,334,7,1.905625,0.389083,5.88175,8.450917,100,0
input,335,7,1.196167,0.3685,5.082792,7.423042,100,0
input,336,7,0.109875,0.041542,2.244875,4.681333,0,
input,337,7,4.479708,0.033125,5.820417,6.469083,0,
input,338,7,0.190542,0.032917,1.559209,2.294792,0,
input,339,7,0.1925,0.072042,1.997833,2.8055,0,
input,340,7,1.507584,0.06475,2.977459,3.595792,0,
input,341,7,0.149833,0.051666,2.806583,3.503083,0,
input,342,7,0.127083,0.058,1.412,2.022917,0,
input,343,7,0.242542,0.076292,2.211334,3.011792,0,
input,344,7,0.148541,0.0685,1.811875,2.61375,0,
input,345,7,0.164416,0.069625,1.947041,2.630375,0,
input,346,7,0.090334,0.058792,1.39025,2.039625,0,
selection,347,7,0.265625,0.052833,3.446167,5.318167,100,1
selection,348,7,0.186125,0.047958,2.4345,4.062625,100,2
selection,349,7,0.190458,0.0605,2.448583,4.128917,100,3
selection,350,7,1.563,0.041583,4.001667,5.604792,100,4
selection,351,7,0.149542,0.047208,2.166875,3.909125,100,5
selection,352,7,5.003292,0.066834,7.687084,12.129625,100,6
selection,353,7,0.193,0.046875,2.3795,6.416667,100,7
selection,354,7,0.214375,0.0525,2.8855,7.337417,100,8
selection,355,7,0.202791,0.046,3.187958,7.520125,100,9
selection,356,7,0.215,0.04775,3.135083,7.255417,100,10
selection,357,7,0.192541,0.045959,3.0875,7.60475,100,11
selection,358,7,0.172583,0.038334,2.988,6.997791,100,12
selection,359,7,0.160792,0.034417,2.910084,6.859625,100,13
selection,360,7,0.191667,0.042333,3.623208,8.459,100,14
selection,361,7,2.000667,0.039333,5.282084,9.736667,100,15
selection,362,7,0.238709,0.063209,4.078875,8.358417,100,16
selection,363,7,0.238333,0.055292,3.72,7.949625,100,17
selection,364,7,0.148917,0.038291,3.246834,7.08575,100,18
selection,365,7,0.19625,0.041334,3.728958,8.121166,100,19
selection,366,7,0.659,0.052084,4.102833,8.0475,100,20
empty,367,7,0.136583,0.037667,5.179667,7.151333,0,
invoke,368,8,,,4.011209,4.794167,0,
input,369,8,1.544625,0.181833,6.5665,8.551375,3,0
input,370,8,0.449375,0.187209,3.76225,6.184084,2,0
input,371,8,1.175625,0.177209,3.975708,6.021333,1,0
input,372,8,2.726083,0.19775,5.680917,7.169042,1,0
input,373,8,1.87025,0.167375,4.436,5.802958,1,0
input,374,8,0.209916,0.150459,4.748,5.88325,1,0
input,375,8,0.105917,0.029917,2.178875,4.058625,0,
input,376,8,0.196542,0.047458,2.249125,3.0615,0,
input,377,8,1.167333,0.037875,2.809,3.5155,0,
input,378,8,0.189042,0.347583,5.654875,8.568959,100,0
input,379,8,1.052083,0.357667,5.619208,7.988541,100,0
input,380,8,0.182417,0.349666,4.060459,6.321709,100,0
input,381,8,0.1895,0.383125,4.43275,6.381959,100,0
input,382,8,0.138667,0.040458,2.304667,4.723583,0,
input,383,8,0.180833,0.041542,1.786583,2.497083,0,
input,384,8,0.17075,0.036,4.071,4.7905,0,
input,385,8,0.153166,0.053875,1.537125,2.265916,0,
input,386,8,2.155375,0.066917,3.719083,4.322833,0,
input,387,8,0.124958,0.052458,3.086375,3.756542,0,
input,388,8,0.157042,0.058209,1.493584,2.08175,0,
input,389,8,0.183375,0.073125,1.7075,2.398667,0,
input,390,8,0.633334,0.068292,1.905459,2.514042,0,
input,391,8,0.212709,0.067959,5.303875,6.046084,0,
input,392,8,0.164417,0.074167,3.338959,4.045375,0,
selection,393,8,0.208167,0.049834,3.304209,5.260792,100,1
selection,394,8,0.216375,0.050667,2.712208,4.3495,100,2
selection,395,8,0.184541,0.053166,2.337333,4.073875,100,3
selection,396,8,0.515375,0.053292,2.989584,4.747792,100,4
selection,397,8,2.190416,0.039459,4.130583,5.814708,100,5
selection,398,8,0.172083,0.045667,2.849,7.261666,100,6
selection,399,8,0.3465,0.076417,2.77175,6.92725,100,7
selection,400,8,0.170625,0.048875,2.633041,6.603458,100,8
selection,401,8,0.238083,0.057458,3.181333,7.715583,100,9
selection,402,8,1.01375,0.059416,3.933208,8.364625,100,10
selection,403,8,0.190583,0.0455,3.138083,7.465125,100,11
selection,404,8,0.205459,0.043416,3.624875,7.875792,100,12
selection,405,8,0.275875,0.049458,3.303125,7.402083,100,13
selection,406,8,0.1765,0.034333,2.984084,7.048875,100,14
selection,407,8,0.21575,0.057959,3.49375,8.29125,100,15
selection,408,8,0.215,0.04475,3.45975,7.785375,100,16
selection,409,8,0.882417,0.061792,4.693125,9.865083,100,17
selection,410,8,0.251833,0.063,4.114917,8.323208,100,18
selection,411,8,0.152084,0.029167,3.185792,6.880667,100,19
selection,412,8,0.283333,0.045,3.809958,7.970417,100,20
empty,413,8,1.082166,0.051542,3.535166,5.556583,0,
invoke,414,9,,,4.274125,5.001333,0,
input,415,9,0.187458,0.247917,8.519083,10.737,3,0
input,416,9,1.443791,0.173,5.21125,7.567166,2,0
input,417,9,1.134333,0.209458,4.485417,6.507875,1,0
input,418,9,1.131166,0.207042,4.13975,5.713458,1,0
input,419,9,1.740834,0.163542,4.317084,5.631125,1,0
input,420,9,0.16975,0.189875,3.056667,4.26,1,0
input,421,9,0.107708,0.036,3.309958,5.181,0,
input,422,9,0.193125,0.046792,1.962542,2.797417,0,
input,423,9,0.129167,0.033125,1.581958,2.277708,0,
input,424,9,0.177041,0.368084,5.168208,8.157083,100,0
input,425,9,0.146041,0.333917,5.904541,8.422333,100,0
input,426,9,1.89925,0.3465,5.686375,8.019,100,0
input,427,9,0.178166,0.383667,4.221166,6.623708,100,0
input,428,9,0.1325,0.041375,2.21425,4.759416,0,
input,429,9,3.5625,0.042792,5.21075,6.101916,0,
input,430,9,0.212292,0.035792,1.644917,2.42975,0,
input,431,9,0.173,0.07875,2.158667,3.026375,0,
input,432,9,1.370417,0.074625,3.140958,3.882833,0,
input,433,9,0.173,0.054708,2.336542,2.96325,0,
input,434,9,0.091667,0.046958,1.218667,1.776375,0,
input,435,9,0.196917,0.063125,1.903542,2.698167,0,
input,436,9,0.166917,0.076792,1.840792,2.576959,0,
input,437,9,0.171292,0.073084,2.000375,2.827167,0,
input,438,9,0.123666,0.061875,1.652,2.358708,0,
selection,439,9,0.255917,0.057375,3.171209,5.135834,100,1
selection,440,9,0.25025,0.07475,2.709083,4.268458,100,2
selection,441,9,0.216583,0.049875,2.51875,4.143,100,3
selection,442,9,0.205375,0.050541,2.570667,4.253667,100,4
selection,443,9,0.182,0.050708,2.524292,4.558917,100,5
selection,444,9,0.243417,0.044042,2.422167,6.362083,100,6
selection,445,9,0.158833,0.034208,2.620208,6.764458,100,7
selection,446,9,0.256083,0.056625,2.711083,6.714,100,8
selection,447,9,0.238875,0.082708,3.357084,7.567375,100,9
selection,448,9,0.168458,0.044541,2.921625,7.1155,100,10
selection,449,9,0.232542,0.067875,3.624959,8.290625,100,11
selection,450,9,2.027166,0.105167,5.495208,10.403875,100,12
selection,451,9,0.246625,0.070625,4.04525,9.605167,100,13
selection,452,9,0.278208,0.072917,4.3175,9.027375,100,14
selection,453,9,0.238958,0.063375,3.331333,7.924916,100,15
selection,454,9,0.229166,0.061375,3.898458,8.018041,100,16
selection,455,9,0.212959,0.045292,3.614959,7.538542,100,17
selection,456,9,0.149875,0.038667,3.146125,6.987417,100,18
selection,457,9,0.179708,0.048375,3.774042,7.868083,100,19
selection,458,9,1.7875,0.051208,5.59775,9.95725,100,20
empty,459,9,0.138125,0.040208,2.034125,4.283666,0,
invoke,460,10,,,3.70425,4.397416,0,
input,461,10,0.173584,0.247083,8.14325,10.058625,3,0
input,462,10,8.071,0.179208,11.263667,13.703,2,0
input,463,10,1.20725,0.196958,4.800125,6.988583,1,0
input,464,10,1.147209,0.178209,3.762125,5.137792,1,0
input,465,10,0.161959,0.167834,2.82375,4.173084,1,0
input,466,10,0.176542,0.146583,4.446042,5.76775,1,0
input,467,10,0.095333,0.035292,5.51975,7.171875,0,
input,468,10,0.201916,0.040833,3.704,4.46825,0,
input,469,10,0.190666,0.040292,1.858541,2.630041,0,
input,470,10,1.863042,0.384916,6.71025,9.929542,100,0
input,471,10,0.138292,0.338,3.829834,6.292334,100,0
input,472,10,0.138125,0.33525,4.073917,6.402958,100,0
input,473,10,0.184,0.389,4.425166,6.416791,100,0
input,474,10,0.142708,0.043917,2.497875,4.645958,0,
input,475,10,0.217708,0.04325,2.196208,2.970417,0,
input,476,10,0.142458,0.03,1.405833,2.013875,0,
input,477,10,0.094125,0.048584,1.149791,1.671708,0,
input,478,10,0.205667,0.059292,5.12125,5.848292,0,
input,479,10,0.187542,0.072584,1.9995,2.767625,0,
input,480,10,0.476167,0.066292,1.987708,2.592958,0,
input,481,10,0.16175,0.061708,2.755875,3.477458,0,
input,482,10,0.23225,0.104375,2.363334,3.418042,0,
input,483,10,2.007417,0.089709,3.902667,4.711917,0,
input,484,10,0.200125,0.074083,5.421667,6.213292,0,
selection,485,10,1.54575,0.059167,4.636417,6.720334,100,1
selection,486,10,1.282,0.086042,3.467625,5.187833,100,2
selection,487,10,0.164375,0.041834,2.221958,3.937333,100,3
selection,488,10,0.152083,0.033292,1.986083,3.441791,100,4
selection,489,10,0.237167,0.054292,2.320875,4.042084,100,5
selection,490,10,2.061334,0.047583,4.484792,9.11,100,6
selection,491,10,0.147625,0.028917,2.177791,6.505083,100,7
selection,492,10,1.133625,0.040333,3.892875,8.990458,100,8
selection,493,10,0.238459,0.057042,3.493959,7.686959,100,9
selection,494,10,0.248084,0.054375,3.320209,7.378209,100,10
selection,495,10,0.32275,0.062459,3.020833,7.249,100,11
selection,496,10,0.12725,0.027292,2.645416,6.464791,100,12
selection,497,10,0.151875,0.032875,2.778208,7.129041,100,13
selection,498,10,0.191959,0.0545,3.903167,8.456209,100,14
selection,499,10,0.237042,0.067042,3.362542,7.356834,100,15
selection,500,10,0.15825,0.033916,3.37575,7.8295,100,16
selection,501,10,0.223625,0.061166,4.112667,8.366167,100,17
selection,502,10,0.210875,0.047708,3.99025,8.836542,100,18
selection,503,10,0.265625,0.064333,4.171417,8.75825,100,19
selection,504,10,1.173375,0.052042,5.2105,9.373125,100,20
empty,505,10,0.130042,0.035833,1.84175,3.875583,0,
invoke,506,11,,,6.462375,7.121333,0,
input,507,11,9.851583,0.131542,15.238708,17.304583,3,0
input,508,11,0.153916,0.144459,3.515875,5.524166,2,0
input,509,11,0.145459,0.158708,4.683334,6.757,1,0
input,510,11,0.167708,0.146958,4.858583,6.0355,1,0
input,511,11,0.378709,0.143542,3.8115,5.038334,1,0
input,512,11,1.682958,0.118167,4.567583,5.590041,1,0
input,513,11,2.095416,0.02975,4.822083,6.447708,0,
input,514,11,6.163083,0.029833,7.523417,8.179542,0,
input,515,11,1.250333,0.038,3.642958,4.238375,0,
input,516,11,4.319333,0.279625,8.418583,10.617,100,0
input,517,11,1.02275,0.3085,4.51325,6.145167,100,0
input,518,11,1.277,0.331,5.242958,6.860875,100,0
input,519,11,1.130541,0.3005,4.938166,6.650541,100,0
input,520,11,0.8575,0.028541,2.94125,4.670167,0,
input,521,11,6.535875,0.023625,7.546583,8.061875,0,
input,522,11,0.108125,0.03425,4.684042,5.253917,0,
input,523,11,0.112667,0.05475,5.351458,6.093958,0,
input,524,11,0.107458,0.038542,1.155833,1.652042,0,
input,525,11,0.11575,0.05325,5.033959,5.63775,0,
input,526,11,0.10525,0.038542,1.1685,1.663791,0,
input,527,11,1.514208,0.054417,3.147167,3.622458,0,
input,528,11,0.122584,0.050916,5.000834,5.665292,0,
input,529,11,0.113292,0.053083,5.461208,6.1295,0,
input,530,11,0.118958,0.045375,1.317708,1.821458,0,
selection,531,11,1.042666,0.044958,3.435125,4.756625,100,1
selection,532,11,0.16125,0.035125,2.410333,4.045458,100,2
selection,533,11,0.142166,0.042333,1.998416,3.368791,100,3
selection,534,11,0.164459,0.042542,2.12675,3.535542,100,4
selection,535,11,0.113625,0.031458,1.637083,3.123042,100,5
selection,536,11,0.124709,0.033417,1.742959,4.802792,100,6
selection,537,11,0.146958,0.037333,2.015708,5.047625,100,7
selection,538,11,1.417333,0.04475,3.404125,6.493083,100,8
selection,539,11,1.322834,0.0425,3.383334,6.791209,100,9
selection,540,11,0.888667,0.052667,3.162125,6.342167,100,10
selection,541,11,0.863333,0.045834,3.236083,6.94825,100,11
selection,542,11,0.230542,0.041833,2.600667,5.757959,100,12
selection,543,11,0.818584,0.04825,3.162625,6.293584,100,13
selection,544,11,1.059958,0.043167,3.628666,6.946541,100,14
selection,545,11,0.435417,0.043791,3.005125,6.253625,100,15
selection,546,11,0.529625,0.0355,3.004125,6.061875,100,16
selection,547,11,0.848042,0.046458,3.547583,6.902292,100,17
selection,548,11,0.266958,0.0525,3.104833,6.459958,100,18
selection,549,11,1.170417,0.043042,3.932917,7.286458,100,19
selection,550,11,0.176958,0.044333,3.485917,7.116833,100,20
empty,551,11,0.109334,0.024583,1.348959,2.824042,0,
invoke,552,12,,,5.692583,6.301542,0,
input,553,12,0.100334,0.121333,8.218417,9.7885,3,0
input,554,12,6.469542,0.11125,10.370125,12.061584,2,0
input,555,12,1.165917,0.107417,4.562583,5.956167,1,0
input,556,12,1.617166,0.104209,4.527791,5.653875,1,0
input,557,12,0.124834,0.103541,4.753292,5.815709,1,0
input,558,12,0.120083,0.100875,5.346417,6.255542,1,0
input,559,12,0.093791,0.034625,4.450375,5.786333,0,
input,560,12,0.118583,0.03575,6.017333,6.658333,0,
input,561,12,0.118,0.030917,5.172417,5.864959,0,
input,562,12,0.114834,0.261625,3.329042,5.549834,100,0
input,563,12,0.113208,0.329,3.817291,5.9675,100,0
input,564,12,0.892584,0.346334,4.880959,6.81,100,0
input,565,12,1.146208,0.35375,5.102958,6.88775,100,0
input,566,12,0.285791,0.034208,2.212333,3.893791,0,
input,567,12,6.524042,0.023458,7.59825,8.218,0,
input,568,12,0.102334,0.031458,4.747042,5.2945,0,
input,569,12,0.10975,0.047,4.704792,5.388,0,
input,570,12,0.124416,0.042,1.310625,1.846708,0,
input,571,12,1.423084,0.0465,3.134209,3.641625,0,
input,572,12,4.831334,0.046,6.341459,6.862167,0,
input,573,12,0.145875,0.055291,5.858083,6.528458,0,
input,574,12,0.1275,0.057125,5.060709,5.726584,0,
input,575,12,0.17375,0.055292,1.49175,2.059958,0,
input,576,12,1.346875,0.054,2.994792,3.572084,0,
selection,577,12,0.164209,0.041875,2.349125,3.888584,100,1
selection,578,12,0.147125,0.035708,1.842833,3.262583,100,2
selection,579,12,1.713083,0.038209,3.493833,4.659917,100,3
selection,580,12,0.135375,0.038167,1.918875,3.428333,100,4
selection,581,12,0.133708,0.035792,1.763375,3.220166,100,5
selection,582,12,1.675125,0.054833,3.38925,6.272166,100,6
selection,583,12,1.832417,0.0415,3.640334,6.472375,100,7
selection,584,12,1.748375,0.043625,3.664708,6.741833,100,8
selection,585,12,0.140917,0.034125,2.251,5.76775,100,9
selection,586,12,0.13275,0.034625,2.226666,5.709708,100,10
selection,587,12,0.152125,0.044958,2.44375,5.864333,100,11
selection,588,12,0.138333,0.032833,2.424333,5.85175,100,12
selection,589,12,0.124084,0.033333,2.578917,5.963084,100,13
selection,590,12,0.156833,0.036208,2.525083,5.942375,100,14
selection,591,12,0.145334,0.037208,2.476125,6.057959,100,15
selection,592,12,1.498458,0.038792,4.106167,7.742083,100,16
selection,593,12,1.141292,0.046584,3.880917,7.686167,100,17
selection,594,12,0.136916,0.033834,2.760458,6.348583,100,18
selection,595,12,0.134791,0.037375,2.970625,6.535458,100,19
selection,596,12,1.092125,0.045125,3.960417,7.422583,100,20
empty,597,12,0.834834,0.027084,2.484334,4.005292,0,
invoke,598,13,,,3.693875,4.118209,0,
input,599,13,0.116291,0.106125,3.315416,4.727916,3,0
input,600,13,0.116083,0.110042,3.626041,5.381333,2,0
input,601,13,0.093125,0.088084,1.790666,3.108916,1,0
input,602,13,1.315792,0.107292,4.212459,5.365542,1,0
input,603,13,2.356416,0.104667,4.700791,5.606125,1,0
input,604,13,0.113375,0.110875,5.044875,5.923166,1,0
input,605,13,0.096959,0.034708,4.787292,6.268292,0,
input,606,13,0.117875,0.03025,5.582458,6.189333,0,
input,607,13,0.102917,0.026459,1.28075,1.927375,0,
input,608,13,0.120584,0.285958,6.552584,8.758042,100,0
input,609,13,7.870958,0.291375,10.839625,12.373625,100,0
input,610,13,0.119458,0.298375,3.930208,5.553875,100,0
input,611,13,0.126459,0.315167,4.394042,5.880667,100,0
input,612,13,0.096167,0.026542,1.720584,3.480667,0,
input,613,13,0.095875,0.021292,1.10125,1.639916,0,
input,614,13,0.099,0.026833,2.658292,3.2155,0,
input,615,13,0.093875,0.042208,1.09375,1.606125,0,
input,616,13,0.102208,0.048542,2.454583,3.004333,0,
input,617,13,0.082458,0.040167,1.132041,1.677125,0,
input,618,13,0.084083,0.039375,1.961708,2.481,0,
input,619,13,1.763042,0.045292,2.856208,3.425083,0,
input,620,13,0.076042,0.060292,2.8005,3.393167,0,
input,621,13,0.081542,0.042959,1.067042,1.602292,0,
input,622,13,0.095666,0.071417,2.843833,3.459666,0,
selection,623,13,0.467917,0.0695,3.679542,5.771167,100,1
selection,624,13,1.098541,0.059917,3.738666,5.538041,100,2
selection,625,13,2.025041,0.069083,4.687041,6.593875,100,3
selection,626,13,1.809083,0.059375,4.542875,6.418083,100,4
selection,627,13,1.762125,0.072,4.434167,6.492667,100,5
selection,628,13,1.646583,0.061917,4.376792,8.866583,100,6
selection,629,13,0.224542,0.050542,2.761417,7.412209,100,7
selection,630,13,0.206542,0.044334,2.869417,7.25825,100,8
selection,631,13,0.200625,0.036875,2.981792,7.811375,100,9
selection,632,13,0.292833,0.065125,3.40725,7.827208,100,10
selection,633,13,2.085958,0.042667,5.177792,9.844583,100,11
selection,634,13,0.202833,0.041458,3.348416,7.589208,100,12
selection,635,13,0.202708,0.049791,3.601458,7.911208,100,13
selection,636,13,0.167709,0.042833,3.139875,7.147459,100,14
selection,637,13,0.183959,0.044292,3.007709,7.254209,100,15
selection,638,13,2.245834,0.076709,5.978125,10.190875,100,16
selection,639,13,0.139125,0.030833,2.944625,6.726417,100,17
selection,640,13,0.110042,0.034917,3.202625,7.465542,100,18
selection,641,13,0.188833,0.050083,3.833416,8.04275,100,19
selection,642,13,0.171833,0.034833,3.605333,7.662667,100,20
empty,643,13,1.481333,0.043917,3.224625,5.599708,0,
invoke,644,14,,,4.983667,5.735583,0,
input,645,14,0.445875,0.231542,6.004875,8.24225,3,0
input,646,14,0.172875,0.229167,4.098375,6.079875,2,0
input,647,14,8.377083,0.194916,11.532917,13.568667,1,0
input,648,14,1.319333,0.192625,4.379,5.8105,1,0
input,649,14,1.837792,0.195292,4.625417,6.044334,1,0
input,650,14,2.089167,0.201375,5.074875,6.434375,1,0
input,651,14,1.603792,0.05025,4.183917,6.089333,0,
input,652,14,12.15675,0.045333,14.012292,14.832375,0,
input,653,14,0.197667,0.039667,2.709042,3.421334,0,
input,654,14,0.1825,0.350625,4.910416,8.105541,100,0
input,655,14,0.141667,0.329041,3.884542,5.990792,100,0
input,656,14,0.251833,0.381958,4.448792,6.522958,100,0
input,657,14,0.677875,0.35775,4.21925,6.225084,100,0
input,658,14,0.343209,0.035916,2.5695,4.872834,0,
input,659,14,5.340875,0.046709,7.151792,7.931875,0,
input,660,14,1.048792,0.039583,2.589167,3.234625,0,
input,661,14,0.201542,0.075417,3.658417,4.361833,0,
input,662,14,0.144416,0.054166,1.4545,2.114333,0,
input,663,14,0.174375,0.046792,1.464167,2.032708,0,
input,664,14,0.140417,0.056791,1.404958,1.95925,0,
input,665,14,0.138125,0.064375,3.316041,4.146208,0,
input,666,14,0.18175,0.066167,1.69375,2.514417,0,
input,667,14,0.158667,0.077125,1.831084,2.533834,0,
input,668,14,0.189,0.091167,2.107667,2.89075,0,
selection,669,14,0.164209,0.042917,3.056417,4.972417,100,1
selection,670,14,0.229708,0.065959,2.780958,4.425916,100,2
selection,671,14,0.190875,0.040083,2.322958,3.868041,100,3
selection,672,14,0.233417,0.079875,2.695292,4.626208,100,4
selection,673,14,0.270792,0.070125,3.069625,5.041459,100,5
selection,674,14,0.224209,0.053125,2.878459,7.107917,100,6
selection,675,14,0.221208,0.055583,2.894583,7.349208,100,7
selection,676,14,0.25775,0.054417,3.175208,7.566875,100,8
selection,677,14,0.224792,0.056541,3.294,7.891,100,9
selection,678,14,1.337417,0.039084,4.299459,9.06925,100,10
selection,679,14,0.193792,0.041875,3.324959,7.270292,100,11
selection,680,14,0.171125,0.02975,2.601875,6.866292,100,12
selection,681,14,0.189125,0.042292,3.287084,7.379625,100,13
selection,682,14,0.20725,0.046375,3.6495,7.936333,100,14
selection,683,14,0.314708,0.048417,3.349667,7.433792,100,15
selection,684,14,0.1275,0.026791,3.208542,7.278,100,16
selection,685,14,2.168583,0.044958,5.316583,9.189042,100,17
selection,686,14,0.166416,0.034583,3.481833,8.012916,100,18
selection,687,14,0.1745,0.040375,3.550791,7.768166,100,19
selection,688,14,0.247458,0.061084,4.219958,9.05375,100,20
empty,689,14,1.2725,0.032375,4.065041,6.210791,0,
invoke,690,15,,,4.123417,4.79025,0,
input,691,15,1.587083,0.201666,6.790541,8.848083,3,0
input,692,15,8.333458,0.178625,11.802917,14.6185,2,0
input,693,15,1.8485,0.173167,4.751834,7.172667,1,0
input,694,15,1.170708,0.198792,3.879458,5.449125,1,0
input,695,15,2.016333,0.153167,4.567125,5.971125,1,0
input,696,15,0.201458,0.170375,2.885375,4.118375,1,0
input,697,15,0.15725,0.03725,3.834,5.7355,0,
input,698,15,0.169583,0.041458,1.762167,2.410792,0,
input,699,15,1.847709,0.035208,3.205375,3.806084,0,
input,700,15,0.158667,0.416166,4.608959,7.500334,100,0
input,701,15,0.157875,0.335125,4.337584,6.468667,100,0
input,702,15,0.143125,0.331667,4.111208,5.859666,100,0
input,703,15,0.1625,0.339,4.171584,6.035834,100,0
input,704,15,0.104,0.032541,2.789458,4.61125,0,
input,705,15,0.143459,0.036917,1.609042,2.340834,0,
input,706,15,0.1465,0.0295,1.467,2.029292,0,
input,707,15,0.165292,0.050375,1.496833,2.073583,0,
input,708,15,0.134125,0.055334,1.649542,2.271,0,
input,709,15,1.122208,0.037916,2.041333,2.53375,0,
input,710,15,0.136084,0.080792,4.926584,5.622542,0,
input,711,15,0.136667,0.056625,1.476542,2.127292,0,
input,712,15,1.666167,0.063791,3.135625,3.771583,0,
input,713,15,0.213333,0.062,3.167083,3.889167,0,
input,714,15,0.092958,0.057792,1.235416,1.839041,0,
selection,715,15,1.132125,0.069708,4.387292,6.41225,100,1
selection,716,15,1.138917,0.063209,3.86475,5.656375,100,2
selection,717,15,1.791333,0.058834,4.091416,5.621625,100,3
selection,718,15,0.146709,0.037958,2.018875,3.475,100,4
selection,719,15,0.173708,0.043834,2.871125,4.821208,100,5
selection,720,15,0.637958,0.043083,3.135125,7.448667,100,6
selection,721,15,0.220583,0.061167,2.445916,6.770458,100,7
selection,722,15,0.18175,0.039541,2.58625,7.040916,100,8
selection,723,15,0.211125,0.04425,3.143792,7.46,100,9
selection,724,15,0.190333,0.042208,3.446375,7.988708,100,10
selection,725,15,0.290917,0.058417,3.162458,7.553792,100,11
selection,726,15,0.1985,0.055417,3.05625,7.238125,100,12
selection,727,15,2.050875,0.053209,5.144666,9.645875,100,13
selection,728,15,0.13275,0.031375,2.865916,7.139375,100,14
selection,729,15,0.207208,0.059542,3.592583,7.916208,100,15
selection,730,15,0.173,0.046875,3.235834,7.512209,100,16
selection,731,15,0.23875,0.062417,3.564583,8.101417,100,17
selection,732,15,1.449583,0.03375,5.069416,9.418416,100,18
selection,733,15,0.187166,0.038875,3.950208,8.08875,100,19
selection,734,15,0.206417,0.047542,3.731542,7.836125,100,20
empty,735,15,3.073458,0.037166,4.673083,6.715833,0,
invoke,736,16,,,4.231834,5.076417,0,
input,737,16,1.593583,0.213375,7.329333,9.356083,3,0
input,738,16,6.105833,0.162083,9.30375,11.43225,2,0
input,739,16,2.613792,0.19675,5.651167,10.07975,1,0
input,740,16,0.207042,0.232125,3.222917,4.631667,1,0
input,741,16,0.169625,0.125041,2.349792,3.471875,1,0
input,742,16,0.154541,0.145416,3.045,4.313125,1,0
input,743,16,0.153667,0.03775,4.025,5.991542,0,
input,744,16,0.19075,0.048917,4.5645,5.321958,0,
input,745,16,0.180459,0.046292,2.238084,3.069542,0,
input,746,16,1.074292,0.37325,6.357917,9.183542,100,0
input,747,16,0.142208,0.357125,4.484625,7.056083,100,0
input,748,16,0.175334,0.39825,4.324209,6.357084,100,0
input,749,16,0.207958,0.378,4.606958,6.699542,100,0
input,750,16,0.130792,0.04025,2.246292,4.826583,0,
input,751,16,1.117167,0.04125,2.640833,3.348917,0,
input,752,16,0.184833,0.031375,3.224917,3.933458,0,
input,753,16,0.201875,0.066167,1.98425,2.760333,0,
input,754,16,1.74,0.074,3.432167,4.139583,0,
input,755,16,0.137917,0.056792,2.385542,3.104334,0,
input,756,16,0.123166,0.059792,1.57025,2.288333,0,
input,757,16,0.224958,0.072083,5.63775,6.380583,0,
input,758,16,0.200667,0.0765,3.110959,3.834792,0,
input,759,16,0.1535,0.0695,1.709625,2.410083,0,
input,760,16,0.161708,0.066834,1.852,2.606333,0,
selection,761,16,0.46975,0.057791,3.491459,5.523834,100,1
selection,762,16,1.389291,0.066,4.14375,5.992166,100,2
selection,763,16,0.207584,0.063375,2.523667,4.319209,100,3
selection,764,16,0.161916,0.039334,2.619125,4.364833,100,4
selection,765,16,0.205041,0.045375,2.481125,4.6315,100,5
selection,766,16,1.115542,0.052708,3.416458,7.401292,100,6
selection,767,16,0.974833,0.049958,3.283833,7.505833,100,7
selection,768,16,0.242167,0.065792,3.5,8.626,100,8
selection,769,16,0.228542,0.058916,3.660042,7.945792,100,9
selection,770,16,0.184125,0.041083,2.836292,7.060583,100,10
selection,771,16,0.19725,0.051125,3.096875,7.1895,100,11
selection,772,16,0.221583,0.047917,3.176375,7.572375,100,12
selection,773,16,0.88125,0.0555,4.111792,8.572708,100,13
selection,774,16,0.162541,0.032833,2.840583,7.425333,100,14
selection,775,16,0.261833,0.06475,4.273541,8.259333,100,15
selection,776,16,0.26275,0.060709,3.474917,7.872458,100,16
selection,777,16,0.148584,0.033208,3.329167,7.722584,100,17
selection,778,16,1.477334,0.039084,4.834542,8.885917,100,18
selection,779,16,0.179542,0.036708,3.661667,7.570167,100,19
selection,780,16,0.233666,0.061334,4.345208,9.039916,100,20
empty,781,16,0.118959,0.032417,1.597542,3.656625,0,
invoke,782,17,,,5.335708,6.025,0,
input,783,17,0.177375,0.210375,5.954167,8.245417,3,0
input,784,17,0.160667,0.175292,6.266708,8.4605,2,0
input,785,17,4.424458,0.16075,7.09725,9.359917,1,0
input,786,17,0.864166,0.197625,4.404916,6.182166,1,0
input,787,17,1.117458,0.17,3.747042,5.184125,1,0
input,788,17,0.254042,0.154292,2.640709,3.85225,1,0
input,789,17,0.137209,0.035167,3.6315,5.516292,0,
input,790,17,0.191667,0.043541,2.134959,3.009334,0,
input,791,17,0.164125,0.042958,1.568459,2.245959,0,
input,792,17,0.14525,0.353583,5.167333,8.519167,100,0
input,793,17,0.135417,0.318958,4.995375,7.307542,100,0
input,794,17,0.166333,0.322041,4.173042,6.152042,100,0
input,795,17,0.166917,0.337542,3.835833,5.849875,100,0
input,796,17,0.128208,0.033667,1.901667,3.982542,0,
input,797,17,0.201542,0.047208,2.223208,3.043875,0,
input,798,17,0.828708,0.03525,2.213,2.860708,0,
input,799,17,0.212666,0.0645,3.218166,3.9245,0,
input,800,17,0.224958,0.067,2.034583,2.8335,0,
input,801,17,1.935916,0.068292,3.522166,4.155166,0,
input,802,17,0.184667,0.054041,2.245583,2.916583,0,
input,803,17,1.071209,0.059291,2.308834,2.865542,0,
input,804,17,0.237375,0.069208,5.469291,6.232333,0,
input,805,17,0.180083,0.071791,3.25,3.922791,0,
input,806,17,0.1355,0.075292,1.688458,2.394958,0,
selection,807,17,0.606083,0.057667,3.877292,6.142292,100,1
selection,808,17,0.903791,0.05875,3.749583,5.65725,100,2
selection,809,17,1.617625,0.055708,4.055167,5.817584,100,3
selection,810,17,2.184166,0.053125,4.67375,6.80225,100,4
selection,811,17,1.798833,0.064125,4.521792,6.812667,100,5
selection,812,17,1.431375,0.043917,3.778209,8.346959,100,6
selection,813,17,1.198333,0.069166,3.932291,8.636375,100,7
selection,814,17,0.214458,0.055291,2.591417,7.321333,100,8
selection,815,17,0.220834,0.044833,3.521,8.241625,100,9
selection,816,17,0.300458,0.080042,3.437708,7.5585,100,10
selection,817,17,0.288792,0.035083,2.684542,6.594417,100,11
selection,818,17,0.153708,0.036875,2.906833,6.899541,100,12
selection,819,17,0.25175,0.068541,3.07025,7.036875,100,13
selection,820,17,0.193,0.0575,3.185958,7.547208,100,14
selection,821,17,1.68425,0.051083,4.659625,8.759083,100,15
selection,822,17,0.914917,0.036375,3.845042,8.352792,100,16
selection,823,17,0.166292,0.044167,3.689459,7.883459,100,17
selection,824,17,0.192208,0.044208,3.592458,7.469125,100,18
selection,825,17,0.213834,0.050917,3.826834,7.871084,100,19
selection,826,17,0.153916,0.033041,3.303333,6.890416,100,20
empty,827,17,0.14275,0.034041,2.447584,4.467292,0,
invoke,828,18,,,3.545792,5.490709,0,
input,829,18,0.197041,0.225375,5.649041,7.697708,3,0
input,830,18,0.157167,0.170208,2.856583,4.622417,2,0
input,831,18,1.138916,0.189916,4.004583,5.96275,1,0
input,832,18,2.347375,0.181208,5.108875,6.4855,1,0
input,833,18,0.154959,0.203792,2.97775,4.295625,1,0
input,834,18,0.195875,0.142084,3.982375,5.204542,1,0
input,835,18,0.175625,0.038792,5.539833,7.182291,0,
input,836,18,0.154,0.04,4.164083,4.906958,0,
input,837,18,0.191875,0.037666,1.722,2.487541,0,
input,838,18,0.22575,0.327667,4.517958,7.54,100,0
input,839,18,0.803167,0.337042,4.790833,7.628833,100,0
input,840,18,1.067625,0.374916,5.321208,7.494333,100,0
input,841,18,0.130834,0.357083,3.866084,6.288917,100,0
input,842,18,0.184667,0.043041,2.145917,4.381208,0,
input,843,18,3.322375,0.041292,5.009833,5.881291,0,
input,844,18,1.978833,0.0425,3.658958,4.380125,0,
input,845,18,0.219459,0.075459,2.267542,3.10425,0,
input,846,18,0.1995,0.079792,1.91375,2.612917,0,
input,847,18,0.152416,0.057875,2.435916,3.126208,0,
input,848,18,0.125333,0.054792,1.373,2.004167,0,
input,849,18,0.180542,0.063208,2.171625,2.898083,0,
input,850,18,0.170792,0.073125,1.784,2.517375,0,
input,851,18,0.177834,0.066334,1.755709,2.455667,0,
input,852,18,0.121333,0.059167,1.416291,2.200125,0,
selection,853,18,0.229292,0.058959,3.301417,5.180167,100,1
selection,854,18,0.24875,0.066625,2.822958,4.483958,100,2
selection,855,18,0.249959,0.060917,2.808375,4.5765,100,3
selection,856,18,0.15525,0.042375,2.071125,3.568375,100,4
selection,857,18,0.17275,0.040084,2.158208,3.947291,100,5
selection,858,18,0.160583,0.038917,2.090083,5.95225,100,6
selection,859,18,0.143834,0.031916,2.455959,6.896042,100,7
selection,860,18,0.189667,0.037833,2.694292,7.414167,100,8
selection,861,18,0.254583,0.04675,3.014625,7.596833,100,9
selection,862,18,0.201041,0.048917,2.934291,7.3545,100,10
selection,863,18,0.154709,0.039042,2.603584,6.6815,100,11
selection,864,18,0.191666,0.041708,3.201333,7.3535,100,12
selection,865,18,2.295459,0.060542,5.627875,10.28225,100,13
selection,866,18,8.406583,0.075625,12.1875,16.84975,100,14
selection,867,18,0.23825,0.060542,3.888292,8.125708,100,15
selection,868,18,0.190375,0.04225,3.3895,7.162042,100,16
selection,869,18,0.186208,0.034792,3.276166,7.330208,100,17
selection,870,18,0.204667,0.052083,3.7715,7.834375,100,18
selection,871,18,0.203291,0.053292,3.657,7.935458,100,19
selection,872,18,1.032625,0.042,4.447709,8.587125,100,20
empty,873,18,0.136958,0.04525,2.064083,4.081791,0,
invoke,874,19,,,4.469667,5.296125,0,
input,875,19,1.463875,0.206,7.361333,9.379542,3,0
input,876,19,7.86675,0.168042,10.785166,13.067125,2,0
input,877,19,1.518708,0.180958,4.265167,5.936917,1,0
input,878,19,3.258542,0.188875,6.047083,7.422,1,0
input,879,19,2.158667,0.169042,4.776875,6.086167,1,0
input,880,19,0.14525,0.202083,2.969041,4.248916,1,0
input,881,19,0.145375,0.034417,2.877791,4.743666,0,
input,882,19,0.187584,0.049917,2.447875,3.1685,0,
input,883,19,0.892333,0.036417,2.452708,3.14425,0,
input,884,19,0.186917,0.328,5.802042,8.93275,100,0
input,885,19,1.262667,0.350958,5.17475,7.629417,100,0
input,886,19,0.177292,0.348917,4.372417,6.592084,100,0
input,887,19,0.970083,0.39075,5.052958,7.2145,100,0
input,888,19,0.105333,0.033,1.753208,3.573667,0,
input,889,19,3.632625,0.031292,4.89875,5.510416,0,
input,890,19,0.139333,0.039416,2.790875,3.447208,0,
input,891,19,0.15325,0.054542,1.603084,2.277042,0,
input,892,19,0.1395,0.052458,1.468542,2.091208,0,
input,893,19,0.139958,0.053625,1.414208,1.99375,0,
input,894,19,3.232916,0.068833,4.901791,5.565583,0,
input,895,19,0.148291,0.061042,2.366458,3.118583,0,
input,896,19,0.151042,0.075916,1.764083,2.481375,0,
input,897,19,0.155792,0.084542,1.886917,2.646417,0,
input,898,19,0.112875,0.06475,1.477125,2.182625,0,
selection,899,19,0.156542,0.037,2.862167,4.745583,100,1
selection,900,19,0.218208,0.056375,2.984666,4.573541,100,2
selection,901,19,0.762709,0.044458,2.990042,4.625084,100,3
selection,902,19,0.193458,0.043542,2.340417,3.953708,100,4
selection,903,19,0.211958,0.058917,2.880083,4.83475,100,5
selection,904,19,0.2085,0.055083,2.81175,7.09375,100,6
selection,905,19,0.165125,0.036916,2.49025,6.596917,100,7
selection,906,19,0.191375,0.045125,2.8685,7.241041,100,8
selection,907,19,0.236792,0.058917,3.242208,7.93575,100,9
selection,908,19,0.182083,0.067416,3.271375,7.404625,100,10
selection,909,19,1.99125,0.037667,4.678917,8.944875,100,11
selection,910,19,1.079291,0.03325,3.967416,8.433625,100,12
selection,911,19,0.187625,0.039334,3.484459,7.872792,100,13
selection,912,19,0.158208,0.041083,3.455333,8.06075,100,14
selection,913,19,0.248417,0.074125,3.566334,7.983167,100,15
selection,914,19,0.171458,0.056583,3.686291,8.52075,100,16
selection,915,19,0.20425,0.043334,3.615666,7.741375,100,17
selection,916,19,0.192666,0.051334,3.546625,7.911333,100,18
selection,917,19,0.167208,0.041334,3.6605,7.899333,100,19
selection,918,19,0.225583,0.051542,3.961708,8.499083,100,20
empty,919,19,1.283458,0.034959,4.311666,6.37775,0,
invoke,920,20,,,4.176375,5.017375,0,
input,921,20,1.227709,0.191708,7.39375,9.599709,3,0
input,922,20,6.916583,0.154083,9.736375,12.158333,2,0
input,923,20,2.945625,0.126875,5.467625,7.366833,1,0
input,924,20,1.123834,0.164292,3.976709,5.686459,1,0
input,925,20,1.786459,0.156584,4.3775,5.811542,1,0
input,926,20,0.124417,0.160667,2.740625,4.014625,1,0
input,927,20,0.15125,0.036375,3.544417,5.413542,0,
input,928,20,0.117667,0.038042,1.802042,2.647875,0,
input,929,20,0.525125,0.041083,2.159333,2.846166,0,
input,930,20,0.123667,0.31675,6.284417,8.967417,100,0
input,931,20,2.113834,0.339708,6.386084,8.705042,100,0
input,932,20,0.176292,0.357541,4.151792,6.423417,100,0
input,933,20,0.161416,0.35725,3.939958,6.249625,100,0
input,934,20,0.115209,0.033875,1.924375,3.854834,0,
input,935,20,2.549791,0.031459,3.831333,4.437416,0,
input,936,20,0.196542,0.036709,2.773125,3.42625,0,
input,937,20,0.110375,0.047625,1.261583,1.812333,0,
input,938,20,0.145833,0.052083,1.447792,2.040208,0,
input,939,20,0.189875,0.068459,1.970875,2.767916,0,
input,940,20,0.140041,0.052458,1.530583,2.271708,0,
input,941,20,0.142,0.068917,1.5895,2.205583,0,
input,942,20,0.151041,0.063959,2.913375,3.645583,0,
input,943,20,0.1635,0.074584,1.794583,2.551166,0,
input,944,20,0.135916,0.075583,1.781208,2.484833,0,
selection,945,20,0.185333,0.037084,3.006,4.896916,100,1
selection,946,20,0.25525,0.065875,2.732958,4.39375,100,2
selection,947,20,0.171625,0.037792,2.297083,4.236458,100,3
selection,948,20,0.935791,0.041917,3.251916,5.01425,100,4
selection,949,20,0.201167,0.05125,2.777792,4.798542,100,5
selection,950,20,5.346916,0.069666,8.11775,13.752375,100,6
selection,951,20,0.208,0.049709,2.884583,7.690916,100,7
selection,952,20,0.202792,0.043334,3.246459,8.093,100,8
selection,953,20,0.230667,0.053209,3.091625,7.401209,100,9
selection,954,20,0.199667,0.054291,3.164958,7.468917,100,10
selection,955,20,0.178792,0.043959,3.065667,7.382083,100,11
selection,956,20,1.692542,0.047458,4.507042,8.936792,100,12
selection,957,20,0.17125,0.039416,2.975792,7.362,100,13
selection,958,20,0.238792,0.056917,3.952125,8.113834,100,14
selection,959,20,0.1895,0.048542,3.260917,7.539334,100,15
selection,960,20,0.177667,0.036917,3.194708,6.827917,100,16
selection,961,20,0.242,0.058917,4.08825,8.670542,100,17
selection,962,20,2.159625,0.035542,5.764041,10.160166,100,18
selection,963,20,0.219417,0.053084,4.342167,8.507375,100,19
selection,964,20,0.239375,0.058333,4.020042,8.102625,100,20
empty,965,20,0.129333,0.038208,2.644042,4.831292,0,
invoke,966,21,,,7.612541,8.420416,0,
input,967,21,0.179792,0.234291,6.963583,8.950583,3,0
input,968,21,1.452791,0.20425,5.329625,7.74125,2,0
input,969,21,1.108709,0.135125,3.677292,5.757834,1,0
input,970,21,2.75,0.187667,5.571041,7.106833,1,0
input,971,21,1.912375,0.132959,4.142125,5.507917,1,0
input,972,21,0.210625,0.148334,3.020916,4.189666,1,0
input,973,21,0.16225,0.037542,3.669375,5.475583,0,
input,974,21,0.201167,0.042458,2.059542,2.864709,0,
input,975,21,0.477833,0.03875,1.93,2.651083,0,
input,976,21,0.172167,0.294,6.810875,9.647375,100,0
input,977,21,9.30625,0.340792,13.863708,16.125583,100,0
input,978,21,0.125084,0.329291,3.591042,5.59725,100,0
input,979,21,1.110333,0.337166,4.416083,6.722791,100,0
input,980,21,0.286208,0.044958,2.285875,4.410166,0,
input,981,21,0.143167,0.031417,1.462042,2.050959,0,
input,982,21,0.151458,0.034125,2.737417,3.332208,0,
input,983,21,0.161125,0.047041,1.343917,1.903334,0,
input,984,21,0.154208,0.054333,1.545333,2.155083,0,
input,985,21,0.079083,0.035208,0.977208,1.43425,0,
input,986,21,0.128833,0.048959,1.355708,1.94925,0,
input,987,21,1.460541,0.051667,2.755458,3.403166,0,
input,988,21,0.169417,0.057584,3.526583,4.119792,0,
input,989,21,0.102167,0.046,1.082958,1.726292,0,
input,990,21,0.124,0.060042,1.965667,2.629333,0,
selection,991,21,1.661458,0.064792,4.693333,6.514375,100,1
selection,992,21,1.600875,0.055125,3.89825,5.480792,100,2
selection,993,21,0.21025,0.05525,2.569084,4.242959,100,3
selection,994,21,0.132583,0.032833,2.161041,3.759083,100,4
selection,995,21,0.15325,0.036583,2.305875,4.08975,100,5
selection,996,21,2.078708,0.053084,4.425583,9.140833,100,6
selection,997,21,0.171375,0.042625,2.572875,7.26625,100,7
selection,998,21,0.237833,0.035875,2.642333,7.553792,100,8
selection,999,21,0.21025,0.048833,3.626958,8.200583,100,9
selection,1000,21,0.234583,0.048125,3.392792,7.717667,100,10
selection,1001,21,0.22275,0.0975,3.39125,8.337541,100,11
selection,1002,21,0.210708,0.050541,3.317375,8.168417,100,12
selection,1003,21,1.031958,0.06425,4.56125,9.600917,100,13
selection,1004,21,5.983083,0.071333,9.6775,14.230333,100,14
selection,1005,21,0.181584,0.045708,3.660417,8.171042,100,15
selection,1006,21,0.185291,0.049042,3.323166,7.119208,100,16
selection,1007,21,0.197709,0.048917,3.720584,7.469042,100,17
selection,1008,21,0.197,0.043791,3.646459,7.298084,100,18
selection,1009,21,0.259667,0.042833,3.65575,8.385042,100,19
selection,1010,21,0.203167,0.051834,3.950667,8.156458,100,20
empty,1011,21,0.123291,0.036459,1.842875,4.120083,0,
invoke,1012,22,,,4.609375,5.503292,0,
input,1013,22,0.593916,0.173333,5.582166,7.712041,3,0
input,1014,22,1.186042,0.145375,3.931167,5.978125,2,0
input,1015,22,0.125334,0.144167,2.628542,4.775959,1,0
input,1016,22,2.0565,0.146166,4.482167,5.676042,1,0
input,1017,22,0.13025,0.15825,4.532125,5.668209,1,0
input,1018,22,0.152416,0.133667,3.907375,5.100958,1,0
input,1019,22,0.102167,0.037166,3.506292,5.080209,0,
input,1020,22,0.135209,0.034625,1.665875,2.30125,0,
input,1021,22,0.13825,0.03475,1.962917,2.606917,0,
input,1022,22,0.122167,0.322417,4.235042,7.085667,100,0
input,1023,22,0.101792,0.375709,4.163625,6.174375,100,0
input,1024,22,0.135208,0.353833,3.921,6.061083,100,0
input,1025,22,0.111459,0.371417,3.835584,5.947834,100,0
input,1026,22,0.103084,0.03075,1.913375,4.355917,0,
input,1027,22,1.751416,0.032209,3.078083,3.685291,0,
input,1028,22,0.144,0.037458,4.509875,5.255375,0,
input,1029,22,0.196916,0.063166,1.78825,2.473708,0,
input,1030,22,0.819375,0.054084,2.236417,2.915292,0,
input,1031,22,0.137625,0.070041,1.737625,2.455875,0,
input,1032,22,0.9655,0.063917,2.454834,3.089042,0,
input,1033,22,4.271208,0.0765,6.090042,6.841625,0,
input,1034,22,0.223791,0.071375,6.167833,6.86475,0,
input,1035,22,0.163542,0.059208,3.72575,4.467042,0,
input,1036,22,0.247042,0.097834,2.415417,3.316667,0,
selection,1037,22,2.149375,0.069583,5.351458,7.369916,100,1
selection,1038,22,1.227666,0.050916,3.454291,5.015291,100,2
selection,1039,22,0.23025,0.052917,2.549917,4.24,100,3
selection,1040,22,0.19525,0.066,2.346667,3.897667,100,4
selection,1041,22,0.132125,0.029958,2.002292,3.641959,100,5
selection,1042,22,0.263583,0.073292,2.837208,7.357458,100,6
selection,1043,22,1.788,0.05525,4.116583,8.33625,100,7
selection,1044,22,0.184083,0.061959,2.830583,7.847958,100,8
selection,1045,22,0.202667,0.045125,3.212667,7.773167,100,9
selection,1046,22,0.228792,0.049167,3.459625,7.657958,100,10
selection,1047,22,0.159375,0.037709,2.688417,6.830042,100,11
selection,1048,22,0.174208,0.04375,3.140917,7.041792,100,12
selection,1049,22,0.223792,0.051334,3.133084,7.220375,100,13
selection,1050,22,2.020875,0.052916,5.595,10.391667,100,14
selection,1051,22,0.237208,0.058708,3.929375,8.197458,100,15
selection,1052,22,0.29325,0.059792,3.917542,7.867209,100,16
selection,1053,22,0.213667,0.049209,3.621625,8.217667,100,17
selection,1054,22,1.880292,0.038291,5.299042,9.652709,100,18
selection,1055,22,0.14825,0.036625,3.37575,7.633416,100,19
selection,1056,22,0.221875,0.056792,4.338916,8.837708,100,20
empty,1057,22,0.115459,0.040083,3.213459,5.022625,0,
invoke,1058,23,,,4.64625,5.702875,0,
input,1059,23,0.237625,0.172375,5.033583,7.263167,3,0
input,1060,23,5.482208,0.133417,8.570125,10.952208,2,0
input,1061,23,0.48075,0.132917,4.801458,7.006125,1,0
input,1062,23,0.181333,0.172375,2.970291,4.504958,1,0
input,1063,23,1.795875,0.187125,4.593333,6.467375,1,0
input,1064,23,1.685417,0.147417,4.639125,6.043917,1,0
input,1065,23,1.513125,0.051,3.759542,5.782542,0,
input,1066,23,0.170709,0.041041,1.758084,2.52375,0,
input,1067,23,0.189709,0.040708,2.86725,3.59325,0,
input,1068,23,0.130958,0.339833,4.398417,7.453458,100,0
input,1069,23,0.11175,0.321291,6.502375,8.76625,100,0
input,1070,23,1.277333,0.323541,4.496333,6.471042,100,0
input,1071,23,1.185125,0.358792,4.572209,6.6635,100,0
input,1072,23,0.630792,0.030208,2.211375,3.999042,0,
input,1073,23,0.133208,0.030875,1.470416,2.108916,0,
input,1074,23,0.136416,0.045416,4.9495,5.630083,0,
input,1075,23,0.135833,0.060166,4.160833,4.886,0,
input,1076,23,0.150625,0.05875,1.461042,2.108709,0,
input,1077,23,0.150958,0.058583,1.682,2.406833,0,
input,1078,23,0.133292,0.057959,1.454459,2.096709,0,
input,1079,23,0.198542,0.071125,3.997125,4.816958,0,
input,1080,23,0.217625,0.082417,2.287542,3.184959,0,
input,1081,23,0.99575,0.085375,3.015,3.824958,0,
input,1082,23,0.124875,0.091875,4.043334,4.892167,0,
selection,1083,23,0.234208,0.052125,2.986625,4.773041,100,1
selection,1084,23,0.197875,0.061708,2.617541,4.449708,100,2
selection,1085,23,0.166333,0.037625,1.998958,3.391917,100,3
selection,1086,23,0.226958,0.058625,2.809958,4.376125,100,4
selection,1087,23,6.887333,0.057791,9.225916,11.199166,100,5
selection,1088,23,1.995709,0.055958,4.6855,9.243292,100,6
selection,1089,23,0.22625,0.058125,2.99675,7.575792,100,7
selection,1090,23,0.205167,0.041125,3.018459,7.115042,100,8
selection,1091,23,0.185083,0.043583,3.033458,7.682292,100,9
selection,1092,23,0.202167,0.040334,3.353292,7.727458,100,10
selection,1093,23,0.294792,0.053791,3.015875,7.098,100,11
selection,1094,23,0.191916,0.04775,2.980791,7.084291,100,12
selection,1095,23,0.223542,0.046167,3.122542,7.465417,100,13
selection,1096,23,1.5485,0.061292,5.080875,9.504583,100,14
selection,1097,23,0.230416,0.058125,3.738875,7.850125,100,15
selection,1098,23,0.174167,0.050667,3.575542,7.935583,100,16
selection,1099,23,0.190291,0.067375,3.674583,8.376875,100,17
selection,1100,23,1.183167,0.046291,4.542792,8.997208,100,18
selection,1101,23,0.201291,0.041083,3.924,8.245166,100,19
selection,1102,23,0.210667,0.044625,3.994083,8.54025,100,20
empty,1103,23,0.168625,0.04025,1.949667,3.606375,0,
invoke,1104,24,,,4.053916,5.851083,0,
input,1105,24,0.12875,0.153417,5.563958,7.799541,3,0
input,1106,24,0.170458,0.308166,3.849,5.700333,2,0
input,1107,24,0.201042,0.153,3.256167,5.418167,1,0
input,1108,24,1.119417,0.17225,4.170792,5.984875,1,0
input,1109,24,1.911917,0.1785,4.723625,6.337042,1,0
input,1110,24,0.203583,0.176,4.921875,6.334416,1,0
input,1111,24,2.038958,0.047959,4.474541,6.679291,0,
input,1112,24,5.792458,0.0435,7.701,8.681417,0,
input,1113,24,1.23525,0.042209,2.952833,3.734458,0,
input,1114,24,0.199708,0.358458,5.032375,8.341,100,0
input,1115,24,1.037084,0.337625,5.337625,7.831667,100,0
input,1116,24,0.131708,0.340583,4.336958,6.586458,100,0
input,1117,24,0.162417,0.3905,4.594792,6.698958,100,0
input,1118,24,0.132542,0.043459,2.356334,4.749959,0,
input,1119,24,1.135791,0.051917,3.025291,3.779958,0,
input,1120,24,0.20775,0.036958,5.158167,5.864333,0,
input,1121,24,0.222458,0.060375,3.72275,4.450041,0,
input,1122,24,0.237708,0.090958,2.501541,3.440625,0,
input,1123,24,0.469875,0.05525,1.820375,2.450833,0,
input,1124,24,0.186708,0.058209,6.241917,6.894167,0,
input,1125,24,0.247417,0.078958,2.198833,2.885542,0,
input,1126,24,0.397667,0.063834,1.975834,2.71125,0,
input,1127,24,0.175625,0.068958,4.603791,5.337958,0,
input,1128,24,0.136834,0.063416,3.602167,4.3415,0,
selection,1129,24,0.254,0.0555,3.268958,5.084667,100,1
selection,1130,24,0.195333,0.054833,2.570292,4.258583,100,2
selection,1131,24,0.180708,0.044334,2.180083,3.982291,100,3
selection,1132,24,0.314458,0.048833,2.892833,4.607125,100,4
selection,1133,24,2.126791,0.063209,4.808875,6.992916,100,5
selection,1134,24,1.554791,0.0565,4.0505,8.503416,100,6
selection,1135,24,0.208083,0.053375,2.721083,7.212875,100,7
selection,1136,24,0.215125,0.047333,2.734125,7.210917,100,8
selection,1137,24,0.236084,0.058375,3.284417,8.021917,100,9
selection,1138,24,0.223917,0.049333,3.258959,7.681667,100,10
selection,1139,24,0.291333,0.071417,3.255375,7.93025,100,11
selection,1140,24,1.516083,0.037083,4.463667,8.680708,100,12
selection,1141,24,0.188708,0.03925,3.448208,7.535208,100,13
selection,1142,24,0.218958,0.050292,3.672958,7.877167,100,14
selection,1143,24,0.228125,0.054,3.351958,7.561292,100,15
selection,1144,24,0.253666,0.074833,3.825666,8.366666,100,16
selection,1145,24,0.258916,0.086625,3.724291,7.916625,100,17
selection,1146,24,0.715542,0.04875,4.149792,8.409042,100,18
selection,1147,24,0.232833,0.054583,3.987458,8.142875,100,19
selection,1148,24,0.265583,0.075667,4.173625,8.312208,100,20
empty,1149,24,0.124917,0.036625,3.398625,5.46375,0,
invoke,1150,25,,,3.714792,4.83525,0,
input,1151,25,0.145875,0.185541,5.324167,7.256167,3,0
input,1152,25,0.190209,0.212625,4.1105,6.141417,2,0
input,1153,25,0.179667,0.158541,2.959042,4.903917,1,0
input,1154,25,0.218083,0.191125,3.240291,4.707041,1,0
input,1155,25,1.318416,0.152875,3.877041,5.146625,1,0
input,1156,25,0.155666,0.127334,3.275333,4.536875,1,0
input,1157,25,0.112792,0.036583,4.352375,6.286875,0,
input,1158,25,0.131167,0.036375,4.326542,4.898,0,
input,1159,25,0.114333,0.029291,1.342333,2.0075,0,
input,1160,25,0.138917,0.336417,5.65225,8.236125,100,0
input,1161,25,0.110875,0.314792,6.250375,8.202541,100,0
input,1162,25,0.92275,0.325125,4.057,6.187208,100,0
input,1163,25,1.092291,0.368917,4.568333,6.627416,100,0
input,1164,25,0.502083,0.033375,2.200208,4.163042,0,
input,1165,25,4.765917,0.031334,6.035667,6.8675,0,
input,1166,25,2.427834,0.034458,4.046334,4.729084,0,
input,1167,25,0.163167,0.06325,3.582208,4.274458,0,
input,1168,25,0.120292,0.05125,1.412875,2.061167,0,
input,1169,25,2.142833,0.073334,3.956166,4.727458,0,
input,1170,25,0.130125,0.058292,2.524417,3.240084,0,
input,1171,25,0.097458,0.06025,1.369375,2.074542,0,
input,1172,25,0.204458,0.0715,4.644125,5.454875,0,
input,1173,25,0.203292,0.073416,3.249292,4.09525,0,
input,1174,25,0.190542,0.099458,2.260625,3.184959,0,
selection,1175,25,1.182875,0.051709,4.514042,6.63925,100,1
selection,1176,25,0.892791,0.063916,4.024,5.845041,100,2
selection,1177,25,1.694167,0.054875,4.253625,6.122334,100,3
selection,1178,25,0.157834,0.040417,2.441709,4.190959,100,4
selection,1179,25,0.1945,0.042,2.824625,4.843875,100,5
selection,1180,25,1.074584,0.044041,3.369542,7.853792,100,6
selection,1181,25,0.197875,0.059375,2.662708,7.503541,100,7
selection,1182,25,0.211625,0.04475,3.217417,7.7615,100,8
selection,1183,25,0.250166,0.052542,3.337041,7.867291,100,9
selection,1184,25,0.2255,0.049084,3.093083,7.633792,100,10
selection,1185,25,0.199542,0.046667,3.237375,7.878958,100,11
selection,1186,25,0.826166,0.094333,3.956916,8.2785,100,12
selection,1187,25,0.236083,0.056959,3.563666,7.9945,100,13
selection,1188,25,0.168834,0.040875,2.992459,7.310084,100,14
selection,1189,25,0.157584,0.035917,3.426875,7.411,100,15
selection,1190,25,0.229541,0.057875,4.112833,8.400583,100,16
selection,1191,25,0.224209,0.058958,3.869875,8.71025,100,17
selection,1192,25,0.614167,0.029875,3.806208,7.899,100,18
selection,1193,25,0.166042,0.032958,3.680792,7.590667,100,19
selection,1194,25,0.218583,0.048,3.971,8.020458,100,20
empty,1195,25,0.125542,0.039709,4.133042,6.387625,0,
invoke,1196,26,,,4.387833,5.095042,0,
input,1197,26,0.903208,0.16925,6.453208,8.759666,3,0
input,1198,26,6.125083,0.179625,9.253875,11.36875,2,0
input,1199,26,0.146542,0.198292,4.101417,6.291083,1,0
input,1200,26,0.167,0.201333,3.096083,4.421875,1,0
input,1201,26,0.154667,0.157708,2.841542,4.152209,1,0
input,1202,26,0.182,0.108208,4.422125,5.66425,1,0
input,1203,26,0.157542,0.036333,2.204,3.946334,0,
input,1204,26,1.278125,0.040667,2.843917,3.481,0,
input,1205,26,0.168,0.033625,2.795334,3.472667,0,
input,1206,26,0.174333,0.332667,4.782666,7.49,100,0
input,1207,26,0.137291,0.369,4.137333,6.5435,100,0
input,1208,26,0.135208,0.336208,3.706125,5.701167,100,0
input,1209,26,0.158708,0.3515,4.036083,6.531625,100,0
input,1210,26,0.119458,0.0375,2.127208,4.241917,0,
input,1211,26,0.521083,0.038333,1.987167,2.651125,0,
input,1212,26,0.173959,0.042958,3.5155,4.166709,0,
input,1213,26,0.150541,0.05275,1.545125,2.155708,0,
input,1214,26,0.147667,0.049792,2.000209,2.580167,0,
input,1215,26,0.119375,0.05,1.431875,2.040375,0,
input,1216,26,0.1645,0.054292,2.072917,2.676458,0,
input,1217,26,0.914834,0.050375,2.018334,2.597667,0,
input,1218,26,0.133125,0.062834,3.163583,3.804541,0,
input,1219,26,0.150375,0.057917,1.531125,2.156291,0,
input,1220,26,0.213084,0.072,3.24325,3.94825,0,
selection,1221,26,1.354875,0.063542,4.546625,6.65775,100,1
selection,1222,26,1.054125,0.055333,3.458,4.997375,100,2
selection,1223,26,0.242709,0.067667,2.884625,4.655584,100,3
selection,1224,26,0.172,0.043208,2.306958,3.909916,100,4
selection,1225,26,0.166917,0.046792,2.194917,4.170083,100,5
selection,1226,26,0.508,0.032458,2.688833,7.082667,100,6
selection,1227,26,0.465542,0.066166,3.119125,7.520708,100,7
selection,1228,26,0.158375,0.036417,2.649208,6.98375,100,8
selection,1229,26,0.165375,0.031,2.536792,7.1385,100,9
selection,1230,26,0.224,0.052584,3.179333,7.054042,100,10
selection,1231,26,0.212375,0.040292,3.007791,6.957958,100,11
selection,1232,26,0.214666,0.03625,2.740625,6.620916,100,12
selection,1233,26,0.341792,0.056333,3.320292,7.591834,100,13
selection,1234,26,0.182958,0.050583,3.403417,7.731625,100,14
selection,1235,26,1.838458,0.038667,4.738208,8.764416,100,15
selection,1236,26,0.751041,0.065917,4.3015,8.597791,100,16
selection,1237,26,0.212291,0.055625,4.000041,8.296125,100,17
selection,1238,26,0.235292,0.058709,3.853375,8.322334,100,18
selection,1239,26,0.156,0.031833,3.408875,7.061458,100,19
selection,1240,26,2.004959,0.033208,5.579959,9.904125,100,20
empty,1241,26,0.137917,0.042083,2.069833,4.673125,0,
invoke,1242,27,,,3.981875,4.637334,0,
input,1243,27,0.125958,0.226583,5.895,7.92675,3,0
input,1244,27,0.583958,0.20525,3.909583,6.2815,2,0
input,1245,27,8.389375,0.142375,11.041583,13.421208,1,0
input,1246,27,0.169,0.175667,3.044625,4.682875,1,0
input,1247,27,1.315916,0.178208,4.071,5.829458,1,0
input,1248,27,1.83475,0.177375,4.369708,5.663208,1,0
input,1249,27,2.131541,0.047459,4.479125,6.97625,0,
input,1250,27,3.689625,0.04875,5.679583,6.697917,0,
input,1251,27,0.247542,0.032959,1.611084,2.352875,0,
input,1252,27,0.16425,0.369083,5.14675,8.284916,100,0
input,1253,27,0.15625,0.354,5.344166,8.007625,100,0
input,1254,27,1.949792,0.356833,5.72325,7.88875,100,0
input,1255,27,1.829459,0.366,6.013959,8.196167,100,0
input,1256,27,0.701041,0.043792,3.230208,5.482916,0,
input,1257,27,4.624584,0.046584,6.535459,7.47425,0,
input,1258,27,1.519584,0.043042,3.20525,3.940917,0,
input,1259,27,0.202042,0.075083,2.164708,2.940125,0,
input,1260,27,0.27925,0.072542,2.115042,2.875167,0,
input,1261,27,0.1265,0.057417,2.3505,3.024958,0,
input,1262,27,0.113625,0.055959,1.5615,2.223334,0,
input,1263,27,0.168166,0.057417,1.837666,2.498458,0,
input,1264,27,0.133416,0.07375,1.684083,2.395958,0,
input,1265,27,0.162042,0.074042,1.978125,2.849,0,
input,1266,27,0.119875,0.093208,1.701125,2.471541,0,
selection,1267,27,0.256458,0.049708,3.220417,5.239917,100,1
selection,1268,27,0.261833,0.0815,2.76525,4.394875,100,2
selection,1269,27,0.204375,0.039458,2.315625,3.9265,100,3
selection,1270,27,0.2985,0.065834,2.470375,4.120958,100,4
selection,1271,27,5.345416,0.063333,8.015041,10.289875,100,5
selection,1272,27,1.46125,0.048084,4.055541,8.913583,100,6
selection,1273,27,0.797209,0.040709,3.161709,7.840417,100,7
selection,1274,27,0.251583,0.045791,3.0825,7.34625,100,8
selection,1275,27,0.16575,0.039625,3.131125,7.436333,100,9
selection,1276,27,0.228292,0.05375,3.523667,7.931417,100,10
selection,1277,27,0.147708,0.030209,2.781916,6.898958,100,11
selection,1278,27,0.199792,0.047416,3.2695,7.38175,100,12
selection,1279,27,0.196708,0.051708,3.286292,7.735583,100,13
selection,1280,27,0.216209,0.04975,3.490417,7.651334,100,14
selection,1281,27,0.999542,0.039917,3.671375,7.716333,100,15
selection,1282,27,0.304875,0.04825,3.700917,7.715375,100,16
selection,1283,27,0.149916,0.032333,3.143041,7.647375,100,17
selection,1284,27,0.227584,0.050708,3.669459,8.3145,100,18
selection,1285,27,0.231417,0.0565,3.976625,8.095959,100,19
selection,1286,27,0.207042,0.04575,4.0355,8.196042,100,20
empty,1287,27,1.901916,0.036875,3.884541,6.327041,0,
invoke,1288,28,,,4.564583,5.346333,0,
input,1289,28,0.703584,0.235209,6.22525,8.353292,3,0
input,1290,28,0.163334,0.201333,3.574459,5.7705,2,0
input,1291,28,1.058542,0.186542,4.479708,7.005083,1,0
input,1292,28,1.778208,0.193125,5.25275,6.848042,1,0
input,1293,28,1.2325,0.174583,3.945292,5.521334,1,0
input,1294,28,1.948166,0.191959,4.737541,6.32375,1,0
input,1295,28,1.72025,0.041875,3.847166,5.94125,0,
input,1296,28,3.468667,0.043834,5.177833,5.963458,0,
input,1297,28,4.787541,0.043667,6.499708,7.223666,0,
input,1298,28,0.184792,0.344333,5.762458,8.83525,100,0
input,1299,28,1.157333,0.367333,5.637666,8.095833,100,0
input,1300,28,0.178917,0.352666,4.646667,6.759958,100,0
input,1301,28,0.1475,0.389375,4.492958,6.666166,100,0
input,1302,28,0.231042,0.037583,2.378584,4.996709,0,
input,1303,28,2.556125,0.045,4.3655,5.092625,0,
input,1304,28,0.188916,0.036417,3.449083,4.217875,0,
input,1305,28,0.176708,0.057959,1.748833,2.479875,0,
input,1306,28,1.513041,0.072709,3.288208,4.00425,0,
input,1307,28,0.130084,0.057875,2.535792,3.23775,0,
input,1308,28,0.129125,0.067166,1.810833,2.491333,0,
input,1309,28,0.164959,0.061833,1.586417,2.214959,0,
input,1310,28,0.197459,0.0745,1.922625,2.669125,0,
input,1311,28,2.013625,0.077917,3.753292,4.500917,0,
input,1312,28,0.141292,0.070416,2.826417,3.651375,0,
selection,1313,28,0.163209,0.039542,3.125792,5.254292,100,1
selection,1314,28,0.333375,0.074666,2.883334,4.629417,100,2
selection,1315,28,0.2135,0.04925,2.680292,4.774083,100,3
selection,1316,28,0.204625,0.056458,2.712333,4.275708,100,4
selection,1317,28,1.797542,0.050125,3.973583,5.952958,100,5
selection,1318,28,2.207375,0.040708,4.547042,9.448042,100,6
selection,1319,28,1.039709,0.035666,3.377709,7.793917,100,7
selection,1320,28,0.174042,0.033458,2.737625,8.248625,100,8
selection,1321,28,0.182625,0.0415,3.071375,7.801458,100,9
selection,1322,28,0.268291,0.062916,3.529583,7.891416,100,10
selection,1323,28,4.857708,0.042209,8.104875,12.582208,100,11
selection,1324,28,0.226459,0.056583,3.370167,7.925459,100,12
selection,1325,28,0.248042,0.060208,3.987667,8.409667,100,13
selection,1326,28,0.187708,0.037625,3.403041,7.833041,100,14
selection,1327,28,1.550916,0.045125,5.321166,9.8925,100,15
selection,1328,28,0.183209,0.041709,3.774584,8.048667,100,16
selection,1329,28,0.220959,0.048209,4.014709,8.370834,100,17
selection,1330,28,0.292958,0.057417,3.738083,7.974166,100,18
selection,1331,28,0.668375,0.028375,3.857166,7.582541,100,19
selection,1332,28,0.171959,0.043708,3.442334,7.757167,100,20
empty,1333,28,0.146083,0.040041,2.114083,4.41025,0,
invoke,1334,29,,,4.28175,6.63075,0,
input,1335,29,0.135625,0.180375,5.1475,7.055292,3,0
input,1336,29,0.181041,0.160375,5.784166,7.861166,2,0
input,1337,29,2.3095,0.187667,5.255666,7.679833,1,0
input,1338,29,1.133709,0.191917,4.192459,5.856125,1,0
input,1339,29,1.562167,0.174875,4.21575,6.094125,1,0
input,1340,29,1.745958,0.141,4.047458,5.503833,1,0
input,1341,29,2.0605,0.048583,4.521875,6.495917,0,
input,1342,29,2.363125,0.042041,4.091875,4.810458,0,
input,1343,29,0.208667,0.039208,3.365208,4.194042,0,
input,1344,29,0.222292,0.380791,5.246208,8.740542,100,0
input,1345,29,0.170542,0.321917,5.6565,8.46475,100,0
input,1346,29,1.830292,0.367583,5.892875,8.32475,100,0
input,1347,29,0.1365,0.375833,4.585875,6.722125,100,0
input,1348,29,0.134834,0.043208,2.530584,4.788292,0,
input,1349,29,1.515792,0.044333,3.212833,3.903417,0,
input,1350,29,0.19125,0.037083,1.79175,2.528083,0,
input,1351,29,0.735625,0.0585,2.246875,2.880084,0,
input,1352,29,0.127166,0.064333,2.779916,3.428791,0,
input,1353,29,0.095875,0.048667,1.131834,1.64575,0,
input,1354,29,0.174667,0.069666,2.3895,3.161583,0,
input,1355,29,0.167125,0.067584,1.74625,2.427667,0,
input,1356,29,0.144041,0.060667,1.681333,2.426041,0,
input,1357,29,0.110666,0.063208,1.4885,2.223833,0,
input,1358,29,0.215292,0.068458,1.980834,2.7825,0,
selection,1359,29,1.61975,0.050667,4.8425,7.178417,100,1
selection,1360,29,0.83575,0.044917,3.615333,5.502708,100,2
selection,1361,29,1.676333,0.055583,4.148958,6.11025,100,3
selection,1362,29,0.231959,0.047917,2.928625,4.636625,100,4
selection,1363,29,0.211042,0.052375,2.79125,4.788542,100,5
selection,1364,29,0.235834,0.056916,2.900209,7.35575,100,6
selection,1365,29,0.210083,0.046042,2.97525,7.499417,100,7
selection,1366,29,0.229625,0.061417,2.949667,7.551625,100,8
selection,1367,29,0.27225,0.066583,3.405208,7.993666,100,9
selection,1368,29,0.210125,0.039708,3.001542,7.34825,100,10
selection,1369,29,1.928084,0.03475,4.713,9.658084,100,11
selection,1370,29,0.269834,0.059,3.601875,8.090375,100,12
selection,1371,29,0.191917,0.042708,3.264417,7.583083,100,13
selection,1372,29,0.16975,0.034292,2.881917,6.852458,100,14
selection,1373,29,0.3035,0.065875,3.512625,7.76075,100,15
selection,1374,29,0.146584,0.031,2.977125,6.636792,100,16
selection,1375,29,2.643875,0.057166,6.359667,11.263,100,17
selection,1376,29,0.238125,0.059459,3.975875,8.000167,100,18
selection,1377,29,0.22875,0.056042,4.122541,8.594333,100,19
selection,1378,29,1.897041,0.033333,5.457958,9.555083,100,20
empty,1379,29,0.1305,0.035708,1.721125,3.998791,0,
invoke,1380,30,,,4.051708,4.780041,0,
input,1381,30,1.542,0.222125,7.411333,9.565208,3,0
input,1382,30,0.231875,0.149709,3.369333,5.217166,2,0
input,1383,30,0.21525,0.210834,3.198208,5.127625,1,0
input,1384,30,0.280667,0.212917,4.071417,5.447708,1,0
input,1385,30,2.319,0.170625,5.039375,6.59825,1,0
input,1386,30,2.112875,0.156167,4.593625,5.9315,1,0
input,1387,30,2.1475,0.046125,4.8125,6.620958,0,
input,1388,30,2.998875,0.042125,4.675334,5.417042,0,
input,1389,30,0.228042,0.037041,4.519,5.288458,0,
input,1390,30,0.165834,0.370125,4.91275,8.004667,100,0
input,1391,30,0.102459,0.322792,8.225834,10.583542,100,0
input,1392,30,1.828125,0.350834,5.724292,8.056834,100,0
input,1393,30,0.95075,0.382458,5.124375,7.303292,100,0
input,1394,30,0.140083,0.043375,2.1765,4.65,0,
input,1395,30,3.923375,0.045125,5.5775,6.389541,0,
input,1396,30,0.199625,0.036375,4.543042,5.322083,0,
input,1397,30,0.18525,0.050125,2.357584,2.946542,0,
input,1398,30,0.170292,0.063709,1.681667,2.333167,0,
input,1399,30,0.133709,0.051459,1.487625,2.137042,0,
input,1400,30,0.12675,0.060791,1.639666,2.190666,0,
input,1401,30,0.159917,0.057209,1.4965,2.148125,0,
input,1402,30,0.190291,0.085625,2.109333,2.886625,0,
input,1403,30,0.155792,0.07275,2.140125,2.883792,0,
input,1404,30,0.133333,0.107625,1.773041,2.453833,0,
selection,1405,30,1.912041,0.065625,5.765875,8.181083,100,1
selection,1406,30,0.642209,0.079791,4.673042,7.0265,100,2
selection,1407,30,0.951375,0.050375,3.221292,5.131,100,3
selection,1408,30,2.204666,0.06775,5.114,7.32975,100,4
selection,1409,30,1.3335,0.079834,3.939167,6.306417,100,5
selection,1410,30,1.273875,0.040584,4.200541,8.793791,100,6
selection,1411,30,0.243292,0.060625,3.372709,8.180167,100,7
selection,1412,30,0.234084,0.063833,3.105875,7.851792,100,8
selection,1413,30,0.179708,0.049292,2.795,7.205667,100,9
selection,1414,30,0.185167,0.0435,2.784584,6.963292,100,10
selection,1415,30,0.177208,0.044708,3.074041,7.552083,100,11
selection,1416,30,1.300458,0.064708,4.611708,9.156,100,12
selection,1417,30,0.151666,0.03125,3.081291,7.59675,100,13
selection,1418,30,0.230458,0.054666,3.713625,8.156333,100,14
selection,1419,30,0.203208,0.043834,3.510083,8.071583,100,15
selection,1420,30,4.764,0.043167,8.067375,12.5105,100,16
selection,1421,30,0.190875,0.046792,3.965916,8.546208,100,17
selection,1422,30,0.154375,0.036458,3.854959,8.143584,100,18
selection,1423,30,0.167792,0.036292,3.689875,7.864542,100,19
selection,1424,30,1.361334,0.051542,5.029042,9.443,100,20
empty,1425,30,0.161583,0.04425,2.189042,4.706333,0,
invoke,1426,31,,,4.444166,5.357583,0,
input,1427,31,2.124583,0.194875,7.712875,9.822417,3,0
input,1428,31,7.564583,0.167084,10.689041,13.177166,2,0
input,1429,31,2.249417,0.185625,5.604458,9.519208,1,0
input,1430,31,0.1525,0.201,3.3,4.95525,1,0
input,1431,31,0.982541,0.18025,3.839791,5.692875,1,0
input,1432,31,1.641833,0.17325,4.407125,5.987916,1,0
input,1433,31,1.735917,0.042542,3.928042,6.083583,0,
input,1434,31,5.711042,0.047458,7.725709,8.571917,0,
input,1435,31,1.343375,0.050084,3.081167,3.809459,0,
input,1436,31,0.213583,0.336791,7.396791,10.519375,100,0
input,1437,31,10.241292,0.324625,14.527333,16.8,100,0
input,1438,31,0.186167,0.346708,4.405542,6.460667,100,0
input,1439,31,0.202625,0.379416,4.605958,6.790458,100,0
input,1440,31,0.1035,0.043292,2.444042,4.786375,0,
input,1441,31,0.1855,0.031875,1.840125,2.701125,0,
input,1442,31,0.127792,0.033833,1.757583,2.441875,0,
input,1443,31,0.103917,0.059,1.25925,1.882959,0,
input,1444,31,0.198917,0.049667,1.520417,2.139209,0,
input,1445,31,0.162,0.066458,1.76725,2.477,0,
input,1446,31,0.166,0.063334,1.698125,2.375167,0,
input,1447,31,0.099458,0.054833,1.330958,2.066417,0,
input,1448,31,0.1455,0.052291,1.374333,2.051583,0,
input,1449,31,0.222833,0.077916,2.071541,2.890416,0,
input,1450,31,0.153666,0.066209,1.910125,2.675125,0,
selection,1451,31,0.210458,0.050875,3.234375,5.18525,100,1
selection,1452,31,0.184709,0.050958,2.438792,4.024834,100,2
selection,1453,31,0.209917,0.046625,2.644625,4.467709,100,3
selection,1454,31,0.275917,0.041875,2.451458,3.961958,100,4
selection,1455,31,2.721542,0.058334,5.163834,7.27425,100,5
selection,1456,31,1.912084,0.070458,4.94775,9.695917,100,6
selection,1457,31,0.216458,0.048458,2.8105,7.756708,100,7
selection,1458,31,0.167833,0.035917,2.6875,7.1295,100,8
selection,1459,31,0.212417,0.040875,3.368125,8.186334,100,9
selection,1460,31,0.332875,0.041167,3.110417,7.490375,100,10
selection,1461,31,0.165583,0.04675,3.2595,7.706416,100,11
selection,1462,31,2.196666,0.06575,5.503208,9.729125,100,12
selection,1463,31,0.224958,0.056167,3.4525,8.102541,100,13
selection,1464,31,0.238292,0.057042,3.6405,7.82625,100,14
selection,1465,31,0.166333,0.033125,3.337458,7.736542,100,15
selection,1466,31,2.231042,0.049292,5.762959,10.19625,100,16
selection,1467,31,0.204792,0.045375,3.866792,8.263958,100,17
selection,1468,31,0.164417,0.052459,3.269625,6.897834,100,18
selection,1469,31,0.297875,0.041791,3.548417,7.473333,100,19
selection,1470,31,0.17475,0.044958,3.908458,8.3165,100,20
empty,1471,31,0.594542,0.032458,3.42425,5.551209,0,
invoke,1472,32,,,4.198542,5.039667,0,
input,1473,32,0.193167,0.224584,5.7845,7.79475,3,0
input,1474,32,7.067959,0.176917,10.144917,12.207917,2,0
input,1475,32,2.569625,0.21375,5.924042,9.8785,1,0
input,1476,32,0.201541,0.211041,3.055291,4.494541,1,0
input,1477,32,0.176958,0.15225,2.53375,3.904167,1,0
input,1478,32,0.162458,0.152042,3.284041,4.58525,1,0
input,1479,32,0.119459,0.036042,3.252209,5.151125,0,
input,1480,32,0.21,0.049375,2.118125,2.95275,0,
input,1481,32,0.569292,0.042375,2.287708,3.055,0,
input,1482,32,0.160208,0.337291,5.384208,8.54125,100,0
input,1483,32,1.046042,0.345125,5.651125,8.29975,100,0
input,1484,32,1.004708,0.39725,5.343208,7.504667,100,0
input,1485,32,0.12075,0.383125,4.172667,6.199209,100,0
input,1486,32,0.099416,0.041584,2.172916,4.573791,0,
input,1487,32,0.151375,0.034,1.669875,2.497083,0,
input,1488,32,1.88625,0.041458,3.531209,4.242959,0,
input,1489,32,0.138708,0.053417,2.295,2.969291,0,
input,1490,32,0.195083,0.070833,1.943,2.684583,0,
input,1491,32,0.195667,0.057208,1.844292,2.592792,0,
input,1492,32,0.118709,0.050083,1.379209,2.0905,0,
input,1493,32,0.18675,0.069416,3.78625,4.620583,0,
input,1494,32,0.175167,0.077291,2.952208,3.683708,0,
input,1495,32,0.186917,0.083625,2.090459,2.911875,0,
input,1496,32,1.582625,0.081667,3.213916,3.903083,0,
selection,1497,32,0.222,0.0475,3.340333,5.352292,100,1
selection,1498,32,0.213166,0.049625,2.665541,4.447708,100,2
selection,1499,32,1.989125,0.035667,4.108833,5.741916,100,3
selection,1500,32,0.255416,0.066625,2.626916,4.227375,100,4
selection,1501,32,0.225417,0.055,2.9555,5.006417,100,5
selection,1502,32,0.188,0.047459,3.068916,7.494208,100,6
selection,1503,32,0.23575,0.0745,3.029708,7.301833,100,7
selection,1504,32,0.205459,0.045916,2.901459,7.314084,100,8
selection,1505,32,0.286708,0.04025,2.903625,7.40875,100,9
selection,1506,32,1.867625,0.035875,5.036917,9.625667,100,10
selection,1507,32,0.261292,0.052042,3.402875,7.967958,100,11
selection,1508,32,0.151083,0.036792,2.904917,7.207583,100,12
selection,1509,32,0.245541,0.040584,3.069833,7.1775,100,13
selection,1510,32,0.164334,0.039625,3.202875,7.345,100,14
selection,1511,32,0.166834,0.044208,3.281167,7.674375,100,15
selection,1512,32,0.944958,0.063292,4.372833,9.358583,100,16
selection,1513,32,0.345458,0.08625,4.270542,8.805125,100,17
selection,1514,32,0.17,0.0345,3.3285,7.17875,100,18
selection,1515,32,0.174125,0.035333,3.92675,8.93425,100,19
selection,1516,32,0.891292,0.047584,4.615084,8.889875,100,20
empty,1517,32,0.111875,0.029167,1.613458,3.572625,0,
invoke,1518,33,,,4.021625,4.717167,0,
input,1519,33,0.142959,0.175958,5.517334,7.761209,3,0
input,1520,33,0.762458,0.162916,3.598458,5.450125,2,0
input,1521,33,2.36475,0.192041,5.425083,7.475917,1,0
input,1522,33,1.053458,0.201375,4.143333,5.644833,1,0
input,1523,33,1.767,0.166458,4.45325,5.877458,1,0
input,1524,33,2.18825,0.176083,4.761,6.094583,1,0
input,1525,33,2.034958,0.0445,4.3175,6.237916,0,
input,1526,33,3.933291,0.0435,5.6245,6.3575,0,
input,1527,33,0.251375,0.059375,4.070709,4.857459,0,
input,1528,33,0.181042,0.332542,5.10475,8.064792,100,0
input,1529,33,0.132291,0.37775,4.162375,6.573125,100,0
input,1530,33,0.202834,0.381625,4.264375,6.2765,100,0
input,1531,33,0.212875,0.365291,4.149875,6.177083,100,0
input,1532,33,0.096417,0.030041,1.725,3.867417,0,
input,1533,33,1.037875,0.046042,3.025417,3.941209,0,
input,1534,33,0.145791,0.033292,1.622375,2.341,0,
input,1535,33,0.903209,0.061333,2.514917,3.193625,0,
input,1536,33,4.143542,0.072459,5.785917,6.4755,0,
input,1537,33,0.105292,0.049666,1.9915,2.599417,0,
input,1538,33,0.983917,0.047708,2.171417,2.862417,0,
input,1539,33,0.115917,0.065333,4.041917,4.752708,0,
input,1540,33,0.15675,0.076167,1.858375,2.661458,0,
input,1541,33,1.48575,0.072792,3.188916,3.961875,0,
input,1542,33,0.127375,0.066334,2.6835,3.446,0,
selection,1543,33,0.46075,0.053125,3.625167,5.602667,100,1
selection,1544,33,1.251083,0.059666,3.890333,5.77875,100,2
selection,1545,33,1.927625,0.073708,4.451333,6.309583,100,3
selection,1546,33,1.925833,0.059916,4.3945,6.04975,100,4
selection,1547,33,0.168834,0.04275,2.849625,4.898917,100,5
selection,1548,33,0.164625,0.043417,2.455208,6.5865,100,6
selection,1549,33,0.303583,0.067375,3.085041,7.787958,100,7
selection,1550,33,0.180458,0.044917,2.714375,6.982541,100,8
selection,1551,33,0.205417,0.052584,2.975584,7.488792,100,9
selection,1552,33,1.8145,0.064792,4.416625,8.8585,100,10
selection,1553,33,0.151416,0.034416,2.852416,7.451875,100,11
selection,1554,33,0.162333,0.040917,3.045208,7.549166,100,12
selection,1555,33,0.220625,0.053792,3.42225,7.637208,100,13
selection,1556,33,0.193542,0.041958,3.281875,7.55775,100,14
selection,1557,33,0.207167,0.048333,3.658167,7.994667,100,15
selection,1558,33,0.898167,0.03175,4.397583,8.958583,100,16
selection,1559,33,0.180792,0.036667,3.404917,7.424834,100,17
selection,1560,33,0.186291,0.042791,3.727458,7.947958,100,18
selection,1561,33,0.207708,0.049333,4.132791,8.526541,100,19
selection,1562,33,0.144209,0.034125,3.619375,7.690542,100,20
empty,1563,33,1.518916,0.048375,3.27425,5.447916,0,
invoke,1564,34,,,5.190958,6.128333,0,
input,1565,34,0.15525,0.183291,6.111375,8.23625,3,0
input,1566,34,0.118958,0.195459,5.31675,7.33425,2,0
input,1567,34,0.206792,0.197916,3.381625,5.385292,1,0
input,1568,34,1.067792,0.181041,4.42575,5.576792,1,0
input,1569,34,1.85175,0.159125,4.465917,6.025375,1,0
input,1570,34,0.16825,0.143709,2.645792,3.854792,1,0
input,1571,34,0.151125,0.050084,3.7735,5.676542,0,
input,1572,34,0.174084,0.049875,2.097584,2.928292,0,
input,1573,34,0.6365,0.042208,2.320209,3.063292,0,
input,1574,34,0.152667,0.333542,5.755459,8.689084,100,0
input,1575,34,1.340625,0.351041,5.54825,7.864167,100,0
input,1576,34,0.151375,0.34975,3.751083,5.845583,100,0
input,1577,34,0.232792,0.375833,4.256542,6.59525,100,0
input,1578,34,0.533333,0.043958,2.745875,5.02075,0,
input,1579,34,4.322166,0.046416,6.082416,6.85575,0,
input,1580,34,2.178334,0.045792,3.984875,4.789542,0,
input,1581,34,0.142125,0.06125,3.928083,4.587291,0,
input,1582,34,0.122458,0.045166,1.236625,1.7855,0,
input,1583,34,1.767042,0.0575,3.029959,3.573584,0,
input,1584,34,0.143792,0.05675,3.243083,3.895292,0,
input,1585,34,0.183,0.081959,1.9005,2.6245,0,
input,1586,34,0.139958,0.082583,1.992625,2.838333,0,
input,1587,34,0.194125,0.092292,2.230375,3.002292,0,
input,1588,34,1.840375,0.085,3.584083,4.348042,0,
selection,1589,34,0.901875,0.056792,4.26625,6.249125,100,1
selection,1590,34,0.215125,0.058375,2.395292,3.975708,100,2
selection,1591,34,0.185042,0.055458,2.608708,4.587417,100,3
selection,1592,34,0.235958,0.068208,2.590125,4.320042,100,4
selection,1593,34,0.149917,0.037834,2.145792,3.906542,100,5
selection,1594,34,0.176583,0.045166,2.51325,6.723333,100,6
selection,1595,34,0.285708,0.065,3.099708,7.449333,100,7
selection,1596,34,1.19475,0.054542,3.804834,8.405667,100,8
selection,1597,34,0.234875,0.059958,3.189125,7.657083,100,9
selection,1598,34,0.253292,0.057459,3.526917,7.819709,100,10
selection,1599,34,0.245291,0.053375,3.336208,7.778208,100,11
selection,1600,34,0.129542,0.030083,2.617167,6.911625,100,12
selection,1601,34,2.17875,0.053875,5.571541,10.257083,100,13
selection,1602,34,0.226292,0.058791,3.711375,8.023417,100,14
selection,1603,34,0.166792,0.038458,3.230958,7.290875,100,15
selection,1604,34,0.151708,0.03275,3.073417,6.856458,100,16
selection,1605,34,0.19525,0.045,3.927584,8.567334,100,17
selection,1606,34,1.162875,0.076292,5.104459,9.68725,100,18
selection,1607,34,0.22525,0.053667,4.075375,8.562625,100,19
selection,1608,34,0.163292,0.030584,3.384333,7.22775,100,20
empty,1609,34,0.156166,0.04475,4.311166,6.394916,0,
invoke,1610,35,,,3.931083,4.629916,0,
input,1611,35,0.189917,0.171583,5.941333,8.180458,3,0
input,1612,35,6.290084,0.132375,10.593209,12.777917,2,0
input,1613,35,0.875541,0.194125,4.41275,6.909708,1,0
input,1614,35,1.055958,0.186208,4.289291,5.940333,1,0
input,1615,35,1.419208,0.1835,4.364,5.847083,1,0
input,1616,35,1.924167,0.149083,4.784959,6.510792,1,0
input,1617,35,1.405208,0.047458,3.727541,5.940708,0,
input,1618,35,1.787417,0.036875,3.541792,4.383542,0,
input,1619,35,0.188666,0.036125,3.019916,3.745875,0,
input,1620,35,0.187625,0.387583,5.194,8.444166,100,0
input,1621,35,0.170708,0.333833,6.681541,9.033041,100,0
input,1622,35,1.9875,0.356875,6.240375,8.45875,100,0
input,1623,35,0.143125,0.371333,4.251375,6.298959,100,0
input,1624,35,0.137708,0.042125,2.513083,4.68825,0,
input,1625,35,0.141333,0.043417,1.867583,2.645125,0,
input,1626,35,0.15425,0.037042,2.19675,2.90475,0,
input,1627,35,0.151209,0.05375,1.699792,2.508042,0,
input,1628,35,2.130792,0.069625,3.740542,4.380917,0,
input,1629,35,0.117834,0.055916,3.049292,3.772709,0,
input,1630,35,0.347917,0.05475,1.535334,2.101875,0,
input,1631,35,0.149417,0.073167,3.704709,4.393459,0,
input,1632,35,0.130541,0.08825,1.510875,2.11775,0,
input,1633,35,0.147791,0.079333,4.573041,5.342,0,
input,1634,35,0.151417,0.071584,1.751333,2.482625,0,
selection,1635,35,0.72875,0.052709,4.144334,6.441459,100,1
selection,1636,35,0.652208,0.043,3.954375,6.257458,100,2
selection,1637,35,1.004541,0.05925,3.789125,5.785083,100,3
selection,1638,35,1.607334,0.05075,4.107875,6.027417,100,4
selection,1639,35,2.012667,0.048958,4.476084,6.620334,100,5
selection,1640,35,1.810083,0.060458,5.181708,10.111,100,6
selection,1641,35,0.240417,0.0455,3.086375,8.003167,100,7
selection,1642,35,0.181042,0.045166,2.888708,7.752417,100,8
selection,1643,35,0.302625,0.106084,3.259292,8.084208,100,9
selection,1644,35,1.321625,0.067833,4.700042,9.85325,100,10
selection,1645,35,0.219584,0.050625,3.484709,8.078417,100,11
selection,1646,35,0.226417,0.063167,3.5795,7.871584,100,12
selection,1647,35,0.20175,0.03825,3.320333,7.923875,100,13
selection,1648,35,1.012834,0.037333,4.661334,9.142417,100,14
selection,1649,35,0.187,0.039167,3.482708,7.578958,100,15
selection,1650,35,0.172458,0.0455,3.726,8.163166,100,16
selection,1651,35,0.201084,0.043208,3.821584,8.24825,100,17
selection,1652,35,1.391625,0.052291,4.926917,8.997959,100,18
selection,1653,35,0.274125,0.064916,4.229209,8.865084,100,19
selection,1654,35,0.205208,0.048709,3.863166,8.379583,100,20
empty,1655,35,2.137333,0.039625,3.7745,5.983125,0,
invoke,1656,36,,,4.306792,5.109708,0,
input,1657,36,0.809334,0.186625,6.063875,8.209167,3,0
input,1658,36,0.331209,0.170542,3.440459,5.75575,2,0
input,1659,36,0.706,0.199583,3.717292,5.867167,1,0
input,1660,36,1.496417,0.218625,4.931959,6.412125,1,0
input,1661,36,1.39925,0.183042,4.124584,5.4865,1,0
input,1662,36,0.169334,0.169417,3.643,4.896417,1,0
input,1663,36,0.114417,0.034,2.866292,4.601,0,
input,1664,36,0.151083,0.048167,2.370417,3.053958,0,
input,1665,36,0.699625,0.0445,2.350458,3.058666,0,
input,1666,36,0.188958,0.327042,6.769083,10.111,100,0
input,1667,36,10.379042,0.337708,14.586625,16.975542,100,0
input,1668,36,0.186917,0.377125,4.411834,6.479375,100,0
input,1669,36,0.183709,0.379333,4.584042,6.75775,100,0
input,1670,36,0.145375,0.05175,2.538542,4.762459,0,
input,1671,36,0.209958,0.055625,2.517458,3.469666,0,
input,1672,36,0.206666,0.038792,3.957791,4.589375,0,
input,1673,36,0.137708,0.068708,2.957917,3.743125,0,
input,1674,36,0.235916,0.064208,2.018041,2.749625,0,
input,1675,36,2.094375,0.063375,3.62125,4.4005,0,
input,1676,36,0.183375,0.063875,2.995875,3.664875,0,
input,1677,36,0.184625,0.092625,1.784917,2.43075,0,
input,1678,36,0.156458,0.079708,3.837583,4.61925,0,
input,1679,36,0.135458,0.064208,3.9785,4.715417,0,
input,1680,36,0.118125,0.062125,1.415667,2.158917,0,
selection,1681,36,0.2255,0.04575,3.24975,5.122958,100,1
selection,1682,36,0.270875,0.076666,3.812416,5.514541,100,2
selection,1683,36,0.245292,0.052458,2.975375,4.485959,100,3
selection,1684,36,0.692625,0.058792,3.225625,4.953917,100,4
selection,1685,36,2.190667,0.054084,4.556417,6.365542,100,5
selection,1686,36,0.203292,0.054417,2.511667,6.881667,100,6
selection,1687,36,0.210416,0.053708,2.879916,7.066166,100,7
selection,1688,36,0.225459,0.055875,2.639792,7.071375,100,8
selection,1689,36,1.78225,0.054042,4.406542,9.159917,100,9
selection,1690,36,0.153542,0.030542,2.5805,6.647792,100,10
selection,1691,36,0.244167,0.06375,3.346959,7.897584,100,11
selection,1692,36,5.261417,0.071708,8.439459,12.905792,100,12
selection,1693,36,0.239792,0.054583,3.414625,7.613542,100,13
selection,1694,36,0.265875,0.035542,3.199958,7.440416,100,14
selection,1695,36,0.153709,0.041542,3.632,8.174459,100,15
selection,1696,36,2.691958,0.042584,5.9625,10.436833,100,16
selection,1697,36,0.24475,0.058041,4.256042,8.614125,100,17
selection,1698,36,0.224708,0.054833,3.926458,8.191833,100,18
selection,1699,36,0.150417,0.032292,3.395083,7.648792,100,19
selection,1700,36,1.158459,0.055542,4.855084,8.85225,100,20
empty,1701,36,0.120042,0.030959,3.4305,5.433542,0,
invoke,1702,37,,,4.792208,5.434583,0,
input,1703,37,0.619041,0.164416,6.088458,8.336375,3,0
input,1704,37,7.586875,0.191625,10.959792,13.325459,2,0
input,1705,37,1.06875,0.182083,4.514417,8.359667,1,0
input,1706,37,0.17225,0.183167,3.25975,4.812166,1,0
input,1707,37,1.022125,0.1755,3.981083,5.788208,1,0
input,1708,37,0.182709,0.137959,2.983792,4.515709,1,0
input,1709,37,0.151041,0.036333,3.438083,5.304125,0,
input,1710,37,0.193166,0.035959,3.802333,4.528125,0,
input,1711,37,0.190375,0.03875,1.869625,2.681625,0,
input,1712,37,1.872125,0.366,6.869583,10.124125,100,0
input,1713,37,0.114,0.336708,4.175083,6.558458,100,0
input,1714,37,0.173416,0.354708,4.441958,6.480583,100,0
input,1715,37,0.195083,0.395875,4.540417,6.730958,100,0
input,1716,37,0.154166,0.037666,4.41675,6.698875,0,
input,1717,37,0.2245,0.040667,2.175709,2.979584,0,
input,1718,37,0.191,0.037833,1.6095,2.229459,0,
input,1719,37,4.373958,0.075708,6.301541,7.06875,0,
input,1720,37,0.19225,0.058333,2.457458,3.194375,0,
input,1721,37,0.231666,0.085875,2.509,3.3935,0,
input,1722,37,1.312709,0.072583,3.512959,4.602084,0,
input,1723,37,0.152417,0.06775,3.150167,3.874875,0,
input,1724,37,0.164334,0.087125,2.180542,3.050542,0,
input,1725,37,0.174458,0.065375,1.975041,2.759791,0,
input,1726,37,0.1185,0.07575,2.106875,2.921458,0,
selection,1727,37,0.215084,0.052625,3.277125,5.263667,100,1
selection,1728,37,0.207834,0.049667,2.448584,4.036917,100,2
selection,1729,37,0.171375,0.037,2.489666,3.993166,100,3
selection,1730,37,0.569333,0.033167,2.779542,4.398542,100,4
selection,1731,37,0.311916,0.081667,2.756708,4.923083,100,5
selection,1732,37,0.206125,0.04975,2.920542,7.285292,100,6
selection,1733,37,0.246458,0.055458,3.023458,7.438792,100,7
selection,1734,37,0.229334,0.053708,2.863459,7.459875,100,8
selection,1735,37,0.185959,0.041417,3.172417,8.174917,100,9
selection,1736,37,0.594,0.045875,3.61025,8.217333,100,10
selection,1737,37,0.204334,0.039417,3.237917,7.860375,100,11
selection,1738,37,0.173791,0.035625,3.2835,7.787166,100,12
selection,1739,37,0.234791,0.054833,3.508916,7.741125,100,13
selection,1740,37,0.171917,0.040542,3.272792,7.538084,100,14
selection,1741,37,0.218833,0.051083,3.319333,7.569,100,15
selection,1742,37,1.664667,0.067583,4.977042,9.358125,100,16
selection,1743,37,0.221167,0.060417,4.090208,8.557792,100,17
selection,1744,37,4.574583,0.040959,8.173083,12.702375,100,18
selection,1745,37,0.15725,0.033167,3.473,7.785791,100,19
selection,1746,37,0.158333,0.032958,3.480541,7.93125,100,20
empty,1747,37,0.106,0.032917,1.52125,3.649166,0,
invoke,1748,38,,,6.445125,7.143709,0,
input,1749,38,0.133792,0.216916,5.707958,7.89025,3,0
input,1750,38,0.454083,0.205292,3.852833,6.120125,2,0
input,1751,38,1.081125,0.227209,4.718042,6.58425,1,0
input,1752,38,1.054542,0.1935,4.135459,5.883625,1,0
input,1753,38,1.475875,0.146209,3.839625,5.378041,1,0
input,1754,38,0.202792,0.141167,3.175042,4.551667,1,0
input,1755,38,0.17725,0.037458,3.596,5.468375,0,
input,1756,38,0.207416,0.047917,2.095916,2.858791,0,
input,1757,38,1.247208,0.040917,2.905041,3.643375,0,
input,1758,38,0.159,0.315709,5.797375,8.968875,100,0
input,1759,38,1.101209,0.342167,4.79275,7.237625,100,0
input,1760,38,0.1335,0.352291,4.113208,6.283,100,0
input,1761,38,0.183708,0.339916,3.599583,5.498208,100,0
input,1762,38,0.717375,0.03325,2.412666,4.241625,0,
input,1763,38,0.136917,0.032333,1.429792,2.035375,0,
input,1764,38,0.147208,0.04,4.105541,4.783458,0,
input,1765,38,0.125375,0.062333,1.555959,2.219917,0,
input,1766,38,1.026875,0.0435,2.0685,2.569458,0,
input,1767,38,0.111458,0.052292,3.366625,3.969958,0,
input,1768,38,0.160459,0.0575,1.680042,2.495,0,
input,1769,38,0.164875,0.060625,1.916458,2.737417,0,
input,1770,38,0.162458,0.07425,1.846583,2.52225,0,
input,1771,38,1.88975,0.080375,3.79475,4.648292,0,
input,1772,38,0.1675,0.081209,2.723916,3.490375,0,
selection,1773,38,0.25825,0.050041,3.1525,5.344459,100,1
selection,1774,38,0.252875,0.073167,3.133,5.120583,100,2
selection,1775,38,0.235917,0.053708,2.878792,4.769417,100,3
selection,1776,38,0.209666,0.051917,2.536916,4.150083,100,4
selection,1777,38,1.476208,0.044666,3.491708,5.306542,100,5
selection,1778,38,0.239417,0.05725,2.820375,7.035333,100,6
selection,1779,38,2.260667,0.067,4.62425,8.862625,100,7
selection,1780,38,0.239166,0.060417,2.977041,7.177958,100,8
selection,1781,38,0.24075,0.063834,3.040625,7.292666,100,9
selection,1782,38,0.241792,0.054208,3.543209,7.942584,100,10
selection,1783,38,0.229708,0.050167,3.248875,7.978208,100,11
selection,1784,38,0.172042,0.037208,3.261292,7.973625,100,12
selection,1785,38,0.972875,0.039,3.759875,8.610208,100,13
selection,1786,38,0.249459,0.043375,3.156292,7.410584,100,14
selection,1787,38,0.184167,0.03925,3.400125,7.773584,100,15
selection,1788,38,0.219583,0.044291,3.61325,7.984833,100,16
selection,1789,38,0.185458,0.047916,3.445208,7.847666,100,17
selection,1790,38,0.147958,0.032292,3.394542,7.349583,100,18
selection,1791,38,0.168458,0.043666,3.419916,7.461791,100,19
selection,1792,38,2.044458,0.0435,5.880833,10.029042,100,20
empty,1793,38,0.14525,0.042833,2.129375,4.537625,0,
invoke,1794,39,,,4.370917,5.252459,0,
input,1795,39,1.121041,0.156584,6.909333,8.970666,3,0
input,1796,39,5.430125,0.16625,8.514166,10.669875,2,0
input,1797,39,1.47025,0.196417,4.404375,6.381083,1,0
input,1798,39,2.552458,0.196666,5.534583,6.981208,1,0
input,1799,39,1.870458,0.185916,4.681958,6.105708,1,0
input,1800,39,2.045625,0.1655,4.540958,5.803,1,0
input,1801,39,0.134167,0.032333,1.969833,3.815917,0,
input,1802,39,0.151417,0.0425,3.788583,4.582875,0,
input,1803,39,0.190167,0.0495,2.066,2.782125,0,
input,1804,39,0.247416,0.341542,5.217583,8.644541,100,0
input,1805,39,9.704125,0.345125,13.738083,16.017458,100,0
input,1806,39,0.176292,0.375625,4.480792,6.701209,100,0
input,1807,39,0.178417,0.398083,4.790209,7.020084,100,0
input,1808,39,0.168167,0.061459,2.788709,4.924417,0,
input,1809,39,0.224042,0.046875,2.308458,3.171875,0,
input,1810,39,1.731166,0.03825,3.1935,3.875041,0,
input,1811,39,0.170625,0.074917,2.865333,3.592666,0,
input,1812,39,0.112791,0.04925,1.416416,1.999541,0,
input,1813,39,0.132,0.047834,1.481667,2.087083,0,
input,1814,39,0.1915,0.067042,1.881208,2.615166,0,
input,1815,39,0.128416,0.0615,1.725083,2.480958,0,
input,1816,39,0.140958,0.0765,1.81275,2.683083,0,
input,1817,39,2.106625,0.07475,3.92275,4.823833,0,
input,1818,39,0.146625,0.064834,2.909375,3.591958,0,
selection,1819,39,0.238041,0.049417,3.333666,5.38075,100,1
selection,1820,39,0.285542,0.075541,3.398583,5.174458,100,2
selection,1821,39,0.222916,0.056333,2.995041,4.713166,100,3
selection,1822,39,0.221708,0.051667,2.7555,4.545416,100,4
selection,1823,39,0.460042,0.05725,2.8935,4.852042,100,5
selection,1824,39,2.041083,0.0535,4.687792,9.135458,100,6
selection,1825,39,1.081917,0.053666,3.554958,7.770042,100,7
selection,1826,39,0.211584,0.047375,2.90775,7.444959,100,8
selection,1827,39,0.161667,0.038916,2.550709,7.108125,100,9
selection,1828,39,0.210375,0.04425,3.442333,7.802041,100,10
selection,1829,39,0.207417,0.0515,3.02875,7.561917,100,11
selection,1830,39,0.204,0.045834,3.452958,8.029083,100,12
selection,1831,39,1.33725,0.035417,4.485458,9.051,100,13
selection,1832,39,0.140708,0.029542,2.777833,7.09575,100,14
selection,1833,39,0.177291,0.059334,3.04,7.083,100,15
selection,1834,39,0.186958,0.035334,3.264791,6.952916,100,16
selection,1835,39,0.148708,0.0355,3.5355,7.651375,100,17
selection,1836,39,0.150583,0.036542,3.62175,7.939666,100,18
selection,1837,39,0.14675,0.033625,3.563791,7.612958,100,19
selection,1838,39,2.04925,0.052417,5.735,9.755625,100,20
empty,1839,39,0.137916,0.043458,2.074458,4.46775,0,
invoke,1840,40,,,4.076292,6.602584,0,
input,1841,40,0.1335,0.18675,4.89475,6.797333,3,0
input,1842,40,4.08775,0.147917,6.748,8.612208,2,0
input,1843,40,1.299708,0.192042,4.415958,8.518583,1,0
input,1844,40,0.186167,0.155875,2.69375,4.139167,1,0
input,1845,40,1.281292,0.188125,4.09375,5.614834,1,0
input,1846,40,1.968708,0.156083,4.486583,5.783417,1,0
input,1847,40,2.015542,0.039709,4.031875,5.73025,0,
input,1848,40,0.134375,0.031542,1.430458,2.028916,0,
input,1849,40,4.697375,0.032375,6.023875,6.653791,0,
input,1850,40,0.145125,0.327125,5.353375,7.815833,100,0
input,1851,40,0.111708,0.329292,7.47425,9.459292,100,0
input,1852,40,0.157458,0.339834,3.853583,5.564833,100,0
input,1853,40,0.162583,0.340709,3.880666,5.683125,100,0
input,1854,40,0.108084,0.034542,3.289375,5.124167,0,
input,1855,40,0.133458,0.036792,1.769833,2.414291,0,
input,1856,40,2.130291,0.030167,3.509166,4.161958,0,
input,1857,40,0.110084,0.054917,2.700792,3.289292,0,
input,1858,40,1.026542,0.04425,2.150583,2.709292,0,
input,1859,40,0.09325,0.055542,2.978875,3.53775,0,
input,1860,40,0.943375,0.042,1.919459,2.468209,0,
input,1861,40,0.1135,0.057833,1.409917,2.066417,0,
input,1862,40,1.099208,0.054333,2.38075,2.983417,0,
input,1863,40,0.14075,0.079833,4.8615,5.621542,0,
input,1864,40,0.130625,0.06675,1.649042,2.38325,0,
selection,1865,40,0.2575,0.056333,3.832917,5.862667,100,1
selection,1866,40,0.243125,0.06575,3.673416,5.715708,100,2
selection,1867,40,0.205917,0.049834,2.628875,4.597459,100,3
selection,1868,40,0.267875,0.065333,2.747833,4.507125,100,4
selection,1869,40,0.418792,0.054792,2.946958,4.992833,100,5
selection,1870,40,1.912125,0.055667,4.393375,8.372084,100,6
selection,1871,40,0.205542,0.050916,2.748042,7.204833,100,7
selection,1872,40,0.239959,0.062167,2.936334,7.788334,100,8
selection,1873,40,0.238125,0.0695,3.329542,7.613084,100,9
selection,1874,40,0.232125,0.051958,3.132,7.5165,100,10
selection,1875,40,0.186625,0.037792,2.960917,7.183834,100,11
selection,1876,40,5.137333,0.04475,8.222167,12.711875,100,12
selection,1877,40,0.172709,0.059875,3.228709,7.762292,100,13
selection,1878,40,0.140334,0.034167,3.2205,7.385417,100,14
selection,1879,40,0.285833,0.046375,3.034416,7.186708,100,15
selection,1880,40,0.1255,0.028292,2.739959,6.625292,100,16
selection,1881,40,0.132292,0.02775,3.486917,7.673584,100,17
selection,1882,40,0.185625,0.047791,3.510833,7.080667,100,18
selection,1883,40,0.139542,0.034875,3.87675,8.305625,100,19
selection,1884,40,0.169917,0.030125,3.31725,6.941208,100,20
empty,1885,40,1.496291,0.041417,3.307541,5.395958,0,
invoke,1886,41,,,4.244792,5.187584,0,
input,1887,41,1.546417,0.242125,7.320417,9.476167,3,0
input,1888,41,6.600834,0.174458,9.847667,12.0045,2,0
input,1889,41,2.42275,0.197,5.391125,7.583209,1,0
input,1890,41,0.476833,0.198333,3.575,5.098917,1,0
input,1891,41,1.674208,0.173834,4.432583,5.879083,1,0
input,1892,41,2.085958,0.154791,4.595875,5.974458,1,0
input,1893,41,2.055167,0.045708,4.43425,6.454,0,
input,1894,41,3.111791,0.047834,4.887416,5.688375,0,
input,1895,41,0.182625,0.039417,2.307583,3.117708,0,
input,1896,41,0.163417,0.353167,5.115667,8.226083,100,0
input,1897,41,0.2445,0.356083,8.162167,10.531834,100,0
input,1898,41,0.419125,0.341542,4.5135,6.592208,100,0
input,1899,41,0.213167,0.353875,3.692667,5.554375,100,0
input,1900,41,0.689708,0.036625,2.702167,5.021583,0,
input,1901,41,3.668875,0.045584,5.403,6.184833,0,
input,1902,41,2.89975,0.036,4.40975,5.060167,0,
input,1903,41,0.153292,0.056292,3.215208,3.934583,0,
input,1904,41,0.118083,0.051208,1.404416,2.010375,0,
input,1905,41,0.160292,0.051917,1.8625,2.568958,0,
input,1906,41,0.179875,0.061791,1.703166,2.390708,0,
input,1907,41,2.156959,0.074791,3.789334,4.481417,0,
input,1908,41,0.17275,0.082334,4.68975,5.463459,0,
input,1909,41,0.142042,0.076667,1.744833,2.656417,0,
input,1910,41,1.960833,0.080208,3.398917,4.03475,0,
selection,1911,41,1.062458,0.064334,4.502458,6.824458,100,1
selection,1912,41,0.584917,0.049125,3.048167,4.780917,100,2
selection,1913,41,2.190958,0.042417,4.291667,5.988417,100,3
selection,1914,41,0.255084,0.050167,2.4835,4.189292,100,4
selection,1915,41,0.171458,0.036041,2.440667,4.528,100,5
selection,1916,41,0.196792,0.044583,2.622834,6.89575,100,6
selection,1917,41,0.204417,0.055625,2.497542,7.265167,100,7
selection,1918,41,0.212125,0.047708,3.142584,7.36175,100,8
selection,1919,41,0.271292,0.070208,3.297792,7.907458,100,9
selection,1920,41,0.203916,0.044,3.00825,7.814875,100,10
selection,1921,41,0.936125,0.039,4.259458,8.993,100,11
selection,1922,41,0.197334,0.045,3.500959,8.020709,100,12
selection,1923,41,0.167709,0.033125,3.044167,7.1815,100,13
selection,1924,41,0.139583,0.032708,2.9725,6.908458,100,14
selection,1925,41,0.119208,0.032833,2.966125,6.904625,100,15
selection,1926,41,0.204792,0.050416,3.469834,7.611459,100,16
selection,1927,41,1.206083,0.03525,4.424,8.613167,100,17
selection,1928,41,0.230875,0.055458,3.894375,8.015458,100,18
selection,1929,41,0.171,0.039625,3.476291,7.275375,100,19
selection,1930,41,0.203667,0.049792,3.869459,7.932125,100,20
empty,1931,41,0.141291,0.042708,1.951416,4.059583,0,
invoke,1932,42,,,4.635458,6.688291,0,
input,1933,42,0.232333,0.169792,6.839292,8.850583,3,0
input,1934,42,0.315,0.219875,7.3215,9.380125,2,0
input,1935,42,1.811583,0.187834,4.775333,9.049167,1,0
input,1936,42,0.191666,0.185584,3.101708,4.422916,1,0
input,1937,42,0.900917,0.183083,3.792917,5.261542,1,0
input,1938,42,2.073333,0.19325,5.024958,6.399917,1,0
input,1939,42,1.619292,0.047917,3.944917,5.893292,0,
input,1940,42,3.427375,0.035375,5.000583,5.742958,0,
input,1941,42,0.1665,0.046708,4.013542,4.798625,0,
input,1942,42,0.179209,0.394792,4.65975,7.606209,100,0
input,1943,42,0.124084,0.349333,4.705584,7.071125,100,0
input,1944,42,0.202083,0.336833,5.759125,7.717541,100,0
input,1945,42,0.207834,0.344625,4.334792,6.298584,100,0
input,1946,42,0.124584,0.035125,1.972084,4.178459,0,
input,1947,42,0.198583,0.047792,2.178916,2.9315,0,
input,1948,42,0.977083,0.042375,2.5655,3.360875,0,
input,1949,42,0.199,0.071083,2.859416,3.484125,0,
input,1950,42,0.12075,0.048958,1.433834,2.065167,0,
input,1951,42,0.12175,0.050584,1.567083,2.237458,0,
input,1952,42,0.150917,0.060958,1.752625,2.604708,0,
input,1953,42,0.218625,0.057042,2.032125,2.666,0,
input,1954,42,0.129083,0.062917,1.483167,2.166417,0,
input,1955,42,1.862958,0.069666,3.453875,4.144125,0,
input,1956,42,0.131916,0.076125,1.816,2.463333,0,
selection,1957,42,0.234375,0.04675,3.578042,5.474583,100,1
selection,1958,42,0.254458,0.072292,3.923667,5.796917,100,2
selection,1959,42,0.243417,0.057708,3.032292,4.933584,100,3
selection,1960,42,0.2205,0.064917,2.530292,4.122834,100,4
selection,1961,42,2.100166,0.056417,4.628958,6.721666,100,5
selection,1962,42,1.777958,0.048584,4.253916,8.521416,100,6
selection,1963,42,0.195083,0.052291,3.233083,8.052583,100,7
selection,1964,42,0.190625,0.042625,2.823208,7.365916,100,8
selection,1965,42,0.208583,0.0475,2.944417,7.486792,100,9
selection,1966,42,0.244625,0.075583,3.263791,7.763291,100,10
selection,1967,42,0.16725,0.035459,2.926792,7.373292,100,11
selection,1968,42,2.117791,0.045,5.360708,9.731375,100,12
selection,1969,42,0.212125,0.0575,3.307959,7.53175,100,13
selection,1970,42,0.232209,0.054875,3.7475,8.090792,100,14
selection,1971,42,0.160542,0.034792,3.202417,7.323,100,15
selection,1972,42,0.257917,0.056334,3.389042,7.519167,100,16
selection,1973,42,0.145834,0.031916,3.510959,7.667334,100,17
selection,1974,42,1.770375,0.047375,5.343,9.695625,100,18
selection,1975,42,0.198916,0.044125,3.71825,7.570125,100,19
selection,1976,42,0.213333,0.051042,3.909583,8.083208,100,20
empty,1977,42,0.1435,0.042166,1.9265,4.045792,0,
invoke,1978,43,,,4.004083,4.774917,0,
input,1979,43,5.533334,0.19,10.286875,12.247209,3,0
input,1980,43,9.376833,0.15975,12.21675,14.111208,2,0
input,1981,43,1.0255,0.175,4.441459,6.642834,1,0
input,1982,43,0.98225,0.192667,3.871625,4.987208,1,0
input,1983,43,0.166667,0.171,3.733709,5.077625,1,0
input,1984,43,0.13275,0.126,3.54925,4.761125,1,0
input,1985,43,0.14675,0.042333,6.022375,7.870875,0,
input,1986,43,0.159166,0.034459,4.503375,5.27225,0,
input,1987,43,0.186667,0.037166,1.793917,2.494542,0,
input,1988,43,1.344334,0.339042,5.874167,8.977417,100,0
input,1989,43,0.127958,0.331292,3.808292,5.97125,100,0
input,1990,43,0.172542,0.346584,4.308,6.652583,100,0
input,1991,43,0.179166,0.385625,4.396291,6.71275,100,0
input,1992,43,0.145042,0.044792,2.374875,4.805083,0,
input,1993,43,3.220208,0.04025,4.744208,5.324208,0,
input,1994,43,0.139833,0.032292,1.335791,1.901083,0,
input,1995,43,0.534667,0.049917,1.832625,2.503958,0,
input,1996,43,0.178334,0.062416,3.069,3.750625,0,
input,1997,43,0.097,0.051791,1.294,1.912792,0,
input,1998,43,0.138583,0.049166,2.108875,2.749958,0,
input,1999,43,0.399584,0.065209,1.693167,2.407334,0,
input,2000,43,0.125792,0.069083,3.074667,3.661209,0,
input,2001,43,0.121292,0.062417,1.522334,2.142167,0,
input,2002,43,0.12475,0.063917,3.645042,4.398875,0,
selection,2003,43,1.562292,0.058625,4.790167,6.76875,100,1
selection,2004,43,2.238792,0.053417,4.765417,6.401959,100,2
selection,2005,43,2.21725,0.047917,4.51475,6.154834,100,3
selection,2006,43,0.251708,0.057125,2.965416,4.489625,100,4
selection,2007,43,0.192042,0.038583,2.445084,4.425125,100,5
selection,2008,43,0.187583,0.047791,2.525,6.534458,100,6
selection,2009,43,0.166167,0.029958,2.315708,7.065542,100,7
selection,2010,43,0.171208,0.032791,2.694458,7.354833,100,8
selection,2011,43,0.250875,0.063375,3.35225,8.096584,100,9
selection,2012,43,0.194916,0.044583,3.295916,7.512875,100,10
selection,2013,43,0.158667,0.039875,2.777542,6.908667,100,11
selection,2014,43,0.149166,0.033334,2.902,6.773333,100,12
selection,2015,43,0.2605,0.057417,3.235875,7.958292,100,13
selection,2016,43,1.095417,0.067958,4.43775,8.930792,100,14
selection,2017,43,0.203166,0.04825,3.569083,7.496,100,15
selection,2018,43,0.2375,0.056041,3.959416,8.50575,100,16
selection,2019,43,0.18675,0.043166,3.7155,8.092917,100,17
selection,2020,43,2.022625,0.047209,5.24925,9.449291,100,18
selection,2021,43,0.178458,0.041083,3.785,7.800375,100,19
selection,2022,43,0.190459,0.035833,3.750209,7.643709,100,20
empty,2023,43,0.112,0.033042,1.601209,3.8085,0,
invoke,2024,44,,,4.203709,6.5885,0,
input,2025,44,0.147083,0.197583,5.413,7.50075,3,0
input,2026,44,3.107625,0.193667,7.079875,9.056292,2,0
input,2027,44,0.944458,0.138125,3.952333,6.259917,1,0
input,2028,44,1.932208,0.199333,5.233166,6.667166,1,0
input,2029,44,0.18075,0.134541,2.63225,3.965583,1,0
input,2030,44,0.180459,0.213708,5.589375,6.974875,1,0
input,2031,44,0.12925,0.0355,4.023584,6.165375,0,
input,2032,44,0.146125,0.052792,2.190584,3.070917,0,
input,2033,44,0.698417,0.034416,2.245709,2.917834,0,
input,2034,44,0.156209,0.347125,6.106334,9.086209,100,0
input,2035,44,0.127042,0.341459,4.626833,6.357583,100,0
input,2036,44,1.511083,0.362709,5.231625,7.260208,100,0
input,2037,44,0.577333,0.375333,4.848291,7.115625,100,0
input,2038,44,0.144459,0.047083,2.423292,4.906042,0,
input,2039,44,2.562875,0.043041,4.194958,4.899875,0,
input,2040,44,0.30025,0.036667,3.587,4.31025,0,
input,2041,44,0.162833,0.062625,1.872083,2.531333,0,
input,2042,44,0.096041,0.046541,1.452958,2.146208,0,
input,2043,44,0.216,0.076375,2.147833,2.962416,0,
input,2044,44,1.468292,0.070166,3.257875,3.992959,0,
input,2045,44,0.117875,0.06,2.418292,3.093125,0,
input,2046,44,0.547708,0.060084,1.768667,2.399333,0,
input,2047,44,0.20825,0.100416,4.125334,5.011084,0,
input,2048,44,0.160416,0.075459,1.870416,2.698208,0,
selection,2049,44,0.228333,0.070542,3.41625,5.697,100,1
selection,2050,44,0.253459,0.063041,2.760917,4.48475,100,2
selection,2051,44,0.206667,0.045375,2.641167,4.278209,100,3
selection,2052,44,0.222917,0.049084,2.666625,4.518209,100,4
selection,2053,44,1.262458,0.117333,3.611375,5.32375,100,5
selection,2054,44,0.221,0.05,2.482041,6.4525,100,6
selection,2055,44,0.148458,0.036791,2.612208,6.602708,100,7
selection,2056,44,0.281,0.062209,3.038792,7.393334,100,8
selection,2057,44,1.556584,0.044292,4.279334,8.795667,100,9
selection,2058,44,0.200375,0.045125,2.900375,6.982625,100,10
selection,2059,44,0.232125,0.062,3.470666,7.805541,100,11
selection,2060,44,0.179416,0.037375,2.971458,6.73075,100,12
selection,2061,44,4.699334,0.046417,7.653084,12.032209,100,13
selection,2062,44,1.002041,0.055666,4.515,9.08625,100,14
selection,2063,44,0.195333,0.045417,3.268458,7.400542,100,15
selection,2064,44,0.125791,0.027083,2.752458,6.439083,100,16
selection,2065,44,0.229458,0.033875,3.046,7.071208,100,17
selection,2066,44,0.146375,0.032875,3.202208,7.230291,100,18
selection,2067,44,0.267708,0.068625,4.341458,8.479917,100,19
selection,2068,44,1.083541,0.044958,4.41275,8.241,100,20
empty,2069,44,0.1515,0.045541,2.036917,4.191167,0,
invoke,2070,45,,,4.029541,4.690791,0,
input,2071,45,2.012916,0.195208,7.422916,9.41175,3,0
input,2072,45,0.386709,0.164834,4.261125,6.518084,2,0
input,2073,45,0.992084,0.226166,4.183125,6.3535,1,0
input,2074,45,1.583083,0.172,4.137,5.578708,1,0
input,2075,45,2.405666,0.184125,5.346875,6.968625,1,0
input,2076,45,0.197416,0.127084,2.413791,3.582958,1,0
input,2077,45,0.134958,0.034584,4.343,6.127083,0,
input,2078,45,0.169958,0.050833,2.101708,2.912917,0,
input,2079,45,0.789083,0.033916,2.236166,2.938333,0,
input,2080,45,0.146375,0.349333,6.013,8.919959,100,0
input,2081,45,1.360125,0.343083,5.713417,8.279584,100,0
input,2082,45,0.177833,0.358083,3.922042,6.010625,100,0
input,2083,45,0.192417,0.357167,4.327875,6.558375,100,0
input,2084,45,0.137209,0.044375,2.375417,4.690792,0,
input,2085,45,2.289625,0.031042,3.746291,4.41975,0,
input,2086,45,0.138583,0.0365,3.338958,4.041125,0,
input,2087,45,0.128209,0.0775,1.584042,2.418667,0,
input,2088,45,2.211958,0.059417,3.56625,4.136042,0,
input,2089,45,0.122291,0.057,2.924166,3.605458,0,
input,2090,45,0.206875,0.074042,2.245417,3.119917,0,
input,2091,45,2.011042,0.078875,3.760625,4.500167,0,
input,2092,45,0.1695,0.060833,3.328333,4.055125,0,
input,2093,45,0.110417,0.06825,1.516,2.313792,0,
input,2094,45,0.174875,0.068917,1.911583,2.578083,0,
selection,2095,45,0.1945,0.040166,3.0325,5.187625,100,1
selection,2096,45,0.197375,0.0515,2.7955,4.732625,100,2
selection,2097,45,0.496833,0.043667,3.109542,4.946875,100,3
selection,2098,45,1.982625,0.060958,4.608292,6.401583,100,4
selection,2099,45,2.03825,0.053042,4.623209,6.661625,100,5
selection,2100,45,1.736709,0.079667,4.719542,9.001792,100,6
selection,2101,45,0.179125,0.038583,2.639166,7.318666,100,7
selection,2102,45,0.233875,0.047917,3.149833,7.718292,100,8
selection,2103,45,0.231083,0.0535,3.3135,7.60575,100,9
selection,2104,45,0.21975,0.058916,3.440042,7.667667,100,10
selection,2105,45,0.177083,0.036333,3.191458,8.189083,100,11
selection,2106,45,1.686458,0.039416,4.394375,8.737833,100,12
selection,2107,45,0.217125,0.043833,3.909458,8.327708,100,13
selection,2108,45,0.204833,0.045417,3.2715,7.269875,100,14
selection,2109,45,0.264667,0.05975,3.351167,7.696375,100,15
selection,2110,45,3.22675,0.046375,6.587708,10.640333,100,16
selection,2111,45,0.308375,0.045,3.682458,7.873042,100,17
selection,2112,45,0.203209,0.041292,3.517875,7.312167,100,18
selection,2113,45,0.1965,0.044375,3.892625,8.292375,100,19
selection,2114,45,0.167458,0.037958,3.525583,7.444125,100,20
empty,2115,45,0.137334,0.038958,1.817792,3.796375,0,
invoke,2116,46,,,8.610333,9.434833,0,
input,2117,46,0.864708,0.233041,8.180875,10.069791,3,0
input,2118,46,6.840166,0.154041,9.813125,11.884791,2,0
input,2119,46,2.278666,0.1875,5.868,9.460416,1,0
input,2120,46,0.149708,0.131375,2.503,3.886125,1,0
input,2121,46,0.161541,0.156916,3.082666,4.468375,1,0
input,2122,46,0.144291,0.1475,4.410541,5.737375,1,0
input,2123,46,0.111459,0.035625,3.35525,5.226834,0,
input,2124,46,0.151833,0.044917,2.420375,3.114417,0,
input,2125,46,0.797708,0.039959,2.526583,3.235,0,
input,2126,46,0.166958,0.3345,5.509875,8.549708,100,0
input,2127,46,1.413458,0.358958,5.789708,7.976125,100,0
input,2128,46,0.184208,0.3425,4.223625,6.159541,100,0
input,2129,46,0.134541,0.346875,4.177041,6.392333,100,0
input,2130,46,0.124708,0.036292,2.15075,4.348208,0,
input,2131,46,4.042083,0.031209,5.32925,6.029792,0,
input,2132,46,0.149791,0.032875,1.4695,2.0765,0,
input,2133,46,0.129167,0.052375,1.471084,2.112167,0,
input,2134,46,0.151958,0.053125,1.475625,2.090541,0,
input,2135,46,0.130834,0.056459,1.620417,2.319375,0,
input,2136,46,0.123958,0.060417,3.812042,4.543542,0,
input,2137,46,0.143459,0.068958,4.182792,4.9305,0,
input,2138,46,0.110334,0.065083,1.543334,2.267209,0,
input,2139,46,2.062083,0.077875,3.81525,4.526458,0,
input,2140,46,0.118875,0.064083,2.441458,3.17475,0,
selection,2141,46,0.227583,0.049083,3.059083,4.985291,100,1
selection,2142,46,0.143125,0.061125,2.795375,4.456375,100,2
selection,2143,46,1.740583,0.037209,4.009375,5.720208,100,3
selection,2144,46,0.178125,0.032667,2.365125,4.077334,100,4
selection,2145,46,0.206084,0.054708,2.901792,4.987375,100,5
selection,2146,46,0.159292,0.044084,2.374542,6.683584,100,6
selection,2147,46,0.18875,0.046209,2.653208,6.997958,100,7
selection,2148,46,0.216209,0.043333,3.232209,7.542375,100,8
selection,2149,46,0.256125,0.056583,3.092042,7.485125,100,9
selection,2150,46,0.256875,0.063417,3.173458,7.84575,100,10
selection,2151,46,1.084958,0.037417,3.936583,8.46475,100,11
selection,2152,46,0.188209,0.039541,3.200375,6.954167,100,12
selection,2153,46,0.198666,0.045917,2.909458,7.388,100,13
selection,2154,46,0.155833,0.031625,3.090542,7.454667,100,14
selection,2155,46,0.256083,0.063042,4.097666,8.621375,100,15
selection,2156,46,0.248,0.036125,3.238666,7.060666,100,16
selection,2157,46,0.150959,0.040709,3.343417,7.650209,100,17
selection,2158,46,0.219041,0.049208,3.445458,7.403333,100,18
selection,2159,46,0.160166,0.032,3.376375,7.759166,100,19
selection,2160,46,1.066708,0.053916,4.300583,8.165625,100,20
empty,2161,46,0.134916,0.039792,1.836583,3.849416,0,
invoke,2162,47,,,4.530291,5.22125,0,
input,2163,47,1.277375,0.209041,6.901833,9.011291,3,0
input,2164,47,0.147417,0.207916,3.795792,5.739583,2,0
input,2165,47,5.411958,0.177917,8.540666,10.715166,1,0
input,2166,47,0.137125,0.174916,2.736041,4.009041,1,0
input,2167,47,1.935,0.176084,4.609917,6.121208,1,0
input,2168,47,2.192167,0.194792,5.144334,6.301542,1,0
input,2169,47,1.900667,0.039291,3.881042,5.84675,0,
input,2170,47,10.511667,0.037625,12.071375,12.763834,0,
input,2171,47,4.575417,0.043042,6.402167,7.177917,0,
input,2172,47,0.217041,0.350792,6.696791,9.884333,100,0
input,2173,47,9.630375,0.353667,14.198041,16.494083,100,0
input,2174,47,0.210042,0.382125,4.89275,7.258708,100,0
input,2175,47,0.146542,0.387916,4.363875,6.425,100,0
input,2176,47,0.144333,0.044875,2.413458,4.914292,0,
input,2177,47,0.695292,0.048583,2.471167,3.189292,0,
input,2178,47,0.181459,0.040333,2.860209,3.591834,0,
input,2179,47,0.167209,0.065958,1.799917,2.577667,0,
input,2180,47,2.036875,0.072334,3.859334,4.606875,0,
input,2181,47,0.177084,0.061375,2.683209,3.356834,0,
input,2182,47,0.105958,0.051,1.3025,1.97875,0,
input,2183,47,0.170125,0.064542,1.861167,2.620292,0,
input,2184,47,0.189083,0.082542,2.059458,2.879458,0,
input,2185,47,1.486416,0.077083,3.001833,3.666833,0,
input,2186,47,0.138875,0.078875,5.759,6.492917,0,
selection,2187,47,1.072792,0.058458,4.44775,6.460333,100,1
selection,2188,47,1.036333,0.041917,3.597333,5.5685,100,2
selection,2189,47,1.879042,0.034458,4.191167,5.927584,100,3
selection,2190,47,0.253459,0.057375,2.4995,4.18325,100,4
selection,2191,47,0.17825,0.049084,2.657292,4.840917,100,5
selection,2192,47,0.223708,0.056041,2.992708,7.52975,100,6
selection,2193,47,0.212709,0.050375,2.93925,7.647167,100,7
selection,2194,47,0.272125,0.062166,3.384667,8.177542,100,8
selection,2195,47,0.217125,0.044333,3.081834,7.587125,100,9
selection,2196,47,0.307959,0.086334,3.143334,7.904459,100,10
selection,2197,47,0.780834,0.037625,3.771167,8.120334,100,11
selection,2198,47,0.177375,0.032041,3.122208,7.657625,100,12
selection,2199,47,0.2665,0.05325,3.488917,7.574958,100,13
selection,2200,47,0.116041,0.02825,2.755458,6.991083,100,14
selection,2201,47,0.145125,0.034917,3.027959,6.939375,100,15
selection,2202,47,0.191166,0.046833,3.456291,7.765916,100,16
selection,2203,47,2.125291,0.039791,4.96125,8.4475,100,17
selection,2204,47,1.059959,0.036792,4.657375,8.775292,100,18
selection,2205,47,0.21825,0.053959,3.801875,8.174625,100,19
selection,2206,47,0.2055,0.049375,3.770375,7.541,100,20
empty,2207,47,0.158416,0.041792,1.896041,3.983416,0,
invoke,2208,48,,,4.402917,5.364542,0,
input,2209,48,1.967459,0.183875,7.734625,9.835959,3,0
input,2210,48,0.149042,0.125584,3.049042,4.904792,2,0
input,2211,48,0.951667,0.208,4.388125,6.228167,1,0
input,2212,48,1.172459,0.166958,4.566209,5.943667,1,0
input,2213,48,1.523375,0.162292,4.177625,5.703208,1,0
input,2214,48,2.199833,0.166083,5.058375,6.550625,1,0
input,2215,48,1.790875,0.03725,3.680208,5.602333,0,
input,2216,48,3.165417,0.043167,4.811917,5.641833,0,
input,2217,48,0.207542,0.049542,5.981375,6.679667,0,
input,2218,48,0.177,0.357167,5.907583,8.909125,100,0
input,2219,48,1.534792,0.330125,5.789375,8.180583,100,0
input,2220,48,0.162958,0.459333,4.271583,6.621375,100,0
input,2221,48,0.130042,0.382625,3.865042,6.291833,100,0
input,2222,48,0.119208,0.036042,2.035416,4.458833,0,
input,2223,48,3.702708,0.047916,5.675375,6.305,0,
input,2224,48,2.53025,0.041209,4.269166,5.061916,0,
input,2225,48,0.189417,0.058792,2.521792,3.230375,0,
input,2226,48,0.186958,0.072583,1.967708,2.759916,0,
input,2227,48,2.130167,0.069166,3.891125,4.601625,0,
input,2228,48,0.118167,0.053792,2.439417,3.136,0,
input,2229,48,0.133375,0.071416,1.556666,2.141708,0,
input,2230,48,0.154542,0.05675,2.381542,3.02225,0,
input,2231,48,0.167417,0.06825,1.712292,2.4185,0,
input,2232,48,1.846667,0.077125,3.39625,4.053667,0,
selection,2233,48,0.251042,0.046584,3.564917,5.881583,100,1
selection,2234,48,0.827917,0.042458,3.692959,5.286167,100,2
selection,2235,48,1.926792,0.042166,4.036208,5.950417,100,3
selection,2236,48,0.208333,0.049833,2.477416,3.941125,100,4
selection,2237,48,0.172292,0.043167,2.690334,4.7605,100,5
selection,2238,48,0.230167,0.064542,2.538917,6.328584,100,6
selection,2239,48,0.188125,0.048542,2.776458,7.079375,100,7
selection,2240,48,0.249083,0.058708,3.15575,7.809292,100,8
selection,2241,48,0.163583,0.051125,2.95625,7.413625,100,9
selection,2242,48,0.230209,0.05575,3.218917,7.537209,100,10
selection,2243,48,0.263333,0.070125,3.605208,8.488625,100,11
selection,2244,48,1.261084,0.030625,4.098834,8.303167,100,12
selection,2245,48,0.188875,0.0395,3.314958,7.26975,100,13
selection,2246,48,0.221708,0.03675,3.234792,7.8965,100,14
selection,2247,48,0.275333,0.064458,3.469708,7.901041,100,15
selection,2248,48,0.145167,0.034959,3.259084,7.164,100,16
selection,2249,48,0.183375,0.051625,3.448667,7.763375,100,17
selection,2250,48,2.495416,0.037958,5.673458,9.565916,100,18
selection,2251,48,0.228792,0.055791,3.949584,7.872375,100,19
selection,2252,48,0.185042,0.047333,3.662875,7.6435,100,20
empty,2253,48,0.141375,0.041458,1.931708,3.968583,0,
invoke,2254,49,,,3.495583,4.509833,0,
input,2255,49,1.840375,0.164542,8.272458,10.081833,3,0
input,2256,49,6.296084,0.17375,10.557125,12.562625,2,0
input,2257,49,0.94225,0.168833,4.080958,6.029625,1,0
input,2258,49,1.562709,0.169458,4.535959,6.172209,1,0
input,2259,49,1.746125,0.129,3.94375,5.555041,1,0
input,2260,49,0.144833,0.13575,2.974333,4.329875,1,0
input,2261,49,0.151292,0.034084,3.119042,4.927625,0,
input,2262,49,0.166417,0.049666,2.117084,3.058875,0,
input,2263,49,0.444375,0.043542,2.006417,2.640625,0,
input,2264,49,0.177625,0.332,5.888583,8.834542,100,0
input,2265,49,0.108291,0.352833,4.336833,6.665958,100,0
input,2266,49,2.022333,0.3475,5.892333,7.987083,100,0
input,2267,49,0.267959,0.345,4.27625,6.750042,100,0
input,2268,49,0.143583,0.044416,2.436291,4.788666,0,
input,2269,49,2.519209,0.02975,3.739667,4.306917,0,
input,2270,49,0.11975,0.032291,2.561583,3.159708,0,
input,2271,49,0.096708,0.043666,1.060208,1.582541,0,
input,2272,49,0.101583,0.046166,2.068167,2.570417,0,
input,2273,49,0.095667,0.03975,1.05325,1.547917,0,
input,2274,49,0.162,0.059292,4.927542,5.608084,0,
input,2275,49,0.141167,0.066458,3.524917,4.279042,0,
input,2276,49,0.119459,0.065375,1.766709,2.418959,0,
input,2277,49,0.173041,0.060875,2.186958,2.888458,0,
input,2278,49,0.1715,0.078833,1.977708,2.82775,0,
selection,2279,49,0.162333,0.035292,3.136875,4.96275,100,1
selection,2280,49,0.163541,0.044084,2.277958,3.817583,100,2
selection,2281,49,0.171708,0.050208,2.615792,4.52575,100,3
selection,2282,49,0.227,0.050292,2.207541,3.612625,100,4
selection,2283,49,0.203292,0.045959,2.53375,4.426667,100,5
selection,2284,49,0.140166,0.031708,2.12875,6.299666,100,6
selection,2285,49,0.229459,0.056083,2.703709,6.694917,100,7
selection,2286,49,0.226875,0.05275,3.135208,7.920042,100,8
selection,2287,49,0.199916,0.041833,2.96,7.255875,100,9
selection,2288,49,0.204916,0.048667,3.246833,7.583458,100,10
selection,2289,49,0.172166,0.044834,2.976375,7.636708,100,11
selection,2290,49,0.153167,0.0295,2.989917,7.342709,100,12
selection,2291,49,1.13175,0.050125,4.489208,8.782083,100,13
selection,2292,49,0.186417,0.036208,3.545917,7.682333,100,14
selection,2293,49,0.235916,0.046833,3.75825,8.522583,100,15
selection,2294,49,0.166208,0.066625,3.417125,7.520792,100,16
selection,2295,49,0.135209,0.027875,3.241292,6.953334,100,17
selection,2296,49,0.218416,0.045917,3.728875,7.833833,100,18
selection,2297,49,2.075459,0.068167,5.908834,10.071959,100,19
selection,2298,49,0.191,0.049334,3.784875,8.243709,100,20
empty,2299,49,0.144041,0.042708,1.966125,4.112416,0,
invoke,2300,50,,,4.307583,5.027333,0,
input,2301,50,1.208375,0.184792,6.686708,8.624333,3,0
input,2302,50,0.786584,0.186084,4.72075,6.860334,2,0
input,2303,50,1.028083,0.19175,4.119291,6.387875,1,0
input,2304,50,1.340709,0.184959,4.227334,5.86325,1,0
input,2305,50,2.289916,0.188667,5.308291,6.976458,1,0
input,2306,50,1.635375,0.140625,4.020542,5.351,1,0
input,2307,50,0.110334,0.032625,2.043709,3.902459,0,
input,2308,50,0.177708,0.044916,3.137958,3.892458,0,
input,2309,50,0.163375,0.037666,1.77225,2.608958,0,
input,2310,50,1.969375,0.359625,6.760291,9.8345,100,0
input,2311,50,0.144166,0.331167,4.006875,6.474458,100,0
input,2312,50,0.171917,0.354542,4.276417,6.4905,100,0
input,2313,50,0.164542,0.372958,4.537542,6.531083,100,0
input,2314,50,0.135167,0.040583,2.4075,4.681959,0,
input,2315,50,0.1915,0.046125,2.071042,2.784875,0,
input,2316,50,0.151667,0.036709,2.264292,2.991667,0,
input,2317,50,0.12375,0.055584,1.578875,2.143333,0,
input,2318,50,0.124542,0.050459,1.374209,1.942542,0,
input,2319,50,0.125042,0.0565,1.417833,1.970875,0,
input,2320,50,0.12575,0.048791,1.524583,2.187166,0,
input,2321,50,0.108167,0.055417,1.277625,1.9045,0,
input,2322,50,0.161625,0.060667,2.177,2.851041,0,
input,2323,50,0.166334,0.064667,1.684542,2.479209,0,
input,2324,50,2.187667,0.090208,4.218084,5.060292,0,
selection,2325,50,1.648291,0.062875,4.819166,6.867583,100,1
selection,2326,50,1.158791,0.045292,3.793291,5.694166,100,2
selection,2327,50,1.828375,0.055041,4.267666,6.0195,100,3
selection,2328,50,2.227083,0.064292,4.905875,6.625291,100,4
selection,2329,50,1.904791,0.063584,4.438208,6.438875,100,5
selection,2330,50,1.925416,0.075291,4.6415,8.943625,100,6
selection,2331,50,0.14875,0.037,2.586958,7.2435,100,7
selection,2332,50,0.225541,0.064041,2.764208,7.247458,100,8
selection,2333,50,0.205458,0.045833,2.969042,7.155375,100,9
selection,2334,50,0.237375,0.061709,3.275083,8.232167,100,10
selection,2335,50,0.199917,0.0385,3.090584,7.810167,100,11
selection,2336,50,1.182875,0.04225,4.000458,8.366583,100,12
selection,2337,50,0.166166,0.0465,3.479916,7.805541,100,13
selection,2338,50,0.138208,0.031208,3.405167,8.125917,100,14
selection,2339,50,0.19925,0.044583,3.879375,8.176917,100,15
selection,2340,50,0.172875,0.042625,3.646542,8.047458,100,16
selection,2341,50,2.022625,0.040708,5.053125,9.32175,100,17
selection,2342,50,0.196375,0.049084,3.91825,8.050375,100,18
selection,2343,50,0.252459,0.064041,4.21075,8.44125,100,19
selection,2344,50,0.2045,0.045791,3.860041,8.216125,100,20
empty,2345,50,1.424625,0.03675,3.224625,5.788708,0,
invoke,2346,51,,,4.352459,5.134,0,
input,2347,51,1.150125,0.155709,6.230167,8.384167,3,0
input,2348,51,7.340542,0.150459,10.560709,12.683167,2,0
input,2349,51,6.38925,0.218541,9.919209,12.147834,1,0
input,2350,51,1.006875,0.19525,3.849417,5.212667,1,0
input,2351,51,2.131375,0.182375,4.836958,6.239417,1,0
input,2352,51,2.222,0.184334,4.967042,6.209,1,0
input,2353,51,1.85625,0.042042,4.009166,5.864291,0,
input,2354,51,0.200958,0.046042,2.029375,2.865833,0,
input,2355,51,0.444833,0.042667,2.088083,2.869,0,
input,2356,51,0.265459,0.333166,5.189375,8.180125,100,0
input,2357,51,0.116708,0.311292,3.66425,5.700333,100,0
input,2358,51,0.19725,0.336417,4.041375,6.127792,100,0
input,2359,51,0.20625,0.421042,4.338667,6.52925,100,0
input,2360,51,0.152625,0.045333,2.343917,4.38475,0,
input,2361,51,3.685084,0.037042,5.329084,6.016042,0,
input,2362,51,2.110958,0.042166,3.833416,4.606333,0,
input,2363,51,0.197375,0.05425,2.796042,3.485542,0,
input,2364,51,0.195958,0.074875,2.020208,2.793125,0,
input,2365,51,1.837375,0.068791,3.489875,4.150416,0,
input,2366,51,0.109083,0.051834,2.537875,3.212458,0,
input,2367,51,0.200833,0.060625,1.654417,2.275875,0,
input,2368,51,0.220042,0.071208,1.751708,2.443167,0,
input,2369,51,0.158459,0.06925,1.66975,2.326334,0,
input,2370,51,0.150083,0.079583,2.195208,2.91675,0,
selection,2371,51,0.166,0.038042,2.917792,4.792084,100,1
selection,2372,51,0.166917,0.050542,2.557292,4.410084,100,2
selection,2373,51,0.199334,0.040041,2.615875,4.356375,100,3
selection,2374,51,0.581,0.03425,2.646416,4.284583,100,4
selection,2375,51,0.272708,0.051875,2.667666,4.548833,100,5
selection,2376,51,0.234875,0.052375,2.83275,6.890083,100,6
selection,2377,51,0.226666,0.056292,2.835583,7.140458,100,7
selection,2378,51,0.278333,0.073667,2.99725,7.552333,100,8
selection,2379,51,1.899458,0.0545,4.662167,9.271375,100,9
selection,2380,51,0.839875,0.043417,3.333958,7.584,100,10
selection,2381,51,0.16475,0.03325,3.399333,8.110791,100,11
selection,2382,51,0.327667,0.095083,3.913459,8.455,100,12
selection,2383,51,0.298459,0.073833,3.672875,7.914209,100,13
selection,2384,51,2.151834,0.036625,4.958167,9.063917,100,14
selection,2385,51,0.216791,0.053666,3.505791,7.414416,100,15
selection,2386,51,0.287,0.074209,3.731125,7.872584,100,16
selection,2387,51,0.242,0.062875,3.837542,7.913292,100,17
selection,2388,51,0.188417,0.038541,3.526167,7.720667,100,18
selection,2389,51,2.117,0.049875,5.967208,10.339833,100,19
selection,2390,51,0.186542,0.035333,3.811459,7.576084,100,20
empty,2391,51,0.143459,0.030375,1.614542,3.631209,0,
invoke,2392,52,,,4.069042,5.682459,0,
input,2393,52,0.143,0.140125,5.064292,7.030875,3,0
input,2394,52,7.014041,0.138125,9.665166,11.532208,2,0
input,2395,52,1.818625,0.192291,4.993125,7.0735,1,0
input,2396,52,1.033625,0.198792,3.929917,5.338875,1,0
input,2397,52,0.170583,0.146292,3.862583,5.078083,1,0
input,2398,52,0.1415,0.15575,4.660084,5.984959,1,0
input,2399,52,0.145625,0.032042,3.686792,5.441917,0,
input,2400,52,0.190291,0.050834,2.359833,3.070375,0,
input,2401,52,1.636791,0.046667,3.40125,4.261083,0,
input,2402,52,0.178167,0.346333,5.570125,8.823584,100,0
input,2403,52,0.986125,0.342375,4.706208,6.852792,100,0
input,2404,52,0.480125,0.37775,4.667791,6.693125,100,0
input,2405,52,1.945459,0.393083,6.364084,8.625542,100,0
input,2406,52,0.649458,0.044375,2.788542,5.261917,0,
input,2407,52,3.242667,0.056875,5.197292,6.014792,0,
input,2408,52,2.032,0.036042,3.542917,4.180292,0,
input,2409,52,0.20575,0.076666,3.246833,4.009708,0,
input,2410,52,0.188916,0.066917,1.969333,2.76925,0,
input,2411,52,1.767542,0.060625,3.221,3.823834,0,
input,2412,52,0.117667,0.051542,2.842959,3.46225,0,
input,2413,52,0.740333,0.076583,2.464,3.265375,0,
input,2414,52,0.165583,0.071417,4.713458,5.530208,0,
input,2415,52,0.167917,0.058417,3.325708,3.972333,0,
input,2416,52,0.110083,0.072625,1.4995,2.158125,0,
selection,2417,52,0.947917,0.04775,4.214167,6.050542,100,1
selection,2418,52,1.28,0.052625,3.672958,5.649666,100,2
selection,2419,52,2.08175,0.052834,4.283417,6.128167,100,3
selection,2420,52,0.238291,0.038041,2.287625,3.913,100,4
selection,2421,52,0.21225,0.052458,2.869209,4.855375,100,5
selection,2422,52,0.189291,0.04375,2.6555,7.17775,100,6
selection,2423,52,0.200084,0.048875,2.864375,7.473042,100,7
selection,2424,52,0.279292,0.074458,3.527792,7.937708,100,8
selection,2425,52,0.269917,0.06225,3.12425,7.887875,100,9
selection,2426,52,1.405875,0.046041,4.425167,9.090167,100,10
selection,2427,52,0.425375,0.043708,3.565666,8.097708,100,11
selection,2428,52,0.206958,0.0485,3.442083,7.533417,100,12
selection,2429,52,0.228208,0.069375,3.277375,7.472167,100,13
selection,2430,52,0.2095,0.04375,3.551458,7.836041,100,14
selection,2431,52,0.136375,0.034875,3.204083,7.686666,100,15
selection,2432,52,0.169208,0.033084,3.035708,6.568708,100,16
selection,2433,52,0.180542,0.041125,3.635583,7.61825,100,17
selection,2434,52,1.157,0.055333,4.70725,8.928916,100,18
selection,2435,52,0.252666,0.061875,4.210458,8.654333,100,19
selection,2436,52,0.187292,0.043292,3.741625,7.851917,100,20
empty,2437,52,0.113292,0.032875,1.874583,4.148042,0,
invoke,2438,53,,,5.43075,6.142125,0,
input,2439,53,3.987584,0.168625,8.911417,10.982167,3,0
input,2440,53,7.634292,0.122959,10.108792,12.132208,2,0
input,2441,53,0.136959,0.206083,3.143375,5.239125,1,0
input,2442,53,1.023917,0.199584,4.022792,5.305292,1,0
input,2443,53,2.060416,0.17125,5.064333,6.681083,1,0
input,2444,53,1.738625,0.1475,3.99825,5.219167,1,0
input,2445,53,0.104583,0.031166,1.982833,3.719583,0,
input,2446,53,0.145959,0.047,1.881042,2.724834,0,
input,2447,53,0.466542,0.0395,2.151375,2.907334,0,
input,2448,53,0.126917,0.330916,4.985292,7.814834,100,0
input,2449,53,1.740167,0.352584,6.249709,8.562625,100,0
input,2450,53,0.435333,0.345417,4.198958,6.2215,100,0
input,2451,53,0.447125,0.405583,4.792708,7.118292,100,0
input,2452,53,0.848875,0.042916,3.012834,5.244417,0,
input,2453,53,0.18425,0.041833,1.888334,2.66725,0,
input,2454,53,0.147708,0.0345,1.586292,2.262625,0,
input,2455,53,0.141875,0.061583,1.601541,2.277416,0,
input,2456,53,0.106459,0.048834,1.523792,2.15775,0,
input,2457,53,0.156792,0.059083,1.565459,2.172084,0,
input,2458,53,0.121625,0.050459,1.451083,2.147042,0,
input,2459,53,0.104959,0.076542,1.702167,2.405125,0,
input,2460,53,0.147,0.07675,1.730625,2.478417,0,
input,2461,53,0.227667,0.086041,2.244792,3.113125,0,
input,2462,53,0.161542,0.073709,2.086583,2.943292,0,
selection,2463,53,1.309083,0.057792,4.535625,6.58825,100,1
selection,2464,53,1.057791,0.0575,3.474208,4.987416,100,2
selection,2465,53,0.24225,0.063167,2.802834,4.336125,100,3
selection,2466,53,0.187208,0.047792,2.599,4.497583,100,4
selection,2467,53,0.192291,0.041333,2.3195,4.45125,100,5
selection,2468,53,1.947584,0.050708,4.374542,8.557375,100,6
selection,2469,53,0.172125,0.035083,2.297542,6.848792,100,7
selection,2470,53,0.243542,0.060792,3.193417,7.800292,100,8
selection,2471,53,0.159459,0.040584,2.629334,7.145084,100,9
selection,2472,53,0.195792,0.0445,3.355833,8.012583,100,10
selection,2473,53,0.305542,0.0465,3.02225,7.214667,100,11
selection,2474,53,0.1065,0.02425,2.48225,6.66,100,12
selection,2475,53,0.14575,0.037417,2.964625,7.172708,100,13
selection,2476,53,0.156667,0.041291,3.105792,6.764875,100,14
selection,2477,53,0.249375,0.043542,3.318167,7.295167,100,15
selection,2478,53,2.1955,0.045666,5.671709,9.734917,100,16
selection,2479,53,0.220584,0.055375,3.78625,7.898834,100,17
selection,2480,53,0.161,0.039333,3.5125,7.228625,100,18
selection,2481,53,0.217125,0.051625,3.806625,8.110667,100,19
selection,2482,53,0.189959,0.046667,3.703584,8.70775,100,20
empty,2483,53,0.147417,0.034708,6.732375,8.938875,0,
invoke,2484,54,,,3.71075,4.392583,0,
input,2485,54,0.146833,0.212916,6.212375,8.2365,3,0
input,2486,54,0.653459,0.125958,2.9845,4.909792,2,0
input,2487,54,2.168208,0.171,5.247083,7.408708,1,0
input,2488,54,1.27125,0.188084,4.075333,5.4815,1,0
input,2489,54,2.125834,0.17275,4.671959,5.874875,1,0
input,2490,54,0.178166,0.179333,2.730166,3.932625,1,0
input,2491,54,0.126333,0.043,3.759458,5.411291,0,
input,2492,54,0.149583,0.035916,1.636375,2.299208,0,
input,2493,54,1.907833,0.042459,3.475333,4.184083,0,
input,2494,54,0.188042,0.319917,6.120583,9.14925,100,0
input,2495,54,2.55075,0.314375,6.3335,8.461833,100,0
input,2496,54,0.412,0.354625,4.172292,6.196375,100,0
input,2497,54,0.54625,0.416833,4.797708,6.963291,100,0
input,2498,54,0.127084,0.035709,1.892459,3.709209,0,
input,2499,54,2.436583,0.028375,3.697375,4.337875,0,
input,2500,54,0.129458,0.035792,3.735542,4.418917,0,
input,2501,54,0.122541,0.054417,1.438416,2.071041,0,
input,2502,54,0.158209,0.064416,1.731792,2.374834,0,
input,2503,54,0.115042,0.055208,1.461125,2.098167,0,
input,2504,54,0.124166,0.066208,2.04675,2.839916,0,
input,2505,54,0.163625,0.080792,2.006375,2.859167,0,
input,2506,54,0.977708,0.078375,2.759916,3.587666,0,
input,2507,54,0.134708,0.069125,2.836708,3.578583,0,
input,2508,54,0.177666,0.079375,2.054125,2.874041,0,
selection,2509,54,1.21875,0.065125,4.588125,6.79375,100,1
selection,2510,54,0.771167,0.059417,3.151167,4.772542,100,2
selection,2511,54,0.268625,0.076417,2.748625,4.570333,100,3
selection,2512,54,0.193667,0.0485,2.42225,4.275084,100,4
selection,2513,54,0.160125,0.04775,2.762708,4.897792,100,5
selection,2514,54,0.894125,0.037958,3.504667,8.127458,100,6
selection,2515,54,0.183166,0.03025,2.446625,6.830916,100,7
selection,2516,54,0.242042,0.050875,3.397834,7.850334,100,8
selection,2517,54,0.258041,0.063125,2.990833,7.447291,100,9
selection,2518,54,0.3945,0.066958,3.335208,7.788958,100,10
selection,2519,54,0.22,0.048167,3.271083,7.5765,100,11
selection,2520,54,0.1705,0.033584,2.997208,6.656416,100,12
selection,2521,54,0.171291,0.03275,2.980791,7.374166,100,13
selection,2522,54,0.154792,0.043167,3.185625,7.022208,100,14
selection,2523,54,0.163458,0.048708,3.036542,7.047125,100,15
selection,2524,54,1.551667,0.043166,4.661625,8.2905,100,16
selection,2525,54,0.183625,0.040375,3.48775,7.371792,100,17
selection,2526,54,0.254625,0.067667,4.060292,8.158875,100,18
selection,2527,54,0.226958,0.053667,3.794,7.825667,100,19
selection,2528,54,0.180375,0.043708,3.763792,8.224417,100,20
empty,2529,54,1.208583,0.041208,2.969125,5.290916,0,
invoke,2530,55,,,4.097917,4.748292,0,
input,2531,55,0.126625,0.219,5.850125,7.890291,3,0
input,2532,55,0.758208,0.196125,6.116166,8.131791,2,0
input,2533,55,0.138083,0.149792,2.660416,4.611083,1,0
input,2534,55,0.995958,0.174459,3.797833,5.209041,1,0
input,2535,55,2.138417,0.123792,4.407458,5.655333,1,0
input,2536,55,0.144584,0.146792,2.806959,4.099834,1,0
input,2537,55,0.144417,0.033417,4.143458,5.9535,0,
input,2538,55,0.191916,0.049375,2.562375,3.260958,0,
input,2539,55,1.539375,0.038625,3.086416,3.762125,0,
input,2540,55,0.174,0.309833,5.607291,8.579833,100,0
input,2541,55,0.130541,0.38125,6.16775,9.045833,100,0
input,2542,55,0.944125,0.34575,4.68875,6.767292,100,0
input,2543,55,0.521209,0.327125,4.113084,6.337375,100,0
input,2544,55,0.2035,0.035125,2.211917,4.453625,0,
input,2545,55,2.819791,0.031334,4.030875,4.59425,0,
input,2546,55,0.138667,0.032875,3.123292,3.749084,0,
input,2547,55,0.122084,0.051708,1.312709,1.871667,0,
input,2548,55,0.115458,0.049,2.005792,2.640542,0,
input,2549,55,0.092084,0.056,1.591625,2.332667,0,
input,2550,55,0.136625,0.072125,3.568709,4.267667,0,
input,2551,55,0.108541,0.059958,1.375541,2.033458,0,
input,2552,55,0.140042,0.070625,1.549125,2.157167,0,
input,2553,55,0.097417,0.068292,1.608167,2.246875,0,
input,2554,55,0.155334,0.054375,1.5155,2.1775,0,
selection,2555,55,0.975958,0.05325,3.747917,5.755333,100,1
selection,2556,55,1.628333,0.049875,4.058041,5.889166,100,2
selection,2557,55,0.173458,0.04,2.22525,3.897042,100,3
selection,2558,55,0.191333,0.040584,2.491,4.2755,100,4
selection,2559,55,0.195083,0.04425,2.582,4.3755,100,5
selection,2560,55,0.660167,0.041875,2.939292,7.328834,100,6
selection,2561,55,0.235833,0.062583,3.092792,7.601542,100,7
selection,2562,55,0.2355,0.047584,3.236833,7.443083,100,8
selection,2563,55,0.2095,0.042125,3.035541,7.628458,100,9
selection,2564,55,0.219042,0.04475,3.219667,7.755917,100,10
selection,2565,55,0.285291,0.078834,3.589083,7.759041,100,11
selection,2566,55,1.190708,0.047708,3.926583,7.854541,100,12
selection,2567,55,0.1465,0.033667,3.003,7.016125,100,13
selection,2568,55,0.246333,0.0585,3.548791,7.657041,100,14
selection,2569,55,0.244125,0.058625,3.694875,7.819,100,15
selection,2570,55,0.243416,0.062375,3.832541,8.433041,100,16
selection,2571,55,0.238916,0.044375,3.610375,8.045166,100,17
selection,2572,55,1.313709,0.0555,5.092125,9.335834,100,18
selection,2573,55,0.126875,0.02625,3.375541,7.464041,100,19
selection,2574,55,0.246125,0.043958,3.627458,7.611083,100,20
empty,2575,55,0.154791,0.035041,2.716291,4.6395,0,
invoke,2576,56,,,6.080958,6.817542,0,
input,2577,56,1.791375,0.242375,6.968125,8.898042,3,0
input,2578,56,7.54125,0.178875,10.526625,12.428791,2,0
input,2579,56,2.570708,0.196458,5.721916,7.719208,1,0
input,2580,56,2.269459,0.176083,4.757292,5.991584,1,0
input,2581,56,0.259375,0.116667,2.395875,3.621542,1,0
input,2582,56,0.156125,0.155208,2.96025,4.14975,1,0
input,2583,56,0.873875,0.037542,2.639458,4.467292,0,
input,2584,56,0.152875,0.031292,1.659,2.252292,0,
input,2585,56,0.150167,0.033042,1.829792,2.607625,0,
input,2586,56,0.195458,0.344959,5.340208,7.9915,100,0
input,2587,56,0.16,0.358333,5.34875,7.98125,100,0
input,2588,56,2.0465,0.368083,5.931583,7.874,100,0
input,2589,56,0.494625,0.347375,4.04125,6.089417,100,0
input,2590,56,0.444916,0.0325,2.124333,4.356458,0,
input,2591,56,3.254917,0.038416,4.786292,5.459417,0,
input,2592,56,0.138792,0.028709,1.557209,2.175542,0,
input,2593,56,0.128125,0.05525,1.439958,2.091416,0,
input,2594,56,0.145917,0.054458,1.7195,2.353834,0,
input,2595,56,0.107458,0.0455,1.28375,2.012125,0,
input,2596,56,0.145958,0.048042,1.775791,2.409208,0,
input,2597,56,0.127417,0.077542,1.830833,2.588667,0,
input,2598,56,0.195375,0.064,1.8115,2.556167,0,
input,2599,56,0.140792,0.072042,1.730959,2.482459,0,
input,2600,56,1.764375,0.065042,3.166208,3.845417,0,
selection,2601,56,0.26475,0.062792,3.150083,5.004958,100,1
selection,2602,56,0.188166,0.048083,2.419541,4.124416,100,2
selection,2603,56,0.19325,0.052667,2.380375,4.005208,100,3
selection,2604,56,0.1325,0.028708,1.972875,3.425583,100,4
selection,2605,56,0.168208,0.036417,2.089083,4.068333,100,5
selection,2606,56,1.690125,0.036084,4.354333,9.147208,100,6
selection,2607,56,0.462292,0.051291,2.830292,7.156917,100,7
selection,2608,56,0.157333,0.036541,2.786458,7.224792,100,8
selection,2609,56,0.741625,0.0465,3.582708,8.243791,100,9
selection,2610,56,0.197834,0.031167,2.93275,7.237375,100,10
selection,2611,56,0.220667,0.049875,3.202292,7.602667,100,11
selection,2612,56,0.163417,0.036709,3.128833,7.714417,100,12
selection,2613,56,0.243916,0.05425,3.648625,7.712958,100,13
selection,2614,56,0.19425,0.0345,3.121709,7.474375,100,14
selection,2615,56,0.233083,0.058875,3.920875,8.135666,100,15
selection,2616,56,1.626333,0.049834,4.615583,8.541041,100,16
selection,2617,56,0.194125,0.0435,3.474292,7.741709,100,17
selection,2618,56,0.252667,0.064,3.988542,8.351292,100,18
selection,2619,56,0.1945,0.045333,3.662541,7.910875,100,19
selection,2620,56,0.247459,0.044958,3.697084,8.153292,100,20
empty,2621,56,0.363333,0.043208,3.503125,5.308333,0,
invoke,2622,57,,,6.769417,7.321208,0,
input,2623,57,0.184625,0.185166,5.144583,7.14225,3,0
input,2624,57,0.171,0.147458,6.767709,8.8395,2,0
input,2625,57,2.224708,0.130333,4.889166,6.943333,1,0
input,2626,57,1.207666,0.18225,4.166916,5.569458,1,0
input,2627,57,2.03725,0.183041,4.907542,6.4345,1,0
input,2628,57,0.17475,0.135833,4.616958,5.8265,1,0
input,2629,57,0.187417,0.033916,1.881417,3.732334,0,
input,2630,57,0.161167,0.043084,1.88575,2.6665,0,
input,2631,57,1.546459,0.038709,3.052917,3.699875,0,
input,2632,57,0.122875,0.314375,5.7825,8.558083,100,0
input,2633,57,1.752375,0.3635,6.297792,8.694042,100,0
input,2634,57,0.180166,0.34175,4.158875,6.303083,100,0
input,2635,57,0.214167,0.372583,4.431875,6.671167,100,0
input,2636,57,0.140333,0.043583,2.303917,4.699917,0,
input,2637,57,0.171042,0.037917,1.725542,2.321125,0,
input,2638,57,0.135834,0.033709,1.503042,2.143625,0,
input,2639,57,0.145375,0.049625,1.5655,2.255792,0,
input,2640,57,0.125416,0.054,1.47475,2.05875,0,
input,2641,57,0.098542,0.042084,1.101417,1.604917,0,
input,2642,57,0.093459,0.05025,3.097209,3.711334,0,
input,2643,57,0.927,0.059209,2.1085,2.722125,0,
input,2644,57,0.186917,0.080417,3.912625,4.652459,0,
input,2645,57,0.207875,0.096,2.348834,3.265917,0,
input,2646,57,0.907708,0.081917,2.731,3.490583,0,
selection,2647,57,1.838291,0.045666,4.944625,6.937333,100,1
selection,2648,57,1.278208,0.059959,3.881625,5.64875,100,2
selection,2649,57,2.008083,0.057291,4.309416,5.925333,100,3
selection,2650,57,0.283667,0.061834,2.696792,4.4065,100,4
selection,2651,57,0.154875,0.039167,2.297667,4.222667,100,5
selection,2652,57,0.17625,0.032625,2.275792,6.659708,100,6
selection,2653,57,0.178417,0.040417,2.449084,6.50475,100,7
selection,2654,57,0.213084,0.060083,2.98575,7.329125,100,8
selection,2655,57,0.160625,0.038417,3.029792,7.384167,100,9
selection,2656,57,0.167708,0.039292,2.948083,7.26025,100,10
selection,2657,57,0.122917,0.02575,2.489375,6.231917,100,11
selection,2658,57,0.196,0.040542,3.247625,7.567375,100,12
selection,2659,57,2.018042,0.056833,5.0585,8.996167,100,13
selection,2660,57,0.195958,0.04675,3.224833,7.060708,100,14
selection,2661,57,0.21675,0.050125,3.669292,8.005375,100,15
selection,2662,57,0.241375,0.054209,3.831417,8.253792,100,16
selection,2663,57,0.145042,0.034917,3.180625,7.282708,100,17
selection,2664,57,0.18925,0.052375,3.672208,8.39375,100,18
selection,2665,57,0.183917,0.042375,3.878833,8.099917,100,19
selection,2666,57,0.102375,0.020084,3.114792,6.91975,100,20
empty,2667,57,0.114334,0.03225,1.662042,3.56775,0,
invoke,2668,58,,,3.833792,5.410875,0,
input,2669,58,0.202084,0.216584,5.94125,8.061875,3,0
input,2670,58,0.1885,0.1755,3.282958,5.366417,2,0
input,2671,58,0.119292,0.139667,2.798625,6.99075,1,0
input,2672,58,0.202583,0.196458,3.276833,4.760583,1,0
input,2673,58,1.652209,0.21175,4.86075,6.336125,1,0
input,2674,58,0.15325,0.133292,2.674375,4.216166,1,0
input,2675,58,0.132875,0.039167,5.398042,7.427208,0,
input,2676,58,0.177542,0.03625,5.443459,6.0825,0,
input,2677,58,0.175834,0.035084,3.8995,4.623292,0,
input,2678,58,0.17375,0.351959,4.771375,7.543708,100,0
input,2679,58,0.148291,0.329583,6.583958,9.230916,100,0
input,2680,58,1.858167,0.35675,6.11925,8.282459,100,0
input,2681,58,0.176125,0.366,4.284916,6.322625,100,0
input,2682,58,0.127291,0.045084,2.1945,4.555708,0,
input,2683,58,1.015417,0.046542,2.806083,3.610708,0,
input,2684,58,0.184208,0.040375,4.596666,5.317791,0,
input,2685,58,0.143375,0.067958,1.863125,2.62425,0,
input,2686,58,1.393833,0.069917,3.303708,4.056291,0,
input,2687,58,3.650333,0.062333,5.102292,5.724958,0,
input,2688,58,0.110291,0.053042,2.472875,3.112958,0,
input,2689,58,0.100958,0.064208,1.564958,2.340542,0,
input,2690,58,0.193875,0.083834,2.198333,2.986125,0,
input,2691,58,0.1355,0.064584,1.887958,2.635458,0,
input,2692,58,0.114833,0.07,3.558333,4.314792,0,
selection,2693,58,0.549667,0.04475,3.941084,5.985917,100,1
selection,2694,58,0.280083,0.061,2.662333,4.701041,100,2
selection,2695,58,0.255333,0.070417,3.159041,4.982708,100,3
selection,2696,58,0.315042,0.074666,3.037625,5.037917,100,4
selection,2697,58,0.212375,0.0445,2.874667,4.826167,100,5
selection,2698,58,0.202,0.045459,2.647208,7.189917,100,6
selection,2699,58,0.193333,0.037542,2.582333,7.249583,100,7
selection,2700,58,0.226333,0.050416,2.972416,7.491625,100,8
selection,2701,58,0.158042,0.035417,2.797209,7.495084,100,9
selection,2702,58,0.224583,0.051791,2.999708,7.616792,100,10
selection,2703,58,0.295375,0.047333,2.93325,7.289625,100,11
selection,2704,58,0.23475,0.055375,3.472917,7.668792,100,12
selection,2705,58,0.189417,0.041125,3.110333,7.226042,100,13
selection,2706,58,1.904834,0.051167,5.113,9.128459,100,14
selection,2707,58,0.207791,0.047958,3.436125,7.384583,100,15
selection,2708,58,0.275458,0.0595,4.069625,8.629375,100,16
selection,2709,58,0.229792,0.057291,4.021959,8.326792,100,17
selection,2710,58,1.984875,0.055125,5.730542,10.188917,100,18
selection,2711,58,0.121958,0.024209,3.05725,6.821916,100,19
selection,2712,58,0.11525,0.027292,3.309375,7.613625,100,20
empty,2713,58,0.123791,0.050084,2.264791,4.211125,0,
invoke,2714,59,,,4.757083,5.51125,0,
input,2715,59,0.175083,0.209166,6.119666,8.544375,3,0
input,2716,59,7.366667,0.161542,10.3725,12.56,2,0
input,2717,59,1.064875,0.218042,4.495125,6.842625,1,0
input,2718,59,2.362458,0.168917,5.054292,6.424917,1,0
input,2719,59,0.182375,0.135208,2.654041,3.969166,1,0
input,2720,59,0.128334,0.221416,3.219792,4.828459,1,0
input,2721,59,0.154167,0.064125,2.19725,4.0995,0,
input,2722,59,1.061792,0.053667,2.941917,3.630208,0,
input,2723,59,0.175083,0.041583,3.400375,4.185291,0,
input,2724,59,0.192875,0.374167,5.216625,8.442916,100,0
input,2725,59,0.187375,0.348334,5.1525,7.635,100,0
input,2726,59,1.551709,0.418084,5.754792,7.951917,100,0
input,2727,59,0.235875,0.365709,4.284583,6.431333,100,0
input,2728,59,0.624458,0.053417,2.870375,4.872,0,
input,2729,59,4.279666,0.037541,5.54575,6.32075,0,
input,2730,59,0.165708,0.03675,1.828792,2.537042,0,
input,2731,59,0.225458,0.072,2.135041,2.936083,0,
input,2732,59,1.268125,0.071833,2.966792,3.667417,0,
input,2733,59,0.111417,0.056208,2.167208,2.827292,0,
input,2734,59,0.083083,0.045209,1.181417,1.794667,0,
input,2735,59,0.121458,0.055292,2.455708,3.022125,0,
input,2736,59,0.152458,0.080708,1.946083,2.770875,0,
input,2737,59,2.154042,0.073334,3.834208,4.552625,0,
input,2738,59,0.111583,0.073167,3.78425,4.539166,0,
selection,2739,59,1.036083,0.065541,4.26925,6.414833,100,1
selection,2740,59,0.21325,0.042792,2.294584,4.010667,100,2
selection,2741,59,0.199541,0.070625,2.577166,4.615708,100,3
selection,2742,59,0.880166,0.039125,3.304958,5.0915,100,4
selection,2743,59,2.292167,0.05,4.95725,7.014625,100,5
selection,2744,59,1.654,0.038042,4.25875,8.592333,100,6
selection,2745,59,0.941209,0.078459,3.57875,8.405625,100,7
selection,2746,59,0.194208,0.051792,2.935167,7.281958,100,8
selection,2747,59,0.2125,0.043208,3.1425,7.868209,100,9
selection,2748,59,0.196708,0.047667,2.966208,7.195125,100,10
selection,2749,59,0.203709,0.0545,2.886167,7.339459,100,11
selection,2750,59,0.243125,0.054291,3.222334,7.106125,100,12
selection,2751,59,1.990375,0.064625,5.130375,9.376417,100,13
selection,2752,59,0.486583,0.051666,3.755083,8.028333,100,14
selection,2753,59,0.189625,0.046084,3.662708,7.905458,100,15
selection,2754,59,0.258042,0.071125,3.809083,8.127375,100,16
selection,2755,59,0.196625,0.050334,3.75175,8.00725,100,17
selection,2756,59,0.215041,0.049292,3.730625,8.138208,100,18
selection,2757,59,1.208708,0.041667,4.975875,9.48075,100,19
selection,2758,59,0.225125,0.042708,4.133458,8.413792,100,20
empty,2759,59,0.146042,0.036292,3.61175,5.785833,0,
