operation,sample,cycle,dispatch_ms,controller_ms,graph_ms,draw_proxy_ms,results,selected
invoke,0,0,,,8.5655,9.527416,0,
input,1,0,0.334791,0.292042,26.290375,31.559166,3,0
input,2,0,7.465167,0.108917,11.169542,13.125042,2,0
input,3,0,1.827709,0.139833,4.19475,5.997042,1,0
input,4,0,3.06725,0.133416,5.161667,6.292542,1,0
input,5,0,0.154083,0.122334,2.411667,3.665875,1,0
input,6,0,0.162583,0.156583,2.632208,3.919292,1,0
input,7,0,1.52375,0.031916,3.659958,5.6835,0,
input,8,0,3.39375,0.030458,4.703042,5.336542,0,
input,9,0,0.116791,0.036458,3.748958,4.446708,0,
input,10,0,0.146083,0.421541,5.537,9.71525,100,0
input,11,0,0.184209,0.326375,7.398334,9.529834,100,0
input,12,0,1.287958,0.423166,5.643,7.818666,100,0
input,13,0,0.942916,0.395417,5.1365,7.4055,100,0
input,14,0,0.142209,0.042709,2.423917,4.753334,0,
input,15,0,1.774291,0.03325,3.17025,3.790625,0,
input,16,0,0.140708,0.041,5.169708,5.789625,0,
input,17,0,0.122583,0.048667,1.258542,1.83575,0,
input,18,0,0.141375,0.049,1.418875,2.002,0,
input,19,0,0.101084,0.0485,1.232459,1.795917,0,
input,20,0,0.101208,0.046291,1.872583,2.484917,0,
input,21,0,0.898709,0.06875,2.478667,3.117834,0,
input,22,0,0.162542,0.070833,2.15975,2.822834,0,
input,23,0,0.146375,0.073667,1.914916,2.711833,0,
input,24,0,0.161208,0.079209,1.783625,2.586333,0,
selection,25,0,0.740375,0.069042,4.357125,6.687208,100,1
selection,26,0,0.228209,0.067083,2.839375,4.885667,100,2
selection,27,0,1.752625,0.061917,4.515875,6.4365,100,3
selection,28,0,1.709834,0.04525,4.460542,6.498167,100,4
selection,29,0,1.833667,0.049375,4.261125,6.393708,100,5
selection,30,0,1.82125,0.05325,4.545917,9.698292,100,6
selection,31,0,0.251,0.070417,3.098291,7.673208,100,7
selection,32,0,0.249333,0.055875,3.33,7.982792,100,8
selection,33,0,0.251583,0.060209,3.273166,8.233791,100,9
selection,34,0,1.694459,0.0385,4.266084,8.478375,100,10
selection,35,0,0.1525,0.036708,3.11325,7.590625,100,11
selection,36,0,0.240958,0.063541,3.442667,8.503833,100,12
selection,37,0,0.228459,0.053291,3.540334,8.19725,100,13
selection,38,0,0.201541,0.039666,3.420125,8.014041,100,14
selection,39,0,0.168625,0.038125,3.401333,7.965666,100,15
selection,40,0,1.007625,0.064083,4.398,8.978542,100,16
selection,41,0,0.23075,0.051334,4.087208,8.656,100,17
selection,42,0,0.186708,0.038166,3.766625,7.890875,100,18
selection,43,0,0.242875,0.052333,4.066666,8.584708,100,19
selection,44,0,0.187916,0.038416,4.041333,8.761041,100,20
empty,45,0,0.898083,0.044708,2.895958,5.105,0,
invoke,46,1,,,4.190791,4.804458,0,
input,47,1,1.945584,0.158917,7.485792,9.62525,3,0
input,48,1,7.291542,0.165333,10.412917,12.490667,2,0
input,49,1,0.542666,0.168084,3.422666,5.766416,1,0
input,50,1,1.802375,0.19375,5.018834,6.376042,1,0
input,51,1,1.644458,0.162167,4.257458,5.764958,1,0
input,52,1,0.164917,0.14225,2.568167,3.930708,1,0
input,53,1,0.128625,0.035958,2.960958,4.890791,0,
input,54,1,0.181,0.047875,2.048542,2.94175,0,
input,55,1,0.965375,0.042459,2.6285,3.381167,0,
input,56,1,0.174583,0.340834,6.550708,9.75075,100,0
input,57,1,8.521916,0.312416,12.396208,14.774916,100,0
input,58,1,0.577792,0.388833,4.885,7.222,100,0
input,59,1,0.21575,0.401041,4.873125,6.959625,100,0
input,60,1,0.144958,0.043875,2.584875,5.050208,0,
input,61,1,0.7145,0.044125,2.363625,3.147667,0,
input,62,1,0.148833,0.037,1.598,2.275875,0,
input,63,1,0.158625,0.063417,1.706209,2.416667,0,
input,64,1,2.227,0.062583,3.667875,4.270666,0,
input,65,1,0.135458,0.053125,2.572708,3.221375,0,
input,66,1,0.254875,0.056333,1.80475,2.531542,0,
input,67,1,0.202791,0.060458,2.067,2.790208,0,
input,68,1,0.139833,0.068958,1.523708,2.144875,0,
input,69,1,0.143708,0.06725,1.709917,2.49475,0,
input,70,1,0.167084,0.082834,1.941625,2.746375,0,
selection,71,1,0.278375,0.058541,3.584042,5.734,100,1
selection,72,1,0.28575,0.062333,2.617375,4.229917,100,2
selection,73,1,0.215292,0.056541,2.24875,3.878833,100,3
selection,74,1,0.304333,0.084583,3.030083,4.557375,100,4
selection,75,1,0.2045,0.043916,2.583875,4.575625,100,5
selection,76,1,0.962708,0.046333,3.364292,7.607167,100,6
selection,77,1,0.235167,0.071459,2.968375,7.872083,100,7
selection,78,1,0.232125,0.057708,3.3465,7.872708,100,8
selection,79,1,0.217083,0.058042,3.265917,7.689375,100,9
selection,80,1,0.235916,0.0555,3.316291,7.5585,100,10
selection,81,1,0.276333,0.058791,3.227708,7.494541,100,11
selection,82,1,1.826417,0.051708,4.800292,9.36325,100,12
selection,83,1,0.21025,0.051125,3.476166,7.998583,100,13
selection,84,1,0.187625,0.039625,3.3145,7.693875,100,14
selection,85,1,0.180042,0.035542,3.400458,7.605583,100,15
selection,86,1,0.234083,0.058083,4.091125,8.527166,100,16
selection,87,1,0.332458,0.039584,3.9985,8.505791,100,17
selection,88,1,0.141042,0.0305,3.632625,7.767875,100,18
selection,89,1,0.190875,0.041208,3.866333,8.257958,100,19
selection,90,1,0.179875,0.036166,4.028375,8.507459,100,20
empty,91,1,0.547458,0.031542,2.414041,4.52225,0,
invoke,92,2,,,4.70875,7.376333,0,
input,93,2,0.164167,0.217958,5.788917,7.937167,3,0
input,94,2,6.653,0.158333,9.603584,11.8245,2,0
input,95,2,2.667333,0.203792,6.028,8.550042,1,0
input,96,2,1.777042,0.218708,4.900792,6.334834,1,0
input,97,2,1.7465,0.159709,4.261458,5.802,1,0
input,98,2,0.141667,0.144875,2.478917,3.800458,1,0
input,99,2,0.138208,0.039,2.964583,4.862542,0,
input,100,2,0.153458,0.038375,1.961167,2.813542,0,
input,101,2,1.149542,0.039166,2.781625,3.552584,0,
input,102,2,0.158458,0.376958,6.976208,10.41375,100,0
input,103,2,8.737833,0.39925,13.153208,15.535833,100,0
input,104,2,0.191709,0.348083,4.525042,6.9115,100,0
input,105,2,0.223666,0.423792,5.124666,7.325083,100,0
input,106,2,0.153083,0.054334,2.799916,5.415958,0,
input,107,2,0.2055,0.04825,2.324709,3.175667,0,
input,108,2,0.142208,0.034,1.622291,2.418541,0,
input,109,2,0.14975,0.069042,1.762125,2.457,0,
input,110,2,0.149208,0.05475,1.593,2.279166,0,
input,111,2,0.137875,0.062791,1.597042,2.263917,0,
input,112,2,0.158417,0.061041,1.648542,2.343542,0,
input,113,2,0.163625,0.065083,1.725167,2.437,0,
input,114,2,0.207167,0.078583,1.740459,2.374834,0,
input,115,2,0.127708,0.071084,1.493458,2.129292,0,
input,116,2,0.108791,0.06725,3.60875,4.312125,0,
selection,117,2,0.284833,0.045917,3.245,5.18975,100,1
selection,118,2,0.170958,0.049458,2.616375,4.339375,100,2
selection,119,2,0.529042,0.032042,2.813125,4.505417,100,3
selection,120,2,0.199875,0.057542,2.198,3.808917,100,4
selection,121,2,0.18975,0.042834,2.788292,4.741375,100,5
selection,122,2,0.255292,0.069042,3.229,7.621709,100,6
selection,123,2,0.293666,0.075375,3.252,7.600875,100,7
selection,124,2,0.239,0.055875,2.962167,7.390042,100,8
selection,125,2,0.23525,0.058542,3.176083,7.7185,100,9
selection,126,2,1.577459,0.044792,4.751709,9.787459,100,10
selection,127,2,0.196042,0.050292,2.979125,7.837834,100,11
selection,128,2,0.206042,0.039459,3.071667,7.364667,100,12
selection,129,2,0.190917,0.041542,3.414875,7.969209,100,13
selection,130,2,0.202,0.045459,3.398625,7.82425,100,14
selection,131,2,0.295708,0.070834,3.632958,8.249417,100,15
selection,132,2,1.200417,0.045792,4.676375,9.024958,100,16
selection,133,2,0.199375,0.048125,3.62425,8.356833,100,17
selection,134,2,0.207208,0.053,3.885458,7.979042,100,18
selection,135,2,0.198667,0.036208,3.537584,7.578125,100,19
selection,136,2,0.180208,0.036791,3.878833,8.082208,100,20
empty,137,2,0.118042,0.03025,1.512,3.765875,0,
invoke,138,3,,,4.272917,5.067834,0,
input,139,3,1.30475,0.178583,7.284625,9.455208,3,0
input,140,3,0.159459,0.207333,3.902375,6.027125,2,0
input,141,3,0.1745,0.168292,3.167667,5.322292,1,0
input,142,3,0.231958,0.196542,3.564166,5.102458,1,0
input,143,3,0.191166,0.184208,3.251375,4.686625,1,0
input,144,3,1.410125,0.186459,4.313333,5.727625,1,0
input,145,3,1.741292,0.047041,4.011917,5.980542,0,
input,146,3,2.491625,0.035208,4.235416,5.05525,0,
input,147,3,0.189416,0.036709,2.249083,2.917416,0,
input,148,3,0.195584,0.438416,4.928959,8.0225,100,0
input,149,3,0.11675,0.357042,6.689208,8.9945,100,0
input,150,3,0.165333,0.348959,4.121416,6.158916,100,0
input,151,3,0.194416,0.369375,4.019208,6.048458,100,0
input,152,3,0.1255,0.038083,2.110041,4.330916,0,
input,153,3,0.142667,0.037459,1.671542,2.469667,0,
input,154,3,1.472541,0.047792,3.143583,3.7775,0,
input,155,3,0.185708,0.067209,5.498583,6.194833,0,
input,156,3,0.129208,0.067667,1.2915,1.933625,0,
input,157,3,2.0185,0.06225,3.487542,4.071209,0,
input,158,3,0.129875,0.052917,2.167375,2.790375,0,
input,159,3,1.203459,0.066667,2.762542,3.523334,0,
input,160,3,0.139542,0.071125,2.216667,2.861167,0,
input,161,3,0.121875,0.0635,1.491459,2.096917,0,
input,162,3,0.212375,0.067125,1.673292,2.316083,0,
selection,163,3,0.249458,0.047917,3.339333,5.384083,100,1
selection,164,3,0.264708,0.078542,2.948292,4.631042,100,2
selection,165,3,0.203958,0.046333,2.6705,4.544542,100,3
selection,166,3,1.819958,0.044625,3.811208,5.28825,100,4
selection,167,3,0.159958,0.036542,2.349416,4.248666,100,5
selection,168,3,0.183166,0.040667,2.543791,6.596416,100,6
selection,169,3,0.214125,0.0565,2.631083,6.993375,100,7
selection,170,3,0.154917,0.035625,2.732709,7.144292,100,8
selection,171,3,0.200292,0.043917,2.903083,7.290917,100,9
selection,172,3,0.140208,0.032292,2.979,7.667875,100,10
selection,173,3,0.9965,0.033584,3.782875,8.163708,100,11
selection,174,3,0.216292,0.055167,3.520875,8.368,100,12
selection,175,3,0.221875,0.054167,3.554792,7.881084,100,13
selection,176,3,0.1645,0.03275,3.065875,7.251875,100,14
selection,177,3,0.18875,0.037667,3.542084,8.066084,100,15
selection,178,3,1.643333,0.05525,5.099667,9.593375,100,16
selection,179,3,0.280125,0.065667,3.731833,8.333541,100,17
selection,180,3,0.199583,0.042292,3.576875,7.779667,100,18
selection,181,3,0.165667,0.036792,3.548792,8.067083,100,19
selection,182,3,1.365458,0.047542,5.203,9.915291,100,20
empty,183,3,0.12025,0.034708,2.403834,4.25275,0,
invoke,184,4,,,3.8965,4.5415,0,
input,185,4,0.151375,0.195958,5.330833,7.49625,3,0
input,186,4,8.148333,0.192959,11.344458,13.549958,2,0
input,187,4,1.79075,0.201833,5.105541,7.311208,1,0
input,188,4,1.774584,0.209625,4.728084,6.287292,1,0
input,189,4,1.824,0.14025,4.423708,6.398583,1,0
input,190,4,1.8185,0.154958,4.316958,5.763041,1,0
input,191,4,2.063292,0.041166,4.226875,6.187417,0,
input,192,4,4.236958,0.04475,5.930625,6.72175,0,
input,193,4,0.249292,0.033083,1.595125,2.299875,0,
input,194,4,0.152458,0.398917,5.33625,8.789166,100,0
input,195,4,0.161083,0.365833,7.0775,9.66025,100,0
input,196,4,0.568917,0.384125,4.952334,7.272625,100,0
input,197,4,0.195291,0.404416,4.613083,6.718708,100,0
input,198,4,0.1645,0.045375,2.676166,5.208083,0,
input,199,4,0.207583,0.036125,6.395125,7.185083,0,
input,200,4,0.198417,0.037,3.586292,4.288292,0,
input,201,4,0.199167,0.068834,1.932542,2.66125,0,
input,202,4,2.10225,0.07075,3.706041,4.381291,0,
input,203,4,0.138791,0.057709,2.072833,2.722958,0,
input,204,4,1.381584,0.0655,2.922667,3.604292,0,
input,205,4,0.214291,0.079542,5.265875,6.005083,0,
input,206,4,0.151041,0.059208,2.335,2.963458,0,
input,207,4,0.120958,0.077291,1.657875,2.3935,0,
input,208,4,0.185166,0.071792,5.305333,6.046625,0,
selection,209,4,0.248042,0.057625,3.202542,5.110125,100,1
selection,210,4,0.197958,0.04725,2.483208,4.331792,100,2
selection,211,4,2.180542,0.051333,4.636834,6.4965,100,3
selection,212,4,0.201916,0.05375,2.465416,4.18975,100,4
selection,213,4,0.168709,0.03925,2.468125,4.178875,100,5
selection,214,4,0.136083,0.034,2.430666,6.735041,100,6
selection,215,4,0.173625,0.04825,2.660417,7.179,100,7
selection,216,4,0.215458,0.048541,2.918458,7.228791,100,8
selection,217,4,0.204958,0.048959,2.995458,7.576958,100,9
selection,218,4,0.145417,0.03425,2.791334,6.96775,100,10
selection,219,4,0.207083,0.050375,3.486708,7.686,100,11
selection,220,4,0.245542,0.063417,3.575,7.703834,100,12
selection,221,4,0.178792,0.034791,3.081917,7.088292,100,13
selection,222,4,0.190834,0.039459,3.322334,7.543459,100,14
selection,223,4,0.144833,0.034041,2.9465,6.985083,100,15
selection,224,4,1.871125,0.046666,5.24275,10.254041,100,16
selection,225,4,0.185625,0.041208,3.52175,7.722875,100,17
selection,226,4,0.194,0.0395,3.727375,7.962,100,18
selection,227,4,0.160042,0.035333,3.387208,7.68075,100,19
selection,228,4,1.749375,0.037792,5.347875,9.670125,100,20
empty,229,4,0.134917,0.037042,3.713792,5.558375,0,
invoke,230,5,,,3.910208,5.056708,0,
input,231,5,0.182875,0.178208,9.535625,11.520459,3,0
input,232,5,0.994291,0.19275,5.255833,7.47175,2,0
input,233,5,1.777209,0.215625,4.958875,8.4205,1,0
input,234,5,1.575208,0.184917,4.305667,5.779875,1,0
input,235,5,2.158125,0.193291,4.982208,6.660375,1,0
input,236,5,0.173792,0.17275,4.09,5.314292,1,0
input,237,5,0.095167,0.032834,1.995875,3.882584,0,
input,238,5,0.180042,0.04575,2.020542,2.910375,0,
input,239,5,0.928458,0.041083,2.640666,3.366125,0,
input,240,5,4.004375,0.369833,9.226917,12.168083,100,0
input,241,5,0.150125,0.326333,3.56925,5.346166,100,0
input,242,5,0.878458,0.385459,5.311417,7.678042,100,0
input,243,5,0.205375,0.344417,4.3765,6.377,100,0
input,244,5,0.152125,0.045041,2.462084,4.7375,0,
input,245,5,2.555,0.0395,4.1685,4.886083,0,
input,246,5,0.160167,0.034792,1.718292,2.411292,0,
input,247,5,0.165625,0.054834,1.873333,2.721625,0,
input,248,5,0.224833,0.052417,1.602417,2.364875,0,
input,249,5,0.105958,0.0485,1.262125,1.827167,0,
input,250,5,0.137792,0.051625,1.431084,2.025459,0,
input,251,5,0.177291,0.071584,1.770083,2.478708,0,
input,252,5,0.159541,0.054833,1.643416,2.350083,0,
input,253,5,0.140292,0.063709,1.615834,2.432542,0,
input,254,5,0.289709,0.073958,2.131209,2.850959,0,
selection,255,5,1.841167,0.070583,5.07475,7.11975,100,1
selection,256,5,1.149041,0.055041,3.55725,5.177708,100,2
selection,257,5,0.226333,0.056542,2.725208,4.212,100,3
selection,258,5,0.202084,0.046917,2.639375,4.321375,100,4
selection,259,5,0.207709,0.044666,2.559875,4.551917,100,5
selection,260,5,0.160958,0.03525,2.630375,7.025042,100,6
selection,261,5,1.078792,0.045583,3.621542,8.165208,100,7
selection,262,5,0.224125,0.05575,2.877459,7.370209,100,8
selection,263,5,0.211334,0.052,3.287625,7.479459,100,9
selection,264,5,0.239208,0.050875,3.177208,7.472291,100,10
selection,265,5,0.177166,0.03375,2.834,6.545833,100,11
selection,266,5,0.175833,0.03325,3.007291,7.192875,100,12
selection,267,5,2.871125,0.078959,5.937917,10.426667,100,13
selection,268,5,0.198167,0.046417,3.351,7.563667,100,14
selection,269,5,0.168083,0.035417,3.253667,7.398458,100,15
selection,270,5,0.20325,0.040542,3.509208,8.196292,100,16
selection,271,5,0.225708,0.048584,3.805583,8.067875,100,17
selection,272,5,0.187125,0.04,3.61625,8.17225,100,18
selection,273,5,0.866667,0.046416,4.548584,9.012209,100,19
selection,274,5,0.164834,0.028583,3.302292,7.167334,100,20
empty,275,5,0.123625,0.03275,6.340417,8.485208,0,
invoke,276,6,,,4.36225,5.047834,0,
input,277,6,0.189333,0.184125,5.866875,8.238,3,0
input,278,6,5.989292,0.159417,9.151917,11.413417,2,0
input,279,6,1.788875,0.198084,4.908,7.265542,1,0
input,280,6,1.774834,0.186959,4.579084,5.849,1,0
input,281,6,0.142542,0.136542,2.659667,4.079167,1,0
input,282,6,0.132792,0.147125,3.916792,5.208334,1,0
input,283,6,0.14925,0.034208,3.902875,5.57225,0,
input,284,6,0.19725,0.043208,2.097875,3.014458,0,
input,285,6,0.12725,0.032334,1.477292,2.229458,0,
input,286,6,0.438625,0.337917,5.296875,8.179917,100,0
input,287,6,0.129417,0.34025,4.313459,6.823542,100,0
input,288,6,0.133709,0.33525,3.996375,6.080375,100,0
input,289,6,0.174833,0.37375,4.130583,6.230041,100,0
input,290,6,0.134791,0.040041,2.310083,4.3815,0,
input,291,6,0.822917,0.042084,2.760958,3.442375,0,
input,292,6,0.186833,0.031292,2.253291,2.806958,0,
input,293,6,0.152333,0.060958,1.664416,2.285791,0,
input,294,6,0.144209,0.052791,2.466042,3.21525,0,
input,295,6,0.933916,0.063708,2.39625,2.94925,0,
input,296,6,0.150583,0.047542,3.12175,3.647958,0,
input,297,6,0.124542,0.065875,1.526083,2.134125,0,
input,298,6,0.157334,0.0565,1.638459,2.252875,0,
input,299,6,1.781208,0.070042,3.267833,3.92725,0,
input,300,6,0.173542,0.078708,5.447708,6.160292,0,
selection,301,6,1.005583,0.051667,4.163875,6.1895,100,1
selection,302,6,0.16725,0.040083,2.398125,4.123333,100,2
selection,303,6,0.234333,0.047208,2.501833,3.952583,100,3
selection,304,6,1.101125,0.059959,3.880166,5.672125,100,4
selection,305,6,0.213167,0.05375,2.58625,4.542584,100,5
selection,306,6,0.19525,0.0455,2.666167,6.838125,100,6
selection,307,6,0.192334,0.043166,2.619709,6.861667,100,7
selection,308,6,0.248292,0.054666,3.00425,7.565542,100,8
selection,309,6,2.158208,0.062625,4.831125,8.936291,100,9
selection,310,6,0.204375,0.054125,2.735792,7.274459,100,10
selection,311,6,0.221208,0.043708,3.245958,7.661042,100,11
selection,312,6,0.2025,0.040417,3.074,7.167334,100,12
selection,313,6,0.160791,0.033709,2.914041,7.363458,100,13
selection,314,6,0.246375,0.063375,4.092959,8.833959,100,14
selection,315,6,1.027584,0.049416,4.332792,8.703125,100,15
selection,316,6,0.132917,0.025708,2.805875,6.475459,100,16
selection,317,6,0.103042,0.0225,2.876625,6.727417,100,17
selection,318,6,0.225041,0.046833,3.762333,8.26475,100,18
selection,319,6,0.204833,0.068917,3.844125,8.145916,100,19
selection,320,6,0.19275,0.041125,3.987291,8.482708,100,20
empty,321,6,1.162958,0.042208,2.996875,5.127458,0,
invoke,322,7,,,4.385917,5.06425,0,
input,323,7,0.169166,0.247208,5.971625,8.060458,3,0
input,324,7,0.271417,0.202958,3.80425,5.915792,2,0
input,325,7,1.710125,0.152042,4.506833,6.853875,1,0
input,326,7,1.872417,0.202125,5.271667,6.781542,1,0
input,327,7,1.377375,0.175917,4.02575,5.409792,1,0
input,328,7,0.1825,0.150667,3.298916,4.604041,1,0
input,329,7,0.137208,0.033125,3.198416,5.035708,0,
input,330,7,0.144041,0.039292,1.750041,2.623333,0,
input,331,7,1.730917,0.042584,3.304625,3.985917,0,
input,332,7,0.1525,0.336708,5.942583,8.822458,100,0
input,333,7,0.143167,0.3305,4.069792,6.495417,100,0
input,334,7,0.135667,0.35025,3.850458,5.904125,100,0
input,335,7,0.181208,0.355125,5.204041,7.310416,100,0
input,336,7,0.128667,0.03475,1.984083,4.05625,0,
input,337,7,0.178875,0.053917,2.289625,3.123167,0,
input,338,7,1.487875,0.038708,3.048292,3.709167,0,
input,339,7,0.199959,0.067959,2.143584,2.842375,0,
input,340,7,0.173709,0.061625,1.723917,2.369334,0,
input,341,7,0.132792,0.053125,1.501875,2.156417,0,
input,342,7,1.215208,0.05425,2.598125,3.188041,0,
input,343,7,0.115625,0.056417,2.206667,2.812625,0,
input,344,7,0.159459,0.0685,1.709167,2.367792,0,
input,345,7,0.126208,0.055,1.279,1.84,0,
input,346,7,1.752958,0.069792,3.20625,3.863833,0,
selection,347,7,0.24075,0.049291,3.241334,5.191584,100,1
selection,348,7,0.247334,0.071958,3.113875,4.710125,100,2
selection,349,7,0.205458,0.042791,2.485,4.268875,100,3
selection,350,7,1.035333,0.0455,3.303875,4.894291,100,4
selection,351,7,0.170417,0.041458,2.460167,4.523333,100,5
selection,352,7,0.215583,0.05175,2.849833,7.418875,100,6
selection,353,7,0.238041,0.05775,2.711666,7.143333,100,7
selection,354,7,0.221583,0.050084,2.973583,7.832208,100,8
selection,355,7,0.89075,0.038042,3.620125,8.223167,100,9
selection,356,7,0.212375,0.048875,3.517333,8.217458,100,10
selection,357,7,0.212167,0.062958,3.415167,7.856167,100,11
selection,358,7,0.177791,0.035166,3.002375,7.667125,100,12
selection,359,7,0.216375,0.038959,3.184458,7.624416,100,13
selection,360,7,1.11325,0.045583,4.405792,8.848167,100,14
selection,361,7,0.170042,0.04025,3.528083,7.888917,100,15
selection,362,7,0.212916,0.0605,3.495833,8.027916,100,16
selection,363,7,0.142,0.031958,3.62525,8.041917,100,17
selection,364,7,0.183875,0.036792,3.546834,7.766584,100,18
selection,365,7,0.21325,0.051166,3.804791,8.372291,100,19
selection,366,7,1.475042,0.056584,5.054334,9.446542,100,20
empty,367,7,0.161167,0.03775,1.829125,3.811542,0,
invoke,368,8,,,3.880916,4.477583,0,
input,369,8,0.17475,0.221583,5.6885,7.620708,3,0
input,370,8,0.174542,0.145083,5.425625,7.722459,2,0
input,371,8,4.957083,0.179583,7.874125,9.856583,1,0
input,372,8,3.40075,0.139917,5.789334,7.243125,1,0
input,373,8,0.836166,0.166,3.564958,4.940333,1,0
input,374,8,0.118958,0.127084,2.513666,3.66825,1,0
input,375,8,0.124041,0.030625,2.936458,4.647291,0,
input,376,8,0.194291,0.045958,2.123208,3.008083,0,
input,377,8,0.176167,0.033792,2.494292,3.293042,0,
input,378,8,0.165417,0.357833,4.976334,7.814042,100,0
input,379,8,5.46125,0.36125,9.76525,12.15925,100,0
input,380,8,0.611791,0.3705,4.613583,6.863708,100,0
input,381,8,1.792958,0.3905,5.935125,8.15225,100,0
input,382,8,0.159625,0.03625,2.364542,4.886584,0,
input,383,8,3.450959,0.043833,5.13925,5.894417,0,
input,384,8,0.1385,0.039084,1.613667,2.315792,0,
input,385,8,0.145416,0.063375,1.681875,2.366125,0,
input,386,8,2.157417,0.064083,3.636958,4.258583,0,
input,387,8,0.146667,0.05425,3.081792,3.648625,0,
input,388,8,0.122625,0.063333,1.760917,2.505042,0,
input,389,8,0.155167,0.059834,1.581125,2.215667,0,
input,390,8,0.189084,0.077166,1.81075,2.489125,0,
input,391,8,0.114167,0.054458,1.341458,1.93125,0,
input,392,8,0.13625,0.069625,1.6735,2.412542,0,
selection,393,8,0.247,0.0555,3.22425,5.106459,100,1
selection,394,8,0.290625,0.063208,2.591167,4.21375,100,2
selection,395,8,0.178417,0.037,2.176292,3.846125,100,3
selection,396,8,0.187833,0.041542,2.414708,3.846958,100,4
selection,397,8,0.181458,0.037375,2.303958,4.303583,100,5
selection,398,8,0.192125,0.041208,2.420042,6.439458,100,6
selection,399,8,0.183459,0.046208,2.759084,7.225625,100,7
selection,400,8,1.734208,0.042167,4.400542,8.470583,100,8
selection,401,8,0.185125,0.046084,2.874125,7.583375,100,9
selection,402,8,0.214042,0.0485,3.411875,7.525917,100,10
selection,403,8,0.221542,0.050625,3.45875,8.169792,100,11
selection,404,8,0.166917,0.033917,2.785375,6.682084,100,12
selection,405,8,0.226917,0.065417,3.126292,7.249208,100,13
selection,406,8,2.056,0.045583,5.127417,8.973333,100,14
selection,407,8,0.191334,0.045458,3.584875,8.06625,100,15
selection,408,8,0.197125,0.046875,3.568792,7.814958,100,16
selection,409,8,0.235791,0.06975,4.207,8.778666,100,17
selection,410,8,2.082,0.044292,5.807833,10.163292,100,18
selection,411,8,0.200041,0.043,3.606625,7.698708,100,19
selection,412,8,0.181625,0.035666,3.971375,8.070333,100,20
empty,413,8,0.100041,0.03475,1.704916,3.705625,0,
invoke,414,9,,,4.063583,5.472875,0,
input,415,9,0.174459,0.21875,6.014,8.250834,3,0
input,416,9,4.991541,0.189958,8.073791,10.28525,2,0
input,417,9,2.594541,0.210917,5.737208,8.07525,1,0
input,418,9,1.7155,0.207291,4.461042,5.889167,1,0
input,419,9,2.167375,0.189333,5.046959,6.709959,1,0
input,420,9,1.850417,0.177667,4.516334,5.756625,1,0
input,421,9,2.186292,0.0385,4.342292,6.243,0,
input,422,9,5.271083,0.0485,7.163166,7.996333,0,
input,423,9,0.165833,0.035666,1.68325,2.506333,0,
input,424,9,0.168417,0.373416,5.042542,8.14475,100,0
input,425,9,0.138958,0.330833,8.814833,11.326458,100,0
input,426,9,0.383,0.34725,4.212459,6.364542,100,0
input,427,9,0.373291,0.343625,4.232666,6.595541,100,0
input,428,9,0.10775,0.041,2.279333,4.643208,0,
input,429,9,3.69625,0.055166,5.468375,6.237833,0,
input,430,9,0.18275,0.036125,3.047584,3.704042,0,
input,431,9,0.170084,0.055709,3.285834,3.93575,0,
input,432,9,0.148166,0.060667,1.457041,2.029791,0,
input,433,9,0.190791,0.050708,1.735125,2.300041,0,
input,434,9,7.823667,0.061208,9.291459,9.917125,0,
input,435,9,0.208,0.06975,5.222959,5.984917,0,
input,436,9,0.145875,0.072583,2.971917,3.618167,0,
input,437,9,0.149875,0.07625,1.891625,2.689584,0,
input,438,9,0.116708,0.058792,1.399166,2.126625,0,
selection,439,9,0.291333,0.058417,3.880833,6.315125,100,1
selection,440,9,0.272375,0.064208,2.460208,4.157667,100,2
selection,441,9,1.254875,0.042375,3.589541,5.396083,100,3
selection,442,9,2.247834,0.055958,4.972209,6.897334,100,4
selection,443,9,1.827125,0.113792,4.357208,6.408041,100,5
selection,444,9,1.706459,0.038084,4.088459,8.819334,100,6
selection,445,9,0.240167,0.061708,2.677709,7.129417,100,7
selection,446,9,0.227167,0.049125,3.234834,7.856084,100,8
selection,447,9,0.2305,0.049208,3.073917,7.701917,100,9
selection,448,9,0.2185,0.06225,3.208,7.928667,100,10
selection,449,9,2.095833,0.057792,5.115958,9.545583,100,11
selection,450,9,0.205334,0.056208,3.68475,7.842917,100,12
selection,451,9,0.215792,0.062541,3.300208,7.710417,100,13
selection,452,9,0.179291,0.036125,3.236375,7.365375,100,14
selection,453,9,0.155792,0.0365,3.232459,7.774459,100,15
selection,454,9,2.475458,0.055584,5.703875,9.787333,100,16
selection,455,9,0.230458,0.05075,3.791458,8.09125,100,17
selection,456,9,0.163708,0.038209,3.514625,7.788708,100,18
selection,457,9,0.173958,0.042083,3.747167,8.124208,100,19
selection,458,9,0.227459,0.061958,4.405167,8.667167,100,20
empty,459,9,0.5745,0.046458,2.285584,4.50725,0,
invoke,460,10,,,4.218333,4.868458,0,
input,461,10,0.179875,0.174375,6.278542,8.431542,3,0
input,462,10,7.445625,0.18075,10.542584,12.72475,2,0
input,463,10,1.714875,0.142125,4.818708,8.705833,1,0
input,464,10,0.127375,0.178959,2.995375,4.434417,1,0
input,465,10,0.915625,0.187917,3.804292,5.421583,1,0
input,466,10,0.178708,0.135834,2.85675,4.076417,1,0
input,467,10,0.157708,0.03575,3.845958,5.807958,0,
input,468,10,0.190917,0.049125,2.242292,3.007458,0,
input,469,10,1.840667,0.044583,3.489792,4.21925,0,
input,470,10,0.247208,0.327875,4.42025,7.195083,100,0
input,471,10,0.143584,0.3385,3.963584,6.331459,100,0
input,472,10,0.163916,0.354084,4.255458,6.906916,100,0
input,473,10,1.784959,0.3765,7.053042,9.594959,100,0
input,474,10,0.123083,0.035167,3.149667,5.640833,0,
input,475,10,0.217291,0.039458,3.140541,3.979125,0,
input,476,10,1.875583,0.050917,5.170042,5.916792,0,
input,477,10,2.154959,0.06,4.70025,5.446417,0,
input,478,10,0.172625,0.082875,5.482667,6.190042,0,
input,479,10,0.141875,0.064834,5.430375,6.098125,0,
input,480,10,0.159708,0.063291,5.127292,5.754292,0,
input,481,10,0.140834,0.062875,6.113292,6.755125,0,
input,482,10,0.163875,0.067958,5.335416,5.945166,0,
input,483,10,0.153,0.103916,5.510625,6.106458,0,
input,484,10,0.124833,0.064083,6.169958,6.758667,0,
selection,485,10,1.988458,0.0535,4.130958,5.509667,100,1
selection,486,10,0.142875,0.043292,2.105708,3.640708,100,2
selection,487,10,0.14,0.036167,1.819291,3.136041,100,3
selection,488,10,1.139084,0.050417,2.958459,4.185667,100,4
selection,489,10,0.118,0.029792,1.883292,3.683834,100,5
selection,490,10,0.138125,0.036791,2.096,5.216167,100,6
selection,491,10,0.952541,0.048875,2.8335,5.9265,100,7
selection,492,10,1.397542,0.052625,3.293875,6.4765,100,8
selection,493,10,1.754667,0.046167,3.746375,7.12975,100,9
selection,494,10,0.993084,0.0485,3.293875,6.719625,100,10
selection,495,10,1.769458,0.052375,3.935916,7.271416,100,11
selection,496,10,1.966334,0.042916,4.166292,7.267584,100,12
selection,497,10,1.757834,0.05025,4.100209,7.431625,100,13
selection,498,10,0.683875,0.043458,3.156417,6.678125,100,14
selection,499,10,1.124458,0.045875,3.640917,7.110708,100,15
selection,500,10,0.42525,0.050166,3.192209,6.615,100,16
selection,501,10,1.810375,0.042208,4.383959,7.731709,100,17
selection,502,10,1.759708,0.05075,4.600583,7.911416,100,18
selection,503,10,1.833084,0.094542,4.81025,8.518125,100,19
selection,504,10,1.206333,0.048625,4.211208,8.027083,100,20
empty,505,10,0.238167,0.026459,1.496959,2.963584,0,
invoke,506,11,,,5.008167,5.469708,0,
input,507,11,0.0935,0.124583,7.637459,9.159125,3,0
input,508,11,7.345125,0.108917,10.592375,12.253792,2,0
input,509,11,1.732917,0.112958,4.407625,5.919209,1,0
input,510,11,3.042041,0.106125,5.819875,6.918916,1,0
input,511,11,2.485709,0.110917,4.573125,5.638334,1,0
input,512,11,0.160042,0.116625,5.023167,6.051459,1,0
input,513,11,0.100959,0.035875,5.648584,7.103,0,
input,514,11,0.110292,0.034958,4.646667,5.238167,0,
input,515,11,0.112417,0.025417,1.2825,1.860458,0,
input,516,11,2.070125,0.282875,5.898375,8.066208,100,0
input,517,11,10.541625,0.282875,13.655,15.361916,100,0
input,518,11,1.74,0.328,5.590959,7.27575,100,0
input,519,11,1.72625,0.285917,4.529208,6.090291,100,0
input,520,11,1.7555,0.02875,3.744791,5.36025,0,
input,521,11,0.110042,0.041667,6.090208,6.738292,0,
input,522,11,0.124542,0.043459,5.669667,6.382459,0,
input,523,11,0.104666,0.049834,1.268958,1.898958,0,
input,524,11,0.129,0.050333,4.219375,4.798167,0,
input,525,11,0.126833,0.046917,5.168375,5.8785,0,
input,526,11,0.117459,0.049208,4.895875,5.556875,0,
input,527,11,0.103833,0.043083,1.252,1.816958,0,
input,528,11,0.099084,0.051542,3.87825,4.39725,0,
input,529,11,0.101125,0.062042,4.823042,5.438208,0,
input,530,11,0.112125,0.053083,1.301584,1.835959,0,
selection,531,11,1.973208,0.042084,4.172083,5.495791,100,1
selection,532,11,0.132417,0.031791,2.639792,4.272709,100,2
selection,533,11,0.126541,0.03475,1.806,3.097208,100,3
selection,534,11,1.744042,0.043792,3.390208,4.655792,100,4
selection,535,11,5.483416,0.0475,7.172125,8.730791,100,5
selection,536,11,0.139208,0.035125,1.839625,5.223292,100,6
selection,537,11,0.149791,0.037416,2.045875,5.681916,100,7
selection,538,11,0.130917,0.038625,1.880375,5.522208,100,8
selection,539,11,0.15,0.04,2.128708,5.314167,100,9
selection,540,11,0.879209,0.040792,2.7735,5.82,100,10
selection,541,11,1.380667,0.048625,3.539459,6.77725,100,11
selection,542,11,1.021875,0.05175,3.400709,6.757917,100,12
selection,543,11,0.624625,0.038459,2.720667,5.765,100,13
selection,544,11,1.22275,0.042833,3.589667,7.27,100,14
selection,545,11,0.325583,0.041292,2.977666,6.665458,100,15
selection,546,11,1.441208,0.051084,4.056208,7.258167,100,16
selection,547,11,1.909,0.0475,4.481834,7.886917,100,17
selection,548,11,0.377542,0.0405,3.215917,6.873959,100,18
selection,549,11,1.738917,0.051,4.447417,7.794209,100,19
selection,550,11,0.357042,0.044666,3.198334,6.946459,100,20
empty,551,11,0.090166,0.023625,1.241125,2.727291,0,
invoke,552,12,,,6.059875,6.510916,0,
input,553,12,0.120417,0.104416,3.2225,4.591417,3,0
input,554,12,1.156041,0.10025,4.263208,5.813541,2,0
input,555,12,0.105834,0.089958,1.91925,3.242792,1,0
input,556,12,0.093583,0.118,6.394333,7.49525,1,0
input,557,12,0.105833,0.110333,4.85,5.770125,1,0
input,558,12,0.113792,0.117417,5.622,6.525542,1,0
input,559,12,0.084625,0.032167,4.341833,5.627958,0,
input,560,12,0.283166,0.028208,1.609791,2.132791,0,
input,561,12,0.094,0.032041,4.597042,5.132334,0,
input,562,12,0.11375,0.261583,3.222959,5.645334,100,0
input,563,12,9.570708,0.292333,12.65675,14.492375,100,0
input,564,12,0.120166,0.317667,3.120875,4.681125,100,0
input,565,12,1.7275,0.319542,4.767625,6.418042,100,0
input,566,12,1.485917,0.028375,3.118584,4.784084,0,
input,567,12,6.144709,0.023125,7.11,7.613792,0,
input,568,12,0.11575,0.032333,5.143375,5.678917,0,
input,569,12,0.099625,0.049042,5.309875,5.867042,0,
input,570,12,0.111416,0.04975,4.889416,5.438208,0,
input,571,12,0.10825,0.041458,1.182791,1.709541,0,
input,572,12,0.1125,0.05475,3.245208,3.765667,0,
input,573,12,0.081416,0.064667,5.974625,6.543166,0,
input,574,12,0.108541,0.056541,4.912291,5.514166,0,
input,575,12,0.106208,0.042458,1.242333,1.771833,0,
input,576,12,0.114042,0.056416,2.941958,3.465,0,
selection,577,12,0.127125,0.032625,2.341292,3.77125,100,1
selection,578,12,0.118708,0.030458,1.67475,3.079625,100,2
selection,579,12,0.148708,0.039625,2.03,3.46975,100,3
selection,580,12,0.117833,0.028208,1.68075,2.956541,100,4
selection,581,12,0.0905,0.0245,1.607709,3.23025,100,5
selection,582,12,1.313333,0.033375,3.585833,7.480917,100,6
selection,583,12,0.238,0.040083,2.317875,6.311375,100,7
selection,584,12,0.2235,0.047708,2.490916,6.508125,100,8
selection,585,12,0.144833,0.033875,2.476417,6.784875,100,9
selection,586,12,0.153042,0.037916,2.78725,7.051125,100,10
selection,587,12,0.158084,0.037708,2.842959,7.08975,100,11
selection,588,12,0.152458,0.033541,2.817958,7.321042,100,12
selection,589,12,0.175792,0.041542,3.228333,7.462458,100,13
selection,590,12,5.081125,0.044542,8.0325,12.275416,100,14
selection,591,12,0.224625,0.035583,3.714791,8.061541,100,15
selection,592,12,0.179417,0.04025,3.626667,8.012,100,16
selection,593,12,0.188083,0.0425,3.78925,8.218833,100,17
selection,594,12,0.313,0.056459,3.461458,7.873625,100,18
selection,595,12,1.583542,0.037292,5.13775,9.687125,100,19
selection,596,12,0.152,0.033541,3.409791,7.358541,100,20
empty,597,12,0.155458,0.04625,2.258041,4.740583,0,
invoke,598,13,,,3.678959,4.352542,0,
input,599,13,0.152291,0.210625,5.730208,7.8825,3,0
input,600,13,5.235916,0.129125,7.918833,10.049458,2,0
input,601,13,1.843958,0.189,4.876625,7.295667,1,0
input,602,13,0.450458,0.186583,3.435458,4.949917,1,0
input,603,13,0.148459,0.121834,2.595542,3.958959,1,0
input,604,13,0.189416,0.154375,7.589208,8.940791,1,0
input,605,13,0.108542,0.033667,1.91125,3.719375,0,
input,606,13,0.19475,0.048208,2.088834,2.998,0,
input,607,13,0.621375,0.060958,2.516,3.445959,0,
input,608,13,0.258917,0.321834,6.486917,10.391667,100,0
input,609,13,0.852834,0.369417,5.066667,7.642834,100,0
input,610,13,0.136917,0.34925,4.065583,6.085042,100,0
input,611,13,1.075375,0.35375,4.846,7.20075,100,0
input,612,13,0.108958,0.04225,2.095125,4.291125,0,
input,613,13,3.097,0.041875,4.788792,5.539917,0,
input,614,13,0.192666,0.03825,4.168166,4.921458,0,
input,615,13,0.149125,0.057333,1.639917,2.260167,0,
input,616,13,0.119709,0.046209,1.698125,2.234042,0,
input,617,13,0.561292,0.043,1.593792,2.122458,0,
input,618,13,4.909042,0.047291,6.149125,6.70925,0,
input,619,13,0.103333,0.053375,2.942792,3.544292,0,
input,620,13,0.127625,0.059792,1.459334,2.039459,0,
input,621,13,0.211167,0.066833,4.775542,5.522,0,
input,622,13,0.139667,0.07325,2.933292,3.5445,0,
selection,623,13,0.355667,0.076583,3.992667,5.892708,100,1
selection,624,13,0.4545,0.036375,2.593792,4.207833,100,2
selection,625,13,0.215958,0.051333,2.761208,4.450291,100,3
selection,626,13,0.239625,0.06,2.751083,4.602041,100,4
selection,627,13,0.195292,0.036208,2.5295,4.538542,100,5
selection,628,13,1.799542,0.051875,4.333125,8.71275,100,6
selection,629,13,1.42875,0.045375,3.8535,8.745917,100,7
selection,630,13,0.20075,0.051542,2.927959,7.965209,100,8
selection,631,13,0.167958,0.043375,3.239083,7.951875,100,9
selection,632,13,0.274583,0.062333,3.358958,7.634666,100,10
selection,633,13,0.213083,0.0485,3.352458,8.20675,100,11
selection,634,13,0.19625,0.043125,3.25325,8.102083,100,12
selection,635,13,0.702583,0.094,4.0425,8.538792,100,13
selection,636,13,0.218125,0.052,3.843125,8.114,100,14
selection,637,13,0.266416,0.065459,3.954666,8.393083,100,15
selection,638,13,0.173666,0.03375,3.428125,7.564166,100,16
selection,639,13,1.395875,0.054375,4.82325,9.197042,100,17
selection,640,13,0.449708,0.0415,3.960916,8.360833,100,18
selection,641,13,0.195375,0.04475,3.840208,8.175291,100,19
selection,642,13,0.195167,0.0365,3.847292,8.398542,100,20
empty,643,13,0.112,0.035583,1.896375,4.058542,0,
invoke,644,14,,,4.654,5.314208,0,
input,645,14,0.163583,0.16675,6.388,8.431667,3,0
input,646,14,7.862541,0.13175,10.34925,12.412208,2,0
input,647,14,2.002958,0.2135,5.900958,8.121542,1,0
input,648,14,1.867083,0.207583,5.172916,6.91375,1,0
input,649,14,1.289041,0.185333,3.934958,5.369208,1,0
input,650,14,0.13175,0.140708,2.527083,3.938583,1,0
input,651,14,0.144792,0.03975,4.810167,6.554833,0,
input,652,14,0.178375,0.039917,3.980625,4.744167,0,
input,653,14,0.153125,0.038458,1.5815,2.286708,0,
input,654,14,0.144208,0.340958,4.660166,7.70825,100,0
input,655,14,1.809,0.373333,5.965041,8.431125,100,0
input,656,14,0.169333,0.351792,4.131167,6.342917,100,0
input,657,14,0.18875,0.402917,4.653708,6.858458,100,0
input,658,14,0.145542,0.043292,2.342083,4.818667,0,
input,659,14,3.787542,0.043,5.547375,6.316375,0,
input,660,14,1.750375,0.041333,3.432083,4.161458,0,
input,661,14,0.21275,0.066208,5.333167,6.101833,0,
input,662,14,0.189416,0.058292,3.481916,4.149083,0,
input,663,14,0.139667,0.060917,1.624458,2.276875,0,
input,664,14,0.142917,0.044667,1.331584,1.860917,0,
input,665,14,0.13425,0.066333,1.530541,2.130875,0,
input,666,14,0.1245,0.060333,2.342667,3.021459,0,
input,667,14,0.155792,0.07275,1.826709,2.634667,0,
input,668,14,0.179875,0.066334,1.860958,2.578,0,
selection,669,14,0.287375,0.078541,3.428125,5.541416,100,1
selection,670,14,0.205,0.074375,3.761458,5.632667,100,2
selection,671,14,0.248291,0.058833,2.919166,4.681583,100,3
selection,672,14,0.198542,0.047875,2.497667,4.173292,100,4
selection,673,14,0.947041,0.040833,3.282208,5.101583,100,5
selection,674,14,2.265416,0.041375,4.763375,9.319958,100,6
selection,675,14,0.436375,0.037,2.680167,7.025083,100,7
selection,676,14,0.1895,0.04225,2.771459,7.282209,100,8
selection,677,14,0.220958,0.051917,3.014917,7.541583,100,9
selection,678,14,0.209167,0.047041,3.255,7.447292,100,10
selection,679,14,0.218333,0.0475,3.176833,7.313958,100,11
selection,680,14,0.152083,0.033208,2.942167,7.031875,100,12
selection,681,14,0.220292,0.050667,3.386375,8.173084,100,13
selection,682,14,1.074791,0.048292,4.236833,8.327083,100,14
selection,683,14,0.145375,0.027209,2.811083,7.084167,100,15
selection,684,14,0.18325,0.041166,3.430542,7.698542,100,16
selection,685,14,0.173792,0.04125,3.685709,8.203334,100,17
selection,686,14,0.216458,0.061542,4.251416,8.72725,100,18
selection,687,14,0.889709,0.056667,4.39025,8.687417,100,19
selection,688,14,0.151833,0.027666,3.228666,7.049791,100,20
empty,689,14,0.139041,0.037959,5.961041,8.189208,0,
invoke,690,15,,,4.198625,4.950375,0,
input,691,15,0.238708,0.185125,5.904458,8.15125,3,0
input,692,15,7.804417,0.202625,11.20125,13.324875,2,0
input,693,15,1.732917,0.195916,4.924542,8.184,1,0
input,694,15,1.704583,0.190208,4.616458,6.066,1,0
input,695,15,2.037792,0.172458,4.906833,6.428333,1,0
input,696,15,0.215916,0.154167,3.005208,4.39925,1,0
input,697,15,0.127708,0.039041,2.574666,4.624083,0,
input,698,15,0.17575,0.039375,2.111209,3.002292,0,
input,699,15,1.977542,0.03625,3.519,4.28525,0,
input,700,15,4.07225,0.338083,8.785917,11.785917,100,0
input,701,15,0.149208,0.349875,4.403833,6.574,100,0
input,702,15,0.169583,0.351667,4.164375,6.426125,100,0
input,703,15,0.107708,0.369084,4.1675,6.371583,100,0
input,704,15,0.097292,0.041042,2.180583,4.638292,0,
input,705,15,0.1855,0.040333,1.932875,2.678625,0,
input,706,15,0.155417,0.035625,1.632125,2.413917,0,
input,707,15,0.139792,0.069666,1.683667,2.397917,0,
input,708,15,0.227542,0.076042,3.734959,4.474667,0,
input,709,15,0.169041,0.061083,3.2,3.821958,0,
input,710,15,0.149375,0.061208,1.613083,2.326417,0,
input,711,15,0.145875,0.058583,1.576333,2.3005,0,
input,712,15,0.137375,0.072416,1.525042,2.124417,0,
input,713,15,0.192792,0.061542,2.24175,2.950459,0,
input,714,15,0.151875,0.087208,2.032417,2.846167,0,
selection,715,15,0.251,0.050042,3.32625,5.2455,100,1
selection,716,15,0.247208,0.065708,3.007833,4.662625,100,2
selection,717,15,0.196125,0.0435,2.54475,4.479834,100,3
selection,718,15,0.337209,0.049208,2.60975,4.398917,100,4
selection,719,15,0.378041,0.1075,3.081291,5.149916,100,5
selection,720,15,0.179667,0.043208,2.468917,6.632959,100,6
selection,721,15,0.197792,0.043042,2.708583,7.273,100,7
selection,722,15,0.240417,0.08725,2.829333,7.516792,100,8
selection,723,15,1.457458,0.056166,4.505542,9.419042,100,9
selection,724,15,0.130417,0.032334,2.944542,7.542917,100,10
selection,725,15,0.241958,0.060542,3.4885,7.9515,100,11
selection,726,15,0.180708,0.035,3.352833,7.7295,100,12
selection,727,15,2.246583,0.050458,5.301917,10.094792,100,13
selection,728,15,0.2195,0.049084,3.590084,8.069917,100,14
selection,729,15,0.180417,0.0375,3.267,7.931292,100,15
selection,730,15,3.354375,0.054834,6.863042,11.238792,100,16
selection,731,15,0.200708,0.043584,3.8175,8.440375,100,17
selection,732,15,0.136166,0.026792,3.197708,7.096041,100,18
selection,733,15,0.19125,0.039583,3.78175,7.983792,100,19
selection,734,15,0.177958,0.048792,3.6835,7.869458,100,20
empty,735,15,0.295666,0.044,2.186458,4.279208,0,
invoke,736,16,,,4.713167,5.322625,0,
input,737,16,1.739083,0.237333,7.384083,9.451833,3,0
input,738,16,7.214458,0.177083,10.236166,12.397041,2,0
input,739,16,1.758792,0.195917,5.158,8.092292,1,0
input,740,16,1.7155,0.178041,4.451917,5.903959,1,0
input,741,16,2.136125,0.170333,4.970584,6.437459,1,0
input,742,16,2.020333,0.202625,5.044375,6.503458,1,0
input,743,16,1.349833,0.038666,3.39725,5.435208,0,
input,744,16,4.80625,0.043792,6.678792,7.533209,0,
input,745,16,0.149042,0.033875,1.515083,2.1545,0,
input,746,16,0.166958,0.369834,5.202041,8.354416,100,0
input,747,16,0.179583,0.362625,5.856916,8.456583,100,0
input,748,16,1.70725,0.354084,5.748375,7.951542,100,0
input,749,16,0.185541,0.403,4.621333,6.88275,100,0
input,750,16,0.172584,0.0475,2.445292,4.977042,0,
input,751,16,3.276917,0.042834,4.948417,5.66925,0,
input,752,16,0.171916,0.035042,1.722,2.41975,0,
input,753,16,0.182125,0.070291,2.091041,2.913666,0,
input,754,16,1.690792,0.080125,3.539375,4.367,0,
input,755,16,0.271042,0.061666,1.972333,2.775125,0,
input,756,16,0.162208,0.066167,1.764125,2.45,0,
input,757,16,0.226291,0.0635,1.948916,2.603666,0,
input,758,16,0.143333,0.076459,1.939833,2.728375,0,
input,759,16,1.701333,0.087042,3.592541,4.399458,0,
input,760,16,0.201083,0.067417,2.630375,3.435833,0,
selection,761,16,0.329417,0.044792,3.22575,5.336667,100,1
selection,762,16,1.415834,0.056333,4.086209,5.918375,100,2
selection,763,16,1.838375,0.071375,4.339416,6.098625,100,3
selection,764,16,2.047375,0.048375,4.538333,6.291583,100,4
selection,765,16,2.245708,0.061875,4.930666,7.148458,100,5
selection,766,16,1.484666,0.060542,4.228541,8.808666,100,6
selection,767,16,0.22125,0.051458,2.772625,7.441,100,7
selection,768,16,0.22175,0.05475,3.233875,8.211375,100,8
selection,769,16,0.22225,0.0495,3.064542,7.371125,100,9
selection,770,16,0.224167,0.047042,3.167125,7.600959,100,10
selection,771,16,0.266083,0.048375,3.129417,7.367708,100,11
selection,772,16,1.929416,0.051917,4.789291,9.626708,100,12
selection,773,16,0.215208,0.054667,3.506333,8.024333,100,13
selection,774,16,0.2065,0.051708,3.562458,7.833458,100,14
selection,775,16,0.181167,0.035541,3.702167,8.006167,100,15
selection,776,16,0.198375,0.041417,3.380542,7.444,100,16
selection,777,16,0.211625,0.05125,3.478875,7.700333,100,17
selection,778,16,1.918125,0.043125,5.471375,9.919292,100,18
selection,779,16,0.191458,0.041417,3.948458,8.337,100,19
selection,780,16,0.156834,0.032792,3.5015,7.548125,100,20
empty,781,16,0.117875,0.038167,1.685041,3.881291,0,
invoke,782,17,,,4.441292,5.104875,0,
input,783,17,0.174709,0.164833,6.667417,8.957417,3,0
input,784,17,1.909,0.212792,5.442666,7.727625,2,0
input,785,17,1.734167,0.15425,4.357834,6.197709,1,0
input,786,17,1.88175,0.191041,4.9775,6.590792,1,0
input,787,17,1.75575,0.175666,4.63675,6.102083,1,0
input,788,17,2.032709,0.183166,4.807709,6.15225,1,0
input,789,17,1.814375,0.036375,3.893583,5.910416,0,
input,790,17,3.85875,0.042125,5.620125,6.376291,0,
input,791,17,0.245917,0.037042,1.968625,2.685833,0,
input,792,17,0.211583,0.349125,5.249083,8.115083,100,0
input,793,17,0.174709,0.340708,7.198625,9.448917,100,0
input,794,17,0.189208,0.334375,5.311166,7.506708,100,0
input,795,17,1.120875,0.3775,5.33075,7.509291,100,0
input,796,17,0.147292,0.043125,2.37325,4.780583,0,
input,797,17,3.531875,0.041875,5.194791,5.921,0,
input,798,17,0.131291,0.031584,1.44875,2.105541,0,
input,799,17,0.199917,0.067708,2.035833,2.8305,0,
input,800,17,1.769709,0.076042,3.581,4.3215,0,
input,801,17,0.142334,0.044916,1.769792,2.326584,0,
input,802,17,0.137459,0.053625,1.415125,1.982292,0,
input,803,17,0.139416,0.059416,2.09475,2.782708,0,
input,804,17,0.143459,0.071958,1.644667,2.287209,0,
input,805,17,0.186708,0.061375,1.57,2.262916,0,
input,806,17,0.13475,0.069792,1.748875,2.489917,0,
selection,807,17,0.269333,0.049375,3.738916,5.689208,100,1
selection,808,17,0.188542,0.051541,2.832042,4.754875,100,2
selection,809,17,1.250125,0.042334,3.7405,5.615459,100,3
selection,810,17,0.204792,0.054375,2.540625,4.325875,100,4
selection,811,17,0.179,0.047042,2.611792,4.414334,100,5
selection,812,17,0.215542,0.048167,2.819417,7.128042,100,6
selection,813,17,0.201667,0.045583,2.876667,7.264792,100,7
selection,814,17,0.209416,0.045458,2.7305,7.16525,100,8
selection,815,17,0.210875,0.063125,3.000209,7.831417,100,9
selection,816,17,0.208708,0.045833,3.436791,8.10725,100,10
selection,817,17,0.185,0.040417,2.875667,7.114084,100,11
selection,818,17,1.878583,0.039167,4.727042,9.1455,100,12
selection,819,17,0.176041,0.04075,3.3705,8.143666,100,13
selection,820,17,0.181,0.0475,3.28,7.473167,100,14
selection,821,17,0.235833,0.048292,3.555917,7.778333,100,15
selection,822,17,0.174375,0.039667,3.560458,7.890833,100,16
selection,823,17,1.351792,0.043875,4.726792,8.791167,100,17
selection,824,17,0.229583,0.058,3.892458,8.60925,100,18
selection,825,17,0.215916,0.048,3.990208,8.70075,100,19
selection,826,17,0.241042,0.059667,4.43625,9.052167,100,20
empty,827,17,1.831125,0.048792,3.873833,6.034292,0,
invoke,828,18,,,4.736166,5.35775,0,
input,829,18,1.553792,0.231416,7.555625,9.494167,3,0
input,830,18,0.150042,0.202833,3.954834,5.998834,2,0
input,831,18,1.784,0.175834,4.682458,8.325,1,0
input,832,18,1.675917,0.19025,4.866375,6.401167,1,0
input,833,18,1.728333,0.165,4.471708,5.887333,1,0
input,834,18,2.21525,0.207167,5.170583,6.637958,1,0
input,835,18,1.3875,0.039625,3.533917,5.602417,0,
input,836,18,2.810416,0.041875,4.60025,5.372125,0,
input,837,18,0.190417,0.038167,2.702792,3.411,0,
input,838,18,0.175959,0.360708,4.972084,7.958084,100,0
input,839,18,0.156208,0.358917,5.768458,8.269083,100,0
input,840,18,0.185333,0.325667,5.100875,7.226583,100,0
input,841,18,0.201334,0.371958,4.0495,6.180042,100,0
input,842,18,0.104041,0.033791,1.814875,4.00625,0,
input,843,18,0.211625,0.0525,3.796917,4.448167,0,
input,844,18,0.199291,0.041,1.8805,2.623958,0,
input,845,18,0.1685,0.068542,3.680208,4.483375,0,
input,846,18,0.218541,0.076334,2.090541,2.883333,0,
input,847,18,2.146625,0.065334,3.60025,4.179459,0,
input,848,18,0.14075,0.061125,2.472417,3.091417,0,
input,849,18,0.132792,0.062958,1.559334,2.223125,0,
input,850,18,0.256125,0.05875,1.681,2.409416,0,
input,851,18,0.116208,0.064083,1.460083,2.056458,0,
input,852,18,0.201709,0.072333,3.988334,4.730334,0,
selection,853,18,0.214042,0.048625,3.064917,5.040167,100,1
selection,854,18,0.25825,0.078042,2.958417,4.698958,100,2
selection,855,18,0.237292,0.047875,2.854917,4.499542,100,3
selection,856,18,0.210708,0.064791,2.571042,4.306042,100,4
selection,857,18,3.043417,0.073084,5.501333,7.656958,100,5
selection,858,18,1.692208,0.038958,3.91225,8.071708,100,6
selection,859,18,1.718584,0.039292,3.879209,8.059542,100,7
selection,860,18,0.383,0.071458,3.0655,7.944167,100,8
selection,861,18,0.192083,0.051875,2.973542,7.256125,100,9
selection,862,18,0.2145,0.050167,3.424459,7.525584,100,10
selection,863,18,0.214042,0.049458,3.260458,7.649167,100,11
selection,864,18,0.151292,0.028791,2.547958,6.045708,100,12
selection,865,18,0.159583,0.034458,3.099666,7.430333,100,13
selection,866,18,0.237958,0.064625,3.392166,7.818875,100,14
selection,867,18,1.929458,0.050084,5.198916,9.414541,100,15
selection,868,18,0.3385,0.047459,3.975917,8.223959,100,16
selection,869,18,0.185208,0.046291,3.710875,8.055083,100,17
selection,870,18,0.210875,0.051709,4.156875,8.359583,100,18
selection,871,18,0.293916,0.06625,3.643666,7.882208,100,19
selection,872,18,1.324916,0.025542,4.497791,8.275708,100,20
empty,873,18,0.113292,0.033542,1.669958,3.572583,0,
invoke,874,19,,,4.028959,4.703042,0,
input,875,19,0.181083,0.169792,5.41075,7.656125,3,0
input,876,19,5.408459,0.154667,8.346042,10.314625,2,0
input,877,19,0.140125,0.164041,2.716958,4.402542,1,0
input,878,19,5.388125,0.196625,8.3155,9.78225,1,0
input,879,19,1.922834,0.139,4.581834,6.050542,1,0
input,880,19,0.139625,0.138875,2.422459,3.65775,1,0
input,881,19,0.127458,0.034084,3.394958,5.431083,0,
input,882,19,0.186459,0.053375,2.321917,3.233792,0,
input,883,19,0.2195,0.038833,1.96525,2.686208,0,
input,884,19,6.483333,0.34525,11.521583,14.616416,100,0
input,885,19,0.142375,0.35975,4.222333,6.691791,100,0
input,886,19,0.190834,0.344916,6.973167,9.328917,100,0
input,887,19,0.300084,0.363458,4.032625,6.045209,100,0
input,888,19,0.098542,0.03475,2.149292,4.344917,0,
input,889,19,0.211292,0.034209,3.885708,4.513333,0,
input,890,19,0.178667,0.037792,1.633042,2.266792,0,
input,891,19,0.171041,0.056208,2.307166,2.932583,0,
input,892,19,0.184416,0.064458,1.973791,2.748291,0,
input,893,19,0.16425,0.061042,1.673125,2.34425,0,
input,894,19,0.13525,0.0575,1.391417,1.946584,0,
input,895,19,0.148125,0.058666,2.966792,3.5845,0,
input,896,19,0.111792,0.061833,1.430333,2.055958,0,
input,897,19,0.096792,0.052584,1.906083,2.571292,0,
input,898,19,0.137208,0.063708,1.456416,2.073291,0,
selection,899,19,0.607958,0.047875,3.632791,5.725208,100,1
selection,900,19,1.226459,0.04475,3.79525,5.62925,100,2
selection,901,19,2.004916,0.041084,4.177916,5.800916,100,3
selection,902,19,0.198917,0.036458,2.670958,4.445333,100,4
selection,903,19,0.2035,0.058084,2.677416,4.97225,100,5
selection,904,19,0.225625,0.046167,3.196,7.695959,100,6
selection,905,19,0.194625,0.041375,2.735833,7.046458,100,7
selection,906,19,0.215041,0.052125,2.931875,7.277875,100,8
selection,907,19,0.212625,0.045083,3.113459,7.957584,100,9
selection,908,19,0.246708,0.060958,3.482291,7.582333,100,10
selection,909,19,1.46325,0.041958,4.402292,9.1055,100,11
selection,910,19,0.289125,0.070458,3.752167,7.795125,100,12
selection,911,19,5.388958,0.063375,8.750083,13.466833,100,13
selection,912,19,0.15175,0.038292,3.144042,7.66725,100,14
selection,913,19,0.565209,0.05025,3.946084,7.946292,100,15
selection,914,19,7.269417,0.034375,10.575375,15.152917,100,16
selection,915,19,0.202541,0.047708,3.808375,7.858333,100,17
selection,916,19,0.151916,0.033583,3.215,7.176458,100,18
selection,917,19,0.13675,0.027375,3.046708,7.074416,100,19
selection,918,19,0.221875,0.054458,4.002916,8.398833,100,20
empty,919,19,1.115208,0.041333,2.860042,4.934958,0,
invoke,920,20,,,4.539584,7.013334,0,
input,921,20,0.163708,0.208583,5.267875,7.269291,3,0
input,922,20,4.768375,0.179875,7.791792,10.098209,2,0
input,923,20,1.717,0.133959,4.584792,6.692333,1,0
input,924,20,1.697917,0.202291,4.575542,6.081083,1,0
input,925,20,1.975291,0.186959,4.787541,6.293,1,0
input,926,20,2.037084,0.174625,4.9205,6.393625,1,0
input,927,20,1.780541,0.062959,4.500083,6.428916,0,
input,928,20,4.222291,0.03475,5.766083,6.554833,0,
input,929,20,0.167083,0.036958,1.815708,2.48175,0,
input,930,20,0.189416,0.344833,5.045291,7.865625,100,0
input,931,20,0.149583,0.357625,4.0835,6.179875,100,0
input,932,20,0.197542,0.375458,4.390584,6.505209,100,0
input,933,20,0.159625,0.376334,4.607542,6.681708,100,0
input,934,20,0.155209,0.035959,3.888792,5.88125,0,
input,935,20,0.184166,0.055708,2.178125,3.030125,0,
input,936,20,1.822375,0.042708,3.433583,4.147833,0,
input,937,20,0.153708,0.051917,3.184291,3.82075,0,
input,938,20,0.153625,0.064709,1.826458,2.53775,0,
input,939,20,0.232209,0.067875,1.837959,2.470459,0,
input,940,20,0.166041,0.062,1.619375,2.280125,0,
input,941,20,0.113334,0.051917,1.290334,1.907375,0,
input,942,20,0.101083,0.065208,1.390625,1.976583,0,
input,943,20,0.135292,0.062417,3.456292,4.183459,0,
input,944,20,0.173875,0.077083,1.788958,2.542417,0,
selection,945,20,0.266,0.055417,3.586625,5.407625,100,1
selection,946,20,0.229167,0.051459,2.649167,4.353375,100,2
selection,947,20,0.190791,0.044458,2.444166,4.291375,100,3
selection,948,20,0.218084,0.043584,2.526334,4.003625,100,4
selection,949,20,0.46875,0.032875,2.415,4.38625,100,5
selection,950,20,0.199833,0.051667,2.987292,7.115333,100,6
selection,951,20,1.79725,0.055834,4.489291,9.127,100,7
selection,952,20,0.201084,0.05175,2.908542,7.296417,100,8
selection,953,20,0.223208,0.04875,3.3925,8.15725,100,9
selection,954,20,0.193834,0.048666,3.506084,8.165834,100,10
selection,955,20,0.210708,0.054583,3.083625,7.487792,100,11
selection,956,20,1.573583,0.04525,4.794958,9.189333,100,12
selection,957,20,0.2045,0.043125,3.4225,7.8905,100,13
selection,958,20,0.170292,0.03375,3.229334,7.864167,100,14
selection,959,20,0.253666,0.061042,3.9705,8.319875,100,15
selection,960,20,1.940917,0.048416,5.476083,9.935792,100,16
selection,961,20,0.156625,0.030666,3.345833,7.920958,100,17
selection,962,20,0.231625,0.061417,4.07525,8.820542,100,18
selection,963,20,0.256542,0.064291,4.320292,8.628709,100,19
selection,964,20,1.727167,0.070167,5.736458,10.138292,100,20
empty,965,20,0.140291,0.036875,1.767583,3.731666,0,
invoke,966,21,,,4.250042,4.945292,0,
input,967,21,0.2025,0.2455,6.025208,8.213875,3,0
input,968,21,0.175958,0.217459,3.948208,5.928458,2,0
input,969,21,0.227042,0.175292,3.51075,5.918375,1,0
input,970,21,1.14875,0.163667,3.764458,4.939833,1,0
input,971,21,0.251,0.127667,2.850417,4.24575,1,0
input,972,21,0.209458,0.151334,4.53175,5.857916,1,0
input,973,21,0.168292,0.036333,3.937084,5.812334,0,
input,974,21,0.180834,0.051958,2.300625,3.238417,0,
input,975,21,1.31275,0.043333,2.967875,3.68925,0,
input,976,21,0.188042,0.3605,5.011709,7.993125,100,0
input,977,21,2.072166,0.348791,6.437041,9.074916,100,0
input,978,21,0.198875,0.358542,4.463125,6.681125,100,0
input,979,21,0.19075,0.391542,4.405417,6.408084,100,0
input,980,21,0.143292,0.061333,2.713917,5.262875,0,
input,981,21,0.173333,0.045959,1.959333,2.729625,0,
input,982,21,1.690083,0.043792,3.398958,4.120042,0,
input,983,21,0.2005,0.053583,1.8615,2.564708,0,
input,984,21,0.139667,0.058708,1.480875,2.06325,0,
input,985,21,0.180541,0.052292,3.142875,3.762083,0,
input,986,21,0.125959,0.059334,1.732667,2.461709,0,
input,987,21,0.207209,0.071458,1.888292,2.565334,0,
input,988,21,0.143792,0.067041,1.58975,2.21575,0,
input,989,21,0.200792,0.058208,1.596458,2.303083,0,
input,990,21,0.1255,0.07075,1.575167,2.247334,0,
selection,991,21,0.243916,0.050375,3.578791,5.560166,100,1
selection,992,21,0.213,0.051083,2.5555,4.182042,100,2
selection,993,21,0.204875,0.041917,2.496375,4.132625,100,3
selection,994,21,1.791291,0.050917,4.079791,5.775208,100,4
selection,995,21,0.156,0.041208,2.153667,3.932167,100,5
selection,996,21,5.511333,0.072167,8.410375,12.937292,100,6
selection,997,21,0.245167,0.051958,2.939709,7.432167,100,7
selection,998,21,0.201625,0.049667,2.960041,7.345583,100,8
selection,999,21,0.194041,0.041084,3.216208,7.784791,100,9
selection,1000,21,0.200833,0.043625,3.042166,7.502208,100,10
selection,1001,21,0.318167,0.068459,3.305125,7.924917,100,11
selection,1002,21,1.23,0.045709,4.250334,8.758959,100,12
selection,1003,21,0.189334,0.054958,3.218875,7.655209,100,13
selection,1004,21,0.213542,0.052625,3.837,7.94625,100,14
selection,1005,21,0.165625,0.047583,3.403625,7.876417,100,15
selection,1006,21,2.53325,0.054083,6.232334,10.794375,100,16
selection,1007,21,0.161959,0.039584,3.438584,7.444459,100,17
selection,1008,21,0.191833,0.044333,3.711125,8.110625,100,18
selection,1009,21,0.374917,0.097917,4.832,9.474708,100,19
selection,1010,21,0.202709,0.051292,3.76075,8.265417,100,20
empty,1011,21,0.158791,0.048792,2.267916,4.50175,0,
invoke,1012,22,,,3.945916,4.631833,0,
input,1013,22,0.9565,0.236792,6.955625,8.8245,3,0
input,1014,22,6.475709,0.18325,9.397167,11.65975,2,0
input,1015,22,8.83275,0.210917,12.116375,14.189167,1,0
input,1016,22,1.691417,0.146167,4.199917,5.429958,1,0
input,1017,22,0.157125,0.149459,2.633291,3.9565,1,0
input,1018,22,0.210333,0.157459,4.352625,5.631208,1,0
input,1019,22,0.142,0.035666,4.175834,5.943042,0,
input,1020,22,0.183625,0.049375,2.113667,2.9525,0,
input,1021,22,1.648042,0.042792,3.213833,3.914208,0,
input,1022,22,4.125291,0.344792,8.767041,11.687916,100,0
input,1023,22,0.163083,0.335,4.428416,6.866666,100,0
input,1024,22,0.145792,0.36075,4.164,6.430917,100,0
input,1025,22,0.17625,0.360333,4.268708,6.7165,100,0
input,1026,22,0.120458,0.03575,2.080875,4.240791,0,
input,1027,22,3.727667,0.042041,5.368792,6.107708,0,
input,1028,22,0.145625,0.032458,1.605458,2.353416,0,
input,1029,22,0.148083,0.052,1.4635,2.0215,0,
input,1030,22,0.150417,0.051917,1.420875,1.959042,0,
input,1031,22,0.082292,0.048083,1.238042,1.818208,0,
input,1032,22,0.124167,0.067708,4.141708,4.840875,0,
input,1033,22,0.1285,0.070833,1.454958,2.082,0,
input,1034,22,1.828834,0.067,3.186917,3.789209,0,
input,1035,22,0.147834,0.065292,4.93275,5.691542,0,
input,1036,22,0.147834,0.083917,3.403625,4.0485,0,
selection,1037,22,0.207625,0.053,3.0735,4.944583,100,1
selection,1038,22,1.568375,0.073667,4.249125,6.129625,100,2
selection,1039,22,1.729459,0.038375,4.206625,5.966167,100,3
selection,1040,22,0.183125,0.04625,2.553875,4.278583,100,4
selection,1041,22,0.177958,0.035709,2.509666,4.344041,100,5
selection,1042,22,0.211125,0.048,2.577541,6.7435,100,6
selection,1043,22,0.265875,0.068375,2.971625,7.671625,100,7
selection,1044,22,0.205541,0.043375,3.1025,7.725958,100,8
selection,1045,22,0.222209,0.04775,3.212375,7.943875,100,9
selection,1046,22,0.233917,0.056292,3.485542,7.795458,100,10
selection,1047,22,2.065666,0.066833,5.4125,10.100166,100,11
selection,1048,22,0.21875,0.043542,3.57025,7.995417,100,12
selection,1049,22,0.240292,0.055167,3.854125,8.523084,100,13
selection,1050,22,0.161208,0.032083,3.252708,7.418333,100,14
selection,1051,22,1.805167,0.067042,5.145792,9.799459,100,15
selection,1052,22,6.626042,0.034916,10.017667,14.694709,100,16
selection,1053,22,0.205792,0.049791,4.292584,8.832,100,17
selection,1054,22,0.183041,0.034958,3.418625,7.284291,100,18
selection,1055,22,0.194458,0.048917,3.948333,8.339792,100,19
selection,1056,22,0.140209,0.033709,3.556625,7.71175,100,20
empty,1057,22,0.66325,0.041375,2.401291,4.477,0,
invoke,1058,23,,,5.007083,7.042291,0,
input,1059,23,0.153291,0.18675,5.152708,7.240041,3,0
input,1060,23,2.056792,0.180583,5.030375,7.165125,2,0
input,1061,23,2.810542,0.22025,6.270583,8.298875,1,0
input,1062,23,1.747583,0.189416,4.526541,5.811875,1,0
input,1063,23,0.186417,0.12625,3.535917,5.002667,1,0
input,1064,23,0.159334,0.12375,4.402792,5.626834,1,0
input,1065,23,0.128166,0.051542,2.724,4.486708,0,
input,1066,23,0.461583,0.052875,2.468208,3.331458,0,
input,1067,23,0.191,0.040958,4.269625,4.919791,0,
input,1068,23,0.1715,0.336625,5.459833,8.330958,100,0
input,1069,23,0.151417,0.346958,4.270083,6.697333,100,0
input,1070,23,0.130542,0.378834,3.832917,5.789333,100,0
input,1071,23,0.227125,0.354417,3.810959,5.733042,100,0
input,1072,23,0.154542,0.040333,4.284417,6.157834,0,
input,1073,23,0.162708,0.033166,1.724666,2.420875,0,
input,1074,23,0.165542,0.039,1.685167,2.376625,0,
input,1075,23,0.142625,0.050625,1.479875,2.108958,0,
input,1076,23,0.11575,0.050167,1.415083,2.004417,0,
input,1077,23,0.116292,0.04475,1.247042,1.778459,0,
input,1078,23,1.164917,0.049209,2.293333,2.805875,0,
input,1079,23,0.155416,0.072917,2.801416,3.435625,0,
input,1080,23,0.161583,0.069834,1.64525,2.290083,0,
input,1081,23,0.122625,0.073875,1.429208,2.107792,0,
input,1082,23,0.118208,0.062833,1.391375,1.979917,0,
selection,1083,23,0.242916,0.049625,3.528958,5.472625,100,1
selection,1084,23,0.242125,0.062333,2.594458,4.149083,100,2
selection,1085,23,0.204625,0.044083,2.642875,4.527292,100,3
selection,1086,23,0.157958,0.034375,2.13075,3.587416,100,4
selection,1087,23,0.267667,0.100333,2.738292,4.607334,100,5
selection,1088,23,0.213209,0.041292,2.540084,6.743292,100,6
selection,1089,23,0.163,0.035791,2.561292,6.761125,100,7
selection,1090,23,0.216916,0.05025,2.849125,7.2505,100,8
selection,1091,23,0.234125,0.047625,2.863667,7.361792,100,9
selection,1092,23,0.321208,0.07525,2.986916,7.300708,100,10
selection,1093,23,1.942416,0.060042,5.189875,10.105458,100,11
selection,1094,23,0.216208,0.049916,3.734208,8.189583,100,12
selection,1095,23,0.196208,0.047625,3.3235,7.937291,100,13
selection,1096,23,0.160167,0.033167,2.940875,7.190125,100,14
selection,1097,23,2.005916,0.05025,5.478083,9.969166,100,15
selection,1098,23,0.194417,0.050041,3.61475,7.436917,100,16
selection,1099,23,0.194541,0.042292,3.704833,8.35425,100,17
selection,1100,23,0.269459,0.054584,3.744584,8.22475,100,18
selection,1101,23,1.517208,0.039375,4.874916,9.16975,100,19
selection,1102,23,0.177458,0.036042,3.541167,7.070375,100,20
empty,1103,23,0.122291,0.038916,1.767333,3.888125,0,
invoke,1104,24,,,4.562834,5.306042,0,
input,1105,24,0.187375,0.190833,7.8885,9.989375,3,0
input,1106,24,0.161291,0.16475,4.205291,6.468166,2,0
input,1107,24,0.980041,0.15825,3.772041,5.868583,1,0
input,1108,24,0.454875,0.181042,3.236458,4.5015,1,0
input,1109,24,0.197625,0.1415,4.085042,5.557375,1,0
input,1110,24,0.223875,0.14675,2.849041,4.16225,1,0
input,1111,24,0.137875,0.033292,3.499583,5.407958,0,
input,1112,24,0.189125,0.050833,2.119416,2.89875,0,
input,1113,24,1.742209,0.044959,3.578375,4.4205,0,
input,1114,24,0.201292,0.352375,6.37425,9.513375,100,0
input,1115,24,0.1915,0.336166,4.093459,6.181292,100,0
input,1116,24,0.202,0.348375,4.329,6.457917,100,0
input,1117,24,0.196417,0.368666,4.185917,6.157209,100,0
input,1118,24,0.117791,0.032167,1.862875,3.929791,0,
input,1119,24,0.194,0.04675,2.163417,3.021,0,
input,1120,24,0.826208,0.0345,2.33675,3.014291,0,
input,1121,24,0.165792,0.05525,2.139209,2.76225,0,
input,1122,24,0.130834,0.05625,1.464667,2.057042,0,
input,1123,24,0.161291,0.048416,1.573291,2.13725,0,
input,1124,24,1.696416,0.067917,3.318083,4.008916,0,
input,1125,24,0.104666,0.049916,1.820416,2.382916,0,
input,1126,24,0.15825,0.070792,1.69825,2.347958,0,
input,1127,24,0.179083,0.060791,2.467916,3.149833,0,
input,1128,24,0.158084,0.072917,1.665834,2.304167,0,
selection,1129,24,0.621875,0.049166,3.719875,6.160958,100,1
selection,1130,24,0.19375,0.03875,2.562583,4.474792,100,2
selection,1131,24,0.273417,0.067708,3.091083,5.02125,100,3
selection,1132,24,0.213,0.047084,2.681542,4.28075,100,4
selection,1133,24,0.204292,0.050209,2.70525,4.649709,100,5
selection,1134,24,1.581458,0.061584,4.193625,8.610041,100,6
selection,1135,24,0.225584,0.050417,3.073042,8.015167,100,7
selection,1136,24,0.178875,0.043292,2.674042,7.266375,100,8
selection,1137,24,0.22125,0.0505,3.049625,7.367792,100,9
selection,1138,24,0.202542,0.042459,3.049667,7.56625,100,10
selection,1139,24,0.19075,0.054666,3.066333,7.617041,100,11
selection,1140,24,0.320334,0.045666,3.24,7.670417,100,12
selection,1141,24,1.793541,0.064083,5.047041,9.376333,100,13
selection,1142,24,0.204667,0.051083,3.479792,7.906042,100,14
selection,1143,24,0.207917,0.052667,3.730792,7.84775,100,15
selection,1144,24,0.227959,0.047167,3.715709,7.8495,100,16
selection,1145,24,0.158167,0.036583,3.229542,7.525375,100,17
selection,1146,24,0.173167,0.044083,3.564334,7.959084,100,18
selection,1147,24,0.936292,0.0455,4.550167,8.525875,100,19
selection,1148,24,0.169,0.03725,3.54625,7.564917,100,20
empty,1149,24,0.141375,0.038,1.836084,3.881792,0,
invoke,1150,25,,,4.3495,5.050666,0,
input,1151,25,0.152417,0.188,5.4615,7.693542,3,0
input,1152,25,6.462375,0.168375,9.580875,11.878708,2,0
input,1153,25,1.646417,0.1805,4.67775,6.999334,1,0
input,1154,25,1.689667,0.194459,4.608667,6.068458,1,0
input,1155,25,1.916459,0.176333,4.614584,6.049792,1,0
input,1156,25,0.172417,0.143834,3.877208,5.053667,1,0
input,1157,25,0.114125,0.030958,2.184417,3.81425,0,
input,1158,25,0.183666,0.047292,2.248083,3.084541,0,
input,1159,25,0.144042,0.040792,1.694375,2.45175,0,
input,1160,25,0.174333,0.374125,5.129916,8.312041,100,0
input,1161,25,0.157625,0.352375,5.197583,7.748917,100,0
input,1162,25,0.178625,0.327625,4.339334,6.286125,100,0
input,1163,25,0.154125,0.355708,4.093417,6.175167,100,0
input,1164,25,0.11475,0.034,1.872084,3.984292,0,
input,1165,25,0.169209,0.049875,2.097667,2.949417,0,
input,1166,25,0.775459,0.041042,2.381417,3.123959,0,
input,1167,25,0.219958,0.0685,4.380625,5.079333,0,
input,1168,25,0.135416,0.052916,3.093708,3.626333,0,
input,1169,25,1.733375,0.055166,2.976583,3.523541,0,
input,1170,25,0.126458,0.052209,2.7205,3.390666,0,
input,1171,25,0.152708,0.070125,1.677542,2.336125,0,
input,1172,25,0.13925,0.062125,1.661917,2.419459,0,
input,1173,25,0.164709,0.075792,1.843542,2.593834,0,
input,1174,25,0.141791,0.07125,1.744375,2.500583,0,
selection,1175,25,0.251584,0.050375,3.358834,5.13275,100,1
selection,1176,25,0.243666,0.059041,2.838666,4.651375,100,2
selection,1177,25,0.168959,0.039292,2.626334,4.227459,100,3
selection,1178,25,0.244417,0.060917,3.059459,4.792459,100,4
selection,1179,25,0.183959,0.042125,2.326875,3.995667,100,5
selection,1180,25,7.706208,0.044792,10.428541,14.984291,100,6
selection,1181,25,0.260208,0.063958,3.161417,7.725042,100,7
selection,1182,25,0.200416,0.051875,2.731041,7.227333,100,8
selection,1183,25,0.146625,0.034958,2.848875,7.288875,100,9
selection,1184,25,0.232541,0.052458,3.445958,7.571458,100,10
selection,1185,25,0.215833,0.047125,3.156916,7.380375,100,11
selection,1186,25,0.2165,0.0475,3.950708,8.689375,100,12
selection,1187,25,1.072792,0.060292,4.489292,9.707333,100,13
selection,1188,25,0.203041,0.0475,3.446625,7.598291,100,14
selection,1189,25,0.202292,0.048959,3.472417,7.835833,100,15
selection,1190,25,3.039833,0.034292,6.265958,10.866167,100,16
selection,1191,25,0.211,0.057208,3.746625,8.363709,100,17
selection,1192,25,0.238541,0.057167,3.86325,7.89775,100,18
selection,1193,25,0.170208,0.033541,3.478833,7.644958,100,19
selection,1194,25,1.789708,0.040875,5.43925,9.424167,100,20
empty,1195,25,0.127959,0.038417,1.904875,4.168917,0,
invoke,1196,26,,,3.779125,4.44175,0,
input,1197,26,0.154125,0.187583,5.701333,8.00175,3,0
input,1198,26,5.745666,0.15475,8.645208,10.829666,2,0
input,1199,26,0.21,0.175459,3.043334,5.042292,1,0
input,1200,26,3.110875,0.199292,6.195041,7.836416,1,0
input,1201,26,1.623542,0.147167,4.259334,5.692125,1,0
input,1202,26,0.153208,0.154,3.33425,4.651375,1,0
input,1203,26,0.120625,0.036709,2.804458,4.821041,0,
input,1204,26,0.184791,0.042334,1.870333,2.68575,0,
input,1205,26,0.135125,0.034375,1.530292,2.291833,0,
input,1206,26,0.18975,0.359292,5.041959,8.193792,100,0
input,1207,26,0.156333,0.338208,6.760875,9.233167,100,0
input,1208,26,0.197542,0.332667,4.359708,6.518542,100,0
input,1209,26,0.158208,0.34575,3.964167,6.0805,100,0
input,1210,26,2.00275,0.046166,4.287792,6.674667,0,
input,1211,26,5.447875,0.036333,9.845375,10.615292,0,
input,1212,26,0.187625,0.045708,1.957958,2.730542,0,
input,1213,26,2.012541,0.072125,3.753083,4.442333,0,
input,1214,26,0.151,0.05275,2.185083,2.769958,0,
input,1215,26,0.126125,0.056542,1.438959,2.025584,0,
input,1216,26,0.189667,0.052375,1.911708,2.630583,0,
input,1217,26,0.883667,0.068042,2.2085,2.795542,0,
input,1218,26,0.137875,0.065625,2.705417,3.411042,0,
input,1219,26,0.158875,0.065125,1.856209,2.687042,0,
input,1220,26,0.167083,0.065708,1.813041,2.557958,0,
selection,1221,26,0.239333,0.050542,3.351875,5.4055,100,1
selection,1222,26,0.43125,0.058542,3.244459,4.933625,100,2
selection,1223,26,1.907125,0.076583,4.580667,6.602458,100,3
selection,1224,26,1.622417,0.043125,4.005917,5.7595,100,4
selection,1225,26,0.147458,0.04375,2.236833,3.986416,100,5
selection,1226,26,0.190125,0.041917,2.707875,6.872333,100,6
selection,1227,26,0.196042,0.042417,2.68025,7.333542,100,7
selection,1228,26,0.262833,0.098834,2.905958,7.313458,100,8
selection,1229,26,2.291041,0.06925,5.35175,10.259875,100,9
selection,1230,26,0.282958,0.070125,3.4825,8.1465,100,10
selection,1231,26,0.228667,0.059459,3.378334,7.780459,100,11
selection,1232,26,0.163208,0.039916,3.15525,7.549625,100,12
selection,1233,26,1.876291,0.053166,5.189708,9.433833,100,13
selection,1234,26,0.188208,0.042209,3.28325,7.277458,100,14
selection,1235,26,0.214,0.052833,3.590042,7.923542,100,15
selection,1236,26,5.912125,0.061167,9.243375,13.976083,100,16
selection,1237,26,0.229,0.050042,4.281417,8.568625,100,17
selection,1238,26,0.232333,0.060583,4.088166,8.442458,100,18
selection,1239,26,0.205417,0.044792,3.796917,8.185458,100,19
selection,1240,26,0.5385,0.041834,4.279792,8.693625,100,20
empty,1241,26,0.103708,0.040458,1.79,3.924458,0,
invoke,1242,27,,,4.251375,4.834875,0,
input,1243,27,2.773916,0.203167,8.03675,10.147416,3,0
input,1244,27,5.233708,0.184958,8.2095,10.384875,2,0
input,1245,27,1.657375,0.201292,4.83275,6.714458,1,0
input,1246,27,1.719292,0.179375,4.492583,5.917,1,0
input,1247,27,2.140125,0.186708,4.956583,6.316833,1,0
input,1248,27,2.133791,0.156292,4.639208,5.893416,1,0
input,1249,27,2.05975,0.049042,4.421959,6.397792,0,
input,1250,27,3.400209,0.036208,5.149417,5.992167,0,
input,1251,27,0.203,0.036791,2.596542,3.23675,0,
input,1252,27,0.161583,0.375125,5.159708,7.938416,100,0
input,1253,27,0.153583,0.321,5.175917,7.441083,100,0
input,1254,27,0.186833,0.336417,4.13125,6.230833,100,0
input,1255,27,0.197125,0.372708,4.109667,6.024042,100,0
input,1256,27,0.099292,0.033,1.939875,3.910167,0,
input,1257,27,0.177375,0.041125,4.108,4.768333,0,
input,1258,27,0.17525,0.039833,1.855875,2.630375,0,
input,1259,27,0.163916,0.06,1.67975,2.348708,0,
input,1260,27,0.112792,0.056083,1.384834,2.006792,0,
input,1261,27,0.128417,0.051041,1.393125,2.025667,0,
input,1262,27,0.135458,0.057708,1.523667,2.175208,0,
input,1263,27,0.161625,0.055125,1.541208,2.24975,0,
input,1264,27,0.165875,0.081125,1.929291,2.659916,0,
input,1265,27,0.14075,0.06875,1.624875,2.299875,0,
input,1266,27,0.200375,0.092875,2.252458,3.218417,0,
selection,1267,27,1.149791,0.045041,4.43375,6.496416,100,1
selection,1268,27,1.064625,0.053417,3.705625,5.405583,100,2
selection,1269,27,2.091125,0.067791,4.644042,6.582667,100,3
selection,1270,27,1.87225,0.06625,4.172334,5.937042,100,4
selection,1271,27,0.138375,0.031084,2.306833,4.143208,100,5
selection,1272,27,0.251292,0.063834,3.269042,7.808625,100,6
selection,1273,27,0.284084,0.071416,2.742417,7.135667,100,7
selection,1274,27,0.27425,0.07375,3.816791,8.061625,100,8
selection,1275,27,1.213541,0.072458,4.008916,8.504208,100,9
selection,1276,27,0.542375,0.05175,3.31425,7.880708,100,10
selection,1277,27,0.247084,0.062583,3.553417,7.855125,100,11
selection,1278,27,0.1885,0.054958,3.137125,7.18425,100,12
selection,1279,27,0.26675,0.075709,3.489958,7.601666,100,13
selection,1280,27,0.192,0.044583,3.29025,7.565667,100,14
selection,1281,27,2.131167,0.040583,5.371833,9.621708,100,15
selection,1282,27,8.249834,0.045209,11.722292,16.571375,100,16
selection,1283,27,0.203417,0.048584,4.007292,8.163667,100,17
selection,1284,27,0.238,0.049416,3.665125,7.634625,100,18
selection,1285,27,0.156167,0.031875,3.205042,7.125625,100,19
selection,1286,27,0.221083,0.034875,3.788208,8.167417,100,20
empty,1287,27,0.100791,0.036208,1.6515,3.595625,0,
invoke,1288,28,,,4.180042,4.855875,0,
input,1289,28,0.127833,0.223375,5.309125,7.283125,3,0
input,1290,28,7.476542,0.160333,10.223042,12.05725,2,0
input,1291,28,1.682167,0.195666,4.821542,7.151167,1,0
input,1292,28,1.655167,0.190708,4.588542,6.139375,1,0
input,1293,28,1.8695,0.158917,4.421917,5.854625,1,0
input,1294,28,0.230042,0.143125,3.043167,4.453625,1,0
input,1295,28,0.148167,0.035625,2.776125,4.543042,0,
input,1296,28,0.203542,0.05125,2.22,3.146958,0,
input,1297,28,0.74925,0.04625,2.388375,3.137584,0,
input,1298,28,0.136,0.360208,5.424458,8.554375,100,0
input,1299,28,1.477208,0.351209,5.78575,8.150542,100,0
input,1300,28,0.140084,0.359458,4.124084,6.328209,100,0
input,1301,28,0.162708,0.369833,4.287625,6.538833,100,0
input,1302,28,1.379292,0.035958,3.496917,5.777542,0,
input,1303,28,3.484292,0.043958,5.138667,5.921459,0,
input,1304,28,0.187958,0.0385,3.932708,4.658583,0,
input,1305,28,0.186208,0.052667,2.969417,3.644417,0,
input,1306,28,0.133083,0.059292,1.580416,2.23325,0,
input,1307,28,0.136583,0.051625,1.459541,2.052791,0,
input,1308,28,0.133708,0.064792,1.698208,2.37875,0,
input,1309,28,0.15925,0.057042,1.618042,2.283917,0,
input,1310,28,0.176083,0.072916,1.863042,2.586292,0,
input,1311,28,0.287792,0.073375,2.473417,3.354292,0,
input,1312,28,0.169042,0.071833,4.610792,5.403708,0,
selection,1313,28,0.247417,0.05125,2.99025,4.761458,100,1
selection,1314,28,0.222833,0.046125,2.192167,4.05725,100,2
selection,1315,28,0.170667,0.038916,2.283792,4.059625,100,3
selection,1316,28,2.080875,0.054416,4.564292,6.26625,100,4
selection,1317,28,0.15825,0.043125,2.131,3.904417,100,5
selection,1318,28,0.217291,0.0435,2.59625,6.479583,100,6
selection,1319,28,0.205667,0.035209,2.681792,7.165417,100,7
selection,1320,28,0.154167,0.036917,2.575709,6.745042,100,8
selection,1321,28,0.219334,0.047833,3.010167,7.4585,100,9
selection,1322,28,0.152459,0.0475,2.717584,6.961292,100,10
selection,1323,28,1.983583,0.058875,4.972208,9.777542,100,11
selection,1324,28,0.225708,0.073917,3.201792,7.672417,100,12
selection,1325,28,0.217416,0.054834,3.502375,7.483833,100,13
selection,1326,28,0.17125,0.0365,3.258708,7.783625,100,14
selection,1327,28,0.190333,0.044167,3.429541,7.843291,100,15
selection,1328,28,0.197334,0.036542,3.418042,7.601375,100,16
selection,1329,28,1.759125,0.051417,5.262708,9.933917,100,17
selection,1330,28,0.213,0.049709,3.928875,8.535334,100,18
selection,1331,28,0.190875,0.040042,3.6655,7.827583,100,19
selection,1332,28,0.169792,0.037875,3.768083,8.396583,100,20
empty,1333,28,0.177334,0.037166,1.962084,4.134125,0,
invoke,1334,29,,,3.952375,4.595125,0,
input,1335,29,0.217208,0.170292,6.602333,8.597917,3,0
input,1336,29,0.780875,0.158667,6.232916,8.390708,2,0
input,1337,29,0.171542,0.197792,3.311167,5.25125,1,0
input,1338,29,0.949625,0.198167,4.078041,5.7425,1,0
input,1339,29,1.563125,0.166333,4.203709,5.602542,1,0
input,1340,29,0.23175,0.172375,3.892792,5.158125,1,0
input,1341,29,0.136667,0.040292,3.39225,5.276625,0,
input,1342,29,0.177167,0.034791,4.506917,5.238375,0,
input,1343,29,0.181875,0.041666,1.927125,2.738667,0,
input,1344,29,2.005042,0.367208,7.114,10.129792,100,0
input,1345,29,0.150625,0.365,4.726833,7.225375,100,0
input,1346,29,0.213417,0.349625,6.61975,8.651625,100,0
input,1347,29,0.230333,0.3605,4.721292,6.857458,100,0
input,1348,29,2.041792,0.046542,4.31425,6.7985,0,
input,1349,29,3.653417,0.043917,5.354417,6.099625,0,
input,1350,29,0.174625,0.038834,2.117708,2.743666,0,
input,1351,29,0.169292,0.057375,1.713958,2.525375,0,
input,1352,29,1.882125,0.070333,3.453167,4.101375,0,
input,1353,29,0.128041,0.045167,1.688416,2.210916,0,
input,1354,29,0.359,0.073209,2.123917,2.856292,0,
input,1355,29,0.13975,0.062833,2.046083,2.730541,0,
input,1356,29,0.150833,0.071167,1.71325,2.462583,0,
input,1357,29,0.149791,0.081583,3.627291,4.352958,0,
input,1358,29,0.169791,0.072916,3.367208,4.0705,0,
selection,1359,29,0.261542,0.05275,3.390625,5.463917,100,1
selection,1360,29,0.210208,0.054125,2.638625,4.389791,100,2
selection,1361,29,1.422042,0.063959,3.944917,5.977,100,3
selection,1362,29,1.892334,0.057375,4.551875,6.439542,100,4
selection,1363,29,1.826208,0.057625,4.558125,6.704708,100,5
selection,1364,29,1.487958,0.055208,3.985958,8.357583,100,6
selection,1365,29,0.207708,0.045083,2.784167,8.096958,100,7
selection,1366,29,0.169125,0.048,2.7455,7.379375,100,8
selection,1367,29,0.255584,0.053583,3.107042,7.664917,100,9
selection,1368,29,0.259667,0.053417,3.285084,8.047292,100,10
selection,1369,29,0.213417,0.054916,3.0915,7.85225,100,11
selection,1370,29,0.188791,0.046833,3.125416,7.678833,100,12
selection,1371,29,0.98975,0.05775,4.450375,8.98125,100,13
selection,1372,29,0.217083,0.053542,3.8385,8.167791,100,14
selection,1373,29,0.254,0.0565,3.711666,8.123375,100,15
selection,1374,29,2.837083,0.059,6.02875,10.044333,100,16
selection,1375,29,0.205958,0.055834,3.9505,8.58625,100,17
selection,1376,29,0.20125,0.04375,3.910083,8.484042,100,18
selection,1377,29,0.198292,0.046417,3.916167,8.118292,100,19
selection,1378,29,2.119625,0.050875,6.187,10.671084,100,20
empty,1379,29,0.134167,0.047625,6.01675,8.15375,0,
invoke,1380,30,,,4.373167,5.384084,0,
input,1381,30,0.163541,0.172667,5.913791,8.264166,3,0
input,1382,30,1.593334,0.157125,5.396209,7.300375,2,0
input,1383,30,1.63225,0.193792,4.522375,6.558583,1,0
input,1384,30,1.634916,0.181459,4.5045,5.922041,1,0
input,1385,30,2.062834,0.175,4.72625,6.117584,1,0
input,1386,30,0.19825,0.20625,4.651167,5.80775,1,0
input,1387,30,0.109625,0.03775,2.051333,3.904833,0,
input,1388,30,0.177833,0.04675,2.003,2.863792,0,
input,1389,30,1.647917,0.041958,3.265625,3.970958,0,
input,1390,30,0.216916,0.362542,5.833708,8.959708,100,0
input,1391,30,0.162708,0.330584,3.9975,6.078583,100,0
input,1392,30,0.158959,0.313584,6.481709,8.679167,100,0
input,1393,30,0.218334,0.363875,4.357875,6.427834,100,0
input,1394,30,2.09825,0.044125,4.475375,6.934958,0,
input,1395,30,3.560292,0.043708,5.317875,6.090958,0,
input,1396,30,0.168,0.033541,1.502833,2.110625,0,
input,1397,30,0.130875,0.052792,1.737958,2.549833,0,
input,1398,30,0.126708,0.049541,1.408166,2.1055,0,
input,1399,30,0.132917,0.05675,1.383333,1.943833,0,
input,1400,30,0.222791,0.068167,2.237458,2.847125,0,
input,1401,30,0.221375,0.074958,2.110083,2.912375,0,
input,1402,30,0.125917,0.063833,1.497209,2.135709,0,
input,1403,30,0.148125,0.071292,1.777583,2.451041,0,
input,1404,30,2.19825,0.082584,4.048,4.761084,0,
selection,1405,30,0.217042,0.056209,3.091833,4.96075,100,1
selection,1406,30,0.219708,0.042292,2.55475,4.243166,100,2
selection,1407,30,0.2035,0.043,2.585625,4.387791,100,3
selection,1408,30,0.334083,0.106,2.841833,4.454542,100,4
selection,1409,30,2.184125,0.044042,4.839666,6.850208,100,5
selection,1410,30,0.315542,0.042709,2.57725,6.759375,100,6
selection,1411,30,1.997208,0.043833,4.547375,8.976166,100,7
selection,1412,30,0.161625,0.036042,3.033792,8.1025,100,8
selection,1413,30,0.194167,0.063083,2.842458,7.345833,100,9
selection,1414,30,0.237542,0.047542,3.1025,7.667708,100,10
selection,1415,30,0.202792,0.039875,3.313417,7.623834,100,11
selection,1416,30,5.434,0.034667,8.319,12.94025,100,12
selection,1417,30,0.2455,0.067708,3.784625,8.445958,100,13
selection,1418,30,0.200958,0.041917,3.542958,7.912916,100,14
selection,1419,30,0.162042,0.0325,2.944667,7.251583,100,15
selection,1420,30,2.192125,0.032125,5.46075,9.844375,100,16
selection,1421,30,0.233042,0.056458,3.791875,9.102375,100,17
selection,1422,30,0.320125,0.083791,4.697541,9.958333,100,18
selection,1423,30,0.256083,0.056375,4.178458,9.279208,100,19
selection,1424,30,0.365375,0.083959,4.903292,9.814375,100,20
empty,1425,30,1.475958,0.041958,3.342958,5.591458,0,
invoke,1426,31,,,5.398959,7.255,0,
input,1427,31,0.357375,0.194875,8.200667,10.32025,3,0
input,1428,31,1.636542,0.160083,4.682125,6.817584,2,0
input,1429,31,1.636792,0.215625,5.133625,8.175833,1,0
input,1430,31,1.789125,0.156625,4.546167,6.069917,1,0
input,1431,31,2.04875,0.165292,4.660833,6.008667,1,0
input,1432,31,0.198167,0.183667,2.965042,4.112334,1,0
input,1433,31,0.109584,0.037791,3.703917,5.586875,0,
input,1434,31,0.186125,0.0475,2.032334,2.804084,0,
input,1435,31,0.124333,0.03225,1.456583,2.223041,0,
input,1436,31,0.164084,0.357333,4.832334,7.862917,100,0
input,1437,31,0.156042,0.31375,6.325167,8.746958,100,0
input,1438,31,0.181291,0.336083,5.572833,7.738416,100,0
input,1439,31,0.1185,0.339084,3.885041,6.001625,100,0
input,1440,31,0.109791,0.038375,2.188208,4.433125,0,
input,1441,31,0.179084,0.051542,1.919209,2.690375,0,
input,1442,31,1.633666,0.041708,3.25925,3.956458,0,
input,1443,31,4.086958,0.054375,5.47425,6.075541,0,
input,1444,31,0.126917,0.050584,2.252167,2.838333,0,
input,1445,31,1.278834,0.047,2.353667,2.868167,0,
input,1446,31,0.131209,0.063458,4.272084,5.01525,0,
input,1447,31,0.14,0.0565,1.420584,2.033542,0,
input,1448,31,0.129167,0.055833,1.387042,2.035084,0,
input,1449,31,0.15075,0.090416,1.652167,2.2655,0,
input,1450,31,0.132792,0.066291,2.018333,2.917583,0,
selection,1451,31,0.238375,0.048958,3.4495,5.400875,100,1
selection,1452,31,0.207541,0.0555,2.723708,4.335958,100,2
selection,1453,31,0.233708,0.05375,2.6805,4.496417,100,3
selection,1454,31,1.916625,0.063125,4.378083,6.21675,100,4
selection,1455,31,0.228708,0.067084,2.598875,4.538166,100,5
selection,1456,31,0.204958,0.048625,2.794625,6.720208,100,6
selection,1457,31,0.210708,0.046292,2.809125,7.181833,100,7
selection,1458,31,0.202625,0.048375,3.026958,7.573708,100,8
selection,1459,31,0.238417,0.058583,3.353042,7.728792,100,9
selection,1460,31,1.762875,0.056875,4.842792,9.488084,100,10
selection,1461,31,0.201667,0.045083,3.419708,8.042917,100,11
selection,1462,31,0.170083,0.028958,2.910541,6.976125,100,12
selection,1463,31,0.17025,0.044084,3.5885,8.333167,100,13
selection,1464,31,0.168792,0.041125,3.471333,8.224292,100,14
selection,1465,31,0.452875,0.049542,3.672,8.050625,100,15
selection,1466,31,0.191125,0.042792,3.179833,7.038208,100,16
selection,1467,31,0.222083,0.050541,3.971708,8.411333,100,17
selection,1468,31,0.190375,0.049708,3.817291,8.365083,100,18
selection,1469,31,2.164375,0.043625,5.643458,9.633292,100,19
selection,1470,31,0.197,0.046584,4.027583,8.637833,100,20
empty,1471,31,0.137209,0.038875,1.809,4.110334,0,
invoke,1472,32,,,5.430083,6.087542,0,
input,1473,32,0.174959,0.174958,7.441,9.6005,3,0
input,1474,32,7.954375,0.174292,11.015292,13.131667,2,0
input,1475,32,1.642167,0.203958,4.996334,7.319334,1,0
input,1476,32,1.682,0.204958,4.68975,6.275583,1,0
input,1477,32,1.741,0.192542,4.567416,6.055041,1,0
input,1478,32,2.078667,0.149333,4.725417,6.289958,1,0
input,1479,32,1.627792,0.03775,3.720125,5.441125,0,
input,1480,32,3.735542,0.045792,5.484042,6.2705,0,
input,1481,32,0.184875,0.033541,3.775,4.57075,0,
input,1482,32,0.169458,0.360583,4.926375,8.1705,100,0
input,1483,32,0.16825,0.363166,5.986125,8.797041,100,0
input,1484,32,2.066916,0.354666,5.87675,8.272083,100,0
input,1485,32,0.149083,0.373959,4.224958,6.527375,100,0
input,1486,32,0.111542,0.035,2.272084,4.844417,0,
input,1487,32,3.359208,0.048458,5.0065,5.751583,0,
input,1488,32,0.146791,0.033791,1.489708,2.296166,0,
input,1489,32,0.17725,0.054375,1.547,2.262958,0,
input,1490,32,0.180709,0.053875,2.384917,3.057792,0,
input,1491,32,0.118,0.057709,1.522458,2.203167,0,
input,1492,32,0.092458,0.046083,1.207583,1.772708,0,
input,1493,32,0.131167,0.064875,1.535334,2.138417,0,
input,1494,32,0.172417,0.067125,2.690917,3.333375,0,
input,1495,32,0.16,0.080792,1.977375,2.820625,0,
input,1496,32,0.148417,0.075208,1.883209,2.6305,0,
selection,1497,32,0.239916,0.078084,3.330666,5.286916,100,1
selection,1498,32,0.250792,0.065792,2.738042,4.423292,100,2
selection,1499,32,0.193667,0.042166,2.825417,4.381833,100,3
selection,1500,32,1.608333,0.058417,4.045416,5.726,100,4
selection,1501,32,0.135416,0.03575,1.924583,3.802291,100,5
selection,1502,32,0.175625,0.041334,2.659292,6.478792,100,6
selection,1503,32,0.249125,0.054208,3.019125,7.452166,100,7
selection,1504,32,0.26075,0.084042,2.817375,7.129583,100,8
selection,1505,32,0.244292,0.05925,3.349459,7.793209,100,9
selection,1506,32,1.701875,0.046166,4.557792,9.243375,100,10
selection,1507,32,0.207334,0.043625,3.08,7.220709,100,11
selection,1508,32,0.189416,0.039416,3.060708,7.227041,100,12
selection,1509,32,0.286083,0.062292,3.546458,7.776041,100,13
selection,1510,32,0.153791,0.032916,3.188125,7.598416,100,14
selection,1511,32,0.188833,0.044833,3.294542,7.672583,100,15
selection,1512,32,0.175,0.042542,3.429042,7.688542,100,16
selection,1513,32,1.153792,0.027375,4.228084,8.368167,100,17
selection,1514,32,0.211333,0.048166,3.799666,8.256416,100,18
selection,1515,32,0.240916,0.058541,4.164708,8.496791,100,19
selection,1516,32,0.170833,0.034333,3.761333,8.084125,100,20
empty,1517,32,1.162917,0.047458,3.082334,5.217,0,
invoke,1518,33,,,5.829292,6.497333,0,
input,1519,33,0.18925,0.170083,6.934042,9.123959,3,0
input,1520,33,7.813542,0.160708,10.762833,12.793542,2,0
input,1521,33,0.16225,0.188625,3.016458,5.123042,1,0
input,1522,33,0.18675,0.173333,4.076458,5.583583,1,0
input,1523,33,0.152708,0.134125,2.714792,4.031875,1,0
input,1524,33,0.188584,0.148833,5.397625,6.845625,1,0
input,1525,33,0.151125,0.044334,5.368959,7.062,0,
input,1526,33,3.255458,0.036875,4.87875,5.578583,0,
input,1527,33,0.159084,0.046208,1.847459,2.622709,0,
input,1528,33,1.2635,0.347833,6.480625,9.343625,100,0
input,1529,33,0.142542,0.367584,4.416417,6.951125,100,0
input,1530,33,0.181708,0.372959,4.247667,6.66025,100,0
input,1531,33,0.177334,0.374459,5.342834,7.283125,100,0
input,1532,33,0.132667,0.036125,2.78725,5.070458,0,
input,1533,33,0.16125,0.04825,1.995917,2.744583,0,
input,1534,33,1.63275,0.037291,3.201042,3.878459,0,
input,1535,33,0.207042,0.070708,4.265292,4.975667,0,
input,1536,33,0.112333,0.071667,3.251792,3.884958,0,
input,1537,33,0.138916,0.050542,1.364041,1.903708,0,
input,1538,33,0.097416,0.046916,1.997333,2.618541,0,
input,1539,33,1.133917,0.072625,2.566875,3.158083,0,
input,1540,33,0.123625,0.058375,3.084583,3.68875,0,
input,1541,33,1.566083,0.082458,2.994875,3.681625,0,
input,1542,33,0.157458,0.077167,2.310917,2.938833,0,
selection,1543,33,0.240833,0.053125,3.114208,5.079833,100,1
selection,1544,33,0.221709,0.058208,2.799125,4.534584,100,2
selection,1545,33,0.197333,0.042375,2.78825,4.524541,100,3
selection,1546,33,0.260458,0.056625,2.624291,4.556791,100,4
selection,1547,33,0.219292,0.047834,2.524459,4.260625,100,5
selection,1548,33,0.163542,0.048792,2.789,6.554417,100,6
selection,1549,33,0.191167,0.056,2.683792,7.043459,100,7
selection,1550,33,0.215042,0.05925,3.000875,7.41025,100,8
selection,1551,33,0.257875,0.050542,3.01625,7.734125,100,9
selection,1552,33,2.040292,0.0565,5.031875,9.575292,100,10
selection,1553,33,0.181167,0.044416,3.145709,7.426209,100,11
selection,1554,33,0.2035,0.04025,3.315292,7.931042,100,12
selection,1555,33,0.237041,0.052958,3.723,8.313916,100,13
selection,1556,33,2.172792,0.0505,5.402209,9.963042,100,14
selection,1557,33,0.192458,0.04375,3.629667,8.137542,100,15
selection,1558,33,0.212125,0.045083,3.760667,7.919542,100,16
selection,1559,33,0.170583,0.035042,3.499333,7.749625,100,17
selection,1560,33,2.068542,0.092417,6.088042,10.7725,100,18
selection,1561,33,0.17825,0.039417,3.627083,7.888292,100,19
selection,1562,33,0.191958,0.038209,3.81025,7.940542,100,20
empty,1563,33,0.110167,0.035542,1.821875,4.023584,0,
invoke,1564,34,,,4.136542,4.751875,0,
input,1565,34,0.184458,0.173125,6.677042,8.780458,3,0
input,1566,34,8.003375,0.167167,10.993167,13.108375,2,0
input,1567,34,0.19325,0.171,2.989,5.154167,1,0
input,1568,34,0.255625,0.131166,3.478208,4.901125,1,0
input,1569,34,0.187208,0.141708,4.448375,5.70925,1,0
input,1570,34,0.180708,0.157958,5.202417,6.789167,1,0
input,1571,34,0.148125,0.060709,4.992125,6.783834,0,
input,1572,34,0.200458,0.038958,4.028333,4.829667,0,
input,1573,34,0.15175,0.037833,1.738791,2.505875,0,
input,1574,34,2.155125,0.375583,7.425458,10.383583,100,0
input,1575,34,0.153709,0.35975,4.142084,6.469959,100,0
input,1576,34,1.353792,0.348708,4.9285,7.132834,100,0
input,1577,34,0.488166,0.377875,4.5025,6.838041,100,0
input,1578,34,0.15475,0.043542,2.4185,4.771,0,
input,1579,34,0.188708,0.04325,1.925292,2.692083,0,
input,1580,34,0.244333,0.036125,1.661667,2.259083,0,
input,1581,34,0.156875,0.069042,1.925208,2.72125,0,
input,1582,34,2.00025,0.056917,3.7275,4.508083,0,
input,1583,34,0.159292,0.063041,2.404875,3.218834,0,
input,1584,34,0.13825,0.067,1.436084,2.027375,0,
input,1585,34,0.192583,0.061,1.6415,2.37,0,
input,1586,34,0.170375,0.0705,1.871375,2.611459,0,
input,1587,34,0.150333,0.07525,1.801625,2.569791,0,
input,1588,34,0.10525,0.061,1.451042,2.105667,0,
selection,1589,34,0.233459,0.052125,3.252542,5.336209,100,1
selection,1590,34,0.27325,0.070375,2.91875,4.517208,100,2
selection,1591,34,0.21175,0.05025,2.540583,4.432375,100,3
selection,1592,34,0.581667,0.046834,3.2185,5.118125,100,4
selection,1593,34,1.89725,0.081042,4.552333,6.848042,100,5
selection,1594,34,1.361459,0.052875,3.971542,8.299709,100,6
selection,1595,34,0.158292,0.036208,2.510209,6.857417,100,7
selection,1596,34,0.234583,0.05275,2.988708,7.264625,100,8
selection,1597,34,0.24525,0.068125,2.834375,7.25425,100,9
selection,1598,34,0.256667,0.071542,3.636709,8.424417,100,10
selection,1599,34,0.217208,0.047333,2.982791,7.281833,100,11
selection,1600,34,1.974709,0.036,4.786584,8.908292,100,12
selection,1601,34,0.826458,0.052541,4.017625,8.355875,100,13
selection,1602,34,0.171125,0.044417,3.365958,7.578583,100,14
selection,1603,34,0.2075,0.039334,3.506958,7.822375,100,15
selection,1604,34,0.166917,0.036458,3.176334,7.181875,100,16
selection,1605,34,0.171125,0.032292,3.3955,7.802709,100,17
selection,1606,34,0.23375,0.056917,4.13675,8.606083,100,18
selection,1607,34,0.160291,0.031958,3.502541,7.9965,100,19
selection,1608,34,0.666708,0.034042,4.105416,8.146791,100,20
empty,1609,34,0.113167,0.033458,1.617042,3.442417,0,
invoke,1610,35,,,5.23275,5.898083,0,
input,1611,35,0.172375,0.173208,5.844959,7.896959,3,0
input,1612,35,7.893625,0.176167,10.883333,12.843625,2,0
input,1613,35,1.668125,0.209292,4.755375,6.997084,1,0
input,1614,35,1.684875,0.205416,4.524875,5.91525,1,0
input,1615,35,2.0645,0.191709,4.8865,6.322834,1,0
input,1616,35,2.083459,0.205125,4.869334,6.130125,1,0
input,1617,35,2.12225,0.035709,4.003667,5.681875,0,
input,1618,35,3.809958,0.041334,5.54725,6.388041,0,
input,1619,35,0.174209,0.034625,2.318459,3.140792,0,
input,1620,35,0.338167,0.3665,4.855167,7.961834,100,0
input,1621,35,0.154417,0.351916,4.278875,6.986459,100,0
input,1622,35,0.186459,0.380291,4.520709,6.884292,100,0
input,1623,35,0.173333,0.3735,6.205208,8.3355,100,0
input,1624,35,0.135417,0.034666,2.028542,4.483959,0,
input,1625,35,0.178708,0.053334,2.068792,2.925167,0,
input,1626,35,1.103125,0.042167,2.762583,3.456667,0,
input,1627,35,4.014208,0.072,5.787208,6.577375,0,
input,1628,35,0.225375,0.065667,1.861459,2.474584,0,
input,1629,35,0.134584,0.059041,1.462834,2.060584,0,
input,1630,35,0.135875,0.057458,1.57075,2.247167,0,
input,1631,35,1.481125,0.071125,3.022,3.686125,0,
input,1632,35,0.149917,0.075083,2.429792,3.090042,0,
input,1633,35,0.181375,0.08375,2.282916,3.23475,0,
input,1634,35,2.08425,0.089917,3.983792,4.821875,0,
selection,1635,35,0.22875,0.053875,3.198875,5.189125,100,1
selection,1636,35,0.224208,0.055042,2.683875,4.420333,100,2
selection,1637,35,0.182917,0.035625,2.563667,4.279292,100,3
selection,1638,35,0.31075,0.084416,3.018666,4.937125,100,4
selection,1639,35,1.372042,0.053709,3.761292,5.600958,100,5
selection,1640,35,0.297709,0.093458,2.518834,6.390917,100,6
selection,1641,35,0.248791,0.087084,2.509333,6.6655,100,7
selection,1642,35,0.210791,0.049458,3.027666,7.329666,100,8
selection,1643,35,1.350708,0.054541,4.10125,8.895,100,9
selection,1644,35,0.21075,0.047166,3.085917,7.445667,100,10
selection,1645,35,0.214458,0.041625,3.183375,7.81425,100,11
selection,1646,35,0.167167,0.033125,2.833958,7.037375,100,12
selection,1647,35,0.243625,0.064292,3.976333,8.471833,100,13
selection,1648,35,1.417625,0.04625,4.33675,8.404916,100,14
selection,1649,35,0.209542,0.054208,3.774125,8.705042,100,15
selection,1650,35,0.241875,0.059,3.95475,8.102375,100,16
selection,1651,35,0.177542,0.046958,3.724125,8.209458,100,17
selection,1652,35,1.545959,0.053333,5.028459,9.526417,100,18
selection,1653,35,0.185375,0.043208,3.838166,8.356958,100,19
selection,1654,35,0.179375,0.036709,3.747459,7.838334,100,20
empty,1655,35,0.110125,0.032375,1.758,3.954166,0,
invoke,1656,36,,,4.353458,5.054,0,
input,1657,36,0.196667,0.167958,6.725625,8.968333,3,0
input,1658,36,7.909958,0.167625,10.99125,13.41425,2,0
input,1659,36,1.623083,0.207291,5.101833,7.546166,1,0
input,1660,36,1.638291,0.199167,4.514708,5.993291,1,0
input,1661,36,1.986166,0.15225,4.668666,6.217458,1,0
input,1662,36,2.151375,0.179334,4.965833,6.272708,1,0
input,1663,36,1.859417,0.039833,3.929375,5.636959,0,
input,1664,36,6.272625,0.050959,8.270667,9.187667,0,
input,1665,36,1.093959,0.032917,2.728792,3.520084,0,
input,1666,36,0.165208,0.363333,5.12275,8.285791,100,0
input,1667,36,1.2215,0.337792,5.7085,8.247417,100,0
input,1668,36,0.182833,0.370042,4.519208,6.809708,100,0
input,1669,36,0.116,0.389167,4.7205,6.8835,100,0
input,1670,36,0.144667,0.051,2.616417,5.023917,0,
input,1671,36,0.218208,0.049125,2.404042,3.172042,0,
input,1672,36,0.153791,0.041,1.777291,2.580625,0,
input,1673,36,0.168917,0.08,1.978125,2.748375,0,
input,1674,36,0.189375,0.050167,2.164625,2.770167,0,
input,1675,36,0.135416,0.060708,1.567625,2.229625,0,
input,1676,36,0.114458,0.052459,2.418333,3.207708,0,
input,1677,36,0.133875,0.069417,1.473125,2.108583,0,
input,1678,36,0.112334,0.05725,1.314584,1.895625,0,
input,1679,36,0.177041,0.076458,1.916875,2.684625,0,
input,1680,36,0.130541,0.063458,1.445,2.132666,0,
selection,1681,36,0.26225,0.081,3.32125,5.35675,100,1
selection,1682,36,0.220625,0.053167,2.703709,4.396709,100,2
selection,1683,36,0.226041,0.046875,2.448541,3.895291,100,3
selection,1684,36,0.193417,0.046334,2.627875,4.343542,100,4
selection,1685,36,0.193666,0.049542,2.446916,4.155,100,5
selection,1686,36,0.195333,0.0415,2.741042,7.038083,100,6
selection,1687,36,0.224041,0.045083,3.049875,7.297666,100,7
selection,1688,36,0.233125,0.049083,3.062666,7.641041,100,8
selection,1689,36,0.319875,0.068375,3.009708,7.354958,100,9
selection,1690,36,0.199667,0.045167,3.347459,8.246334,100,10
selection,1691,36,0.448166,0.050625,3.653041,8.146083,100,11
selection,1692,36,0.177458,0.035375,2.991791,7.303458,100,12
selection,1693,36,0.236083,0.060334,3.819333,8.768333,100,13
selection,1694,36,0.22375,0.049416,3.493875,7.725541,100,14
selection,1695,36,2.028875,0.036792,5.20975,9.851291,100,15
selection,1696,36,0.215167,0.049208,3.621542,7.868,100,16
selection,1697,36,0.224375,0.059667,4.165583,8.953625,100,17
selection,1698,36,0.18525,0.037584,3.794958,8.07825,100,18
selection,1699,36,0.760417,0.038,4.395792,8.686,100,19
selection,1700,36,0.188125,0.040541,3.935042,8.734958,100,20
empty,1701,36,0.19275,0.038333,2.006709,4.096584,0,
invoke,1702,37,,,4.112833,4.812333,0,
input,1703,37,0.178666,0.182292,7.707958,9.812208,3,0
input,1704,37,8.019833,0.182209,11.095083,13.159875,2,0
input,1705,37,0.151125,0.193459,3.050334,5.185375,1,0
input,1706,37,0.1725,0.166375,3.770458,5.207833,1,0
input,1707,37,0.179084,0.149375,4.113917,5.423292,1,0
input,1708,37,0.167625,0.152625,5.014375,6.341334,1,0
input,1709,37,0.156417,0.041292,5.79925,7.613583,0,
input,1710,37,0.197,0.0365,3.974083,4.746083,0,
input,1711,37,0.156125,0.03925,1.713333,2.476833,0,
input,1712,37,2.079375,0.364125,7.161833,10.140833,100,0
input,1713,37,0.145958,0.337792,4.08275,6.413042,100,0
input,1714,37,0.187875,0.3595,4.157834,6.472667,100,0
input,1715,37,0.166333,0.37875,4.210375,6.274916,100,0
input,1716,37,0.13125,0.040666,2.209792,4.376542,0,
input,1717,37,0.162583,0.040625,1.853125,2.61625,0,
input,1718,37,1.746,0.043375,3.414375,4.152333,0,
input,1719,37,0.184334,0.070833,4.330959,5.101834,0,
input,1720,37,0.175833,0.063875,3.330792,3.934417,0,
input,1721,37,0.119625,0.057292,1.414583,2.039208,0,
input,1722,37,0.129083,0.0615,1.758875,2.452041,0,
input,1723,37,1.106917,0.074833,2.503167,3.112375,0,
input,1724,37,0.12425,0.064458,2.8315,3.457667,0,
input,1725,37,0.162166,0.067959,1.740166,2.520625,0,
input,1726,37,0.1485,0.070625,2.186416,3.180375,0,
selection,1727,37,2.045792,0.051125,5.155625,7.406,100,1
selection,1728,37,0.99825,0.045333,3.384291,5.20025,100,2
selection,1729,37,0.162167,0.04475,2.523459,4.27825,100,3
selection,1730,37,0.220667,0.060458,2.924042,4.817292,100,4
selection,1731,37,0.184791,0.0475,2.600708,4.674208,100,5
selection,1732,37,0.187667,0.045042,2.621709,6.962459,100,6
selection,1733,37,0.7355,0.040167,2.994625,7.500875,100,7
selection,1734,37,0.198167,0.049209,3.115,8.179584,100,8
selection,1735,37,0.165625,0.04175,2.962959,7.665875,100,9
selection,1736,37,0.252542,0.054167,3.494709,8.150459,100,10
selection,1737,37,0.248917,0.050625,3.145209,7.901334,100,11
selection,1738,37,1.155375,0.044916,3.933958,8.506333,100,12
selection,1739,37,0.163,0.043042,3.308709,7.886334,100,13
selection,1740,37,0.274791,0.071917,4.090375,8.4905,100,14
selection,1741,37,0.184625,0.039084,3.337416,8.065375,100,15
selection,1742,37,0.260625,0.063334,3.505458,8.06575,100,16
selection,1743,37,1.161458,0.053583,4.576417,9.3375,100,17
selection,1744,37,0.212042,0.048292,3.890083,8.460625,100,18
selection,1745,37,0.183125,0.035667,3.769833,7.926291,100,19
selection,1746,37,0.154542,0.03425,3.548209,8.006084,100,20
empty,1747,37,0.527041,0.051791,2.241291,4.454208,0,
invoke,1748,38,,,4.707125,5.329834,0,
input,1749,38,2.036667,0.220583,8.262917,10.19875,3,0
input,1750,38,5.63575,0.1395,9.000542,11.160417,2,0
input,1751,38,1.610375,0.1735,4.251791,6.213791,1,0
input,1752,38,2.246208,0.170416,4.961041,6.316208,1,0
input,1753,38,2.225125,0.199125,5.111125,6.592541,1,0
input,1754,38,2.034167,0.208625,5.00075,6.488167,1,0
input,1755,38,2.024709,0.047875,4.377,6.367875,0,
input,1756,38,3.438209,0.035042,5.080584,5.829167,0,
input,1757,38,0.182792,0.0385,2.834959,3.476209,0,
input,1758,38,0.143084,0.37525,4.831584,7.806375,100,0
input,1759,38,0.162583,0.355709,6.033375,8.344333,100,0
input,1760,38,0.153708,0.319791,3.628625,5.510791,100,0
input,1761,38,0.222125,0.362917,5.162833,7.391083,100,0
input,1762,38,2.057,0.046375,4.425917,6.86775,0,
input,1763,38,3.396667,0.043625,5.186833,5.989958,0,
input,1764,38,1.540041,0.0355,3.226666,3.981583,0,
input,1765,38,0.184833,0.065209,2.319708,2.916542,0,
input,1766,38,0.13,0.055917,1.42075,1.999334,0,
input,1767,38,0.141708,0.047792,1.51675,2.109166,0,
input,1768,38,0.134,0.055625,1.433375,1.989042,0,
input,1769,38,0.125958,0.060542,3.112042,3.692125,0,
input,1770,38,1.408084,0.064333,2.980334,3.707542,0,
input,1771,38,0.163667,0.068791,4.3675,5.081417,0,
input,1772,38,0.150709,0.072958,1.69925,2.440834,0,
selection,1773,38,0.305292,0.044833,3.248083,5.260417,100,1
selection,1774,38,0.253209,0.056417,2.83575,4.630334,100,2
selection,1775,38,0.264333,0.072333,3.303458,4.870666,100,3
selection,1776,38,0.212666,0.048333,2.480083,4.309166,100,4
selection,1777,38,1.647625,0.054166,4.237166,6.218833,100,5
selection,1778,38,1.816291,0.053125,4.547625,9.039458,100,6
selection,1779,38,0.195417,0.045292,2.805667,7.319958,100,7
selection,1780,38,0.187458,0.053416,2.801708,7.276875,100,8
selection,1781,38,0.211667,0.043542,3.194417,7.612167,100,9
selection,1782,38,5.352333,0.052833,8.271041,12.777875,100,10
selection,1783,38,0.21825,0.045833,3.353,7.61575,100,11
selection,1784,38,0.294834,0.076084,3.864459,8.455417,100,12
selection,1785,38,0.252916,0.062542,3.579375,7.77425,100,13
selection,1786,38,0.290334,0.044209,3.151042,7.208209,100,14
selection,1787,38,1.519959,0.064042,5.027334,9.483,100,15
selection,1788,38,0.170334,0.041833,3.342167,8.038375,100,16
selection,1789,38,0.236333,0.054084,3.758416,8.250125,100,17
selection,1790,38,0.1615,0.036958,3.58275,8.303875,100,18
selection,1791,38,0.2015,0.03625,3.660125,8.160375,100,19
selection,1792,38,0.706625,0.04625,4.234292,8.640458,100,20
empty,1793,38,0.15725,0.033917,3.378917,5.255459,0,
invoke,1794,39,,,3.766625,6.292125,0,
input,1795,39,0.147042,0.204792,5.63075,7.577917,3,0
input,1796,39,4.859166,0.169584,7.725416,9.742541,2,0
input,1797,39,1.638833,0.146167,4.613875,6.737458,1,0
input,1798,39,1.624459,0.190709,4.478375,6.011417,1,0
input,1799,39,0.142208,0.133625,2.353541,3.60025,1,0
input,1800,39,0.183542,0.156,6.105792,7.377542,1,0
input,1801,39,0.1465,0.0365,4.179625,5.807917,0,
input,1802,39,0.121792,0.036625,3.64075,4.284667,0,
input,1803,39,0.128834,0.030208,1.339167,1.944167,0,
input,1804,39,0.137208,0.318834,5.699875,8.092292,100,0
input,1805,39,0.132666,0.332,5.857041,7.929916,100,0
input,1806,39,0.136667,0.332333,5.713375,7.443208,100,0
input,1807,39,0.144959,0.344917,4.666084,6.43325,100,0
input,1808,39,0.115125,0.035791,2.313875,4.118,0,
input,1809,39,7.03925,0.029666,8.253792,8.873792,0,
input,1810,39,0.118541,0.033292,3.875708,4.497291,0,
input,1811,39,0.101125,0.043166,1.212667,1.768,0,
input,1812,39,0.093584,0.04175,1.11975,1.636209,0,
input,1813,39,0.579375,0.042709,1.586458,2.059542,0,
input,1814,39,0.114167,0.052709,2.79075,3.366458,0,
input,1815,39,0.132083,0.0565,1.369875,1.917917,0,
input,1816,39,0.079834,0.076959,3.688,4.49375,0,
input,1817,39,0.152417,0.059334,1.574917,2.173583,0,
input,1818,39,0.177042,0.08825,2.331709,3.142334,0,
selection,1819,39,0.76,0.050834,3.972458,6.155667,100,1
selection,1820,39,1.180167,0.068584,3.869542,5.901375,100,2
selection,1821,39,1.514625,0.079625,4.234916,6.022333,100,3
selection,1822,39,1.938,0.054959,4.645041,6.5475,100,4
selection,1823,39,1.734875,0.039667,4.191584,5.992834,100,5
selection,1824,39,2.15175,0.052125,4.831833,9.508792,100,6
selection,1825,39,0.21075,0.052667,2.889084,7.727042,100,7
selection,1826,39,0.223583,0.044667,3.12725,7.642791,100,8
selection,1827,39,0.1885,0.044084,3.219417,7.695417,100,9
selection,1828,39,0.187625,0.033666,2.802291,7.290458,100,10
selection,1829,39,0.193084,0.03825,3.091125,7.242209,100,11
selection,1830,39,0.255417,0.066584,3.688875,8.31875,100,12
selection,1831,39,0.67475,0.041209,3.711958,8.300958,100,13
selection,1832,39,0.441,0.047542,3.411666,7.769666,100,14
selection,1833,39,0.219209,0.055041,3.821125,8.159,100,15
selection,1834,39,5.538125,0.076375,9.35775,14.136958,100,16
selection,1835,39,0.1775,0.039375,3.391583,7.984166,100,17
selection,1836,39,0.203625,0.047083,3.780167,8.051334,100,18
selection,1837,39,0.16825,0.040584,3.811417,8.4125,100,19
selection,1838,39,0.477333,0.0415,4.303083,8.513,100,20
empty,1839,39,0.130375,0.034792,3.591208,5.501,0,
invoke,1840,40,,,3.935166,4.559916,0,
input,1841,40,0.469959,0.240875,6.47625,8.757292,3,0
input,1842,40,0.150167,0.150375,3.205167,5.199917,2,0
input,1843,40,2.62925,0.21425,5.847542,8.066042,1,0
input,1844,40,1.559084,0.190375,4.455084,6.043292,1,0
input,1845,40,0.249041,0.145583,3.314666,4.847958,1,0
input,1846,40,0.165375,0.158542,6.612875,7.795334,1,0
input,1847,40,0.14775,0.033833,1.97325,3.646917,0,
input,1848,40,0.141125,0.044209,2.051041,2.920916,0,
input,1849,40,0.145417,0.032708,1.518209,2.173417,0,
input,1850,40,0.177209,0.351,4.902542,8.047584,100,0
input,1851,40,0.161833,0.318833,7.655083,10.03875,100,0
input,1852,40,1.266208,0.356708,5.278917,7.408208,100,0
input,1853,40,0.192792,0.392292,4.557542,6.770958,100,0
input,1854,40,0.696292,0.044584,2.92275,5.209584,0,
input,1855,40,4.823125,0.044292,6.633958,7.464083,0,
input,1856,40,1.649375,0.037792,3.2035,3.937959,0,
input,1857,40,0.126166,0.061208,2.195,2.83175,0,
input,1858,40,0.126,0.056,1.490208,2.116167,0,
input,1859,40,0.150167,0.0445,1.34175,1.960792,0,
input,1860,40,1.563583,0.068792,2.982042,3.593875,0,
input,1861,40,0.141167,0.072167,2.463917,3.0715,0,
input,1862,40,0.147458,0.067084,1.653375,2.32825,0,
input,1863,40,0.195042,0.079667,1.685542,2.386584,0,
input,1864,40,0.972875,0.072666,2.497458,3.160791,0,
selection,1865,40,0.952292,0.056791,4.212459,6.347667,100,1
selection,1866,40,0.92275,0.050209,3.523208,5.408125,100,2
selection,1867,40,1.967542,0.06975,4.667792,6.576333,100,3
selection,1868,40,1.757791,0.054625,4.196125,5.942416,100,4
selection,1869,40,2.221833,0.05475,4.644375,6.601292,100,5
selection,1870,40,2.050209,0.059542,4.840959,9.549167,100,6
selection,1871,40,0.179125,0.039084,2.849708,7.833917,100,7
selection,1872,40,0.194167,0.041334,3.150542,7.887792,100,8
selection,1873,40,0.221584,0.051959,3.121209,7.495709,100,9
selection,1874,40,0.203792,0.047834,3.212625,7.664792,100,10
selection,1875,40,0.233875,0.047375,3.196625,7.939083,100,11
selection,1876,40,1.107667,0.051167,4.154083,8.730333,100,12
selection,1877,40,0.209209,0.049917,3.657125,7.936459,100,13
selection,1878,40,0.258083,0.064375,3.876,8.454042,100,14
selection,1879,40,0.188083,0.038625,3.455708,7.819166,100,15
selection,1880,40,1.712,0.066333,5.647667,10.750708,100,16
selection,1881,40,0.216,0.049084,3.82725,7.897791,100,17
selection,1882,40,0.181875,0.040209,3.685083,7.852917,100,18
selection,1883,40,0.213,0.082917,3.862375,8.349958,100,19
selection,1884,40,1.241833,0.053334,4.857958,8.945833,100,20
empty,1885,40,0.123041,0.0325,3.700208,5.619416,0,
invoke,1886,41,,,4.021791,4.665458,0,
input,1887,41,4.140083,0.221042,9.733792,11.8185,3,0
input,1888,41,8.381584,0.218834,11.865542,14.370792,2,0
input,1889,41,1.6305,0.187167,4.493417,6.494209,1,0
input,1890,41,1.623834,0.203917,4.869167,6.517042,1,0
input,1891,41,3.020458,0.145875,5.652458,7.08225,1,0
input,1892,41,0.157916,0.16825,2.71125,3.994291,1,0
input,1893,41,0.122416,0.04275,3.984083,5.820166,0,
input,1894,41,0.1805,0.049333,1.960042,2.696667,0,
input,1895,41,2.108708,0.041708,3.644541,4.305875,0,
input,1896,41,0.184625,0.328125,5.51675,8.920541,100,0
input,1897,41,0.163958,0.397708,6.403333,9.23925,100,0
input,1898,41,0.14075,0.348208,4.070875,6.438541,100,0
input,1899,41,0.186917,0.367708,4.502125,6.63675,100,0
input,1900,41,0.1305,0.039709,2.097916,4.439,0,
input,1901,41,0.150708,0.034708,1.5825,2.227875,0,
input,1902,41,0.135958,0.034167,1.790375,2.439167,0,
input,1903,41,0.127125,0.057917,1.567083,2.218333,0,
input,1904,41,0.120042,0.0465,1.178084,1.727792,0,
input,1905,41,0.132333,0.059083,1.4855,2.093667,0,
input,1906,41,0.156458,0.06325,3.178875,3.831041,0,
input,1907,41,0.179167,0.0735,1.849042,2.592042,0,
input,1908,41,0.168833,0.0655,3.516666,4.263083,0,
input,1909,41,0.141292,0.055083,3.079334,3.734875,0,
input,1910,41,1.019792,0.076125,2.50775,3.148459,0,
selection,1911,41,0.276667,0.070042,3.329792,5.376209,100,1
selection,1912,41,0.253375,0.060417,3.204416,5.027791,100,2
selection,1913,41,0.214333,0.056208,2.505166,4.305125,100,3
selection,1914,41,1.739125,0.049167,4.147542,5.783875,100,4
selection,1915,41,0.11925,0.029167,2.317708,4.222167,100,5
selection,1916,41,6.26675,0.046625,8.755208,13.143125,100,6
selection,1917,41,0.371875,0.051334,3.01175,7.8095,100,7
selection,1918,41,0.167541,0.047667,2.709375,7.136333,100,8
selection,1919,41,0.225583,0.047791,3.255,7.8475,100,9
selection,1920,41,0.254625,0.059292,3.202417,7.573042,100,10
selection,1921,41,0.172417,0.034583,2.934875,7.085333,100,11
selection,1922,41,0.197958,0.046834,3.250791,8.211625,100,12
selection,1923,41,0.792083,0.058708,4.25225,8.74325,100,13
selection,1924,41,0.182625,0.0355,3.292417,7.397375,100,14
selection,1925,41,0.19775,0.040958,3.352625,7.640333,100,15
selection,1926,41,0.160875,0.033584,3.1545,7.441,100,16
selection,1927,41,0.204084,0.056041,3.756667,8.218792,100,17
selection,1928,41,2.12325,0.046042,5.74875,10.204375,100,18
selection,1929,41,0.124375,0.027208,3.293292,7.207209,100,19
selection,1930,41,0.111708,0.021125,2.683,6.632917,100,20
empty,1931,41,0.136,0.061917,1.960584,4.409,0,
invoke,1932,42,,,3.711417,5.028,0,
input,1933,42,0.156417,0.212167,5.748625,8.299583,3,0
input,1934,42,5.38725,0.162125,8.333375,10.347541,2,0
input,1935,42,2.776125,0.199541,5.992375,9.960542,1,0
input,1936,42,0.172333,0.182167,2.88875,4.325375,1,0
input,1937,42,0.159041,0.202459,3.080458,4.5485,1,0
input,1938,42,0.201125,0.180291,3.972666,5.295458,1,0
input,1939,42,0.108166,0.032625,3.235666,5.312791,0,
input,1940,42,0.202042,0.047542,2.130875,2.910917,0,
input,1941,42,0.185875,0.035417,1.713375,2.36675,0,
input,1942,42,0.189084,0.355958,5.087584,7.89325,100,0
input,1943,42,5.404667,0.356833,9.738833,11.992417,100,0
input,1944,42,0.133583,0.332875,4.024125,6.39075,100,0
input,1945,42,0.523584,0.401917,4.520584,6.769834,100,0
input,1946,42,0.112458,0.045833,2.336666,4.694583,0,
input,1947,42,3.877458,0.039083,5.619541,6.400625,0,
input,1948,42,0.144709,0.03375,1.555834,2.29925,0,
input,1949,42,0.182208,0.072458,2.113625,2.940458,0,
input,1950,42,0.1975,0.06225,1.780458,2.471583,0,
input,1951,42,0.090125,0.059083,1.254917,1.861042,0,
input,1952,42,0.136041,0.050083,1.451916,2.127083,0,
input,1953,42,0.222125,0.081291,2.215041,3.077458,0,
input,1954,42,1.993458,0.063708,3.459792,4.113875,0,
input,1955,42,0.160542,0.068875,4.555,5.284625,0,
input,1956,42,0.1555,0.075209,1.818834,2.559209,0,
selection,1957,42,1.03375,0.049625,4.109708,6.207833,100,1
selection,1958,42,1.301792,0.0655,3.748875,5.581542,100,2
selection,1959,42,2.05275,0.042292,4.52825,6.55225,100,3
selection,1960,42,1.906708,0.055292,4.23325,5.872875,100,4
selection,1961,42,0.179625,0.041625,2.454333,4.586625,100,5
selection,1962,42,0.170583,0.037625,2.5695,6.692958,100,6
selection,1963,42,0.193958,0.039084,2.649917,7.265583,100,7
selection,1964,42,0.302167,0.05775,2.936459,7.310667,100,8
selection,1965,42,2.103958,0.071291,4.894333,9.693083,100,9
selection,1966,42,0.209709,0.049666,3.410209,8.013584,100,10
selection,1967,42,0.248875,0.058292,3.680541,8.177125,100,11
selection,1968,42,0.148875,0.029333,2.67125,6.192084,100,12
selection,1969,42,0.195125,0.044042,3.524167,8.014792,100,13
selection,1970,42,1.701583,0.054208,5.114333,9.550875,100,14
selection,1971,42,0.199709,0.044333,3.652,8.295792,100,15
selection,1972,42,4.7255,0.046,7.956875,12.486083,100,16
selection,1973,42,0.180459,0.045542,4.083834,8.770334,100,17
selection,1974,42,0.228208,0.056125,4.080333,8.557208,100,18
selection,1975,42,2.006917,0.027916,5.210208,9.16525,100,19
selection,1976,42,0.194083,0.041417,4.040208,8.481667,100,20
empty,1977,42,0.143584,0.041791,1.882417,4.056,0,
invoke,1978,43,,,4.134875,4.837959,0,
input,1979,43,0.174792,0.225875,5.713042,7.994625,3,0
input,1980,43,1.70725,0.191667,6.259042,8.4005,2,0
input,1981,43,0.127958,0.169375,3.001666,4.974208,1,0
input,1982,43,1.562416,0.208041,4.667416,6.352833,1,0
input,1983,43,1.646958,0.191,4.571917,6.04975,1,0
input,1984,43,1.94175,0.188833,4.887958,6.32425,1,0
input,1985,43,1.462667,0.039333,3.448167,5.34025,0,
input,1986,43,2.866334,0.034583,4.536125,5.265709,0,
input,1987,43,0.191834,0.038417,4.137792,4.987334,0,
input,1988,43,0.15425,0.358875,4.733833,8.024958,100,0
input,1989,43,0.152459,0.348875,6.049292,8.48925,100,0
input,1990,43,2.118791,0.341083,6.160708,8.53325,100,0
input,1991,43,0.150083,0.35225,4.110875,6.254958,100,0
input,1992,43,0.109334,0.042625,2.253167,4.753834,0,
input,1993,43,4.5905,0.0485,6.501417,7.312625,0,
input,1994,43,1.24925,0.034917,2.806,3.541459,0,
input,1995,43,0.210458,0.067875,4.76575,5.469917,0,
input,1996,43,0.166375,0.0645,3.526375,4.198667,0,
input,1997,43,0.119375,0.058958,1.337708,1.876791,0,
input,1998,43,0.165667,0.063625,1.963584,2.607834,0,
input,1999,43,0.104209,0.062875,1.434,2.051459,0,
input,2000,43,0.193125,0.072084,1.582333,2.219333,0,
input,2001,43,0.17,0.084959,2.031833,2.840791,0,
input,2002,43,0.249,0.0735,2.299416,3.165916,0,
selection,2003,43,1.88525,0.061375,5.133958,7.273791,100,1
selection,2004,43,1.057292,0.059792,3.789208,5.77625,100,2
selection,2005,43,1.602208,0.059958,4.1765,6.089916,100,3
selection,2006,43,1.801834,0.063917,4.645917,6.625792,100,4
selection,2007,43,1.581542,0.062958,4.279083,6.668125,100,5
selection,2008,43,1.217416,0.052875,3.806916,8.086375,100,6
selection,2009,43,1.405542,0.044125,3.891542,8.547709,100,7
selection,2010,43,0.199041,0.04375,3.054916,7.9935,100,8
selection,2011,43,0.2185,0.044292,3.297917,7.836,100,9
selection,2012,43,0.209167,0.043292,3.118375,7.523167,100,10
selection,2013,43,0.170458,0.03075,2.918166,7.191958,100,11
selection,2014,43,0.198834,0.044,3.572667,8.205834,100,12
selection,2015,43,1.670834,0.050041,4.775417,9.428042,100,13
selection,2016,43,0.222917,0.058125,3.838167,8.162042,100,14
selection,2017,43,0.209959,0.048834,3.763167,8.088125,100,15
selection,2018,43,0.160959,0.034166,3.318417,7.235625,100,16
selection,2019,43,0.195959,0.047834,3.7965,7.902875,100,17
selection,2020,43,0.666292,0.039625,4.390917,8.73075,100,18
selection,2021,43,0.192916,0.043375,3.832833,8.335,100,19
selection,2022,43,4.533542,0.041625,8.195875,12.691417,100,20
empty,2023,43,0.151292,0.052042,2.240042,4.777708,0,
invoke,2024,44,,,4.214083,4.947041,0,
input,2025,44,2.132166,0.206333,7.902041,10.097791,3,0
input,2026,44,0.222417,0.155583,3.58525,5.782292,2,0
input,2027,44,1.987583,0.185542,5.093375,7.086417,1,0
input,2028,44,1.613417,0.189334,4.554417,6.121625,1,0
input,2029,44,1.860667,0.17275,4.688125,6.206625,1,0
input,2030,44,2.001916,0.211375,5.185833,6.5845,1,0
input,2031,44,1.463125,0.040791,3.46225,5.1935,0,
input,2032,44,4.060958,0.045333,5.945792,6.814792,0,
input,2033,44,0.141333,0.035166,1.557792,2.269333,0,
input,2034,44,0.200333,0.40325,5.250417,8.338125,100,0
input,2035,44,0.162084,0.354334,4.923542,7.359292,100,0
input,2036,44,0.225125,0.346334,5.462959,7.432459,100,0
input,2037,44,0.182208,0.344334,4.058458,6.164708,100,0
input,2038,44,2.080083,0.049166,4.52375,6.927875,0,
input,2039,44,2.718791,0.045791,4.401791,5.116708,0,
input,2040,44,0.187875,0.039833,3.879166,4.58325,0,
input,2041,44,0.159625,0.056334,1.597333,2.269916,0,
input,2042,44,0.156292,0.055666,1.622459,2.30175,0,
input,2043,44,0.121875,0.058334,1.340291,1.953875,0,
input,2044,44,0.119042,0.054583,1.40675,2.020375,0,
input,2045,44,0.129459,0.066542,1.52175,2.18875,0,
input,2046,44,0.141916,0.055667,1.517583,2.32325,0,
input,2047,44,0.168792,0.077542,1.967458,2.738083,0,
input,2048,44,2.143166,0.096292,4.302875,5.209,0,
selection,2049,44,0.305375,0.067167,3.768292,6.014584,100,1
selection,2050,44,0.638209,0.055333,3.214125,4.948084,100,2
selection,2051,44,0.167375,0.042667,2.428709,4.119292,100,3
selection,2052,44,0.15275,0.038958,2.199583,3.842291,100,4
selection,2053,44,0.476166,0.051625,2.840791,4.841666,100,5
selection,2054,44,2.014125,0.058333,4.290292,8.560584,100,6
selection,2055,44,0.188291,0.050625,2.451208,6.546791,100,7
selection,2056,44,0.215041,0.05725,2.98,7.210166,100,8
selection,2057,44,0.195709,0.037291,2.614584,6.933,100,9
selection,2058,44,0.230166,0.04925,3.450416,7.792958,100,10
selection,2059,44,0.266,0.067875,3.664916,7.61375,100,11
selection,2060,44,0.185958,0.036041,3.040083,6.9665,100,12
selection,2061,44,0.215083,0.051542,3.695708,8.421792,100,13
selection,2062,44,0.784875,0.04625,3.983417,8.039292,100,14
selection,2063,44,0.18675,0.046083,3.40675,7.712667,100,15
selection,2064,44,0.188,0.038208,3.617375,8.117625,100,16
selection,2065,44,0.204042,0.042709,4.001459,8.261625,100,17
selection,2066,44,2.063833,0.061209,5.930958,10.411416,100,18
selection,2067,44,0.214459,0.049541,3.811375,7.909125,100,19
selection,2068,44,0.147459,0.029708,3.265834,6.922042,100,20
empty,2069,44,0.109209,0.035417,5.563417,7.706,0,
invoke,2070,45,,,4.714458,5.34025,0,
input,2071,45,1.340167,0.23,6.61,8.661375,3,0
input,2072,45,0.157459,0.203666,3.257917,5.486834,2,0
input,2073,45,1.627042,0.19425,4.739209,6.890834,1,0
input,2074,45,1.568459,0.194167,4.57675,5.923,1,0
input,2075,45,2.0135,0.178209,4.859292,6.355167,1,0
input,2076,45,2.078167,0.1765,4.680917,5.87,1,0
input,2077,45,0.111083,0.03125,1.728208,3.671458,0,
input,2078,45,0.178208,0.037792,4.316167,5.176458,0,
input,2079,45,0.164667,0.043916,2.012833,2.830833,0,
input,2080,45,2.2445,0.384042,7.221458,10.267,100,0
input,2081,45,0.140542,0.336875,4.360875,6.888084,100,0
input,2082,45,0.162959,0.36875,4.477084,6.682834,100,0
input,2083,45,0.143458,0.363459,6.393208,8.605666,100,0
input,2084,45,0.143666,0.038917,2.135583,4.293416,0,
input,2085,45,0.205208,0.050542,2.123167,2.952667,0,
input,2086,45,1.60025,0.042417,3.27675,3.989584,0,
input,2087,45,0.187625,0.058458,3.722125,4.521958,0,
input,2088,45,0.172791,0.059042,1.6245,2.272833,0,
input,2089,45,0.155709,0.045291,2.680292,3.222875,0,
input,2090,45,1.347291,0.048584,2.52725,3.103833,0,
input,2091,45,0.155,0.057916,3.357584,3.951084,0,
input,2092,45,0.125083,0.064208,1.521208,2.168166,0,
input,2093,45,0.178166,0.080292,2.332958,3.192625,0,
input,2094,45,0.153625,0.0745,1.824209,2.566959,0,
selection,2095,45,1.671833,0.062833,4.728083,6.772416,100,1
selection,2096,45,1.597917,0.05875,4.178625,5.917375,100,2
selection,2097,45,2.063166,0.0505,4.605208,6.370708,100,3
selection,2098,45,0.201917,0.053792,2.31475,3.831333,100,4
selection,2099,45,0.277917,0.068209,2.909958,4.810083,100,5
selection,2100,45,0.221167,0.054333,2.872208,7.135875,100,6
selection,2101,45,0.197958,0.0445,2.822958,7.145958,100,7
selection,2102,45,0.226416,0.04825,3.2155,7.339083,100,8
selection,2103,45,0.239917,0.055959,3.429834,8.157042,100,9
selection,2104,45,0.218542,0.048041,3.132792,7.699084,100,10
selection,2105,45,2.02975,0.054875,5.029125,9.386792,100,11
selection,2106,45,0.145125,0.029833,2.618708,6.451958,100,12
selection,2107,45,0.282209,0.059459,3.337417,7.498542,100,13
selection,2108,45,0.238167,0.055584,3.651417,7.968209,100,14
selection,2109,45,0.206208,0.041541,3.534833,7.6705,100,15
selection,2110,45,0.152333,0.029875,3.1785,7.53425,100,16
selection,2111,45,0.156875,0.039625,3.323917,7.30025,100,17
selection,2112,45,1.557042,0.048792,4.8955,9.233292,100,18
selection,2113,45,0.207625,0.057708,3.760084,8.276209,100,19
selection,2114,45,0.223541,0.055417,3.991333,8.086416,100,20
empty,2115,45,0.149334,0.035167,2.27075,4.403167,0,
invoke,2116,46,,,4.398916,5.039333,0,
input,2117,46,0.200291,0.228916,6.586291,8.682458,3,0
input,2118,46,0.666958,0.199167,3.906,6.147333,2,0
input,2119,46,0.277875,0.1625,3.156291,5.099041,1,0
input,2120,46,2.407583,0.195417,5.524583,7.2015,1,0
input,2121,46,1.547916,0.178417,4.226708,5.580416,1,0
input,2122,46,0.173083,0.153916,2.906083,4.221875,1,0
input,2123,46,0.118542,0.03275,3.560125,5.323958,0,
input,2124,46,0.174542,0.046583,2.173667,3.037209,0,
input,2125,46,0.214875,0.040833,2.932666,3.638916,0,
input,2126,46,0.186042,0.327542,6.351417,9.357792,100,0
input,2127,46,1.7885,0.350834,6.131125,8.630792,100,0
input,2128,46,0.190583,0.376083,4.684958,7.153166,100,0
input,2129,46,0.191083,0.384167,4.715292,7.004167,100,0
input,2130,46,0.115083,0.036709,2.019666,4.364625,0,
input,2131,46,0.177583,0.041959,1.943875,2.708792,0,
input,2132,46,1.838708,0.044375,3.69125,4.450458,0,
input,2133,46,0.195,0.055333,2.005083,2.61325,0,
input,2134,46,0.153208,0.058875,1.612,2.297042,0,
input,2135,46,0.136542,0.083417,1.788334,2.511875,0,
input,2136,46,0.125709,0.056666,1.539709,2.189334,0,
input,2137,46,0.161542,0.070416,2.517875,3.175542,0,
input,2138,46,0.123333,0.066417,1.586208,2.290167,0,
input,2139,46,0.1255,0.06325,1.715041,2.474291,0,
input,2140,46,0.115084,0.072458,1.603834,2.264167,0,
selection,2141,46,0.17975,0.044084,3.135375,5.303583,100,1
selection,2142,46,1.292208,0.046458,3.954625,5.864166,100,2
selection,2143,46,1.84925,0.044833,4.430166,6.398625,100,3
selection,2144,46,0.214541,0.062917,2.702375,4.319916,100,4
selection,2145,46,0.2225,0.042375,2.825125,4.697667,100,5
selection,2146,46,0.174459,0.042792,2.532209,7.160834,100,6
selection,2147,46,0.136959,0.033542,2.774209,7.308167,100,7
selection,2148,46,0.207042,0.04275,3.111709,7.482334,100,8
selection,2149,46,0.217542,0.040709,3.187083,7.68075,100,9
selection,2150,46,0.241583,0.088917,3.415625,8.227833,100,10
selection,2151,46,1.600792,0.074209,4.649709,9.337334,100,11
selection,2152,46,0.2135,0.047708,3.471709,7.755209,100,12
selection,2153,46,0.232791,0.0565,3.837916,8.353083,100,13
selection,2154,46,3.28975,0.038666,6.444916,10.755208,100,14
selection,2155,46,0.802625,0.064583,4.497041,9.52775,100,15
selection,2156,46,5.812958,0.034125,9.200208,13.750625,100,16
selection,2157,46,0.192,0.043583,3.841083,8.180208,100,17
selection,2158,46,0.176667,0.035875,3.617125,7.695583,100,18
selection,2159,46,0.143583,0.033542,3.347375,7.65,100,19
selection,2160,46,2.095959,0.070916,6.02325,10.45025,100,20
empty,2161,46,0.142333,0.03825,1.826792,3.7905,0,
invoke,2162,47,,,4.274833,4.986667,0,
input,2163,47,2.05675,0.198875,7.169875,9.108334,3,0
input,2164,47,0.174209,0.208042,3.577959,5.798542,2,0
input,2165,47,0.139,0.187125,3.605792,6.820375,1,0
input,2166,47,0.151167,0.204875,3.207584,4.703917,1,0
input,2167,47,1.622542,0.175917,4.40825,5.813584,1,0
input,2168,47,0.146333,0.150917,2.549541,3.81675,1,0
input,2169,47,0.139167,0.036208,3.217417,4.807042,0,
input,2170,47,0.206458,0.051041,2.172583,2.970917,0,
input,2171,47,0.158958,0.032416,1.605083,2.188833,0,
input,2172,47,0.208875,0.3465,5.439125,8.544584,100,0
input,2173,47,0.16075,0.356459,6.615084,9.088667,100,0
input,2174,47,1.603708,0.364166,5.656,8.029791,100,0
input,2175,47,0.156416,0.380125,4.162458,6.343375,100,0
input,2176,47,1.160542,0.050916,3.335917,5.894375,0,
input,2177,47,4.754875,0.033541,6.1525,6.829833,0,
input,2178,47,0.120625,0.027917,1.249375,1.836459,0,
input,2179,47,0.141417,0.050875,1.48175,2.118042,0,
input,2180,47,0.130041,0.050667,1.379833,2.064208,0,
input,2181,47,0.10775,0.058,1.372167,1.976542,0,
input,2182,47,3.397208,0.069292,5.136333,5.809667,0,
input,2183,47,0.215042,0.067791,2.508167,3.214583,0,
input,2184,47,0.200208,0.081791,2.045333,2.835666,0,
input,2185,47,2.217792,0.085292,4.064083,4.848208,0,
input,2186,47,0.140209,0.064333,1.737792,2.381209,0,
selection,2187,47,0.268625,0.055167,3.843292,5.928417,100,1
selection,2188,47,0.238959,0.061292,2.8655,4.57025,100,2
selection,2189,47,0.20075,0.040625,2.346958,4.010708,100,3
selection,2190,47,1.159208,0.042583,3.694458,5.431666,100,4
selection,2191,47,2.185208,0.050667,4.456458,6.224292,100,5
selection,2192,47,0.177292,0.04275,2.479625,6.577792,100,6
selection,2193,47,0.196041,0.053458,2.549583,7.115166,100,7
selection,2194,47,1.8045,0.051625,4.50575,9.023833,100,8
selection,2195,47,0.206625,0.044667,3.025708,7.804708,100,9
selection,2196,47,0.22975,0.053584,3.16925,7.688,100,10
selection,2197,47,0.22225,0.05625,3.502584,8.507125,100,11
selection,2198,47,0.199459,0.039375,3.318167,7.4195,100,12
selection,2199,47,0.195708,0.043875,3.2515,7.823625,100,13
selection,2200,47,1.656625,0.046083,4.873708,9.253083,100,14
selection,2201,47,0.238958,0.055541,3.77675,7.963333,100,15
selection,2202,47,0.202125,0.041125,3.466,7.851625,100,16
selection,2203,47,0.224459,0.047333,3.958917,8.49425,100,17
selection,2204,47,0.152042,0.030292,3.423,7.759625,100,18
selection,2205,47,1.560833,0.047,5.140333,9.465125,100,19
selection,2206,47,0.13625,0.034375,3.828708,8.298542,100,20
empty,2207,47,0.143541,0.049667,2.207458,4.10275,0,
invoke,2208,48,,,9.119333,9.765792,0,
input,2209,48,1.615041,0.203875,7.064875,9.239375,3,0
input,2210,48,0.170333,0.20475,3.863333,5.833167,2,0
input,2211,48,0.548917,0.195292,3.338208,5.407375,1,0
input,2212,48,2.68775,0.202292,5.47225,7.065458,1,0
input,2213,48,1.942375,0.183708,4.563875,5.985875,1,0
input,2214,48,0.213709,0.112958,2.357834,3.671084,1,0
input,2215,48,0.125084,0.033792,3.627375,5.463084,0,
input,2216,48,0.194292,0.039166,1.837458,2.638542,0,
input,2217,48,0.144334,0.033209,1.756292,2.430167,0,
input,2218,48,0.20675,0.333417,5.369416,8.155583,100,0
input,2219,48,0.114625,0.3325,3.831375,6.119667,100,0
input,2220,48,0.134125,0.331,3.570167,5.486458,100,0
input,2221,48,0.129459,0.340708,3.649875,5.779709,100,0
input,2222,48,0.106042,0.033792,1.813667,3.802417,0,
input,2223,48,0.154042,0.029875,1.56675,2.21225,0,
input,2224,48,0.185833,0.03175,1.605167,2.200875,0,
input,2225,48,0.103708,0.043917,1.149917,1.685875,0,
input,2226,48,0.087417,0.049916,3.162958,3.799,0,
input,2227,48,0.119166,0.053875,1.454041,2.091208,0,
input,2228,48,0.083625,0.0435,1.394916,1.949416,0,
input,2229,48,0.16025,0.058125,1.512709,2.123625,0,
input,2230,48,0.141125,0.075333,2.706459,3.380084,0,
input,2231,48,0.133708,0.058333,1.529833,2.190583,0,
input,2232,48,0.187417,0.072833,1.869,2.722,0,
selection,2233,48,0.258417,0.052166,3.5905,5.851458,100,1
selection,2234,48,0.245417,0.061375,3.195334,4.926375,100,2
selection,2235,48,0.201791,0.050125,2.731666,4.512625,100,3
selection,2236,48,0.205,0.048208,2.652542,4.419625,100,4
selection,2237,48,0.970833,0.054667,3.476083,5.389958,100,5
selection,2238,48,2.026375,0.047708,4.541042,9.098042,100,6
selection,2239,48,0.25,0.060875,3.084042,8.055917,100,7
selection,2240,48,0.211125,0.042042,2.83,7.27725,100,8
selection,2241,48,0.193125,0.042667,3.167375,7.676625,100,9
selection,2242,48,0.199208,0.0375,2.943166,7.194458,100,10
selection,2243,48,0.209,0.057292,3.2025,8.520875,100,11
selection,2244,48,0.16,0.036084,3.011,6.965834,100,12
selection,2245,48,0.183833,0.042042,3.143958,7.806208,100,13
selection,2246,48,1.643208,0.056875,4.784125,9.284458,100,14
selection,2247,48,0.223208,0.04675,3.779125,8.142833,100,15
selection,2248,48,0.161125,0.045875,3.43875,7.580459,100,16
selection,2249,48,0.22675,0.059291,3.883083,8.380208,100,17
selection,2250,48,1.654333,0.053,5.354417,9.751792,100,18
selection,2251,48,0.18725,0.040334,3.575208,7.753,100,19
selection,2252,48,0.163666,0.036084,3.792958,8.26875,100,20
empty,2253,48,0.113084,0.032417,1.859875,3.994792,0,
invoke,2254,49,,,4.722417,5.55675,0,
input,2255,49,0.173708,0.188292,10.590833,12.666833,3,0
input,2256,49,0.176708,0.147959,5.654458,7.579125,2,0
input,2257,49,0.193833,0.129542,5.771375,7.554375,1,0
input,2258,49,5.309459,0.179416,8.232209,9.700917,1,0
input,2259,49,1.915666,0.183292,4.618083,6.010083,1,0
input,2260,49,0.15425,0.162583,2.99175,4.427542,1,0
input,2261,49,0.148458,0.045,3.864833,5.685167,0,
input,2262,49,0.175333,0.046583,2.389208,3.415416,0,
input,2263,49,0.235584,0.044791,1.984584,2.702792,0,
input,2264,49,0.230625,0.322625,6.0125,9.155958,100,0
input,2265,49,9.157584,0.345208,13.57925,15.937917,100,0
input,2266,49,0.152208,0.35925,3.999958,6.4185,100,0
input,2267,49,0.390667,0.361834,4.520959,6.8715,100,0
input,2268,49,0.108458,0.04075,2.15825,4.438458,0,
input,2269,49,3.549958,0.032084,4.937875,5.5965,0,
input,2270,49,0.196042,0.041417,2.351542,2.929792,0,
input,2271,49,0.154375,0.058708,1.610208,2.279458,0,
input,2272,49,0.190459,0.05475,1.439459,1.9655,0,
input,2273,49,0.129542,0.064,1.53875,2.138667,0,
input,2274,49,0.148209,0.045375,1.533417,2.18875,0,
input,2275,49,1.221708,0.064959,2.493833,3.067958,0,
input,2276,49,0.188542,0.065334,3.225917,4.04625,0,
input,2277,49,0.149875,0.069083,1.737667,2.433792,0,
input,2278,49,0.104875,0.060625,1.544625,2.236042,0,
selection,2279,49,0.261,0.0535,3.565916,5.645791,100,1
selection,2280,49,0.256084,0.074083,3.121459,4.969084,100,2
selection,2281,49,0.200375,0.050791,2.73025,4.438875,100,3
selection,2282,49,0.22925,0.0555,2.779292,4.431458,100,4
selection,2283,49,1.555042,0.055708,4.063292,6.051334,100,5
selection,2284,49,1.928917,0.046417,4.368042,8.721958,100,6
selection,2285,49,0.245542,0.068667,3.315167,8.350958,100,7
selection,2286,49,0.226292,0.046,3.317625,7.867125,100,8
selection,2287,49,0.211208,0.043167,3.0255,7.255542,100,9
selection,2288,49,0.21925,0.047875,3.239417,7.760875,100,10
selection,2289,49,1.782584,0.044166,4.818667,9.231375,100,11
selection,2290,49,0.19625,0.045291,3.158667,7.701334,100,12
selection,2291,49,0.22125,0.057708,3.797417,8.171458,100,13
selection,2292,49,0.256125,0.060584,3.657083,7.898,100,14
selection,2293,49,0.179291,0.031375,3.307708,7.481708,100,15
selection,2294,49,1.8495,0.071042,5.194667,9.577167,100,16
selection,2295,49,0.218125,0.047291,3.764833,8.3915,100,17
selection,2296,49,0.189709,0.038125,3.766792,8.247375,100,18
selection,2297,49,0.196584,0.043791,3.916584,8.609625,100,19
selection,2298,49,1.23125,0.051625,5.138542,9.555042,100,20
empty,2299,49,0.1275,0.036917,1.71975,3.666833,0,
invoke,2300,50,,,5.381708,5.946833,0,
input,2301,50,0.1465,0.25775,7.429667,9.083375,3,0
input,2302,50,0.173916,0.190708,3.311583,5.489375,2,0
input,2303,50,1.577208,0.2075,4.923333,6.951833,1,0
input,2304,50,1.733792,0.201083,4.616667,5.940917,1,0
input,2305,50,2.149416,0.14275,4.531041,5.925,1,0
input,2306,50,0.158792,0.113334,3.559042,4.652917,1,0
input,2307,50,0.11725,0.031709,2.470541,3.95725,0,
input,2308,50,0.136166,0.035584,1.460541,2.055708,0,
input,2309,50,0.11725,0.031417,1.351583,1.997708,0,
input,2310,50,0.135666,0.298959,3.894541,7.08775,100,0
input,2311,50,0.102875,0.331958,3.668208,6.437,100,0
input,2312,50,0.1145,0.334625,3.370417,5.456625,100,0
input,2313,50,0.1215,0.343292,3.404458,5.419208,100,0
input,2314,50,0.09825,0.029916,1.638125,3.465875,0,
input,2315,50,5.079292,0.032542,6.383542,7.010167,0,
input,2316,50,0.123333,0.032542,1.4525,2.083458,0,
input,2317,50,0.141459,0.050708,1.434292,2.008125,0,
input,2318,50,0.08375,0.050708,1.126708,1.671917,0,
input,2319,50,0.179209,0.059666,2.000042,2.698417,0,
input,2320,50,0.098083,0.046125,1.328583,1.908958,0,
input,2321,50,2.48925,0.06275,3.872583,4.505208,0,
input,2322,50,0.132167,0.073833,4.677583,5.415042,0,
input,2323,50,0.117958,0.075917,4.867292,5.623958,0,
input,2324,50,0.102125,0.05075,1.209958,1.781083,0,
selection,2325,50,0.330042,0.07625,3.385667,5.426667,100,1
selection,2326,50,0.232125,0.048209,2.593292,4.197083,100,2
selection,2327,50,0.432625,0.064334,3.082208,4.875708,100,3
selection,2328,50,2.050208,0.066708,4.80825,6.790833,100,4
selection,2329,50,1.554583,0.0385,3.697833,5.549916,100,5
selection,2330,50,0.212083,0.047708,2.936167,7.494583,100,6
selection,2331,50,1.168333,0.035208,3.64125,8.254791,100,7
selection,2332,50,0.217625,0.053458,3.114167,8.194792,100,8
selection,2333,50,0.217583,0.045167,3.23425,7.715875,100,9
selection,2334,50,0.218125,0.044916,3.29025,7.793416,100,10
selection,2335,50,0.340875,0.040292,3.094583,7.445208,100,11
selection,2336,50,1.557542,0.05775,4.467292,8.857458,100,12
selection,2337,50,0.520625,0.039958,3.295709,7.813959,100,13
selection,2338,50,0.200917,0.048,3.307333,7.459,100,14
selection,2339,50,0.222542,0.057917,4.023375,8.366792,100,15
selection,2340,50,0.167125,0.032375,2.956042,6.459875,100,16
selection,2341,50,0.188791,0.040042,3.685833,8.320625,100,17
selection,2342,50,1.975291,0.053417,5.614791,9.954208,100,18
selection,2343,50,0.223083,0.051833,3.912375,8.259333,100,19
selection,2344,50,0.17575,0.037667,3.578208,7.837,100,20
empty,2345,50,0.124625,0.035542,1.943042,4.108292,0,
invoke,2346,51,,,5.555666,6.190708,0,
input,2347,51,0.177458,0.177125,8.017375,10.431708,3,0
input,2348,51,2.716875,0.254333,9.678,11.925208,2,0
input,2349,51,5.585167,0.196541,8.725333,10.853917,1,0
input,2350,51,2.709583,0.19825,5.82725,7.455083,1,0
input,2351,51,1.554958,0.189125,4.25775,5.731041,1,0
input,2352,51,2.218458,0.187708,5.253458,6.687667,1,0
input,2353,51,1.5615,0.048166,3.951375,6.012,0,
input,2354,51,4.26125,0.045666,6.081959,6.944417,0,
input,2355,51,0.235958,0.040166,2.129083,2.871416,0,
input,2356,51,0.166334,0.368083,4.903834,8.03475,100,0
input,2357,51,0.163583,0.388667,3.948875,6.252208,100,0
input,2358,51,0.159709,0.334792,3.686125,5.782542,100,0
input,2359,51,1.461625,0.357208,5.327167,7.570708,100,0
input,2360,51,0.134625,0.042208,2.332875,4.672917,0,
input,2361,51,3.480291,0.043292,5.162833,5.928416,0,
input,2362,51,0.167917,0.035167,1.681125,2.391417,0,
input,2363,51,0.159208,0.057625,1.790583,2.518708,0,
input,2364,51,2.186708,0.067292,3.852375,4.553042,0,
input,2365,51,0.123833,0.046042,1.686167,2.285458,0,
input,2366,51,0.14275,0.061083,1.641583,2.307625,0,
input,2367,51,0.131666,0.056167,2.274416,2.912291,0,
input,2368,51,0.12,0.063,1.500792,2.2005,0,
input,2369,51,0.149542,0.075334,4.16125,4.96,0,
input,2370,51,0.177667,0.078083,3.219709,4.039084,0,
selection,2371,51,0.321292,0.05275,3.75675,5.922625,100,1
selection,2372,51,0.7995,0.049042,3.242542,5.182375,100,2
selection,2373,51,2.046458,0.092208,4.611167,6.391458,100,3
selection,2374,51,2.055209,0.064209,4.310667,5.963584,100,4
selection,2375,51,2.483166,0.04425,4.915333,7.003541,100,5
selection,2376,51,1.92975,0.037167,4.34275,8.765041,100,6
selection,2377,51,0.207,0.049458,2.912291,7.2175,100,7
selection,2378,51,0.150666,0.040875,2.972291,7.665041,100,8
selection,2379,51,0.223041,0.052917,3.442666,7.816291,100,9
selection,2380,51,0.229333,0.053083,3.394375,7.688083,100,10
selection,2381,51,0.162084,0.035208,3.033417,7.512167,100,11
selection,2382,51,0.233125,0.058375,3.88975,8.36375,100,12
selection,2383,51,0.459583,0.0375,3.487542,7.557083,100,13
selection,2384,51,1.258875,0.046875,4.441916,8.471083,100,14
selection,2385,51,0.1795,0.042625,3.444291,8.078541,100,15
selection,2386,51,5.749459,0.082584,9.199625,13.930125,100,16
selection,2387,51,0.229042,0.052584,4.179333,8.340208,100,17
selection,2388,51,0.201666,0.048666,3.859375,8.209458,100,18
selection,2389,51,0.146834,0.030959,3.400667,7.536459,100,19
selection,2390,51,1.230958,0.046459,4.971416,9.665041,100,20
empty,2391,51,0.149791,0.044333,2.118833,4.539666,0,
invoke,2392,52,,,5.572375,6.559042,0,
input,2393,52,0.174125,0.171792,9.499,11.744916,3,0
input,2394,52,0.877125,0.196584,5.3775,7.934167,2,0
input,2395,52,0.585417,0.208541,3.711125,5.613042,1,0
input,2396,52,1.587584,0.187917,4.476709,5.942084,1,0
input,2397,52,2.038334,0.177166,5.074709,6.55275,1,0
input,2398,52,1.866125,0.165417,4.5495,5.786166,1,0
input,2399,52,2.088458,0.042209,4.21,6.076083,0,
input,2400,52,4.984292,0.044,6.745208,7.500792,0,
input,2401,52,2.049417,0.045209,3.913125,4.67275,0,
input,2402,52,0.203959,0.358959,5.586459,8.760084,100,0
input,2403,52,0.971292,0.353583,4.953959,7.361167,100,0
input,2404,52,1.243208,0.358917,5.397583,7.694042,100,0
input,2405,52,1.574875,0.380291,5.485166,7.639166,100,0
input,2406,52,0.14425,0.044583,2.381334,4.735417,0,
input,2407,52,4.920375,0.04925,6.809208,7.614458,0,
input,2408,52,1.392667,0.041833,3.12925,3.860625,0,
input,2409,52,0.18925,0.060125,3.608542,4.319833,0,
input,2410,52,0.156125,0.059125,1.574,2.225708,0,
input,2411,52,0.187083,0.05625,1.625792,2.34225,0,
input,2412,52,0.129542,0.054542,1.2925,1.841084,0,
input,2413,52,0.20975,0.069166,1.856458,2.61275,0,
input,2414,52,0.140042,0.067,1.8225,2.505167,0,
input,2415,52,0.157417,0.061209,1.612833,2.261542,0,
input,2416,52,0.112167,0.058958,1.280417,1.892125,0,
selection,2417,52,0.24925,0.051458,2.997125,4.893458,100,1
selection,2418,52,0.299583,0.077584,3.186458,4.75375,100,2
selection,2419,52,1.093041,0.0565,3.317083,4.725666,100,3
selection,2420,52,0.221584,0.061667,2.917334,4.609417,100,4
selection,2421,52,0.177125,0.044125,2.247833,3.876292,100,5
selection,2422,52,1.559208,0.058083,4.271916,8.606166,100,6
selection,2423,52,0.2045,0.037417,2.600959,7.022167,100,7
selection,2424,52,0.262583,0.069917,3.307708,8.390916,100,8
selection,2425,52,0.27925,0.069625,3.3515,7.533083,100,9
selection,2426,52,0.19825,0.038667,2.808208,6.895917,100,10
selection,2427,52,0.185458,0.032041,2.639333,6.50775,100,11
selection,2428,52,0.175208,0.034625,2.843875,6.764625,100,12
selection,2429,52,0.242,0.050833,3.403584,7.342542,100,13
selection,2430,52,2.194167,0.039875,5.118375,9.344084,100,14
selection,2431,52,0.1555,0.0435,3.260875,7.416959,100,15
selection,2432,52,0.143125,0.0315,2.893083,6.502542,100,16
selection,2433,52,0.156542,0.039542,3.45725,7.905542,100,17
selection,2434,52,0.220459,0.057334,3.88075,8.155959,100,18
selection,2435,52,0.158125,0.031542,3.24,6.622625,100,19
selection,2436,52,0.150583,0.028417,3.56925,7.597542,100,20
empty,2437,52,1.110875,0.037792,2.745292,4.722292,0,
invoke,2438,53,,,4.060584,4.781417,0,
input,2439,53,2.10575,0.211292,7.696416,9.781416,3,0
input,2440,53,0.209416,0.201375,3.579958,5.683791,2,0
input,2441,53,1.530875,0.157708,4.2955,6.569959,1,0
input,2442,53,0.181042,0.194833,3.143917,4.566292,1,0
input,2443,53,1.918958,0.168708,4.58325,5.920708,1,0
input,2444,53,0.162,0.147542,2.653167,3.922417,1,0
input,2445,53,0.126916,0.03425,3.549791,5.159625,0,
input,2446,53,0.169625,0.0415,2.10725,2.922792,0,
input,2447,53,2.062959,0.042459,3.701167,4.42875,0,
input,2448,53,0.190166,0.321833,5.132791,8.016875,100,0
input,2449,53,1.603625,0.359,5.948667,8.130583,100,0
input,2450,53,0.593709,0.326292,3.980459,6.191834,100,0
input,2451,53,1.596375,0.395375,5.559042,8.083958,100,0
input,2452,53,1.316167,0.045125,3.608625,5.959667,0,
input,2453,53,3.91,0.043292,5.684583,6.47275,0,
input,2454,53,0.159375,0.037417,1.784833,2.571375,0,
input,2455,53,0.198209,0.082458,2.123709,2.963459,0,
input,2456,53,0.131083,0.055084,1.58225,2.212458,0,
input,2457,53,6.75,0.065334,8.300791,9.045458,0,
input,2458,53,0.128791,0.046666,2.13025,2.760666,0,
input,2459,53,1.03425,0.068625,2.458625,3.088041,0,
input,2460,53,0.118167,0.060917,2.478667,3.128292,0,
input,2461,53,0.156542,0.073459,1.85625,2.700458,0,
input,2462,53,0.207875,0.075708,1.89125,2.616292,0,
selection,2463,53,0.601042,0.056542,3.836209,5.979209,100,1
selection,2464,53,0.273958,0.048,2.801417,4.715167,100,2
selection,2465,53,0.249167,0.064917,3.101625,4.887834,100,3
selection,2466,53,0.225416,0.045542,2.882208,4.739958,100,4
selection,2467,53,0.191916,0.041125,2.50025,4.490166,100,5
selection,2468,53,1.597,0.064458,4.368667,9.108084,100,6
selection,2469,53,0.151417,0.032166,2.309125,6.921042,100,7
selection,2470,53,0.163375,0.035334,2.80375,7.814167,100,8
selection,2471,53,0.211042,0.047917,3.200792,7.74375,100,9
selection,2472,53,0.305792,0.072667,3.794042,8.162625,100,10
selection,2473,53,0.250792,0.045417,3.118875,7.480917,100,11
selection,2474,53,1.541125,0.044291,4.565125,9.283959,100,12
selection,2475,53,0.176041,0.041208,3.100125,7.247583,100,13
selection,2476,53,0.248667,0.056625,3.737042,8.1485,100,14
selection,2477,53,0.174708,0.035292,3.275583,7.394708,100,15
selection,2478,53,0.199666,0.041041,3.358541,7.475666,100,16
selection,2479,53,0.178208,0.044042,3.37225,7.597875,100,17
selection,2480,53,1.131042,0.059875,4.783667,9.05,100,18
selection,2481,53,0.14725,0.031333,3.796084,7.866125,100,19
selection,2482,53,0.6,0.045083,4.062125,8.0,100,20
empty,2483,53,0.138291,0.039208,1.808875,3.811541,0,
invoke,2484,54,,,4.280458,4.830958,0,
input,2485,54,2.202125,0.212208,7.456083,9.472333,3,0
input,2486,54,7.5745,0.192708,10.784083,13.090166,2,0
input,2487,54,1.575292,0.17225,4.176125,8.518709,1,0
input,2488,54,0.2035,0.2115,3.356125,4.653,1,0
input,2489,54,1.762125,0.19125,4.637292,6.118083,1,0
input,2490,54,1.943416,0.202667,4.93475,6.4965,1,0
input,2491,54,1.284542,0.038875,3.590042,5.3975,0,
input,2492,54,4.7035,0.041792,6.347458,7.100917,0,
input,2493,54,0.158291,0.034709,1.517666,2.179,0,
input,2494,54,0.172417,0.38025,5.11925,8.261417,100,0
input,2495,54,0.148333,0.33325,5.408083,7.659,100,0
input,2496,54,0.171959,0.34475,5.623542,7.736042,100,0
input,2497,54,1.596875,0.36325,5.681834,7.932167,100,0
input,2498,54,0.101792,0.044584,2.263667,4.435208,0,
input,2499,54,5.621375,0.048375,7.374875,8.218084,0,
input,2500,54,1.588334,0.046125,3.268334,4.001334,0,
input,2501,54,0.204291,0.057792,5.439708,6.137541,0,
input,2502,54,0.136458,0.065959,3.482458,4.14675,0,
input,2503,54,0.152833,0.060542,1.602333,2.241333,0,
input,2504,54,0.193416,0.054583,2.455458,3.202,0,
input,2505,54,0.136167,0.061334,1.322417,1.867917,0,
input,2506,54,0.18,0.074459,3.287792,3.88925,0,
input,2507,54,0.198833,0.074333,1.9105,2.638,0,
input,2508,54,0.269209,0.073583,2.605875,3.417167,0,
selection,2509,54,0.95575,0.069125,4.117,6.260125,100,1
selection,2510,54,0.23575,0.046583,2.442709,4.024125,100,2
selection,2511,54,0.246416,0.066625,2.797125,4.861875,100,3
selection,2512,54,0.179459,0.044083,2.377834,3.937959,100,4
selection,2513,54,1.092042,0.048875,3.594292,5.576542,100,5
selection,2514,54,1.906125,0.052833,4.631875,8.967583,100,6
selection,2515,54,0.208709,0.04925,2.9925,7.657,100,7
selection,2516,54,0.158125,0.037625,3.008791,7.745875,100,8
selection,2517,54,0.242667,0.054458,3.1175,7.536125,100,9
selection,2518,54,0.223167,0.050792,3.39975,8.184709,100,10
selection,2519,54,1.657833,0.037375,4.631625,9.582667,100,11
selection,2520,54,0.266458,0.063083,3.799833,8.0775,100,12
selection,2521,54,0.191334,0.054292,3.444209,7.8815,100,13
selection,2522,54,0.195,0.037792,3.285167,7.425167,100,14
selection,2523,54,2.178292,0.035333,5.522333,9.704292,100,15
selection,2524,54,8.245875,0.058458,12.0125,16.649042,100,16
selection,2525,54,0.15025,0.040042,3.754208,8.478,100,17
selection,2526,54,0.207291,0.051292,3.755125,7.7345,100,18
selection,2527,54,0.156875,0.0305,3.471583,7.771791,100,19
selection,2528,54,0.151708,0.030042,3.398041,7.0885,100,20
empty,2529,54,1.650792,0.046542,3.650084,5.954875,0,
invoke,2530,55,,,4.399167,4.999459,0,
input,2531,55,0.162166,0.23275,5.998666,8.080208,3,0
input,2532,55,5.955333,0.123375,9.119708,11.335083,2,0
input,2533,55,1.550166,0.200708,4.651708,6.933125,1,0
input,2534,55,1.584708,0.19325,4.557125,5.94725,1,0
input,2535,55,1.854625,0.17625,4.688917,6.143333,1,0
input,2536,55,2.044083,0.155291,4.610666,5.855375,1,0
input,2537,55,0.120792,0.040916,2.190792,4.198625,0,
input,2538,55,0.207667,0.042292,4.211792,4.966667,0,
input,2539,55,0.178042,0.043042,1.932708,2.770333,0,
input,2540,55,0.174625,0.348,4.943541,8.214083,100,0
input,2541,55,10.0995,0.375875,14.513875,17.094208,100,0
input,2542,55,0.206875,0.364292,4.415584,6.698375,100,0
input,2543,55,0.1645,0.377792,4.393833,6.764375,100,0
input,2544,55,0.151333,0.043917,2.371167,4.748958,0,
input,2545,55,0.20425,0.043583,2.270167,3.018917,0,
input,2546,55,0.186083,0.03725,3.276833,3.898041,0,
input,2547,55,0.183833,0.080791,4.008583,4.730833,0,
input,2548,55,0.131834,0.059458,1.507167,2.124834,0,
input,2549,55,0.117292,0.052958,1.527125,2.249667,0,
input,2550,55,0.174791,0.062666,1.691416,2.480166,0,
input,2551,55,0.200125,0.067416,2.030583,2.853458,0,
input,2552,55,0.251166,0.099541,2.542083,3.463875,0,
input,2553,55,0.31575,0.082542,2.176416,2.974416,0,
input,2554,55,0.137833,0.057916,3.649833,4.395916,0,
selection,2555,55,0.241375,0.055542,3.120584,4.92925,100,1
selection,2556,55,0.2685,0.065166,2.781334,4.644667,100,2
selection,2557,55,0.588083,0.040875,2.647916,4.068375,100,3
selection,2558,55,0.238792,0.057667,2.46,4.187292,100,4
selection,2559,55,5.20375,0.064375,7.68875,9.743542,100,5
selection,2560,55,1.899167,0.059083,4.7375,9.502542,100,6
selection,2561,55,0.162041,0.040417,2.887375,7.757083,100,7
selection,2562,55,0.210792,0.045834,3.081417,7.640583,100,8
selection,2563,55,0.201583,0.042,2.910417,7.201458,100,9
selection,2564,55,0.21075,0.067209,3.237583,7.576583,100,10
selection,2565,55,2.054833,0.052875,5.191458,10.206666,100,11
selection,2566,55,0.19875,0.069084,3.426334,7.7505,100,12
selection,2567,55,0.221667,0.053875,3.620542,8.053,100,13
selection,2568,55,0.162459,0.036542,3.33925,7.62525,100,14
selection,2569,55,1.897125,0.043792,5.212166,9.49075,100,15
selection,2570,55,0.44725,0.049917,3.922042,9.055708,100,16
selection,2571,55,0.234584,0.058666,3.864417,8.286625,100,17
selection,2572,55,0.17375,0.039542,3.652875,7.735959,100,18
selection,2573,55,0.203459,0.048041,3.922292,8.764292,100,19
selection,2574,55,0.214625,0.055791,3.912834,7.925667,100,20
empty,2575,55,0.139458,0.045459,1.960125,3.933375,0,
invoke,2576,56,,,3.967375,4.63,0,
input,2577,56,0.127375,0.238292,5.769208,7.82625,3,0
input,2578,56,5.723291,0.119667,8.214041,10.237083,2,0
input,2579,56,2.083125,0.205166,5.604875,9.029375,1,0
input,2580,56,0.19525,0.179375,3.157334,4.72275,1,0
input,2581,56,0.364708,0.178833,3.215125,4.746625,1,0
input,2582,56,0.225084,0.204583,3.007209,4.381375,1,0
input,2583,56,0.143416,0.031041,2.734333,4.562583,0,
input,2584,56,0.149208,0.041416,1.873042,2.656208,0,
input,2585,56,1.557,0.044875,3.279917,4.061708,0,
input,2586,56,0.189459,0.344083,6.974459,9.978292,100,0
input,2587,56,0.145667,0.318792,5.847583,7.680125,100,0
input,2588,56,1.54025,0.345667,5.63525,7.776708,100,0
input,2589,56,0.165,0.381792,4.296167,6.5835,100,0
input,2590,56,0.102916,0.032625,1.758166,3.69575,0,
input,2591,56,0.134,0.035417,1.458542,2.066042,0,
input,2592,56,0.141959,0.039292,3.854959,4.484542,0,
input,2593,56,0.132625,0.062458,1.457375,2.161708,0,
input,2594,56,1.740584,0.055041,3.048417,3.668542,0,
input,2595,56,0.113542,0.052666,2.791959,3.512625,0,
input,2596,56,0.102875,0.04875,1.124,1.620125,0,
input,2597,56,0.143334,0.059042,2.576167,3.242042,0,
input,2598,56,0.202,0.077375,2.140375,2.972792,0,
input,2599,56,1.930625,0.084875,3.855333,4.641958,0,
input,2600,56,0.128583,0.061792,3.435042,4.171333,0,
selection,2601,56,0.725666,0.054916,3.846666,5.858416,100,1
selection,2602,56,1.2965,0.066792,4.001541,5.934375,100,2
selection,2603,56,1.690458,0.047708,4.02825,5.669375,100,3
selection,2604,56,0.158,0.037209,2.43725,4.1625,100,4
selection,2605,56,0.356166,0.093708,3.46525,5.659916,100,5
selection,2606,56,0.300834,0.07625,3.476542,7.854125,100,6
selection,2607,56,0.245209,0.057667,3.265959,7.405292,100,7
selection,2608,56,0.309166,0.058333,2.949291,7.547166,100,8
selection,2609,56,1.590958,0.052959,4.357375,8.855541,100,9
selection,2610,56,0.196584,0.04475,3.179,7.766625,100,10
selection,2611,56,0.194333,0.046667,3.364791,7.878333,100,11
selection,2612,56,0.181625,0.034584,3.043958,7.004,100,12
selection,2613,56,0.192083,0.041375,3.326916,7.552291,100,13
selection,2614,56,2.25425,0.046416,5.354083,9.316125,100,14
selection,2615,56,0.170375,0.041125,3.391041,7.790208,100,15
selection,2616,56,6.125541,0.061042,9.602,14.408125,100,16
selection,2617,56,0.203583,0.046125,4.068083,8.310666,100,17
selection,2618,56,0.165541,0.031833,3.334916,7.472666,100,18
selection,2619,56,0.169333,0.033833,3.508583,7.305417,100,19
selection,2620,56,2.045958,0.051708,5.937792,11.04875,100,20
empty,2621,56,0.147042,0.042083,1.92675,4.072917,0,
invoke,2622,57,,,4.593917,5.146167,0,
input,2623,57,1.360792,0.156125,7.004042,9.131458,3,0
input,2624,57,0.188167,0.124833,6.346792,8.28225,2,0
input,2625,57,0.192292,0.177667,4.700375,6.427209,1,0
input,2626,57,5.951,0.162458,8.743125,10.363333,1,0
input,2627,57,0.136417,0.1305,2.251375,3.264625,1,0
input,2628,57,0.173917,0.193291,2.8675,4.012333,1,0
input,2629,57,1.351666,0.036166,3.156166,4.780458,0,
input,2630,57,3.14675,0.033083,4.862083,5.564708,0,
input,2631,57,0.17075,0.035875,3.390167,4.126875,0,
input,2632,57,0.179833,0.351,5.105333,7.774792,100,0
input,2633,57,0.161833,0.370292,5.854875,8.339041,100,0
input,2634,57,2.133334,0.36325,6.172042,8.358209,100,0
input,2635,57,0.136209,0.341125,3.587584,5.601875,100,0
input,2636,57,1.243417,0.035042,2.973875,4.871292,0,
input,2637,57,4.945458,0.033208,6.371,7.017833,0,
input,2638,57,0.126125,0.029125,1.312458,1.924166,0,
input,2639,57,0.131583,0.051834,1.460125,2.128208,0,
input,2640,57,0.131041,0.050917,1.430666,2.061666,0,
input,2641,57,1.204541,0.045667,2.223125,2.750416,0,
input,2642,57,0.108125,0.051333,2.687584,3.344459,0,
input,2643,57,0.1525,0.079083,1.905834,2.644209,0,
input,2644,57,0.2585,0.072292,2.162625,2.909333,0,
input,2645,57,0.128292,0.064125,1.4355,2.0645,0,
input,2646,57,0.13425,0.061167,1.604083,2.282708,0,
selection,2647,57,0.22825,0.043042,3.191042,5.367792,100,1
selection,2648,57,0.243375,0.067167,2.838083,4.555458,100,2
selection,2649,57,0.226959,0.052667,2.917334,4.814084,100,3
selection,2650,57,0.604375,0.046875,3.074583,4.734,100,4
selection,2651,57,0.160584,0.037875,2.381625,4.222792,100,5
selection,2652,57,0.164959,0.039333,2.549209,6.708042,100,6
selection,2653,57,0.232125,0.0625,3.205625,7.624917,100,7
selection,2654,57,0.283791,0.036791,2.805666,6.938375,100,8
selection,2655,57,2.1505,0.047208,4.958625,9.905125,100,9
selection,2656,57,0.166458,0.040125,3.045041,7.849666,100,10
selection,2657,57,0.2715,0.050084,3.727916,8.393625,100,11
selection,2658,57,0.189583,0.080459,3.10475,7.477,100,12
selection,2659,57,1.952375,0.038542,4.791417,9.066417,100,13
selection,2660,57,0.3995,0.042333,3.668875,7.92925,100,14
selection,2661,57,0.199458,0.04025,3.574125,8.1525,100,15
selection,2662,57,0.217958,0.055708,3.606833,7.883166,100,16
selection,2663,57,0.220375,0.050583,4.0275,8.583375,100,17
selection,2664,57,1.062292,0.040042,4.578375,8.944208,100,18
selection,2665,57,0.235125,0.05425,3.954792,8.171792,100,19
selection,2666,57,0.226583,0.060125,3.735541,7.697083,100,20
empty,2667,57,0.096375,0.02875,1.463417,3.449667,0,
invoke,2668,58,,,4.1575,6.473125,0,
input,2669,58,0.150584,0.203958,5.559125,7.742375,3,0
input,2670,58,4.812208,0.207958,8.11525,10.165666,2,0
input,2671,58,1.576625,0.20425,4.826417,8.721084,1,0
input,2672,58,0.177167,0.174834,2.950167,4.444583,1,0
input,2673,58,1.939083,0.150958,4.521333,5.682333,1,0
input,2674,58,0.205875,0.175375,4.638292,5.824167,1,0
input,2675,58,0.106542,0.034542,2.123625,3.894209,0,
input,2676,58,0.18925,0.040667,3.561958,4.265916,0,
input,2677,58,0.174667,0.038666,1.744708,2.399292,0,
input,2678,58,0.160125,0.350584,5.2285,8.13125,100,0
input,2679,58,1.505417,0.326083,5.339042,8.017292,100,0
input,2680,58,0.206542,0.362791,4.367,6.541583,100,0
input,2681,58,0.126792,0.369584,3.629625,5.6015,100,0
input,2682,58,1.328208,0.034208,3.063583,4.953583,0,
input,2683,58,0.139084,0.032666,1.479209,2.167459,0,
input,2684,58,0.14825,0.0355,3.005167,3.720833,0,
input,2685,58,0.132125,0.051792,1.489542,2.200167,0,
input,2686,58,0.084959,0.046541,1.282917,1.912084,0,
input,2687,58,0.875209,0.0575,2.133792,2.672625,0,
input,2688,58,0.145625,0.053375,2.905834,3.510709,0,
input,2689,58,0.115,0.064875,1.475542,2.112667,0,
input,2690,58,0.160458,0.067583,1.879583,2.692583,0,
input,2691,58,0.482375,0.064584,2.150417,2.871417,0,
input,2692,58,0.172375,0.073958,2.514792,3.27725,0,
selection,2693,58,2.124167,0.063125,5.385125,7.50775,100,1
selection,2694,58,1.589125,0.062792,4.544084,6.318959,100,2
selection,2695,58,1.667542,0.053792,4.104959,5.98575,100,3
selection,2696,58,2.119375,0.053041,4.588375,6.361958,100,4
selection,2697,58,2.139791,0.05775,4.868041,7.061916,100,5
selection,2698,58,1.474208,0.057,4.338875,8.917458,100,6
selection,2699,58,0.209208,0.050333,2.651375,7.580583,100,7
selection,2700,58,0.171792,0.036875,2.883833,7.81875,100,8
selection,2701,58,0.198375,0.041375,3.11775,8.048042,100,9
selection,2702,58,0.198542,0.03775,3.149958,7.911625,100,10
selection,2703,58,0.212708,0.039458,3.217458,7.623625,100,11
selection,2704,58,1.9835,0.055875,5.027875,9.839666,100,12
selection,2705,58,0.232792,0.047125,3.131167,7.679042,100,13
selection,2706,58,0.25075,0.058875,3.9755,8.336917,100,14
selection,2707,58,0.207,0.045208,3.481125,7.636041,100,15
selection,2708,58,4.920208,0.044959,8.258791,12.893333,100,16
selection,2709,58,0.154458,0.037542,3.325792,7.515875,100,17
selection,2710,58,0.180708,0.037083,3.623125,8.028083,100,18
selection,2711,58,0.223458,0.048,3.855583,7.978333,100,19
selection,2712,58,2.145292,0.039833,6.002667,10.712708,100,20
empty,2713,58,0.119708,0.039166,1.698958,3.74325,0,
invoke,2714,59,,,4.152125,4.73975,0,
input,2715,59,0.162167,0.229541,6.665667,8.81375,3,0
input,2716,59,8.06225,0.18,11.386625,13.588458,2,0
input,2717,59,1.566459,0.207209,4.75375,7.054875,1,0
input,2718,59,1.532709,0.19725,4.745542,6.127417,1,0
input,2719,59,1.750084,0.156042,4.306792,5.827417,1,0
input,2720,59,0.160291,0.16225,2.916583,4.2405,1,0
input,2721,59,0.119292,0.03325,3.529459,5.371542,0,
input,2722,59,0.198459,0.045875,2.399875,3.217792,0,
input,2723,59,0.142083,0.03225,1.486,2.16975,0,
input,2724,59,0.16475,0.3525,5.261291,8.135333,100,0
input,2725,59,0.160292,0.353333,5.919167,8.381167,100,0
input,2726,59,0.188542,0.342916,5.147833,7.205792,100,0
input,2727,59,0.199416,0.354542,4.866791,6.825375,100,0
input,2728,59,0.123917,0.037083,2.110708,4.3845,0,
input,2729,59,0.148375,0.053958,2.271042,3.099458,0,
input,2730,59,1.547834,0.043666,3.145542,3.804334,0,
input,2731,59,0.198833,0.057291,2.107791,2.83525,0,
input,2732,59,0.676834,0.066042,2.180417,2.750625,0,
input,2733,59,0.163834,0.052166,2.539542,3.131959,0,
input,2734,59,0.113417,0.058209,1.333042,1.859875,0,
input,2735,59,0.1085,0.062208,3.348875,4.086875,0,
input,2736,59,1.132375,0.07675,2.776667,3.495125,0,
input,2737,59,0.143333,0.056541,2.227583,2.85375,0,
input,2738,59,0.125209,0.065292,1.486917,2.109459,0,
selection,2739,59,0.322417,0.071083,3.317458,5.302542,100,1
selection,2740,59,0.230708,0.058417,2.51425,4.104708,100,2
selection,2741,59,0.152417,0.034333,1.958209,3.432959,100,3
selection,2742,59,0.203291,0.03475,1.928208,3.292916,100,4
selection,2743,59,0.152833,0.037875,2.307167,3.999417,100,5
selection,2744,59,0.2125,0.054416,2.7725,7.129666,100,6
selection,2745,59,0.18875,0.050458,2.626958,7.647,100,7
selection,2746,59,0.200709,0.050375,3.394584,8.120625,100,8
selection,2747,59,0.255334,0.062041,3.23375,7.647417,100,9
selection,2748,59,0.260125,0.055667,3.028209,7.529584,100,10
selection,2749,59,1.7565,0.042583,4.880333,9.464666,100,11
selection,2750,59,0.193959,0.0405,3.201875,7.729667,100,12
selection,2751,59,0.181708,0.040958,3.211083,7.572916,100,13
selection,2752,59,0.180417,0.036333,3.385959,7.263709,100,14
selection,2753,59,0.241916,0.0455,3.352541,7.639041,100,15
selection,2754,59,1.935792,0.034166,5.02425,9.4785,100,16
selection,2755,59,0.210875,0.052958,3.507792,7.844708,100,17
selection,2756,59,0.22025,0.05625,4.193958,8.488375,100,18
selection,2757,59,0.176917,0.035416,3.511583,7.88,100,19
selection,2758,59,1.6985,0.039083,5.3965,9.772542,100,20
empty,2759,59,0.145542,0.0425,2.07925,4.612458,0,
