operation,sample,cycle,dispatch_ms,controller_ms,graph_ms,draw_proxy_ms,results,selected
invoke,0,0,,,6.423667,7.873167,0,
input,1,0,0.379667,0.266792,27.8525,33.694833,3,0
input,2,0,10.288458,0.149875,14.986958,17.222666,2,0
input,3,0,1.39925,0.127959,4.22,6.146083,1,0
input,4,0,2.470042,0.190125,5.615459,6.929959,1,0
input,5,0,1.862292,0.165834,4.662084,6.0225,1,0
input,6,0,2.0635,0.166666,4.8695,6.286125,1,0
input,7,0,1.679667,0.044917,4.55625,6.819042,0,
input,8,0,1.873416,0.036834,3.613916,4.438208,0,
input,9,0,0.154166,0.041833,1.84,2.598458,0,
input,10,0,0.227042,0.369584,6.894,11.115917,100,0
input,11,0,0.141458,0.312083,3.477417,5.296583,100,0
input,12,0,0.17675,0.343,5.061834,7.128,100,0
input,13,0,0.145833,0.3685,3.926291,6.044958,100,0
input,14,0,0.105417,0.034083,2.459792,4.351042,0,
input,15,0,0.144792,0.034458,3.537334,4.158167,0,
input,16,0,1.716917,0.05175,3.223833,3.8425,0,
input,17,0,0.131458,51.285833,52.949417,53.588417,0,
input,18,0,0.148667,49.807709,54.401458,55.004792,0,
input,19,0,0.762166,51.562334,53.625166,54.213583,0,
input,20,0,0.105834,51.868584,53.5425,54.127709,0,
input,21,0,0.077667,52.423208,53.788375,54.398,0,
input,22,0,0.391167,50.605291,52.236083,52.81975,0,
input,23,0,0.090125,50.8535,52.088292,52.55725,0,
input,24,0,0.11225,52.251292,53.581,54.132292,0,
selection,25,0,0.241709,0.029125,2.4085,3.929,100,1
selection,26,0,0.08475,0.018875,1.46975,2.695583,100,2
selection,27,0,0.770208,0.020958,2.3425,3.664166,100,3
selection,28,0,0.128166,0.02925,1.933875,3.425541,100,4
selection,29,0,0.159458,0.062791,2.381042,4.201625,100,5
selection,30,0,1.345792,0.037875,3.592209,7.806,100,6
selection,31,0,0.108916,0.023042,2.0255,6.028291,100,7
selection,32,0,0.219291,0.029458,2.451583,6.868666,100,8
selection,33,0,0.202625,0.045417,2.803875,7.334625,100,9
selection,34,0,0.17825,0.039667,2.912917,7.112167,100,10
selection,35,0,0.161709,0.042333,2.747292,6.909709,100,11
selection,36,0,0.118292,0.026417,2.991584,7.421417,100,12
selection,37,0,0.205625,0.046833,3.519375,8.06975,100,13
selection,38,0,0.190875,0.044791,3.278125,7.054333,100,14
selection,39,0,2.008333,0.052167,5.605875,9.764541,100,15
selection,40,0,0.219834,0.05325,3.7505,8.273459,100,16
selection,41,0,4.8375,0.045916,8.47325,12.930167,100,17
selection,42,0,0.16475,0.044291,3.604583,8.023875,100,18
selection,43,0,0.165375,0.059125,3.663667,7.709875,100,19
selection,44,0,0.210209,0.048042,3.935,7.850875,100,20
empty,45,0,0.10975,0.039167,1.825083,3.814083,0,
invoke,46,1,,,4.481209,5.067459,0,
input,47,1,0.15625,0.211917,6.231417,8.514292,3,0
input,48,1,1.490041,0.200917,4.532333,6.828791,2,0
input,49,1,2.031042,0.145125,4.706292,6.695959,1,0
input,50,1,3.363375,0.160042,6.58425,8.074083,1,0
input,51,1,1.643416,0.118833,4.070916,5.370666,1,0
input,52,1,0.161334,0.157292,2.749,4.159084,1,0
input,53,1,0.098584,0.039541,2.181042,3.874,0,
input,54,1,0.20175,0.034625,6.039791,6.718208,0,
input,55,1,0.180417,0.031583,3.628458,4.317917,0,
input,56,1,0.990459,0.36825,6.12675,9.040792,100,0
input,57,1,0.138667,0.326625,4.714917,6.976875,100,0
input,58,1,0.18525,0.322708,4.521083,6.896833,100,0
input,59,1,0.185458,0.331458,4.618291,6.68875,100,0
input,60,1,0.085416,0.032792,2.283083,4.482916,0,
input,61,1,0.187,0.037375,2.667708,3.3485,0,
input,62,1,1.882375,0.039208,3.439208,4.179042,0,
input,63,1,0.210875,53.385958,55.473042,56.181875,0,
input,64,1,0.104542,50.28175,51.75225,52.4235,0,
input,65,1,0.100792,51.467167,52.888958,53.459083,0,
input,66,1,0.094792,52.299,54.873875,55.59975,0,
input,67,1,0.096333,51.50575,52.756,53.308583,0,
input,68,1,0.086333,52.900833,54.163375,54.7055,0,
input,69,1,0.178083,51.994708,53.253125,53.805083,0,
input,70,1,0.1045,53.790709,55.07575,55.695083,0,
selection,71,1,0.135375,0.033584,2.495708,4.146375,100,1
selection,72,1,0.153791,0.040917,2.030041,3.610791,100,2
selection,73,1,1.6285,0.02475,3.121709,4.360167,100,3
selection,74,1,0.13475,0.035084,1.997708,3.504666,100,4
selection,75,1,0.1305,0.030792,2.199208,4.161333,100,5
selection,76,1,0.576042,0.048083,3.012417,7.219,100,6
selection,77,1,0.181625,0.04625,2.4185,6.363,100,7
selection,78,1,0.146583,0.030875,2.465833,6.596958,100,8
selection,79,1,0.167167,0.040458,2.399084,6.412625,100,9
selection,80,1,0.189208,0.03025,2.721458,7.076708,100,10
selection,81,1,0.17225,0.040791,3.071875,7.018958,100,11
selection,82,1,0.142291,0.03325,2.919333,7.4035,100,12
selection,83,1,0.139083,0.028417,2.985458,7.278625,100,13
selection,84,1,0.211167,0.051333,3.798667,8.663792,100,14
selection,85,1,0.165875,0.034333,3.237667,7.709375,100,15
selection,86,1,1.879958,0.039334,5.245083,9.393583,100,16
selection,87,1,0.202209,0.044292,3.888875,8.487584,100,17
selection,88,1,0.1615,0.027375,3.279209,7.677334,100,18
selection,89,1,0.158792,0.031667,3.880042,8.391625,100,19
selection,90,1,1.410375,0.035917,4.697458,8.846958,100,20
empty,91,1,0.114083,0.029834,1.521166,3.585583,0,
invoke,92,2,,,9.256958,9.85025,0,
input,93,2,4.523209,0.114416,9.3195,11.403459,3,0
input,94,2,0.147625,0.143916,6.970667,8.973959,2,0
input,95,2,5.559208,0.190833,8.630875,10.59575,1,0
input,96,2,1.254417,0.203375,4.42075,5.980334,1,0
input,97,2,1.638459,0.172167,4.461625,5.862542,1,0
input,98,2,2.20575,0.182875,5.150458,6.279458,1,0
input,99,2,1.892958,0.041167,4.245417,5.963125,0,
input,100,2,7.781459,0.036875,9.672334,10.601042,0,
input,101,2,0.199709,0.03975,1.948459,2.725042,0,
input,102,2,0.149917,0.36625,5.348042,8.479084,100,0
input,103,2,1.317875,0.363542,5.386583,7.833042,100,0
input,104,2,0.195125,0.366708,4.374834,6.48575,100,0
input,105,2,0.186333,0.384291,6.408333,8.743583,100,0
input,106,2,0.15525,0.044875,3.914083,6.066708,0,
input,107,2,0.178959,0.035583,3.00275,3.629334,0,
input,108,2,0.657833,0.041334,2.348958,3.114542,0,
input,109,2,0.1745,53.587083,55.964917,56.640542,0,
input,110,2,0.11975,50.196917,51.806041,52.486875,0,
input,111,2,0.115625,51.281958,54.633125,55.229292,0,
input,112,2,0.798291,51.889166,53.933083,54.494125,0,
input,113,2,4.073292,53.120584,58.489792,59.041459,0,
input,114,2,1.366041,52.403,54.935125,55.495916,0,
input,115,2,0.089583,52.030958,53.392,54.011458,0,
input,116,2,0.08225,55.075125,57.555834,58.133167,0,
selection,117,2,0.151875,0.038333,2.455,3.906875,100,1
selection,118,2,0.115583,0.0265,1.8945,3.348666,100,2
selection,119,2,1.807125,0.019083,3.379209,4.716167,100,3
selection,120,2,0.071541,0.018417,1.401916,2.684166,100,4
selection,121,2,0.128708,0.0295,2.069875,3.69725,100,5
selection,122,2,1.709,0.033625,3.752041,7.353458,100,6
selection,123,2,0.726958,0.028458,2.826541,6.872833,100,7
selection,124,2,0.13925,0.032,2.159,6.123333,100,8
selection,125,2,0.161833,0.032875,2.468167,6.63475,100,9
selection,126,2,2.0805,0.034167,4.635583,8.953,100,10
selection,127,2,0.156208,0.036375,2.717791,6.876333,100,11
selection,128,2,0.234291,0.054875,3.379833,7.621458,100,12
selection,129,2,0.14575,0.029833,3.023125,7.26625,100,13
selection,130,2,0.157,0.02975,2.9625,6.922708,100,14
selection,131,2,0.211166,0.048625,3.1835,7.594458,100,15
selection,132,2,0.136542,0.024792,2.753792,7.100875,100,16
selection,133,2,0.14925,0.032417,3.318709,7.67425,100,17
selection,134,2,0.174792,0.033625,3.648917,7.708834,100,18
selection,135,2,1.271,0.043625,4.812208,9.146958,100,19
selection,136,2,0.287208,0.045917,3.539792,7.611958,100,20
empty,137,2,0.144459,0.039,1.883834,3.990959,0,
invoke,138,3,,,4.429209,5.032375,0,
input,139,3,2.699083,0.185,7.951333,9.899125,3,0
input,140,3,0.1625,0.200792,3.433083,5.335125,2,0
input,141,3,1.034375,0.173042,3.708917,5.491792,1,0
input,142,3,0.1625,0.169208,2.98325,4.378375,1,0
input,143,3,0.15775,0.156083,2.722542,4.067209,1,0
input,144,3,0.194167,0.1515,3.951667,5.037083,1,0
input,145,3,0.110625,0.037958,2.212917,4.031875,0,
input,146,3,4.466542,0.04125,6.149542,6.855209,0,
input,147,3,0.185417,0.036209,1.856583,2.496917,0,
input,148,3,0.205125,0.323875,4.958458,8.03325,100,0
input,149,3,0.147958,0.34125,4.423125,6.861791,100,0
input,150,3,0.140167,0.345833,4.263834,6.316292,100,0
input,151,3,0.125667,0.353916,4.074792,6.198375,100,0
input,152,3,0.114208,0.042083,2.492583,4.975167,0,
input,153,3,0.196,0.036041,1.890084,2.556167,0,
input,154,3,0.667375,0.03725,2.207417,3.006459,0,
input,155,3,0.1985,52.418416,55.255333,55.871583,0,
input,156,3,0.118875,50.999333,52.473959,53.076375,0,
input,157,3,0.105166,51.180166,52.494458,53.08625,0,
input,158,3,0.100625,51.522625,52.745625,53.282792,0,
input,159,3,0.119708,51.361792,52.797833,53.334333,0,
input,160,3,1.063667,51.964542,54.204542,54.748667,0,
input,161,3,0.096708,53.405708,54.608083,55.119541,0,
input,162,3,0.115208,53.415584,54.810583,55.374833,0,
selection,163,3,0.154125,0.032958,2.419917,3.983875,100,1
selection,164,3,0.106958,0.023875,1.720708,3.156166,100,2
selection,165,3,0.125417,0.027709,1.979459,3.606667,100,3
selection,166,3,0.15075,0.035042,2.420333,4.12275,100,4
selection,167,3,0.1695,0.043875,2.506167,4.386,100,5
selection,168,3,0.127917,0.031708,2.308125,6.380792,100,6
selection,169,3,0.130667,0.030292,2.219792,6.303542,100,7
selection,170,3,0.141,0.030333,2.431709,6.52075,100,8
selection,171,3,0.183208,0.046,2.810042,6.895792,100,9
selection,172,3,0.193125,0.057667,3.018625,7.826209,100,10
selection,173,3,0.179333,0.041792,3.126875,7.360875,100,11
selection,174,3,0.153375,0.03025,2.841875,6.684791,100,12
selection,175,3,0.194625,0.0405,3.198583,7.785125,100,13
selection,176,3,0.206709,0.045583,3.428917,7.872834,100,14
selection,177,3,1.26425,0.044708,4.478083,8.406416,100,15
selection,178,3,0.209209,0.053,3.6475,7.90925,100,16
selection,179,3,0.142,0.031833,3.709542,8.225959,100,17
selection,180,3,0.221459,0.053625,3.988084,8.566875,100,18
selection,181,3,1.759833,0.049208,5.368583,9.652333,100,19
selection,182,3,0.116833,0.024833,3.276083,7.062708,100,20
empty,183,3,0.125042,0.03625,2.831542,5.055875,0,
invoke,184,4,,,3.965334,4.606459,0,
input,185,4,0.180041,0.205208,6.595708,8.700291,3,0
input,186,4,8.479833,0.162333,11.918666,14.3835,2,0
input,187,4,0.163084,0.138417,5.185417,7.164417,1,0
input,188,4,7.983291,0.18275,10.909,12.336125,1,0
input,189,4,1.951292,0.179417,4.834584,6.089209,1,0
input,190,4,0.147292,0.196583,2.843459,4.027209,1,0
input,191,4,0.129166,0.040834,3.605541,5.518041,0,
input,192,4,1.362834,0.036166,2.794209,3.609417,0,
input,193,4,0.179125,0.042667,1.828291,2.596791,0,
input,194,4,0.162834,0.376166,5.177542,8.161584,100,0
input,195,4,0.13825,0.339125,3.994084,6.512125,100,0
input,196,4,0.184667,0.360708,4.07975,6.543417,100,0
input,197,4,0.168458,0.370667,5.123458,7.206625,100,0
input,198,4,0.109667,0.039792,2.112375,4.521917,0,
input,199,4,0.131709,0.041458,1.851667,2.637584,0,
input,200,4,0.193542,0.032667,3.312584,4.032,0,
input,201,4,1.135666,53.085375,56.31175,57.075083,0,
input,202,4,0.31375,50.483958,52.46925,53.065583,0,
input,203,4,0.103333,51.721375,53.497083,54.079625,0,
input,204,4,0.132625,52.435125,54.35375,54.884916,0,
input,205,4,0.105958,51.70325,57.10825,57.669958,0,
input,206,4,0.142292,52.459583,54.131958,54.676417,0,
input,207,4,0.105917,52.478625,55.153209,55.693125,0,
input,208,4,2.111125,53.811708,57.066375,57.619375,0,
selection,209,4,0.152167,0.03625,2.668292,4.306292,100,1
selection,210,4,1.691792,0.03475,4.225375,5.873792,100,2
selection,211,4,0.118625,0.025375,1.747792,3.059042,100,3
selection,212,4,0.128792,0.031208,2.0465,3.5325,100,4
selection,213,4,0.144667,0.027958,2.050042,3.850583,100,5
selection,214,4,0.163166,0.034542,2.242916,5.878375,100,6
selection,215,4,0.134375,0.03675,2.289459,6.265542,100,7
selection,216,4,0.153917,0.035458,2.351625,6.068084,100,8
selection,217,4,0.157167,0.03975,2.917167,7.429167,100,9
selection,218,4,0.164583,0.04175,3.016083,7.4065,100,10
selection,219,4,0.1585,0.039125,3.085459,7.805875,100,11
selection,220,4,0.139042,0.031917,2.975125,7.55475,100,12
selection,221,4,1.945708,0.049292,4.946375,9.642292,100,13
selection,222,4,0.165834,0.040416,3.260792,7.568667,100,14
selection,223,4,0.175792,0.05275,3.546167,7.775167,100,15
selection,224,4,0.175875,0.039209,3.357292,7.587459,100,16
selection,225,4,3.849583,0.047125,7.488333,11.709375,100,17
selection,226,4,0.205667,0.049542,3.914375,8.215917,100,18
selection,227,4,0.181459,0.035792,3.817334,8.064875,100,19
selection,228,4,0.171917,0.037542,3.768,7.810417,100,20
empty,229,4,1.549875,0.03175,3.116875,5.510541,0,
invoke,230,5,,,4.668708,5.499666,0,
input,231,5,0.172458,0.209833,6.204542,8.51825,3,0
input,232,5,2.558166,0.2095,5.793166,7.745541,2,0
input,233,5,0.163417,0.161167,2.735959,4.652834,1,0
input,234,5,5.391875,0.201666,8.632084,9.978375,1,0
input,235,5,0.2045,0.228375,3.175583,4.545875,1,0
input,236,5,0.182584,0.148959,2.876459,4.169209,1,0
input,237,5,0.133375,0.035083,3.592333,5.388083,0,
input,238,5,1.655417,0.036125,3.245417,3.944375,0,
input,239,5,0.183334,0.039167,1.674709,2.337334,0,
input,240,5,0.171833,0.313791,7.003792,10.61575,100,0
input,241,5,0.139584,0.369541,4.353167,6.906792,100,0
input,242,5,0.192625,0.327,3.924375,6.1555,100,0
input,243,5,0.129167,0.320375,4.611667,6.835708,100,0
input,244,5,0.116917,0.032292,1.965542,3.767834,0,
input,245,5,0.123666,0.034042,3.561625,4.215083,0,
input,246,5,1.859333,0.028666,3.027916,3.617708,0,
input,247,5,0.133083,50.755375,52.224625,52.797625,0,
input,248,5,1.024125,50.618209,52.818,53.3535,0,
input,249,5,0.09475,51.083917,52.314958,52.856875,0,
input,250,5,0.095625,50.751792,56.977125,57.623417,0,
input,251,5,0.095042,51.71625,52.910209,53.465334,0,
input,252,5,0.964125,51.864792,54.02225,54.568833,0,
input,253,5,0.098167,52.983833,54.267208,54.826,0,
input,254,5,0.107625,54.310166,56.415541,56.910625,0,
selection,255,5,0.154417,0.039375,2.766375,4.3225,100,1
selection,256,5,0.156833,0.03425,1.913708,3.177833,100,2
selection,257,5,0.164458,0.032125,2.181125,3.858125,100,3
selection,258,5,0.131584,0.029583,1.974417,3.336167,100,4
selection,259,5,0.153708,0.034833,2.0535,3.655,100,5
selection,260,5,0.112333,0.028125,2.068375,5.746958,100,6
selection,261,5,0.704083,0.033792,3.070916,7.445875,100,7
selection,262,5,0.153834,0.040917,2.693584,6.933209,100,8
selection,263,5,0.16425,0.039125,2.862375,7.0845,100,9
selection,264,5,0.140375,0.030583,2.655958,6.911208,100,10
selection,265,5,0.253667,0.05875,3.736584,7.994459,100,11
selection,266,5,0.202875,0.049209,3.381833,7.998083,100,12
selection,267,5,0.162083,0.031833,3.05925,7.180708,100,13
selection,268,5,0.134917,0.033541,3.038708,7.266375,100,14
selection,269,5,0.219917,0.050834,3.636709,8.066292,100,15
selection,270,5,1.753209,0.060792,5.592417,10.095834,100,16
selection,271,5,0.184667,0.039041,3.728125,8.291958,100,17
selection,272,5,0.188167,0.0305,3.382375,7.723125,100,18
selection,273,5,0.159458,0.033833,3.886125,8.247333,100,19
selection,274,5,1.336333,0.061792,4.914125,9.124417,100,20
empty,275,5,0.115875,0.028417,1.60475,3.609125,0,
invoke,276,6,,,5.839375,6.530208,0,
input,277,6,7.716458,0.134375,13.509333,15.826,3,0
input,278,6,0.144167,0.196208,5.335417,7.499833,2,0
input,279,6,7.882375,0.201709,11.1745,13.177458,1,0
input,280,6,2.424125,0.197958,5.456042,7.041709,1,0
input,281,6,1.734125,0.175333,4.411667,5.731042,1,0
input,282,6,0.178791,0.167,2.984625,4.194958,1,0
input,283,6,0.106583,0.029542,1.925,3.618667,0,
input,284,6,0.156042,0.039166,1.834917,2.6275,0,
input,285,6,0.140041,0.029875,1.527666,2.439458,0,
input,286,6,0.215125,0.375709,6.171292,9.164334,100,0
input,287,6,0.827542,0.351792,4.81825,7.203958,100,0
input,288,6,0.238708,0.339458,4.072875,6.336292,100,0
input,289,6,0.139542,0.377416,4.071208,6.289583,100,0
input,290,6,0.4695,0.05425,2.972708,5.190416,0,
input,291,6,0.158083,0.033666,1.603208,2.295541,0,
input,292,6,0.235958,0.031375,1.650375,2.273125,0,
input,293,6,0.107833,52.891,54.518916,55.14975,0,
input,294,6,0.09575,50.76125,54.037209,54.596625,0,
input,295,6,0.086167,51.35325,58.81875,59.328833,0,
input,296,6,0.103166,50.630959,52.282833,52.83,0,
input,297,6,0.10025,51.516667,52.808458,53.357416,0,
input,298,6,0.093292,52.257459,53.407167,53.903042,0,
input,299,6,0.079917,53.624792,57.369292,57.935708,0,
input,300,6,0.134375,53.252,54.64975,55.132,0,
selection,301,6,0.159375,0.039083,2.689459,4.298834,100,1
selection,302,6,0.152834,0.03825,2.078042,3.606417,100,2
selection,303,6,0.15625,0.036125,2.024208,3.466667,100,3
selection,304,6,0.148417,0.032166,2.241875,3.824875,100,4
selection,305,6,0.124666,0.029375,2.302875,4.200416,100,5
selection,306,6,0.13025,0.033542,2.207083,6.64225,100,6
selection,307,6,0.167375,0.039959,2.561625,6.731208,100,7
selection,308,6,0.157667,0.037,2.706959,6.95675,100,8
selection,309,6,0.16725,0.0395,2.788208,6.827542,100,9
selection,310,6,0.180333,0.039791,3.029042,7.242417,100,10
selection,311,6,0.188583,0.046167,3.350416,7.9165,100,11
selection,312,6,0.215958,0.0605,3.160042,7.71175,100,12
selection,313,6,1.760458,0.051042,5.073333,9.320583,100,13
selection,314,6,0.210916,0.051083,3.479541,7.82675,100,14
selection,315,6,0.251083,0.048875,3.305708,7.561708,100,15
selection,316,6,0.168833,0.030958,3.467041,8.0575,100,16
selection,317,6,0.275,0.040542,3.73275,8.409125,100,17
selection,318,6,0.982917,0.051375,4.258125,8.25775,100,18
selection,319,6,0.127917,0.0275,3.598667,7.879709,100,19
selection,320,6,0.166292,0.037958,3.91925,8.339917,100,20
empty,321,6,0.137417,0.035292,1.807334,3.987625,0,
invoke,322,7,,,4.401125,5.045667,0,
input,323,7,4.619541,0.132958,9.001458,10.830958,3,0
input,324,7,0.81125,0.17125,3.751292,5.603833,2,0
input,325,7,2.44375,0.13675,5.240666,7.184916,1,0
input,326,7,1.33175,0.149125,4.004666,5.294958,1,0
input,327,7,0.192792,0.167209,2.938709,4.9185,1,0
input,328,7,0.194084,0.143667,4.646709,5.8125,1,0
input,329,7,0.122583,0.031959,2.026375,3.785041,0,
input,330,7,0.124875,0.041292,1.753625,2.544167,0,
input,331,7,0.122,0.031208,1.379667,1.984292,0,
input,332,7,0.146375,0.321583,4.386292,6.746375,100,0
input,333,7,0.13575,0.350417,4.281291,6.4235,100,0
input,334,7,0.133333,0.366625,3.561291,5.264416,100,0
input,335,7,0.149125,0.333792,3.349375,5.031834,100,0
input,336,7,0.111333,0.035042,2.94375,4.747333,0,
input,337,7,0.1445,0.027875,1.400875,2.004833,0,
input,338,7,1.11675,0.031916,2.425708,3.035041,0,
input,339,7,0.132791,51.744958,54.667583,55.2585,0,
input,340,7,0.087625,50.190166,53.622792,54.207583,0,
input,341,7,1.33325,53.029958,55.588792,56.290667,0,
input,342,7,1.533917,54.016833,56.98025,57.640209,0,
input,343,7,0.115958,54.683625,56.182083,56.905292,0,
input,344,7,0.114417,54.7345,59.617584,60.212375,0,
input,345,7,0.12275,55.699375,58.563458,59.315833,0,
input,346,7,0.124583,56.778292,58.355958,59.069333,0,
selection,347,7,0.214459,0.054083,2.9155,4.895917,100,1
selection,348,7,0.166,0.045375,2.284416,4.077541,100,2
selection,349,7,0.187084,0.049542,2.501375,4.13875,100,3
selection,350,7,0.195292,0.048875,2.476083,4.30325,100,4
selection,351,7,0.195,0.057291,2.356375,4.321458,100,5
selection,352,7,0.372084,0.048166,2.60025,6.625959,100,6
selection,353,7,0.151959,0.039542,1.960542,5.366417,100,7
selection,354,7,0.168375,0.045292,2.284416,5.757083,100,8
selection,355,7,0.172334,0.04475,2.561375,6.05875,100,9
selection,356,7,0.187375,0.042875,2.755625,6.402958,100,10
selection,357,7,0.171916,0.051,2.991083,6.728541,100,11
selection,358,7,0.177042,0.041791,3.021792,7.076084,100,12
selection,359,7,0.14975,0.053875,2.881708,6.165375,100,13
selection,360,7,0.139958,0.033,2.843458,6.002,100,14
selection,361,7,0.146834,0.032375,2.792917,6.010625,100,15
selection,362,7,0.180709,0.038875,3.131334,6.675375,100,16
selection,363,7,0.1625,0.047125,3.278542,7.028875,100,17
selection,364,7,0.135083,0.034667,2.842958,6.655208,100,18
selection,365,7,0.139125,0.037167,3.01025,6.732584,100,19
selection,366,7,0.142625,0.033,3.134625,6.592833,100,20
empty,367,7,0.092625,0.031542,4.54625,6.280417,0,
invoke,368,8,,,4.406292,5.057208,0,
input,369,8,1.674167,0.110875,5.20525,6.869792,3,0
input,370,8,9.900083,0.092875,11.742292,13.110917,2,0
input,371,8,4.122375,0.108708,6.18625,7.552416,1,0
input,372,8,4.540791,0.107541,6.436083,7.520333,1,0
input,373,8,0.1145,0.122083,3.124583,4.059708,1,0
input,374,8,0.127208,0.120791,5.422458,6.390958,1,0
input,375,8,0.093167,0.035083,6.367209,7.756042,0,
input,376,8,0.127791,0.033208,1.60975,2.25175,0,
input,377,8,0.136916,0.029958,2.012625,2.616416,0,
input,378,8,0.11325,0.309375,7.472666,9.631291,100,0
input,379,8,0.10025,0.324292,6.590416,8.554541,100,0
input,380,8,0.122916,0.34075,4.059791,5.734833,100,0
input,381,8,0.15275,0.355375,4.271333,5.979958,100,0
input,382,8,0.100792,0.036667,3.4685,5.152083,0,
input,383,8,0.10975,0.031875,5.723292,6.415042,0,
input,384,8,0.130333,0.031666,4.916583,5.617417,0,
input,385,8,0.118458,53.028833,54.515125,55.246208,0,
input,386,8,0.807792,53.055667,55.215792,55.923209,0,
input,387,8,1.290542,54.130875,56.850417,57.477417,0,
input,388,8,1.416834,53.980917,56.81775,57.487417,0,
input,389,8,0.240834,54.657125,56.286,56.971292,0,
input,390,8,0.111375,54.19125,59.574,60.146291,0,
input,391,8,0.1295,55.39925,58.998916,59.728541,0,
input,392,8,0.848959,56.847292,58.951,59.563125,0,
selection,393,8,2.077959,0.053333,4.3285,5.910209,100,1
selection,394,8,0.146584,0.036458,2.097792,3.461917,100,2
selection,395,8,0.144542,0.032208,1.819917,3.177542,100,3
selection,396,8,0.533292,0.02775,2.021459,3.217875,100,4
selection,397,8,0.155875,0.035583,2.18225,3.585833,100,5
selection,398,8,0.141292,0.034708,1.937042,5.305834,100,6
selection,399,8,0.14175,0.036,1.881208,5.149333,100,7
selection,400,8,1.425083,0.043542,3.281166,6.700708,100,8
selection,401,8,1.069334,0.035083,3.070459,6.591709,100,9
selection,402,8,0.721833,0.032458,2.659583,5.916916,100,10
selection,403,8,1.277084,0.040375,3.481292,7.069209,100,11
selection,404,8,0.509333,0.036666,2.836542,6.474125,100,12
selection,405,8,0.409709,0.034916,2.717625,6.288792,100,13
selection,406,8,0.486292,0.032834,2.851417,6.349334,100,14
selection,407,8,0.507333,0.032542,3.013708,6.359541,100,15
selection,408,8,0.555709,0.028833,3.125167,6.40075,100,16
selection,409,8,0.604958,0.031125,3.377625,6.956375,100,17
selection,410,8,0.119875,0.0305,2.921208,6.533375,100,18
selection,411,8,0.118666,0.033417,3.102041,6.6175,100,19
selection,412,8,0.115625,0.027125,3.190459,6.863375,100,20
empty,413,8,0.094625,0.02975,2.289334,4.098709,0,
invoke,414,9,,,3.250375,3.758917,0,
input,415,9,1.685084,0.146459,6.073625,7.919959,3,0
input,416,9,1.582416,0.132417,4.054958,6.060541,2,0
input,417,9,2.043833,0.154792,4.506458,6.28425,1,0
input,418,9,3.725583,0.13375,5.953208,7.302916,1,0
input,419,9,0.125709,0.10475,2.140167,3.31125,1,0
input,420,9,0.138333,0.126083,3.624,4.630375,1,0
input,421,9,1.619708,0.03075,3.432958,5.291666,0,
input,422,9,0.311917,0.0265,1.560334,2.205042,0,
input,423,9,0.11625,0.031292,1.297542,1.860625,0,
input,424,9,0.741083,0.318709,4.87975,7.527583,100,0
input,425,9,0.121709,0.305792,3.671125,5.801709,100,0
input,426,9,0.119542,0.299292,3.197,4.906542,100,0
input,427,9,0.130416,0.391792,3.779333,5.849333,100,0
input,428,9,0.10125,0.034333,1.950292,4.055625,0,
input,429,9,1.818,0.039334,5.371083,6.029833,0,
input,430,9,1.544917,0.027792,2.701292,3.345917,0,
input,431,9,0.133625,57.170542,58.715083,59.328625,0,
input,432,9,0.114916,50.640833,51.904833,52.4015,0,
input,433,9,0.099417,52.958667,57.452292,58.046208,0,
input,434,9,0.091375,51.469917,57.077334,57.562834,0,
input,435,9,0.091459,52.679416,56.732417,57.307084,0,
input,436,9,0.087,52.764542,55.664416,56.22875,0,
input,437,9,0.101166,51.667541,54.363125,54.907333,0,
input,438,9,0.082834,53.939208,58.070667,58.612375,0,
selection,439,9,0.159416,0.035375,2.361375,3.838916,100,1
selection,440,9,0.086791,0.01975,1.586375,2.939583,100,2
selection,441,9,0.527667,0.0255,2.089584,3.420542,100,3
selection,442,9,0.084334,0.020833,1.560875,3.05775,100,4
selection,443,9,0.159166,0.036083,2.120458,3.734875,100,5
selection,444,9,0.128875,0.032625,2.249958,6.355917,100,6
selection,445,9,0.125459,0.026166,2.225834,6.623959,100,7
selection,446,9,0.183708,0.051834,2.731458,6.7825,100,8
selection,447,9,0.14175,0.030625,2.567375,6.9795,100,9
selection,448,9,2.015875,0.0555,4.845292,9.484584,100,10
selection,449,9,0.172625,0.042375,3.222959,7.523459,100,11
selection,450,9,0.160541,0.032125,2.758791,7.212333,100,12
selection,451,9,0.197208,0.052,3.300792,7.749625,100,13
selection,452,9,0.156833,0.03625,3.1175,7.38125,100,14
selection,453,9,0.186833,0.038917,3.631916,8.18725,100,15
selection,454,9,0.68825,0.054916,4.316083,8.766458,100,16
selection,455,9,6.617417,0.054792,10.430417,14.899292,100,17
selection,456,9,0.1585,0.035292,3.806791,8.637083,100,18
selection,457,9,0.230792,0.047167,3.79125,8.132875,100,19
selection,458,9,2.051375,0.034333,5.232458,8.973791,100,20
empty,459,9,0.139083,0.041292,1.90675,4.037416,0,
invoke,460,10,,,3.881084,4.579625,0,
input,461,10,1.083209,0.156458,6.210042,8.259834,3,0
input,462,10,7.794958,0.213792,11.351458,13.346625,2,0
input,463,10,1.536042,0.184458,5.138333,7.646208,1,0
input,464,10,0.170916,0.175625,3.016875,4.299583,1,0
input,465,10,0.142583,0.149,2.592625,3.794541,1,0
input,466,10,0.139042,0.155375,2.933042,4.185292,1,0
input,467,10,0.641334,0.031791,2.639709,4.382,0,
input,468,10,0.416917,0.043083,2.262542,3.101542,0,
input,469,10,0.176375,0.042292,4.185208,4.931083,0,
input,470,10,0.991792,0.358208,5.597417,8.628417,100,0
input,471,10,0.163625,0.332167,6.231,8.69325,100,0
input,472,10,0.12075,0.337333,3.582167,5.406458,100,0
input,473,10,0.176875,0.342875,5.546,7.656208,100,0
input,474,10,0.120667,0.049667,2.735917,4.916917,0,
input,475,10,0.140667,0.037958,3.016708,3.773458,0,
input,476,10,1.578125,0.03275,2.990542,3.659167,0,
input,477,10,0.110458,51.699208,53.183375,53.867292,0,
input,478,10,0.135958,50.788208,53.057083,53.70725,0,
input,479,10,0.096292,51.837917,53.067,53.61525,0,
input,480,10,0.094209,51.172667,55.486334,56.066084,0,
input,481,10,0.0975,52.143125,54.005042,54.528458,0,
input,482,10,0.104125,51.941458,55.435709,56.007459,0,
input,483,10,0.095917,51.463458,55.757375,56.299917,0,
input,484,10,0.082,55.0755,59.458833,60.059125,0,
selection,485,10,0.17575,0.042791,2.798042,4.515125,100,1
selection,486,10,0.12125,0.029667,1.889042,3.309042,100,2
selection,487,10,0.143209,0.032292,2.062792,3.496417,100,3
selection,488,10,0.162834,0.036083,2.212209,3.824334,100,4
selection,489,10,0.242709,0.05125,2.6095,4.492167,100,5
selection,490,10,0.149833,0.044375,2.533583,6.81475,100,6
selection,491,10,0.15225,0.035708,2.45725,6.574667,100,7
selection,492,10,0.16025,0.038791,2.668583,6.733541,100,8
selection,493,10,0.151208,0.033125,2.984791,7.3645,100,9
selection,494,10,0.167333,0.040208,2.952666,7.411833,100,10
selection,495,10,0.176333,0.045375,3.021458,7.325167,100,11
selection,496,10,0.149584,0.0375,3.092209,7.313167,100,12
selection,497,10,0.16075,0.033292,3.030292,7.38325,100,13
selection,498,10,0.19225,0.047458,3.420333,7.474958,100,14
selection,499,10,2.265292,0.050209,5.831375,10.313792,100,15
selection,500,10,0.172125,0.034833,3.2065,7.156375,100,16
selection,501,10,5.665583,0.0355,9.038791,13.005625,100,17
selection,502,10,0.145083,0.031333,3.405625,7.744417,100,18
selection,503,10,0.168916,0.038125,3.595458,7.804541,100,19
selection,504,10,0.165458,0.038541,3.699125,7.71825,100,20
empty,505,10,0.154,0.043125,1.960084,4.021209,0,
invoke,506,11,,,4.738208,7.113833,0,
input,507,11,0.152458,0.212083,5.744417,7.9345,3,0
input,508,11,2.220709,0.152791,5.181375,7.287334,2,0
input,509,11,2.484958,0.136417,5.223792,7.557458,1,0
input,510,11,2.200875,0.16325,4.990334,6.595,1,0
input,511,11,1.893375,0.148375,4.452583,5.749041,1,0
input,512,11,0.165375,0.166459,2.790542,4.186208,1,0
input,513,11,0.146792,0.032375,2.757417,4.53775,0,
input,514,11,0.152208,0.0305,3.706125,4.413958,0,
input,515,11,0.171666,0.047292,1.983625,2.7525,0,
input,516,11,0.125042,0.33625,7.38125,10.66875,100,0
input,517,11,0.140333,0.346,3.880416,6.052125,100,0
input,518,11,0.144833,0.382875,4.381833,6.55625,100,0
input,519,11,0.200458,0.362916,4.344291,6.659,100,0
input,520,11,0.117166,0.036833,2.39775,4.467875,0,
input,521,11,0.140584,0.051708,5.286084,5.9875,0,
input,522,11,0.207875,0.043583,3.462,4.204958,0,
input,523,11,1.56625,53.224667,56.611875,57.318125,0,
input,524,11,0.684834,50.466542,52.618459,53.266584,0,
input,525,11,0.1045,51.134375,54.242125,54.798833,0,
input,526,11,0.099208,50.91925,53.920083,54.530375,0,
input,527,11,0.108833,53.020417,54.255416,54.798916,0,
input,528,11,0.418166,51.503833,53.124291,53.738291,0,
input,529,11,0.08925,53.116208,54.671875,55.283041,0,
input,530,11,0.129459,54.783417,56.086542,56.583417,0,
selection,531,11,0.16725,0.045125,2.81425,4.454375,100,1
selection,532,11,0.162792,0.042791,2.345958,4.004333,100,2
selection,533,11,0.154083,0.037958,2.144167,3.690958,100,3
selection,534,11,1.788625,0.037666,3.561167,5.219417,100,4
selection,535,11,0.129792,0.032875,2.05075,3.731125,100,5
selection,536,11,0.12175,0.0305,2.20675,6.1055,100,6
selection,537,11,0.148625,0.040208,2.568125,7.050083,100,7
selection,538,11,0.172166,0.046416,2.695625,7.332333,100,8
selection,539,11,0.161375,0.034084,2.724209,6.750125,100,9
selection,540,11,0.146333,0.037125,2.817125,6.60625,100,10
selection,541,11,0.22725,0.070167,3.309125,8.770875,100,11
selection,542,11,0.195125,0.042792,3.75325,8.290791,100,12
selection,543,11,1.787625,0.060291,5.36325,10.866833,100,13
selection,544,11,0.389333,0.054792,3.714708,8.348917,100,14
selection,545,11,0.160833,0.033708,3.148167,7.777583,100,15
selection,546,11,2.024667,0.080541,5.573125,10.229208,100,16
selection,547,11,0.174834,0.041166,3.475875,7.374709,100,17
selection,548,11,0.121375,0.026417,3.036083,6.981208,100,18
selection,549,11,0.128875,0.029875,3.833,7.991708,100,19
selection,550,11,0.209958,0.053458,3.750916,7.916625,100,20
empty,551,11,1.099708,0.039459,2.795541,4.893,0,
invoke,552,12,,,6.265959,8.315125,0,
input,553,12,0.130084,0.167709,6.113459,8.020667,3,0
input,554,12,0.174667,0.131708,5.653,7.9765,2,0
input,555,12,5.791709,0.115708,8.194292,10.426417,1,0
input,556,12,1.546375,0.193459,4.667542,6.269667,1,0
input,557,12,0.127042,0.173583,3.057667,4.452834,1,0
input,558,12,0.148958,0.154375,3.215791,4.438291,1,0
input,559,12,0.148833,0.034333,2.235833,4.045125,0,
input,560,12,0.246708,0.047708,2.292583,3.148542,0,
input,561,12,0.14375,0.042416,1.878541,2.62775,0,
input,562,12,0.130208,0.366417,7.024083,10.081583,100,0
input,563,12,0.155709,0.345833,4.200459,6.63625,100,0
input,564,12,0.152,0.347583,4.338041,6.387583,100,0
input,565,12,0.140458,0.364125,3.983375,6.028125,100,0
input,566,12,0.11375,0.034459,2.184166,4.336208,0,
input,567,12,0.17275,0.046166,2.012791,2.827291,0,
input,568,12,0.15075,0.038833,2.035209,2.622,0,
input,569,12,0.16575,52.251291,56.425416,57.465541,0,
input,570,12,0.131667,50.903459,54.702042,55.325209,0,
input,571,12,0.1015,51.954709,56.354583,56.953666,0,
input,572,12,0.103084,51.539375,55.949334,56.601209,0,
input,573,12,0.096208,52.004208,53.237375,53.7705,0,
input,574,12,1.126166,52.702791,55.015458,55.559458,0,
input,575,12,1.99025,52.600459,55.750166,56.287791,0,
input,576,12,2.001542,53.222834,56.324792,56.820834,0,
selection,577,12,0.148917,0.037042,2.696042,4.297125,100,1
selection,578,12,0.139916,0.036709,2.360125,3.956791,100,2
selection,579,12,0.155,0.038625,2.331208,3.929833,100,3
selection,580,12,1.5575,0.035917,3.330042,4.713125,100,4
selection,581,12,0.099375,0.024166,1.84675,3.501542,100,5
selection,582,12,0.157958,0.033625,2.488833,6.541958,100,6
selection,583,12,0.140708,0.03225,2.405125,6.749792,100,7
selection,584,12,0.235834,0.080042,2.944959,7.495292,100,8
selection,585,12,0.2545,0.058334,3.24325,7.505541,100,9
selection,586,12,0.2245,0.0465,2.818291,6.636208,100,10
selection,587,12,0.243416,0.062209,3.298708,7.204666,100,11
selection,588,12,0.17075,0.039667,2.917833,6.369042,100,12
selection,589,12,0.189208,0.046375,2.849125,6.523833,100,13
selection,590,12,0.153667,0.038458,3.269625,7.080584,100,14
selection,591,12,0.208041,0.048,3.093166,6.572708,100,15
selection,592,12,0.212125,0.054375,3.535708,7.511417,100,16
selection,593,12,0.198083,0.057334,3.549917,7.369667,100,17
selection,594,12,0.176875,0.043042,3.219209,6.765792,100,18
selection,595,12,0.16075,0.039917,3.389084,7.12375,100,19
selection,596,12,0.154083,0.037458,3.517666,7.3015,100,20
empty,597,12,1.158041,0.032375,2.612958,4.414375,0,
invoke,598,13,,,3.228333,5.13625,0,
input,599,13,0.168209,0.212291,5.75475,7.819834,3,0
input,600,13,0.143958,0.136209,6.510125,8.037208,2,0
input,601,13,7.770792,0.131041,10.05475,11.888417,1,0
input,602,13,4.113959,0.133125,6.381875,7.7415,1,0
input,603,13,0.12,0.122667,2.158083,3.287708,1,0
input,604,13,0.158542,0.1175,2.306625,3.374833,1,0
input,605,13,0.293917,0.03425,2.354792,4.167667,0,
input,606,13,4.07975,0.032584,5.498833,6.224708,0,
input,607,13,0.131583,0.036833,1.510875,2.166125,0,
input,608,13,0.575792,0.35325,5.076542,7.983708,100,0
input,609,13,0.151292,0.331667,6.809042,9.4465,100,0
input,610,13,0.134209,0.336209,4.944084,6.989375,100,0
input,611,13,0.136208,0.357667,5.965208,8.161917,100,0
input,612,13,0.108292,0.032416,2.0255,4.079209,0,
input,613,13,0.125125,0.031083,1.435083,2.02825,0,
input,614,13,1.189209,0.029333,2.4605,3.140125,0,
input,615,13,0.122416,52.948,54.648916,55.296958,0,
input,616,13,0.112625,51.404125,55.132125,55.7535,0,
input,617,13,0.114667,51.195084,53.695459,54.219834,0,
input,618,13,1.019125,50.724666,52.847625,53.339458,0,
input,619,13,0.103583,54.121041,55.572667,56.224208,0,
input,620,13,0.081292,53.157959,54.394875,54.982542,0,
input,621,13,0.080083,54.369167,56.73675,57.308792,0,
input,622,13,0.089834,54.041125,55.4805,55.975334,0,
selection,623,13,1.636125,0.03075,3.502333,4.8025,100,1
selection,624,13,0.082125,0.019042,1.358417,2.400542,100,2
selection,625,13,0.080792,0.017916,1.4425,2.689708,100,3
selection,626,13,0.114375,0.020959,1.672583,2.981542,100,4
selection,627,13,0.093125,0.024292,1.664125,3.090792,100,5
selection,628,13,1.7495,0.040542,3.626042,7.144917,100,6
selection,629,13,2.143666,0.033625,4.212166,8.107958,100,7
selection,630,13,0.349958,0.036708,2.7575,6.894208,100,8
selection,631,13,1.644208,0.033208,4.039333,8.260375,100,9
selection,632,13,0.596,0.050958,3.4085,7.811042,100,10
selection,633,13,0.165333,0.042292,2.868125,6.861083,100,11
selection,634,13,0.148541,0.033083,2.828666,6.989125,100,12
selection,635,13,0.149458,0.036333,2.973875,7.123125,100,13
selection,636,13,0.179208,0.03825,3.324583,7.85075,100,14
selection,637,13,0.174333,0.033125,3.4435,7.401375,100,15
selection,638,13,0.17875,0.037208,3.3865,7.590667,100,16
selection,639,13,0.137166,0.029125,2.949875,7.392333,100,17
selection,640,13,0.169625,0.040042,3.833959,8.435875,100,18
selection,641,13,0.479125,0.064125,3.951458,8.3425,100,19
selection,642,13,0.218791,0.0465,3.906916,8.297708,100,20
empty,643,13,0.128,0.028833,3.383583,5.309125,0,
invoke,644,14,,,3.89875,6.004958,0,
input,645,14,0.150833,0.220875,5.588792,7.727667,3,0
input,646,14,3.991792,0.164375,6.801875,8.828417,2,0
input,647,14,0.188625,0.2125,3.370917,5.149583,1,0
input,648,14,4.098666,0.15575,6.868416,8.472208,1,0
input,649,14,2.002875,0.156042,4.669709,5.993334,1,0
input,650,14,0.186125,0.211291,3.223375,4.507709,1,0
input,651,14,0.133459,0.037792,2.192459,4.200792,0,
input,652,14,0.178,0.038042,2.067875,2.774375,0,
input,653,14,1.459958,0.05,3.303583,4.091958,0,
input,654,14,0.157292,0.348875,5.630458,8.756333,100,0
input,655,14,0.775292,0.37425,4.737042,7.140125,100,0
input,656,14,0.192375,0.365125,4.53,6.767709,100,0
input,657,14,0.193625,0.359042,5.634,7.819291,100,0
input,658,14,0.142875,0.049,4.048833,6.242125,0,
input,659,14,0.202958,0.036833,4.151541,4.788291,0,
input,660,14,1.035417,0.041125,2.714833,3.458958,0,
input,661,14,0.176583,51.521291,53.372958,53.966208,0,
input,662,14,0.142125,50.780959,52.200833,52.74975,0,
input,663,14,1.6785,51.624125,54.673958,55.263458,0,
input,664,14,0.098417,50.519209,51.782084,52.355792,0,
input,665,14,0.115542,52.394916,53.747042,54.35575,0,
input,666,14,0.387416,52.596667,54.2335,54.81775,0,
input,667,14,1.994458,52.995625,56.238375,56.8425,0,
input,668,14,1.410167,53.731958,56.220625,56.709542,0,
selection,669,14,0.134375,0.038833,2.483958,3.960542,100,1
selection,670,14,0.093125,0.022459,2.059125,3.324458,100,2
selection,671,14,1.933125,0.020709,3.218875,4.392791,100,3
selection,672,14,0.07525,0.018666,1.411291,2.583666,100,4
selection,673,14,0.093959,0.024125,1.731709,3.337375,100,5
selection,674,14,0.135834,0.032833,2.033375,5.991959,100,6
selection,675,14,0.131583,0.030917,2.325875,6.445541,100,7
selection,676,14,0.188917,0.049334,2.465125,6.357084,100,8
selection,677,14,0.163666,0.039916,2.585958,6.626291,100,9
selection,678,14,0.123958,0.025709,2.299417,5.863833,100,10
selection,679,14,0.141834,0.03075,2.562125,6.657959,100,11
selection,680,14,0.18,0.043292,2.86,6.662417,100,12
selection,681,14,0.186042,0.042041,2.890375,6.725042,100,13
selection,682,14,0.13125,0.029833,3.062084,7.022625,100,14
selection,683,14,0.163667,0.044458,3.217458,7.396167,100,15
selection,684,14,0.137666,0.028125,2.889541,6.659458,100,16
selection,685,14,0.134958,0.032459,3.295375,7.562458,100,17
selection,686,14,1.478834,0.042,5.063625,9.035959,100,18
selection,687,14,0.145708,0.034459,3.502167,7.318583,100,19
selection,688,14,0.15175,0.029958,3.4855,7.580458,100,20
empty,689,14,0.121125,0.040208,1.938375,3.976375,0,
invoke,690,15,,,4.460708,5.136333,0,
input,691,15,0.158584,0.222708,5.898459,7.969334,3,0
input,692,15,0.190917,0.142083,6.221917,8.2565,2,0
input,693,15,5.733166,0.19,9.263125,11.511541,1,0
input,694,15,2.011292,0.18375,5.022834,6.527667,1,0
input,695,15,1.754375,0.161666,4.492166,5.861083,1,0
input,696,15,2.215542,0.195375,5.330917,6.902542,1,0
input,697,15,1.183084,0.05325,3.785125,5.582584,0,
input,698,15,2.416667,0.039291,6.858417,7.645333,0,
input,699,15,0.605,0.041583,2.312125,3.085417,0,
input,700,15,0.135458,0.377958,5.791958,8.972,100,0
input,701,15,1.105041,0.387667,5.334666,7.832125,100,0
input,702,15,0.174375,0.361416,6.931125,9.250834,100,0
input,703,15,0.198875,0.369875,4.12175,6.236917,100,0
input,704,15,0.167458,0.034083,2.008958,4.521083,0,
input,705,15,7.787333,0.039958,9.424958,10.134125,0,
input,706,15,0.205,0.037334,2.316583,3.077667,0,
input,707,15,0.142292,52.952417,56.906375,57.7445,0,
input,708,15,0.109542,50.415,54.452875,55.10775,0,
input,709,15,0.103083,51.423375,55.368125,55.94975,0,
input,710,15,0.116292,52.497125,53.893625,54.439042,0,
input,711,15,1.743541,52.449917,55.43075,56.00075,0,
input,712,15,0.108959,53.373125,54.705584,55.307417,0,
input,713,15,0.093833,53.865084,55.698208,56.178625,0,
input,714,15,0.111042,55.754,56.999959,57.530125,0,
selection,715,15,0.156,0.037125,2.760333,4.413916,100,1
selection,716,15,0.1245,0.030584,2.10275,3.599875,100,2
selection,717,15,0.135625,0.033833,2.146791,3.680416,100,3
selection,718,15,2.132542,0.025292,3.861167,5.600125,100,4
selection,719,15,0.13275,0.032375,2.052417,3.60425,100,5
selection,720,15,0.108959,0.024791,1.902917,5.898084,100,6
selection,721,15,1.192708,0.037834,3.400916,7.478791,100,7
selection,722,15,0.158084,0.036166,2.695584,7.161,100,8
selection,723,15,0.156875,0.035875,2.8785,7.319292,100,9
selection,724,15,0.164958,0.041292,2.983208,7.25325,100,10
selection,725,15,0.179208,0.0355,3.11825,7.533125,100,11
selection,726,15,0.2075,0.050416,3.402166,8.014,100,12
selection,727,15,0.227333,0.056083,3.563208,7.884458,100,13
selection,728,15,1.786167,0.053875,4.977375,8.999042,100,14
selection,729,15,0.205625,0.043292,3.464666,7.626833,100,15
selection,730,15,0.210291,0.042583,3.884458,8.454541,100,16
selection,731,15,0.292542,0.067541,3.579708,7.9815,100,17
selection,732,15,0.149125,0.030542,3.799958,8.132417,100,18
selection,733,15,0.296,0.026208,3.313459,7.28525,100,19
selection,734,15,0.118667,0.027167,3.410417,7.502792,100,20
empty,735,15,0.111708,0.0355,6.395541,8.483375,0,
invoke,736,16,,,3.876666,4.530708,0,
input,737,16,0.191,0.210709,6.712375,8.873917,3,0
input,738,16,0.158334,0.199708,3.471625,5.710042,2,0
input,739,16,1.017666,0.210959,4.349041,6.341583,1,0
input,740,16,2.291667,0.175875,5.318375,6.712333,1,0
input,741,16,1.882209,0.17775,4.756625,5.967709,1,0
input,742,16,0.166708,0.159375,2.7065,4.067917,1,0
input,743,16,0.138875,0.043167,2.315208,3.961083,0,
input,744,16,0.139833,0.036041,3.558875,4.308041,0,
input,745,16,1.48975,0.0325,2.943,3.658667,0,
input,746,16,0.127583,0.36525,5.471916,8.413291,100,0
input,747,16,1.296833,0.355417,5.440333,8.070167,100,0
input,748,16,0.142917,0.343333,7.5595,9.435458,100,0
input,749,16,0.141208,0.346375,3.806583,5.91475,100,0
input,750,16,0.107625,0.034083,2.338959,4.534167,0,
input,751,16,0.1465,0.034834,3.358334,4.021875,0,
input,752,16,1.782709,0.033083,3.173459,3.900042,0,
input,753,16,0.1425,53.013709,55.359041,56.104708,0,
input,754,16,0.131375,51.6215,53.255334,53.97525,0,
input,755,16,0.0995,50.566375,55.571125,56.277625,0,
input,756,16,0.100916,52.168417,53.50575,54.064458,0,
input,757,16,2.09225,52.086083,55.37925,55.953542,0,
input,758,16,0.105208,52.656958,54.001708,54.549333,0,
input,759,16,0.093083,53.502083,54.857666,55.415958,0,
input,760,16,0.081584,55.298833,58.422667,58.994292,0,
selection,761,16,0.138209,0.035875,2.402334,3.986,100,1
selection,762,16,0.124541,0.037125,1.990375,3.358583,100,2
selection,763,16,1.413875,0.032541,3.203125,4.613917,100,3
selection,764,16,0.121792,0.031875,1.858375,3.204875,100,4
selection,765,16,0.189958,0.056958,2.191,3.79875,100,5
selection,766,16,0.749458,0.044125,2.765666,6.469791,100,6
selection,767,16,0.688416,0.054375,3.031666,6.932541,100,7
selection,768,16,0.227333,0.050416,2.604208,6.560625,100,8
selection,769,16,0.190916,0.045042,2.675208,6.89275,100,9
selection,770,16,0.167833,0.041375,2.851833,6.7675,100,10
selection,771,16,0.140625,0.037709,2.789208,6.642125,100,11
selection,772,16,0.195459,0.043209,3.035167,6.859834,100,12
selection,773,16,0.174375,0.042125,3.168667,7.071834,100,13
selection,774,16,0.129834,0.028875,2.625709,6.058584,100,14
selection,775,16,0.149917,0.034708,3.101209,6.939875,100,15
selection,776,16,0.133083,0.027292,2.998875,6.493083,100,16
selection,777,16,0.163791,0.030209,3.362041,7.360791,100,17
selection,778,16,0.14625,0.035667,3.471416,7.748333,100,18
selection,779,16,0.162875,0.041625,3.698917,8.062625,100,19
selection,780,16,1.612542,0.04925,5.340375,9.549417,100,20
empty,781,16,0.130584,0.031459,1.688834,3.825417,0,
invoke,782,17,,,7.937042,8.762542,0,
input,783,17,0.16675,0.157167,6.700875,8.891834,3,0
input,784,17,8.361125,0.1365,10.989458,12.942333,2,0
input,785,17,3.240417,0.157583,5.794208,7.522042,1,0
input,786,17,2.590083,0.133292,4.7315,5.950208,1,0
input,787,17,0.131,0.136375,2.41475,3.46875,1,0
input,788,17,0.123208,0.1355,3.20425,4.256875,1,0
input,789,17,0.088083,0.034792,5.054375,6.542458,0,
input,790,17,0.16025,0.029167,1.541625,2.202709,0,
input,791,17,0.128458,0.030625,1.428083,2.096208,0,
input,792,17,0.146083,0.332458,4.477833,6.9565,100,0
input,793,17,0.127083,0.328917,3.448041,5.171916,100,0
input,794,17,0.130459,0.330667,5.497209,7.240709,100,0
input,795,17,0.132541,0.348709,3.822125,5.714541,100,0
input,796,17,0.107084,0.034583,4.077834,6.016084,0,
input,797,17,0.116834,0.030167,5.068375,5.68575,0,
input,798,17,0.132792,0.030417,1.392042,2.038167,0,
input,799,17,0.126292,52.117,53.686584,54.341209,0,
input,800,17,0.122,50.87475,52.89925,53.458666,0,
input,801,17,1.02975,50.814125,53.063375,53.675334,0,
input,802,17,0.120333,52.200417,53.452875,53.992833,0,
input,803,17,0.122375,52.016833,53.640875,54.241083,0,
input,804,17,0.115833,53.363583,54.742166,55.302,0,
input,805,17,1.065042,53.287958,55.534125,56.04125,0,
input,806,17,1.500792,51.634917,54.2135,54.675958,0,
selection,807,17,0.157708,0.041167,2.737958,4.434167,100,1
selection,808,17,0.136167,0.027792,1.871333,3.258917,100,2
selection,809,17,1.256375,0.0265,2.874958,4.232416,100,3
selection,810,17,0.143833,0.02925,2.025417,3.635958,100,4
selection,811,17,0.143375,0.0325,1.998084,3.725209,100,5
selection,812,17,0.136875,0.033792,2.256833,6.59575,100,6
selection,813,17,0.172,0.040584,2.378833,6.523833,100,7
selection,814,17,0.169625,0.046333,2.611,6.869334,100,8
selection,815,17,1.878375,0.038417,4.5655,9.027625,100,9
selection,816,17,0.157292,0.03875,2.913584,7.1555,100,10
selection,817,17,0.18475,0.051667,3.312917,7.74525,100,11
selection,818,17,0.184084,0.043125,3.197625,7.359709,100,12
selection,819,17,0.190375,0.048791,3.283875,8.423791,100,13
selection,820,17,3.318958,0.070709,7.278208,11.715791,100,14
selection,821,17,0.216083,0.057125,3.63625,8.342916,100,15
selection,822,17,0.255292,0.062792,3.74625,7.896583,100,16
selection,823,17,0.169458,0.044542,3.298542,8.014292,100,17
selection,824,17,0.176708,0.039291,3.799292,8.228042,100,18
selection,825,17,0.289583,0.063625,4.0905,8.65625,100,19
selection,826,17,0.165625,0.042875,4.096125,8.74125,100,20
empty,827,17,0.175292,0.035541,2.434208,4.588625,0,
invoke,828,18,,,6.528167,8.044875,0,
input,829,18,0.803125,0.20325,5.673417,7.561125,3,0
input,830,18,8.138625,0.200125,10.86175,12.888583,2,0
input,831,18,0.107833,0.18025,3.032708,5.079125,1,0
input,832,18,2.892875,0.210208,6.333666,8.08875,1,0
input,833,18,1.159958,0.126667,3.533125,5.023666,1,0
input,834,18,0.146125,0.15225,3.018209,4.247625,1,0
input,835,18,0.102875,0.030459,1.824541,3.250125,0,
input,836,18,0.151,0.03275,1.462417,2.069667,0,
input,837,18,0.122667,0.031,1.314333,1.863583,0,
input,838,18,0.144375,0.309458,4.502333,6.8455,100,0
input,839,18,0.143667,0.30925,3.581375,5.685958,100,0
input,840,18,0.149625,0.345833,3.658208,5.536458,100,0
input,841,18,0.1205,0.370542,3.475167,5.173,100,0
input,842,18,0.084041,0.032917,2.374916,4.369458,0,
input,843,18,1.86825,0.03825,5.746167,6.413833,0,
input,844,18,1.275334,0.032667,2.642292,3.297167,0,
input,845,18,0.098208,54.140917,55.58175,56.231167,0,
input,846,18,0.131375,50.986833,52.910583,53.501583,0,
input,847,18,0.117958,52.78075,55.976541,56.582916,0,
input,848,18,0.158292,52.523833,55.131625,55.73625,0,
input,849,18,0.101625,53.239709,54.482375,55.045709,0,
input,850,18,0.856,53.149334,55.19525,55.74175,0,
input,851,18,1.595917,53.183417,55.951417,56.505917,0,
input,852,18,1.502209,52.818125,55.458584,55.970709,0,
selection,853,18,0.167792,0.0395,2.705125,4.293833,100,1
selection,854,18,0.151833,0.039084,2.091791,3.74625,100,2
selection,855,18,1.146875,0.033791,3.09975,4.75675,100,3
selection,856,18,0.142792,0.037041,2.034584,3.469,100,4
selection,857,18,0.124042,0.040417,1.961958,3.573833,100,5
selection,858,18,2.250542,0.045291,4.417,8.431042,100,6
selection,859,18,0.171916,0.042083,2.672625,6.553458,100,7
selection,860,18,0.1325,0.031708,2.206583,6.114458,100,8
selection,861,18,0.153958,0.040959,2.535625,6.990958,100,9
selection,862,18,0.151209,0.03825,2.728417,6.615709,100,10
selection,863,18,0.158625,0.031792,2.907458,7.133166,100,11
selection,864,18,0.143834,0.037083,2.887459,6.812334,100,12
selection,865,18,0.157125,0.0415,3.037667,6.972875,100,13
selection,866,18,0.14675,0.02925,2.949333,6.90375,100,14
selection,867,18,0.172334,0.04375,3.260167,7.449917,100,15
selection,868,18,0.15025,0.038917,3.353334,7.268084,100,16
selection,869,18,0.199709,0.054542,3.823959,8.51775,100,17
selection,870,18,1.83575,0.0555,5.592416,10.052708,100,18
selection,871,18,0.187042,0.040667,3.812667,8.219959,100,19
selection,872,18,0.165208,0.036667,3.860083,8.375083,100,20
empty,873,18,0.141917,0.03925,1.811375,4.156292,0,
invoke,874,19,,,3.994708,4.706833,0,
input,875,19,0.171083,0.203167,6.228625,8.623291,3,0
input,876,19,0.136042,0.204542,3.950542,5.951125,2,0
input,877,19,0.123083,0.146958,2.854458,4.811708,1,0
input,878,19,2.058208,0.166833,5.039375,6.389958,1,0
input,879,19,2.075291,0.135792,4.464916,5.794333,1,0
input,880,19,0.14625,0.145583,2.68825,3.882167,1,0
input,881,19,0.125416,0.033833,2.248916,4.120125,0,
input,882,19,0.164583,0.052291,2.179541,2.9845,0,
input,883,19,0.178792,0.040125,1.807125,2.539375,0,
input,884,19,0.13375,0.361,7.210375,10.357833,100,0
input,885,19,0.139417,0.356625,4.062375,6.361334,100,0
input,886,19,0.160834,0.350833,3.839042,5.889584,100,0
input,887,19,0.172542,0.350042,4.148625,6.466458,100,0
input,888,19,0.104542,0.035875,1.993,4.056792,0,
input,889,19,0.377292,0.035875,2.20575,2.98275,0,
input,890,19,0.192584,0.046,2.046,2.74925,0,
input,891,19,0.171208,52.179875,55.924875,56.671083,0,
input,892,19,0.165917,50.584833,52.949167,53.5675,0,
input,893,19,1.29825,51.899875,54.724709,55.356625,0,
input,894,19,0.118334,51.061833,53.009959,53.581709,0,
input,895,19,0.126875,51.505125,55.875875,56.428208,0,
input,896,19,0.097542,53.899,55.824042,56.3265,0,
input,897,19,0.093042,52.403292,55.35025,55.877042,0,
input,898,19,0.091667,53.236292,57.670583,58.204958,0,
selection,899,19,0.152083,0.034417,2.563916,4.111208,100,1
selection,900,19,0.138875,0.030542,1.8785,3.274916,100,2
selection,901,19,1.658167,0.045833,3.777834,5.408459,100,3
selection,902,19,0.133375,0.032458,2.155417,3.827292,100,4
selection,903,19,0.148709,0.037875,2.378875,4.31925,100,5
selection,904,19,0.147875,0.032542,2.35475,6.529667,100,6
selection,905,19,0.135125,0.032792,2.284458,6.16925,100,7
selection,906,19,0.1625,0.035875,2.807375,7.249542,100,8
selection,907,19,0.186,0.046625,2.987292,7.288542,100,9
selection,908,19,0.162958,0.035792,2.806666,7.065125,100,10
selection,909,19,0.172833,0.03925,2.91525,7.0485,100,11
selection,910,19,0.171625,0.039,2.910208,7.353583,100,12
selection,911,19,0.176916,0.037,3.114666,7.773333,100,13
selection,912,19,0.235875,0.059916,3.81575,8.90025,100,14
selection,913,19,0.873042,0.050791,4.471083,8.64425,100,15
selection,914,19,0.223791,0.044958,3.591,7.695333,100,16
selection,915,19,0.1595,0.035334,3.49875,7.918708,100,17
selection,916,19,0.234666,0.054375,4.101875,8.294875,100,18
selection,917,19,1.85525,0.047375,5.319917,9.429709,100,19
selection,918,19,0.194125,0.047917,3.934834,8.183209,100,20
empty,919,19,0.121167,0.032792,1.741,3.953458,0,
invoke,920,20,,,6.938416,7.973125,0,
input,921,20,0.155042,0.146,6.634292,8.807042,3,0
input,922,20,7.787792,0.211667,10.946125,13.081792,2,0
input,923,20,2.811125,0.14075,5.671125,8.170166,1,0
input,924,20,0.140458,0.138708,2.95125,4.406917,1,0
input,925,20,2.100375,0.13925,4.73975,6.312167,1,0
input,926,20,2.059083,0.152125,5.041416,6.402041,1,0
input,927,20,2.122916,0.03525,4.511833,6.694541,0,
input,928,20,1.489416,0.038917,3.335125,4.109458,0,
input,929,20,0.298958,0.035875,2.45275,3.272542,0,
input,930,20,0.427416,0.331125,5.103291,8.118333,100,0
input,931,20,0.161917,0.372584,5.988292,8.56225,100,0
input,932,20,0.196542,0.345542,4.048959,6.2155,100,0
input,933,20,0.143666,0.362667,4.04425,6.101416,100,0
input,934,20,0.100708,0.034708,2.437958,4.647875,0,
input,935,20,0.138125,0.038625,3.575833,4.286583,0,
input,936,20,1.417625,0.034,2.853083,3.558875,0,
input,937,20,0.122041,52.650292,54.465666,55.087916,0,
input,938,20,0.13025,50.679875,52.155,52.78775,0,
input,939,20,1.373875,50.9635,53.637208,54.227417,0,
input,940,20,0.122917,51.934084,53.285875,53.812375,0,
input,941,20,0.117125,52.754,54.04025,54.565917,0,
input,942,20,0.087625,53.850167,55.013291,55.593041,0,
input,943,20,0.465542,54.093625,55.713833,56.220667,0,
input,944,20,0.7345,55.0865,57.039708,57.555167,0,
selection,945,20,0.1585,0.038084,2.858166,4.457708,100,1
selection,946,20,0.11875,0.026083,1.841042,3.316709,100,2
selection,947,20,0.126667,0.03125,1.946,3.518,100,3
selection,948,20,0.149,0.036375,2.34975,3.989208,100,4
selection,949,20,0.177541,0.048167,2.213833,3.928,100,5
selection,950,20,0.171209,0.048334,2.66675,6.683375,100,6
selection,951,20,0.174167,0.037792,2.420542,6.428167,100,7
selection,952,20,0.147916,0.034125,2.556666,6.591666,100,8
selection,953,20,0.157917,0.037583,2.570375,6.743667,100,9
selection,954,20,0.179959,0.042042,3.0985,7.729375,100,10
selection,955,20,0.163542,0.038666,3.001917,7.693583,100,11
selection,956,20,0.133666,0.039917,3.06425,7.240291,100,12
selection,957,20,0.163042,0.0315,2.906875,6.853459,100,13
selection,958,20,0.197958,0.043834,3.483666,7.512416,100,14
selection,959,20,0.155667,0.033417,3.360417,7.471209,100,15
selection,960,20,0.186583,0.042917,3.501458,7.516666,100,16
selection,961,20,2.940458,0.044792,6.3795,10.441083,100,17
selection,962,20,0.300667,0.082833,4.446709,9.506042,100,18
selection,963,20,0.226625,0.051958,4.604,9.703834,100,19
selection,964,20,0.380625,0.047208,4.090166,8.350416,100,20
empty,965,20,0.188667,0.037875,5.973,8.292917,0,
invoke,966,21,,,4.29775,4.97375,0,
input,967,21,0.164042,0.203709,5.645833,7.559792,3,0
input,968,21,6.89725,0.203459,10.204833,12.321291,2,0
input,969,21,2.871833,0.198334,6.15925,7.908625,1,0
input,970,21,2.414417,0.197042,5.367209,6.800375,1,0
input,971,21,1.9425,0.1635,4.819666,6.186875,1,0
input,972,21,0.171958,0.172583,2.717791,3.93,1,0
input,973,21,0.121875,0.042042,2.426584,4.191792,0,
input,974,21,0.281208,0.048,2.148833,2.945208,0,
input,975,21,0.183292,0.039708,1.82,2.590959,0,
input,976,21,0.21475,0.32275,6.901,9.774375,100,0
input,977,21,0.160458,0.328042,4.513708,7.080458,100,0
input,978,21,0.146084,0.324,3.640459,5.790459,100,0
input,979,21,0.187834,0.358416,5.858959,7.883917,100,0
input,980,21,0.108166,0.032333,1.961125,4.042,0,
input,981,21,0.131167,0.039417,2.383625,3.101209,0,
input,982,21,0.12725,0.030625,1.306708,1.8675,0,
input,983,21,0.124125,52.5865,54.085916,54.643666,0,
input,984,21,1.439542,50.765917,53.610625,54.168417,0,
input,985,21,0.103667,50.981375,52.518375,53.119709,0,
input,986,21,0.100083,51.586459,54.438792,54.935708,0,
input,987,21,0.989042,51.610375,53.7615,54.232375,0,
input,988,21,0.101625,52.849959,54.187333,54.756333,0,
input,989,21,0.1055,53.199917,54.559416,55.126458,0,
input,990,21,0.081542,54.07675,57.499959,58.025834,0,
selection,991,21,0.14775,0.037042,2.512625,4.060959,100,1
selection,992,21,0.104667,0.024875,1.775375,3.147292,100,2
selection,993,21,0.25225,0.026292,1.863625,3.274583,100,3
selection,994,21,0.135792,0.035125,2.052167,3.441667,100,4
selection,995,21,0.173209,0.037625,2.354792,4.119834,100,5
selection,996,21,0.434125,0.041834,2.83275,6.669792,100,6
selection,997,21,0.150875,0.032166,2.277167,6.42225,100,7
selection,998,21,0.152625,0.046417,2.508042,6.66125,100,8
selection,999,21,0.159667,0.035958,2.816708,7.1385,100,9
selection,1000,21,0.180583,0.041125,2.966375,7.1305,100,10
selection,1001,21,0.158,0.037916,3.142333,7.074708,100,11
selection,1002,21,0.149334,0.03375,3.148584,7.717542,100,12
selection,1003,21,0.16725,0.032709,2.925334,7.032042,100,13
selection,1004,21,0.155792,0.02925,2.992167,6.697375,100,14
selection,1005,21,0.202666,0.043375,3.293541,7.634,100,15
selection,1006,21,0.183417,0.0545,3.521875,7.775959,100,16
selection,1007,21,0.147416,0.038875,3.35475,7.44525,100,17
selection,1008,21,0.13075,0.023958,2.969542,6.615125,100,18
selection,1009,21,0.147167,0.032792,3.448333,7.408417,100,19
selection,1010,21,0.200041,0.062291,3.621958,7.940875,100,20
empty,1011,21,1.176125,0.042208,3.028584,5.105167,0,
invoke,1012,22,,,4.274291,4.93475,0,
input,1013,22,0.651125,0.203958,6.321167,8.274083,3,0
input,1014,22,0.118417,0.132333,6.168958,8.26,2,0
input,1015,22,0.16525,0.219459,6.211083,8.0685,1,0
input,1016,22,5.672791,0.173958,8.574125,10.038666,1,0
input,1017,22,0.199083,0.16275,2.836125,4.171041,1,0
input,1018,22,0.15625,0.142458,2.752625,3.979958,1,0
input,1019,22,0.098875,0.03325,2.763583,4.460583,0,
input,1020,22,0.129166,0.036291,3.896625,4.671583,0,
input,1021,22,1.111791,0.032833,2.528041,3.222166,0,
input,1022,22,0.16025,0.371792,4.771834,7.914375,100,0
input,1023,22,0.135208,0.396334,4.363,6.887958,100,0
input,1024,22,0.139875,0.33775,3.935542,6.138667,100,0
input,1025,22,0.130208,0.380583,3.637375,5.650333,100,0
input,1026,22,0.170958,0.037583,2.412917,4.703542,0,
input,1027,22,0.157625,0.046417,1.797,2.627125,0,
input,1028,22,0.194,0.041292,3.595166,4.315125,0,
input,1029,22,0.849167,53.488916,55.932042,56.528625,0,
input,1030,22,0.189334,51.082583,52.7305,53.330542,0,
input,1031,22,0.096875,50.872167,54.231334,54.790084,0,
input,1032,22,0.108583,51.636959,55.587167,56.153,0,
input,1033,22,0.084125,52.641042,55.91275,56.402125,0,
input,1034,22,0.079792,51.764042,55.919792,56.439625,0,
input,1035,22,0.110166,54.898,57.451958,57.926,0,
input,1036,22,0.088541,55.740417,57.644458,58.212666,0,
selection,1037,22,0.16,0.0465,2.653958,4.403916,100,1
selection,1038,22,0.15775,0.036125,2.185125,3.708125,100,2
selection,1039,22,0.389542,0.029667,2.144375,3.576375,100,3
selection,1040,22,0.138584,0.030667,1.917459,3.249625,100,4
selection,1041,22,0.123125,0.041375,1.979125,3.683625,100,5
selection,1042,22,2.051084,0.041708,4.169,8.161917,100,6
selection,1043,22,0.302708,0.050875,2.844833,7.147583,100,7
selection,1044,22,0.406208,0.052125,2.886916,7.058791,100,8
selection,1045,22,0.149834,0.033875,2.7425,6.906667,100,9
selection,1046,22,0.1985,0.042291,3.03575,7.435459,100,10
selection,1047,22,0.225292,0.04475,3.377667,8.059,100,11
selection,1048,22,0.208083,0.052334,3.471958,8.111916,100,12
selection,1049,22,0.182125,0.036875,3.197791,7.695375,100,13
selection,1050,22,0.146208,0.0375,3.302208,7.270333,100,14
selection,1051,22,0.190166,0.040917,3.280291,7.111125,100,15
selection,1052,22,1.793291,0.044791,4.914625,9.036541,100,16
selection,1053,22,0.184708,0.04175,3.642208,7.940958,100,17
selection,1054,22,0.202334,0.039125,3.673042,8.429792,100,18
selection,1055,22,0.176334,0.036542,3.876667,8.28475,100,19
selection,1056,22,1.545666,0.027625,4.617041,8.472916,100,20
empty,1057,22,0.143125,0.032292,9.222208,11.136416,0,
invoke,1058,23,,,3.799583,6.187458,0,
input,1059,23,0.174916,0.202416,5.770875,7.897416,3,0
input,1060,23,0.132834,0.162042,6.9565,8.944542,2,0
input,1061,23,5.388959,0.202792,8.844459,10.879834,1,0
input,1062,23,2.794625,0.173917,5.608375,7.006083,1,0
input,1063,23,2.140333,0.194041,5.116708,6.624166,1,0
input,1064,23,1.87375,0.205292,5.071375,6.2545,1,0
input,1065,23,0.132125,0.036833,2.134375,3.854625,0,
input,1066,23,0.169292,0.0375,2.222125,3.075875,0,
input,1067,23,0.773875,0.033292,2.169,2.979208,0,
input,1068,23,0.116583,0.36625,5.334208,8.646583,100,0
input,1069,23,1.78,0.3465,5.759166,8.027666,100,0
input,1070,23,0.138875,0.354959,4.128334,6.227209,100,0
input,1071,23,0.173917,0.417708,4.585959,6.883209,100,0
input,1072,23,0.111042,0.03725,3.993,6.414375,0,
input,1073,23,0.260167,0.04025,1.883583,2.756458,0,
input,1074,23,0.23075,0.036625,2.261667,2.971792,0,
input,1075,23,0.184625,52.771417,56.395625,57.161042,0,
input,1076,23,0.179583,50.924833,56.299333,57.067667,0,
input,1077,23,0.095958,52.073458,56.0415,56.616792,0,
input,1078,23,0.111042,52.219959,56.550667,57.120833,0,
input,1079,23,0.096583,51.611291,53.829458,54.369708,0,
input,1080,23,0.095375,52.718084,54.061,54.693042,0,
input,1081,23,1.280667,51.527625,54.028417,54.591292,0,
input,1082,23,0.101542,53.084625,54.302333,54.795292,0,
selection,1083,23,0.132167,0.03375,2.508875,4.005959,100,1
selection,1084,23,0.119625,0.030292,1.978625,3.499625,100,2
selection,1085,23,0.116708,0.029,1.937333,3.443542,100,3
selection,1086,23,0.157333,0.043167,2.255833,3.805417,100,4
selection,1087,23,0.1795,0.045292,2.298541,3.937,100,5
selection,1088,23,0.117417,0.030666,1.904792,5.807583,100,6
selection,1089,23,0.451458,0.026958,2.583583,6.743833,100,7
selection,1090,23,0.267,0.040292,2.722125,7.067291,100,8
selection,1091,23,0.151417,0.037084,2.6875,6.667375,100,9
selection,1092,23,0.150583,0.039459,2.757,7.326292,100,10
selection,1093,23,0.231625,0.073083,2.923708,6.87775,100,11
selection,1094,23,0.23,0.049625,3.55725,8.415209,100,12
selection,1095,23,0.208833,0.046375,3.525083,7.691542,100,13
selection,1096,23,0.163792,0.035417,3.044208,7.038917,100,14
selection,1097,23,0.150541,0.034,3.3495,7.396,100,15
selection,1098,23,0.17025,0.041625,3.310792,6.991542,100,16
selection,1099,23,0.171208,0.040375,3.353041,7.444458,100,17
selection,1100,23,2.498167,0.047458,6.031625,10.316375,100,18
selection,1101,23,0.190666,0.037708,3.639833,7.633,100,19
selection,1102,23,0.171209,0.034875,3.644542,8.347209,100,20
empty,1103,23,0.113333,0.031792,1.790458,4.017041,0,
invoke,1104,24,,,4.01125,4.75225,0,
input,1105,24,0.1595,0.2135,6.046875,8.440833,3,0
input,1106,24,0.406125,0.200792,3.732125,6.168334,2,0
input,1107,24,0.203667,0.172541,4.512542,6.533042,1,0
input,1108,24,6.421792,0.210709,9.570875,11.001834,1,0
input,1109,24,1.737708,0.143625,4.562083,6.170416,1,0
input,1110,24,1.805458,0.161167,4.411,5.785458,1,0
input,1111,24,0.12425,0.034208,2.205458,3.903041,0,
input,1112,24,0.1705,0.035458,3.372709,4.180209,0,
input,1113,24,1.124458,0.040791,2.8545,3.648458,0,
input,1114,24,0.156667,0.344916,5.356875,8.486125,100,0
input,1115,24,0.150041,0.339625,3.800791,5.751041,100,0
input,1116,24,0.1945,0.35975,3.968084,5.955584,100,0
input,1117,24,0.224417,0.343959,4.2945,6.24275,100,0
input,1118,24,0.092292,0.034458,2.199834,4.404084,0,
input,1119,24,0.121791,0.034333,1.67725,2.455875,0,
input,1120,24,0.176833,0.040541,1.81325,2.552,0,
input,1121,24,0.157917,51.354291,56.938292,57.677084,0,
input,1122,24,0.123458,51.414791,53.388541,53.97025,0,
input,1123,24,0.12475,51.662125,53.101417,53.690792,0,
input,1124,24,0.094,51.470708,54.697209,55.285834,0,
input,1125,24,0.124625,51.361,54.535958,55.08175,0,
input,1126,24,0.104042,52.188667,56.121792,56.647167,0,
input,1127,24,0.095667,53.218459,56.368375,56.972834,0,
input,1128,24,0.086458,52.14325,55.607291,56.158,0,
selection,1129,24,0.127333,0.038875,2.758375,4.348625,100,1
selection,1130,24,0.106917,0.024333,1.869417,3.426625,100,2
selection,1131,24,0.129292,0.029959,1.983959,3.499167,100,3
selection,1132,24,2.1345,0.040542,4.1975,5.7195,100,4
selection,1133,24,0.150458,0.038375,2.4895,4.39325,100,5
selection,1134,24,0.147834,0.030917,2.540834,6.456125,100,6
selection,1135,24,0.143125,0.037334,2.511417,6.524,100,7
selection,1136,24,0.161125,0.033709,2.609083,6.588916,100,8
selection,1137,24,0.14425,0.038875,2.737125,6.714709,100,9
selection,1138,24,0.173792,0.050375,3.192708,8.0395,100,10
selection,1139,24,0.174833,0.04325,2.994125,7.639333,100,11
selection,1140,24,0.173125,0.037167,2.907833,6.971833,100,12
selection,1141,24,0.183584,0.03575,3.0625,6.995375,100,13
selection,1142,24,0.161834,0.038792,3.449,7.794959,100,14
selection,1143,24,0.209042,0.055666,3.766917,8.098542,100,15
selection,1144,24,1.067041,0.02575,3.814958,7.48225,100,16
selection,1145,24,0.172917,0.040583,3.690292,7.832875,100,17
selection,1146,24,0.174,0.038292,3.645958,8.454791,100,18
selection,1147,24,0.212542,0.047625,4.032625,9.1125,100,19
selection,1148,24,1.928375,0.050042,5.879042,10.041125,100,20
empty,1149,24,0.117833,0.0295,4.958375,6.83025,0,
invoke,1150,25,,,7.942958,8.677125,0,
input,1151,25,0.149416,0.172958,5.969166,8.232833,3,0
input,1152,25,1.655875,0.133583,9.236167,11.246667,2,0
input,1153,25,5.016708,0.190833,8.157625,10.2725,1,0
input,1154,25,0.542292,0.173125,3.4985,4.88525,1,0
input,1155,25,0.138,0.154375,2.573833,3.807458,1,0
input,1156,25,0.207208,0.143084,3.269333,4.559,1,0
input,1157,25,0.104292,0.033875,1.933292,3.562208,0,
input,1158,25,9.552459,0.033708,11.00775,11.62975,0,
input,1159,25,0.150875,0.040917,3.240709,3.943917,0,
input,1160,25,1.1905,0.343958,5.837417,8.761167,100,0
input,1161,25,0.121625,0.329958,5.174334,7.557417,100,0
input,1162,25,0.153125,0.3415,4.202458,6.492958,100,0
input,1163,25,0.186833,0.3495,4.777542,6.598583,100,0
input,1164,25,0.108708,0.032583,1.967083,4.102583,0,
input,1165,25,0.173667,0.036083,1.712,2.561125,0,
input,1166,25,0.142125,0.038417,1.69525,2.372667,0,
input,1167,25,0.169083,51.372916,55.222167,55.832417,0,
input,1168,25,0.160458,51.198041,52.78375,53.479208,0,
input,1169,25,0.1365,50.993583,52.559875,53.2,0,
input,1170,25,0.102,51.687583,58.330625,58.885125,0,
input,1171,25,0.105459,52.141125,54.274875,54.829834,0,
input,1172,25,0.088333,52.106083,53.334541,53.929166,0,
input,1173,25,0.105292,54.899584,56.3275,56.858625,0,
input,1174,25,1.869667,54.589958,57.649459,58.192084,0,
selection,1175,25,0.162958,0.03975,2.863666,4.548625,100,1
selection,1176,25,0.117834,0.028041,1.917292,3.3545,100,2
selection,1177,25,0.115083,0.027292,1.765208,3.067583,100,3
selection,1178,25,0.112584,0.023958,1.866917,3.369375,100,4
selection,1179,25,0.1225,0.03125,1.907125,3.555416,100,5
selection,1180,25,1.676709,0.040292,3.793959,7.792084,100,6
selection,1181,25,0.25,0.054625,2.577208,6.733375,100,7
selection,1182,25,0.160959,0.038334,2.6595,6.887959,100,8
selection,1183,25,0.16075,0.050959,2.858125,6.801708,100,9
selection,1184,25,0.156834,0.041208,2.640042,6.756417,100,10
selection,1185,25,0.201583,0.045,3.204083,7.614,100,11
selection,1186,25,0.166875,0.0325,3.003541,7.203625,100,12
selection,1187,25,0.182917,0.051958,3.323333,7.754458,100,13
selection,1188,25,0.157917,0.03275,2.900959,6.972875,100,14
selection,1189,25,0.174334,0.03975,3.636084,8.219792,100,15
selection,1190,25,0.151333,0.034417,3.293833,7.259666,100,16
selection,1191,25,0.121667,0.028583,3.116583,7.087292,100,17
selection,1192,25,0.179708,0.040917,3.787708,7.947042,100,18
selection,1193,25,1.474417,0.048125,5.285125,9.894834,100,19
selection,1194,25,0.209375,0.052875,4.079083,8.637791,100,20
empty,1195,25,0.109833,0.039125,1.897208,4.302458,0,
invoke,1196,26,,,4.032667,4.780417,0,
input,1197,26,0.173375,0.219292,6.53575,8.604167,3,0
input,1198,26,0.193959,0.202875,6.985209,8.922,2,0
input,1199,26,5.328542,0.211791,8.892959,10.9495,1,0
input,1200,26,1.26925,0.186875,4.193083,5.532541,1,0
input,1201,26,0.209,0.152625,2.803417,4.075042,1,0
input,1202,26,0.216334,0.130625,3.118417,4.475417,1,0
input,1203,26,0.148416,0.032625,4.047875,5.880875,0,
input,1204,26,0.257584,0.035083,1.809084,2.545292,0,
input,1205,26,0.126292,0.039042,1.698167,2.453667,0,
input,1206,26,0.206375,0.351208,7.977209,10.796042,100,0
input,1207,26,0.137125,0.340291,4.348917,6.748125,100,0
input,1208,26,0.1565,0.334959,3.927958,6.240417,100,0
input,1209,26,0.143375,0.344875,4.050375,6.854708,100,0
input,1210,26,2.046916,0.054667,4.777125,7.398916,0,
input,1211,26,4.662583,0.033042,6.077417,6.718542,0,
input,1212,26,0.4885,0.045459,2.239125,3.067625,0,
input,1213,26,0.11625,53.135667,54.711458,55.421417,0,
input,1214,26,0.115583,50.568375,52.347417,53.091375,0,
input,1215,26,0.112,51.211458,56.007792,56.658917,0,
input,1216,26,0.0975,50.804,58.473833,59.037875,0,
input,1217,26,4.94475,51.942375,57.966875,58.428416,0,
input,1218,26,0.097416,52.267208,53.309416,53.790458,0,
input,1219,26,0.11275,52.517167,53.703542,54.199667,0,
input,1220,26,0.935459,54.53,56.664917,57.221125,0,
selection,1221,26,0.1175,0.030042,2.617875,4.194708,100,1
selection,1222,26,0.606667,0.0285,2.878625,4.36575,100,2
selection,1223,26,0.112208,0.024917,1.88675,3.300667,100,3
selection,1224,26,0.154334,0.032583,2.04875,3.579375,100,4
selection,1225,26,2.099458,0.057083,4.257458,6.016417,100,5
selection,1226,26,0.1435,0.046167,2.431791,6.504125,100,6
selection,1227,26,0.144833,0.0345,2.490333,6.721167,100,7
selection,1228,26,1.972875,0.035667,4.266459,8.162834,100,8
selection,1229,26,1.561584,0.037084,3.897917,7.944542,100,9
selection,1230,26,0.163583,0.037666,2.712333,6.832333,100,10
selection,1231,26,0.186458,0.047416,2.94125,7.122375,100,11
selection,1232,26,0.156417,0.035625,2.900875,7.267917,100,12
selection,1233,26,0.183667,0.04075,3.188042,7.78075,100,13
selection,1234,26,0.181709,0.0385,3.211417,8.196042,100,14
selection,1235,26,0.25,0.089667,3.852083,8.30475,100,15
selection,1236,26,0.543458,0.037291,3.959833,8.454,100,16
selection,1237,26,0.140875,0.058042,3.7105,7.774,100,17
selection,1238,26,0.155834,0.029125,3.208375,6.662209,100,18
selection,1239,26,0.269916,0.066375,3.819041,8.210458,100,19
selection,1240,26,0.14575,0.038875,3.889334,8.14575,100,20
empty,1241,26,0.832375,0.043875,2.687375,4.788625,0,
invoke,1242,27,,,4.399917,7.941125,0,
input,1243,27,0.144625,0.188541,5.01125,6.949417,3,0
input,1244,27,4.000041,0.179875,7.114875,9.058625,2,0
input,1245,27,2.641583,0.218375,5.988791,8.072791,1,0
input,1246,27,2.405625,0.205,5.470083,7.016542,1,0
input,1247,27,1.739167,0.189917,4.671292,5.924709,1,0
input,1248,27,2.2405,0.17225,5.064167,6.246958,1,0
input,1249,27,1.991,0.042417,4.352083,6.159917,0,
input,1250,27,7.715375,0.035417,9.306792,10.081042,0,
input,1251,27,2.177417,0.045,3.961,4.805542,0,
input,1252,27,0.143667,0.352291,5.339417,8.406334,100,0
input,1253,27,0.927375,0.357458,5.009667,7.473,100,0
input,1254,27,0.188292,0.369625,4.31325,6.428417,100,0
input,1255,27,0.144792,0.358958,6.068708,8.302292,100,0
input,1256,27,0.143917,0.035666,2.509375,4.587292,0,
input,1257,27,0.19725,0.046,2.01625,2.75275,0,
input,1258,27,0.160375,0.036458,1.642375,2.278042,0,
input,1259,27,0.128542,53.612916,57.01475,57.834875,0,
input,1260,27,0.204333,50.749958,53.076833,53.781791,0,
input,1261,27,0.177375,50.873667,52.384792,53.01625,0,
input,1262,27,0.101334,51.569583,56.663625,57.262959,0,
input,1263,27,0.099792,51.969333,53.201625,53.736583,0,
input,1264,27,0.084125,51.755333,52.991042,53.567792,0,
input,1265,27,1.115958,53.365083,55.664375,56.241458,0,
input,1266,27,1.2195,55.083125,57.614375,58.248583,0,
selection,1267,27,0.121875,0.033125,2.634792,4.070875,100,1
selection,1268,27,0.147792,0.028958,2.540292,3.933333,100,2
selection,1269,27,0.10825,0.027042,1.702083,3.090625,100,3
selection,1270,27,0.108042,0.026791,1.915458,3.322958,100,4
selection,1271,27,0.156792,0.036125,2.085542,3.835959,100,5
selection,1272,27,1.994292,0.039917,3.984167,7.76175,100,6
selection,1273,27,0.619042,0.031917,2.574208,6.345917,100,7
selection,1274,27,0.642417,0.031625,2.720167,6.6205,100,8
selection,1275,27,1.573125,0.035667,3.843084,7.713084,100,9
selection,1276,27,0.142166,0.028916,2.453375,6.412916,100,10
selection,1277,27,0.152208,0.037334,2.623458,6.754791,100,11
selection,1278,27,0.16675,0.038458,3.242,7.296459,100,12
selection,1279,27,0.153959,0.037166,3.055084,7.021,100,13
selection,1280,27,0.1205,0.0245,2.536542,6.266292,100,14
selection,1281,27,0.134542,0.0295,2.983167,7.549875,100,15
selection,1282,27,0.185875,0.039292,3.664333,8.004625,100,16
selection,1283,27,0.1555,0.043625,3.38925,7.623,100,17
selection,1284,27,0.150666,0.0345,3.332,7.160291,100,18
selection,1285,27,0.139667,0.037292,3.776125,7.793458,100,19
selection,1286,27,1.017334,0.062042,5.29,10.211792,100,20
empty,1287,27,0.139542,0.03375,1.860709,4.083875,0,
invoke,1288,28,,,3.837,5.394917,0,
input,1289,28,5.760208,0.145125,10.338291,12.216541,3,0
input,1290,28,0.73375,0.189667,3.921458,5.898792,2,0
input,1291,28,0.601042,0.200667,3.6705,5.658334,1,0
input,1292,28,2.342708,0.187834,5.805167,7.281542,1,0
input,1293,28,1.398584,0.180458,4.231959,5.822042,1,0
input,1294,28,1.830583,0.2145,4.983833,6.48425,1,0
input,1295,28,1.748917,0.044625,4.142792,6.018917,0,
input,1296,28,4.284541,0.049208,6.073125,7.001166,0,
input,1297,28,0.168041,0.0395,1.752375,2.430291,0,
input,1298,28,0.92025,0.365958,5.805916,8.965333,100,0
input,1299,28,0.187291,0.324,4.302916,6.734875,100,0
input,1300,28,0.199291,0.337708,4.503541,6.52875,100,0
input,1301,28,0.150042,0.343417,4.07175,6.174417,100,0
input,1302,28,0.105625,0.035708,1.939916,3.825708,0,
input,1303,28,0.555292,0.03025,1.806958,2.443375,0,
input,1304,28,0.167333,0.032083,1.643375,2.300833,0,
input,1305,28,0.132083,52.50925,54.151167,54.79525,0,
input,1306,28,1.428209,50.57375,53.430959,54.02775,0,
input,1307,28,0.11425,51.810209,53.140042,53.6455,0,
input,1308,28,0.096708,52.356125,54.871208,55.419292,0,
input,1309,28,0.098333,52.024625,56.510416,57.04725,0,
input,1310,28,0.104291,52.505291,55.096,55.6965,0,
input,1311,28,0.093417,53.376,58.815833,59.436375,0,
input,1312,28,0.106709,51.763542,52.974125,53.480667,0,
selection,1313,28,0.150542,0.033583,2.492625,4.003834,100,1
selection,1314,28,0.1395,0.0425,2.107084,3.631792,100,2
selection,1315,28,0.151042,0.04275,2.143083,3.750125,100,3
selection,1316,28,0.120458,0.030458,1.720792,3.003417,100,4
selection,1317,28,0.117834,0.028375,1.996375,3.688167,100,5
selection,1318,28,0.249208,0.028416,2.157125,6.065417,100,6
selection,1319,28,0.672834,0.033333,2.81275,6.927417,100,7
selection,1320,28,0.158792,0.038209,2.580208,6.75875,100,8
selection,1321,28,0.140125,0.030417,2.512708,6.461458,100,9
selection,1322,28,0.1475,0.03375,2.815166,7.113125,100,10
selection,1323,28,0.163417,0.038,2.881125,6.824625,100,11
selection,1324,28,0.199209,0.041958,3.254417,7.291334,100,12
selection,1325,28,0.217042,0.078709,3.449542,7.975167,100,13
selection,1326,28,0.289459,0.035167,3.259334,7.610417,100,14
selection,1327,28,0.194833,0.033541,3.40225,7.699375,100,15
selection,1328,28,1.267292,0.0335,4.367292,8.272417,100,16
selection,1329,28,7.632125,0.048416,11.845542,16.681334,100,17
selection,1330,28,0.188708,0.041084,3.916125,8.275625,100,18
selection,1331,28,0.149292,0.031833,3.459917,7.49225,100,19
selection,1332,28,0.14525,0.035125,3.364875,7.123417,100,20
empty,1333,28,1.808459,0.043209,3.837167,6.285417,0,
invoke,1334,29,,,5.821625,7.449417,0,
input,1335,29,0.191042,0.191709,6.153125,8.344542,3,0
input,1336,29,3.158917,0.170667,6.312875,8.229042,2,0
input,1337,29,0.136,0.188125,2.988625,5.013958,1,0
input,1338,29,0.132375,0.175917,3.212083,4.692,1,0
input,1339,29,0.138833,0.134917,2.730791,4.0015,1,0
input,1340,29,0.187459,0.202375,3.247375,4.777959,1,0
input,1341,29,1.13475,0.055625,4.037917,5.969167,0,
input,1342,29,7.552083,0.034917,9.056916,9.83575,0,
input,1343,29,0.657708,0.043541,2.414625,3.207417,0,
input,1344,29,0.191833,0.475875,5.940166,9.371166,100,0
input,1345,29,8.516375,0.388291,13.190916,15.482916,100,0
input,1346,29,0.198958,0.360458,6.028875,8.297417,100,0
input,1347,29,0.160667,0.363209,4.438709,6.590625,100,0
input,1348,29,0.129667,0.035,2.165542,4.75575,0,
input,1349,29,0.191,0.044292,3.014583,3.700833,0,
input,1350,29,0.929875,0.045208,2.738875,3.519875,0,
input,1351,29,0.194791,53.862167,56.109875,56.841041,0,
input,1352,29,0.234291,51.759625,54.329375,55.191833,0,
input,1353,29,0.156792,51.4225,54.79225,55.405625,0,
input,1354,29,0.104375,51.289417,55.017208,55.623666,0,
input,1355,29,0.119958,52.428125,54.700458,55.190541,0,
input,1356,29,0.095875,51.68875,55.620208,56.144333,0,
input,1357,29,0.10575,53.055583,55.488667,55.976,0,
input,1358,29,1.47425,53.273416,56.063167,56.631292,0,
selection,1359,29,0.114833,0.031208,2.560458,4.118583,100,1
selection,1360,29,0.133,0.036,2.36225,3.79375,100,2
selection,1361,29,0.153166,0.038666,2.162333,3.709375,100,3
selection,1362,29,0.137042,0.03125,1.905208,3.1965,100,4
selection,1363,29,0.102709,0.023375,1.813459,3.560917,100,5
selection,1364,29,0.11875,0.025584,1.8985,5.694667,100,6
selection,1365,29,0.141084,0.030333,2.325292,6.637584,100,7
selection,1366,29,0.14825,0.034,2.419875,6.680541,100,8
selection,1367,29,0.168583,0.038083,2.717791,6.953833,100,9
selection,1368,29,0.175208,0.040667,2.921875,7.124958,100,10
selection,1369,29,0.158666,0.0325,2.748833,7.314458,100,11
selection,1370,29,0.182333,0.044458,3.068792,7.339167,100,12
selection,1371,29,0.184792,0.0535,3.308875,8.233334,100,13
selection,1372,29,0.753334,0.04175,4.204,8.57825,100,14
selection,1373,29,0.226875,0.053958,3.67275,8.057667,100,15
selection,1374,29,0.140625,0.028125,2.909167,6.623375,100,16
selection,1375,29,4.836417,0.065125,8.598125,13.226625,100,17
selection,1376,29,0.186542,0.038667,3.774959,8.2645,100,18
selection,1377,29,0.127792,0.03225,3.545042,8.196459,100,19
selection,1378,29,0.169083,0.034291,3.629667,7.81325,100,20
empty,1379,29,0.5375,0.035333,2.204458,4.133042,0,
invoke,1380,30,,,3.975625,4.671166,0,
input,1381,30,0.220167,0.165,5.477625,7.452417,3,0
input,1382,30,4.429083,0.15025,6.897708,8.730916,2,0
input,1383,30,2.802208,0.2215,6.347541,8.424416,1,0
input,1384,30,0.950333,0.211958,4.12275,5.669958,1,0
input,1385,30,1.824416,0.128292,4.276708,5.793541,1,0
input,1386,30,0.178542,0.194,3.178417,4.509084,1,0
input,1387,30,0.114125,0.042792,2.407917,4.299917,0,
input,1388,30,0.177333,0.038583,2.528333,3.211292,0,
input,1389,30,1.472333,0.04375,3.247792,4.085083,0,
input,1390,30,0.167709,0.381791,5.661917,8.901917,100,0
input,1391,30,0.159792,0.31825,3.745625,5.689583,100,0
input,1392,30,0.179875,0.368917,3.799542,5.708167,100,0
input,1393,30,0.204083,0.386375,4.30675,6.463667,100,0
input,1394,30,0.11325,0.03475,1.988708,4.043125,0,
input,1395,30,0.2,0.035333,4.319834,4.946209,0,
input,1396,30,0.810792,0.043084,2.640125,3.487042,0,
input,1397,30,0.249042,52.3725,54.809084,55.5305,0,
input,1398,30,0.1185,50.45425,51.920666,52.503666,0,
input,1399,30,0.115375,51.038334,52.482917,53.126834,0,
input,1400,30,0.105667,51.709916,52.958334,53.499334,0,
input,1401,30,0.102041,51.881958,54.913708,55.459875,0,
input,1402,30,0.108958,52.264125,55.803667,56.363792,0,
input,1403,30,0.088458,53.14925,57.177667,57.735125,0,
input,1404,30,0.103667,56.105625,57.978292,58.515584,0,
selection,1405,30,0.145792,0.03425,2.586667,4.095167,100,1
selection,1406,30,0.11925,0.027833,1.961917,3.498584,100,2
selection,1407,30,1.691042,0.040209,3.712375,5.393417,100,3
selection,1408,30,0.142917,0.040334,2.104792,3.534208,100,4
selection,1409,30,0.1745,0.041917,2.340125,4.12425,100,5
selection,1410,30,0.121708,0.029292,2.307833,6.450333,100,6
selection,1411,30,0.154209,0.033792,2.403167,6.79625,100,7
selection,1412,30,0.134541,0.030208,2.279541,6.581791,100,8
selection,1413,30,0.161459,0.034542,2.677167,7.200209,100,9
selection,1414,30,0.232708,0.048375,3.13275,7.522083,100,10
selection,1415,30,0.289292,0.100959,3.211208,8.13075,100,11
selection,1416,30,0.209041,0.045417,3.48275,8.065125,100,12
selection,1417,30,0.190125,0.046875,3.326709,8.239792,100,13
selection,1418,30,0.582791,0.07025,4.3045,9.121708,100,14
selection,1419,30,0.182667,0.034875,3.21875,7.359292,100,15
selection,1420,30,0.176375,0.037125,3.280083,7.985375,100,16
selection,1421,30,3.281125,0.041334,6.6485,10.72375,100,17
selection,1422,30,0.117458,0.028375,3.206333,7.110625,100,18
selection,1423,30,0.231291,0.057,4.277041,9.002125,100,19
selection,1424,30,0.246417,0.047333,3.927458,8.277917,100,20
empty,1425,30,2.005041,0.042166,3.9075,6.171916,0,
invoke,1426,31,,,5.66225,6.684375,0,
input,1427,31,0.2275,0.225834,6.847875,8.949458,3,0
input,1428,31,8.420166,0.155625,11.598041,13.740833,2,0
input,1429,31,1.919833,0.224208,5.428083,7.562375,1,0
input,1430,31,0.350417,0.155834,3.369042,4.865875,1,0
input,1431,31,0.240708,0.220208,2.729208,4.004292,1,0
input,1432,31,0.219125,0.133958,3.06075,4.378042,1,0
input,1433,31,0.155333,0.039583,5.843458,7.749458,0,
input,1434,31,0.174708,0.036584,4.002333,4.635125,0,
input,1435,31,0.739042,0.038959,2.387125,3.206208,0,
input,1436,31,0.170166,0.365708,5.57225,8.792333,100,0
input,1437,31,0.130375,0.342417,3.747542,5.620792,100,0
input,1438,31,0.135709,0.33775,3.69375,5.741292,100,0
input,1439,31,0.128125,0.36025,4.183625,6.279083,100,0
input,1440,31,0.1205,0.034125,2.2955,4.591125,0,
input,1441,31,0.118167,0.036916,3.605917,4.331417,0,
input,1442,31,1.356917,0.029583,2.667167,3.437583,0,
input,1443,31,0.169125,52.898041,54.703792,55.401,0,
input,1444,31,0.205208,51.007,52.744583,53.369166,0,
input,1445,31,0.104042,52.301834,53.818209,54.434417,0,
input,1446,31,0.15575,51.658667,53.203333,53.852958,0,
input,1447,31,0.126291,51.285833,53.902708,54.477083,0,
input,1448,31,0.092209,52.174416,56.34925,56.852959,0,
input,1449,31,0.111,53.152833,56.008083,56.554,0,
input,1450,31,0.089625,53.280875,57.099208,57.666625,0,
selection,1451,31,0.145208,0.034083,2.548625,4.09125,100,1
selection,1452,31,0.117667,0.0295,1.975,3.608209,100,2
selection,1453,31,0.115834,0.026125,1.727375,2.998084,100,3
selection,1454,31,0.155875,0.033041,2.049584,3.529667,100,4
selection,1455,31,0.519375,0.036291,2.461041,4.188958,100,5
selection,1456,31,0.147917,0.035791,2.082917,5.439625,100,6
selection,1457,31,0.108584,0.02125,1.762834,5.229209,100,7
selection,1458,31,0.110625,0.024375,1.943125,5.651292,100,8
selection,1459,31,0.100834,0.021541,2.045625,5.935209,100,9
selection,1460,31,0.133584,0.031167,2.53775,7.1765,100,10
selection,1461,31,0.193625,0.040333,3.104333,7.440875,100,11
selection,1462,31,0.1445,0.037667,2.793666,7.137041,100,12
selection,1463,31,0.183125,0.04025,3.105375,7.65175,100,13
selection,1464,31,0.1785,0.0385,3.282542,7.999917,100,14
selection,1465,31,1.536709,0.041959,5.047792,9.163167,100,15
selection,1466,31,0.22875,0.057209,3.883666,8.357916,100,16
selection,1467,31,0.185042,0.039083,3.459834,7.639084,100,17
selection,1468,31,0.183417,0.039708,3.567042,7.961084,100,18
selection,1469,31,0.15125,0.041416,3.59375,8.123584,100,19
selection,1470,31,1.647166,0.04625,5.409083,9.710458,100,20
empty,1471,31,0.114083,0.03275,1.841292,4.001875,0,
invoke,1472,32,,,4.285583,4.934791,0,
input,1473,32,0.548458,0.223791,6.058042,7.937,3,0
input,1474,32,7.355958,0.186709,10.700042,12.63,2,0
input,1475,32,1.873209,0.199084,5.349875,7.425375,1,0
input,1476,32,1.974916,0.209583,5.050083,6.58425,1,0
input,1477,32,0.187917,0.164,3.071834,4.394167,1,0
input,1478,32,0.158541,0.148417,2.643458,3.90125,1,0
input,1479,32,0.089917,0.028708,2.109834,3.933792,0,
input,1480,32,0.121792,0.032209,1.765875,2.756167,0,
input,1481,32,0.173,0.040375,1.770625,2.517542,0,
input,1482,32,0.192584,0.357916,7.618,10.780084,100,0
input,1483,32,0.152959,0.356666,4.369417,7.000125,100,0
input,1484,32,0.142958,0.346292,3.910083,6.120541,100,0
input,1485,32,0.149083,0.381042,3.908042,6.403542,100,0
input,1486,32,0.144292,0.051584,2.678,5.210333,0,
input,1487,32,0.139125,0.039084,1.726208,2.421792,0,
input,1488,32,0.182041,0.041834,1.856625,2.662833,0,
input,1489,32,0.192834,53.280209,55.190875,55.903542,0,
input,1490,32,0.144417,50.490792,52.238917,52.933667,0,
input,1491,32,0.1185,51.359667,52.906583,53.5145,0,
input,1492,32,0.092542,50.879375,52.15975,52.707333,0,
input,1493,32,0.112833,52.908334,54.2055,54.785125,0,
input,1494,32,0.112625,51.957917,53.2225,53.739667,0,
input,1495,32,0.096542,51.803583,53.22225,53.791125,0,
input,1496,32,0.088917,55.690417,57.915167,58.511959,0,
selection,1497,32,0.119167,0.029583,2.555208,4.142208,100,1
selection,1498,32,0.12025,0.028958,1.820083,3.194375,100,2
selection,1499,32,0.131959,0.02925,1.915375,3.256959,100,3
selection,1500,32,0.119958,0.031625,1.825666,3.263458,100,4
selection,1501,32,0.5025,0.031625,2.356667,3.919459,100,5
selection,1502,32,0.188,0.049584,2.473458,6.290083,100,6
selection,1503,32,0.171625,0.038791,2.294917,5.944334,100,7
selection,1504,32,0.172625,0.048833,2.440833,6.035083,100,8
selection,1505,32,0.153167,0.037625,2.799417,6.766542,100,9
selection,1506,32,0.119959,0.025458,2.55175,6.305167,100,10
selection,1507,32,0.148167,0.036291,2.874042,7.010792,100,11
selection,1508,32,0.152625,0.037542,2.98675,6.890291,100,12
selection,1509,32,0.188875,0.054292,3.324041,8.126875,100,13
selection,1510,32,0.6015,0.044542,4.272416,8.831958,100,14
selection,1511,32,0.18475,0.035166,3.381916,7.781458,100,15
selection,1512,32,0.226334,0.043917,3.239959,7.767834,100,16
selection,1513,32,0.190708,0.04475,3.620208,7.903583,100,17
selection,1514,32,2.179,0.05625,5.84025,10.368125,100,18
selection,1515,32,0.166625,0.036292,3.754167,8.004917,100,19
selection,1516,32,0.1665,0.040083,3.985,8.610083,100,20
empty,1517,32,1.966625,0.046083,4.015167,6.150292,0,
invoke,1518,33,,,4.766166,5.402541,0,
input,1519,33,0.473292,0.16775,7.905792,10.493709,3,0
input,1520,33,1.876,0.213541,5.778416,7.885916,2,0
input,1521,33,0.152666,0.204042,3.410333,5.251625,1,0
input,1522,33,0.212,0.194208,3.381458,4.835,1,0
input,1523,33,1.583834,0.198292,4.6585,6.225917,1,0
input,1524,33,1.781916,0.199333,4.86875,6.462541,1,0
input,1525,33,1.157958,0.043833,3.779833,5.821875,0,
input,1526,33,0.431584,0.035125,4.001,4.788625,0,
input,1527,33,0.836833,0.043666,2.728125,3.578208,0,
input,1528,33,0.245375,0.362917,5.302667,8.689583,100,0
input,1529,33,0.15425,0.337458,3.867667,6.380625,100,0
input,1530,33,0.142541,0.366583,4.099125,6.250541,100,0
input,1531,33,0.149042,0.386916,4.367709,6.606042,100,0
input,1532,33,0.13325,0.034459,2.203833,4.372542,0,
input,1533,33,0.134291,0.03575,1.743958,2.491083,0,
input,1534,33,0.180917,0.044958,2.076042,3.02,0,
input,1535,33,0.28775,52.766625,55.33125,56.049333,0,
input,1536,33,0.141666,50.891708,52.488833,53.104,0,
input,1537,33,0.102875,51.404459,54.42675,55.06275,0,
input,1538,33,0.729542,51.773042,53.928209,54.501292,0,
input,1539,33,0.098666,51.995083,53.147375,53.6585,0,
input,1540,33,0.111792,52.970292,54.250875,54.837417,0,
input,1541,33,0.115334,54.07325,57.079292,57.581292,0,
input,1542,33,0.126125,52.145792,53.725708,54.318583,0,
selection,1543,33,0.107542,0.026958,2.368125,3.814167,100,1
selection,1544,33,1.76375,0.032959,4.25025,5.962917,100,2
selection,1545,33,2.213584,0.046959,4.320625,5.944792,100,3
selection,1546,33,0.156667,0.036333,2.301875,3.667083,100,4
selection,1547,33,0.120209,0.029459,1.874417,3.526584,100,5
selection,1548,33,0.153791,0.036625,2.165791,5.623916,100,6
selection,1549,33,0.171458,0.040583,2.1795,5.8105,100,7
selection,1550,33,0.155333,0.037333,2.812375,7.07675,100,8
selection,1551,33,0.155375,0.039416,2.649125,6.654167,100,9
selection,1552,33,0.163,0.036583,2.678708,6.764708,100,10
selection,1553,33,0.159208,0.034917,3.156417,7.888083,100,11
selection,1554,33,1.68,0.046292,4.80125,9.125291,100,12
selection,1555,33,0.181042,0.042708,3.357625,7.986,100,13
selection,1556,33,0.271209,0.053875,3.60075,8.231917,100,14
selection,1557,33,0.20425,0.048834,3.468791,7.731583,100,15
selection,1558,33,0.184084,0.038958,3.418459,7.822959,100,16
selection,1559,33,3.41425,0.049417,7.148417,11.741,100,17
selection,1560,33,0.160583,0.0395,3.574708,7.693708,100,18
selection,1561,33,0.169791,0.03575,3.612166,7.655625,100,19
selection,1562,33,0.150334,0.0315,3.436709,7.559542,100,20
empty,1563,33,0.100541,0.030083,1.571166,3.685625,0,
invoke,1564,34,,,4.474125,6.37475,0,
input,1565,34,7.629,0.167708,13.258417,15.417167,3,0
input,1566,34,6.61625,0.205041,9.633833,11.729958,2,0
input,1567,34,2.977292,0.189167,5.758084,7.628459,1,0
input,1568,34,3.638917,0.204541,6.233167,7.455042,1,0
input,1569,34,0.1705,0.171125,2.898417,4.326667,1,0
input,1570,34,0.195292,0.138833,2.899375,4.129875,1,0
input,1571,34,0.115791,0.04125,2.291875,4.096625,0,
input,1572,34,0.125292,0.034709,3.969375,4.652333,0,
input,1573,34,0.935958,0.042875,2.715916,3.513958,0,
input,1574,34,0.134917,0.3665,5.294167,8.458334,100,0
input,1575,34,1.784,0.373708,6.296041,8.874208,100,0
input,1576,34,0.148583,0.357209,6.279958,8.24825,100,0
input,1577,34,0.195917,0.403416,5.259958,7.354833,100,0
input,1578,34,0.111291,0.03575,2.239958,4.38525,0,
input,1579,34,0.205417,0.033167,3.749,4.381459,0,
input,1580,34,1.878375,0.04425,3.664209,4.4755,0,
input,1581,34,0.231375,53.053084,55.160291,55.914666,0,
input,1582,34,0.195583,51.483625,53.677791,54.371625,0,
input,1583,34,0.101542,53.695666,57.236334,57.853042,0,
input,1584,34,0.148125,53.214834,56.727041,57.255041,0,
input,1585,34,0.096041,53.3445,54.479666,54.955875,0,
input,1586,34,0.096292,53.317042,54.655583,55.268458,0,
input,1587,34,0.603417,52.995334,54.813125,55.398875,0,
input,1588,34,1.634042,52.970584,55.673792,56.200042,0,
selection,1589,34,0.168917,0.044459,2.633917,4.115792,100,1
selection,1590,34,0.147125,0.033375,2.855167,4.56475,100,2
selection,1591,34,1.751417,0.060666,3.976875,5.640209,100,3
selection,1592,34,0.127958,0.033416,2.26225,3.901458,100,4
selection,1593,34,0.128875,0.050166,2.03625,3.81725,100,5
selection,1594,34,0.139542,0.032208,2.289084,6.141167,100,6
selection,1595,34,0.146917,0.0285,2.162167,6.159208,100,7
selection,1596,34,0.16,0.044958,2.473042,6.701833,100,8
selection,1597,34,0.183458,0.043583,2.629625,7.377083,100,9
selection,1598,34,0.186,0.038167,3.044792,7.122167,100,10
selection,1599,34,0.207542,0.048667,3.390375,8.114833,100,11
selection,1600,34,0.287542,0.042458,3.371334,8.165042,100,12
selection,1601,34,0.193583,0.051459,3.702333,8.785208,100,13
selection,1602,34,0.891292,0.045833,4.41625,8.838667,100,14
selection,1603,34,0.220584,0.055958,3.470209,7.730334,100,15
selection,1604,34,0.1755,0.048666,3.530292,7.833333,100,16
selection,1605,34,0.176958,0.037875,3.801916,8.254791,100,17
selection,1606,34,0.221333,0.056917,3.984042,8.695958,100,18
selection,1607,34,0.206083,0.039959,3.859,8.25625,100,19
selection,1608,34,0.165208,0.031916,3.48425,7.703417,100,20
empty,1609,34,0.105541,0.031875,1.6415,3.804333,0,
invoke,1610,35,,,4.541875,5.453083,0,
input,1611,35,0.146708,0.188708,5.686417,7.86475,3,0
input,1612,35,1.702208,0.205125,5.360875,7.354417,2,0
input,1613,35,1.064833,0.1585,3.605375,5.437333,1,0
input,1614,35,1.857042,0.143375,4.357833,5.657292,1,0
input,1615,35,0.136166,0.178625,2.877375,4.301958,1,0
input,1616,35,0.134208,0.150375,2.530083,3.84425,1,0
input,1617,35,0.156667,0.04,4.160709,6.045167,0,
input,1618,35,0.200625,0.048167,2.30025,3.216208,0,
input,1619,35,0.119625,0.03225,1.414625,2.119042,0,
input,1620,35,0.443959,0.367917,5.5055,8.498084,100,0
input,1621,35,0.146708,0.322959,6.804708,9.161083,100,0
input,1622,35,0.13025,0.338916,4.002083,5.990458,100,0
input,1623,35,0.169833,0.347125,5.309208,7.150208,100,0
input,1624,35,0.099125,0.031417,1.799958,3.90275,0,
input,1625,35,0.225333,0.038125,3.723583,4.359333,0,
input,1626,35,1.284333,0.047042,2.993917,3.725708,0,
input,1627,35,0.145583,52.697208,54.555875,55.258542,0,
input,1628,35,0.141709,50.826875,52.404667,52.961167,0,
input,1629,35,0.0915,50.966875,52.216291,52.769708,0,
input,1630,35,0.139083,52.150542,53.582833,54.154791,0,
input,1631,35,0.10925,51.937292,54.885583,55.382125,0,
input,1632,35,0.110542,51.447083,55.5345,56.090167,0,
input,1633,35,0.098125,53.504916,57.68125,58.194958,0,
input,1634,35,0.092708,52.68625,53.930417,54.499583,0,
selection,1635,35,0.185333,0.047375,2.522,4.014625,100,1
selection,1636,35,0.451458,0.029625,2.20125,3.673333,100,2
selection,1637,35,0.122041,0.029917,1.820083,3.263166,100,3
selection,1638,35,0.087958,0.021708,1.557042,2.86475,100,4
selection,1639,35,1.579458,0.023666,3.109958,4.602042,100,5
selection,1640,35,0.12525,0.030916,2.213625,5.972417,100,6
selection,1641,35,0.16325,0.039334,2.302,6.158584,100,7
selection,1642,35,0.183041,0.0435,2.505083,6.307791,100,8
selection,1643,35,0.143083,0.034625,2.543417,6.58225,100,9
selection,1644,35,0.16025,0.038333,2.92825,7.333583,100,10
selection,1645,35,0.150958,0.032916,2.835417,7.512625,100,11
selection,1646,35,2.091167,0.044416,5.048709,9.368542,100,12
selection,1647,35,0.163625,0.036583,2.996583,7.437125,100,13
selection,1648,35,0.137792,0.033333,2.855208,6.954083,100,14
selection,1649,35,0.149375,0.034291,3.361625,7.832958,100,15
selection,1650,35,0.228834,0.062542,3.757042,8.317542,100,16
selection,1651,35,0.1435,0.0335,3.260958,7.683125,100,17
selection,1652,35,3.756333,0.047334,7.798375,12.226833,100,18
selection,1653,35,0.16575,0.033708,3.405,7.748292,100,19
selection,1654,35,0.197709,0.048583,4.003459,8.0375,100,20
empty,1655,35,0.109542,0.031625,1.616459,3.826667,0,
invoke,1656,36,,,7.438667,8.201583,0,
input,1657,36,0.181833,0.174125,5.784916,7.831416,3,0
input,1658,36,1.960666,0.20375,5.753583,7.79575,2,0
input,1659,36,0.991208,0.196125,4.121875,6.038125,1,0
input,1660,36,1.88075,0.202292,5.143291,6.556291,1,0
input,1661,36,1.572292,0.208541,4.671042,6.2485,1,0
input,1662,36,1.760584,0.218125,5.037125,6.230667,1,0
input,1663,36,1.594709,0.045417,4.141792,5.915292,0,
input,1664,36,4.82675,0.034875,8.794166,9.49625,0,
input,1665,36,0.774333,0.049875,2.789958,3.66975,0,
input,1666,36,0.186667,0.337,5.110958,8.38325,100,0
input,1667,36,0.681958,0.324708,4.411167,6.547583,100,0
input,1668,36,0.527,0.330208,3.981584,5.861292,100,0
input,1669,36,1.000709,0.380833,4.719125,6.726667,100,0
input,1670,36,0.3255,0.033,2.365208,4.6355,0,
input,1671,36,0.134375,0.033708,1.48325,2.147542,0,
input,1672,36,0.167791,0.028917,1.42275,2.188208,0,
input,1673,36,1.056917,54.562958,57.173542,57.8075,0,
input,1674,36,0.136417,51.008542,52.58025,53.209875,0,
input,1675,36,0.127416,51.795792,53.331583,53.950958,0,
input,1676,36,0.110708,51.002,54.98925,55.544458,0,
input,1677,36,0.133792,51.292667,52.981292,53.540167,0,
input,1678,36,0.506459,52.076125,53.773542,54.31175,0,
input,1679,36,0.097125,51.949833,53.167875,53.754208,0,
input,1680,36,0.103375,55.294458,56.738333,57.393916,0,
selection,1681,36,0.171042,0.0405,2.801625,4.518917,100,1
selection,1682,36,0.126334,0.029459,1.900042,3.41325,100,2
selection,1683,36,1.339583,0.032125,3.17475,4.581083,100,3
selection,1684,36,0.117291,0.025792,1.961541,3.464166,100,4
selection,1685,36,0.157791,0.034875,2.002833,3.641583,100,5
selection,1686,36,2.116041,0.041042,4.393666,8.728875,100,6
selection,1687,36,1.520375,0.035042,3.501916,7.518791,100,7
selection,1688,36,0.386,0.033333,2.921,7.524916,100,8
selection,1689,36,0.184625,0.037792,2.834334,6.869209,100,9
selection,1690,36,7.107709,0.055459,10.5955,15.535834,100,10
selection,1691,36,0.209292,0.049166,3.278459,8.2325,100,11
selection,1692,36,0.177584,0.047291,3.172167,7.640375,100,12
selection,1693,36,0.24775,0.041542,3.472208,8.133,100,13
selection,1694,36,1.4335,0.04875,4.963,9.724416,100,14
selection,1695,36,0.192333,0.035167,3.473542,7.660333,100,15
selection,1696,36,0.213959,0.058542,3.794875,7.994084,100,16
selection,1697,36,0.162417,0.039459,3.687833,8.064125,100,17
selection,1698,36,1.247916,0.034125,4.558125,8.860166,100,18
selection,1699,36,0.159083,0.034208,3.505875,7.294125,100,19
selection,1700,36,0.147458,0.032125,3.717125,7.940541,100,20
empty,1701,36,0.130291,0.043125,1.844583,4.323833,0,
invoke,1702,37,,,4.00275,4.815917,0,
input,1703,37,0.201959,0.165958,6.203125,8.396792,3,0
input,1704,37,0.660834,0.198083,3.90525,5.960834,2,0
input,1705,37,0.206292,0.156875,5.269875,7.082375,1,0
input,1706,37,0.174458,0.15225,5.770292,7.154917,1,0
input,1707,37,0.566209,0.170292,3.589542,5.015917,1,0
input,1708,37,2.024458,0.139958,4.382542,5.708542,1,0
input,1709,37,0.095958,0.033,2.188708,4.054125,0,
input,1710,37,0.123541,0.034,1.551166,2.366416,0,
input,1711,37,0.422875,0.050375,2.184125,2.92575,0,
input,1712,37,0.139667,0.318458,5.110708,8.152875,100,0
input,1713,37,2.072208,0.407209,6.876583,9.489125,100,0
input,1714,37,0.198291,0.343959,6.701458,8.678833,100,0
input,1715,37,0.169167,0.3335,3.79325,5.910334,100,0
input,1716,37,0.11275,0.033125,1.998916,4.134666,0,
input,1717,37,0.126416,0.033291,3.6095,4.352416,0,
input,1718,37,1.259417,0.031334,2.54075,3.173,0,
input,1719,37,0.157333,51.9135,53.681208,54.313375,0,
input,1720,37,0.120333,51.055459,52.574416,53.193791,0,
input,1721,37,0.101,50.89275,52.121666,52.667625,0,
input,1722,37,0.083417,52.385625,55.336,55.916083,0,
input,1723,37,0.078209,51.86275,53.068792,53.687959,0,
input,1724,37,1.675167,53.147,56.014458,56.584708,0,
input,1725,37,1.528583,53.242333,55.979083,56.626916,0,
input,1726,37,0.095709,53.459625,54.672292,55.237209,0,
selection,1727,37,0.164709,0.035125,2.670167,4.348667,100,1
selection,1728,37,0.140584,0.03575,1.877125,3.291417,100,2
selection,1729,37,1.6975,0.032291,3.472875,4.872583,100,3
selection,1730,37,0.160375,0.035667,2.317666,3.8485,100,4
selection,1731,37,0.152042,0.036708,2.258792,4.002459,100,5
selection,1732,37,0.155708,0.047542,2.486541,6.625625,100,6
selection,1733,37,1.580542,0.033875,3.682042,7.6445,100,7
selection,1734,37,0.334958,0.037583,2.721833,7.115708,100,8
selection,1735,37,0.599166,0.037292,3.310333,7.622208,100,9
selection,1736,37,0.229375,0.050208,3.383875,7.454667,100,10
selection,1737,37,0.184,0.039625,3.149708,7.501458,100,11
selection,1738,37,0.164625,0.034042,3.056375,7.097542,100,12
selection,1739,37,0.222417,0.040667,3.280584,7.805167,100,13
selection,1740,37,0.17825,0.05975,3.335166,7.526,100,14
selection,1741,37,1.68725,0.027167,4.355125,8.623125,100,15
selection,1742,37,0.1775,0.040333,3.552875,8.059458,100,16
selection,1743,37,0.200625,0.049083,4.04225,8.519833,100,17
selection,1744,37,0.19625,0.052667,3.478292,8.485042,100,18
selection,1745,37,1.691542,0.049625,5.584875,10.037083,100,19
selection,1746,37,0.162958,0.03375,3.608208,7.311708,100,20
empty,1747,37,0.131625,0.034542,2.811542,5.057125,0,
invoke,1748,38,,,4.544792,6.023709,0,
input,1749,38,0.595125,0.168209,5.791958,7.756375,3,0
input,1750,38,5.449292,0.209834,9.121917,11.459083,2,0
input,1751,38,0.227167,0.180084,3.252292,5.351834,1,0
input,1752,38,1.802542,0.202708,4.817,6.220875,1,0
input,1753,38,1.89275,0.204333,4.913708,6.1015,1,0
input,1754,38,2.121542,0.181458,4.926417,6.103125,1,0
input,1755,38,2.025459,0.045375,4.660375,6.718792,0,
input,1756,38,6.416333,0.033333,8.066542,8.902792,0,
input,1757,38,0.19125,0.041542,4.08625,4.804584,0,
input,1758,38,0.784375,0.403042,6.154542,9.067042,100,0
input,1759,38,0.15725,0.349708,4.789,7.234542,100,0
input,1760,38,0.187916,0.36475,5.89425,8.030541,100,0
input,1761,38,0.219459,0.353417,4.15325,6.245042,100,0
input,1762,38,0.106666,0.03175,1.860208,3.703458,0,
input,1763,38,0.1375,0.035708,3.198583,3.861,0,
input,1764,38,1.309042,0.031458,2.750459,3.496625,0,
input,1765,38,0.144375,52.368208,54.481709,55.137959,0,
input,1766,38,0.105791,50.790333,53.512291,54.165791,0,
input,1767,38,0.105375,51.286583,55.600917,56.184625,0,
input,1768,38,0.093792,51.518666,56.312459,56.8755,0,
input,1769,38,7.280125,51.877375,60.447833,61.039083,0,
input,1770,38,0.1185,53.54025,54.935292,55.547375,0,
input,1771,38,0.101709,52.3475,53.800709,54.357625,0,
input,1772,38,0.106959,52.844958,54.076084,54.620667,0,
selection,1773,38,0.131,0.035792,2.545042,3.997958,100,1
selection,1774,38,0.705042,0.031125,3.310584,4.99625,100,2
selection,1775,38,0.14975,0.0295,2.113084,3.815375,100,3
selection,1776,38,0.117917,0.027208,1.860375,3.435375,100,4
selection,1777,38,0.155583,0.034791,2.095667,3.602458,100,5
selection,1778,38,0.144875,0.034209,2.226666,5.703208,100,6
selection,1779,38,0.130792,0.03075,2.313083,6.186125,100,7
selection,1780,38,0.155875,0.036375,2.603959,6.969792,100,8
selection,1781,38,0.161833,0.038541,2.57125,6.939458,100,9
selection,1782,38,0.163833,0.038584,2.737583,6.78675,100,10
selection,1783,38,0.227833,0.058625,3.202291,7.823,100,11
selection,1784,38,0.195209,0.048542,3.519917,8.049042,100,12
selection,1785,38,0.166459,0.036792,3.241292,7.471084,100,13
selection,1786,38,0.185625,0.03925,3.394458,7.589458,100,14
selection,1787,38,0.14325,0.033459,3.155708,7.198125,100,15
selection,1788,38,2.130833,0.044334,5.451708,9.771458,100,16
selection,1789,38,0.192042,0.039625,3.454334,7.643667,100,17
selection,1790,38,0.188583,0.039833,3.863167,8.18175,100,18
selection,1791,38,0.183667,0.035792,3.789,8.21175,100,19
selection,1792,38,0.163333,0.041875,3.447583,7.399833,100,20
empty,1793,38,0.999583,0.035167,2.516875,4.355208,0,
invoke,1794,39,,,3.89625,4.685,0,
input,1795,39,0.212708,0.178041,5.730458,7.886375,3,0
input,1796,39,2.040541,0.167958,5.605166,7.663166,2,0
input,1797,39,0.894167,0.153875,3.606834,5.529334,1,0
input,1798,39,2.561709,0.216458,5.932709,7.309334,1,0
input,1799,39,1.585209,0.190333,4.5315,5.84075,1,0
input,1800,39,2.142459,0.213958,5.106834,6.365084,1,0
input,1801,39,0.119458,0.040333,2.16925,3.91475,0,
input,1802,39,0.171166,0.041417,4.611625,5.441375,0,
input,1803,39,0.199209,0.037625,4.123167,4.902375,0,
input,1804,39,0.177833,0.352334,5.372792,8.335542,100,0
input,1805,39,8.734583,0.365208,13.105333,15.367708,100,0
input,1806,39,0.1905,0.345708,6.940667,8.963042,100,0
input,1807,39,0.23225,0.351667,4.280083,6.263125,100,0
input,1808,39,0.117708,0.035791,1.992,4.212791,0,
input,1809,39,0.212459,0.048417,2.544625,3.354292,0,
input,1810,39,0.161958,0.032333,1.682833,2.443416,0,
input,1811,39,0.157292,52.809625,56.140834,56.9005,0,
input,1812,39,0.157,51.758458,54.597917,55.272708,0,
input,1813,39,0.944084,51.793167,54.144167,54.855917,0,
input,1814,39,0.120666,51.855125,53.355375,54.027875,0,
input,1815,39,0.1055,51.725958,54.061375,54.584375,0,
input,1816,39,0.109917,52.449625,54.400209,54.958459,0,
input,1817,39,0.088042,52.216709,53.428833,53.998458,0,
input,1818,39,2.062709,53.155792,56.351167,56.850917,0,
selection,1819,39,0.128083,0.034667,2.413125,3.829167,100,1
selection,1820,39,3.555166,0.026084,6.036625,7.738333,100,2
selection,1821,39,0.15575,0.042959,2.122209,3.650542,100,3
selection,1822,39,0.1485,0.038709,1.999042,3.323959,100,4
selection,1823,39,0.274208,0.030875,2.091583,3.755791,100,5
selection,1824,39,0.179125,0.040958,2.33275,5.869292,100,6
selection,1825,39,0.134083,0.030042,2.240333,5.882666,100,7
selection,1826,39,0.156083,0.032583,2.537333,6.247375,100,8
selection,1827,39,0.120333,0.027917,2.468,6.5395,100,9
selection,1828,39,0.148541,0.038083,2.908916,6.948583,100,10
selection,1829,39,0.144625,0.0405,2.51925,6.427459,100,11
selection,1830,39,0.137417,0.030125,2.854958,6.478667,100,12
selection,1831,39,0.176875,0.039916,2.750334,6.38175,100,13
selection,1832,39,0.15775,0.035,3.201959,7.561917,100,14
selection,1833,39,0.180958,0.05575,3.36175,7.950833,100,15
selection,1834,39,0.302542,0.051708,3.657583,7.860875,100,16
selection,1835,39,0.775041,0.049417,4.337083,8.890625,100,17
selection,1836,39,0.221958,0.054209,3.910791,7.919,100,18
selection,1837,39,0.182542,0.051125,4.105667,8.635333,100,19
selection,1838,39,0.126041,0.031375,3.589416,7.922791,100,20
empty,1839,39,0.7945,0.040083,2.579458,4.736917,0,
invoke,1840,40,,,5.518834,6.167792,0,
input,1841,40,0.107708,0.216458,5.876125,7.865458,3,0
input,1842,40,1.582917,0.213916,5.121208,6.968083,2,0
input,1843,40,0.508208,0.202666,4.274041,6.445833,1,0
input,1844,40,1.785584,0.178375,4.826042,6.364917,1,0
input,1845,40,1.74275,0.155041,4.46975,5.957583,1,0
input,1846,40,0.166167,0.177209,2.783167,4.04875,1,0
input,1847,40,5.224167,0.041375,7.628292,9.646625,0,
input,1848,40,6.547417,0.04,8.355209,9.094542,0,
input,1849,40,0.140417,0.036541,1.482167,2.210084,0,
input,1850,40,0.188541,0.365291,5.537125,8.788208,100,0
input,1851,40,1.028667,0.359041,4.991875,7.381667,100,0
input,1852,40,0.195167,0.392834,4.572375,6.752167,100,0
input,1853,40,0.166375,0.387292,7.679833,9.773833,100,0
input,1854,40,0.118917,0.034583,2.217,4.445167,0,
input,1855,40,0.171875,0.047833,2.005708,2.881208,0,
input,1856,40,0.144916,0.035083,1.622041,2.412583,0,
input,1857,40,0.179708,52.698458,54.620125,55.262583,0,
input,1858,40,0.9195,51.309292,53.67225,54.447084,0,
input,1859,40,0.127417,51.880708,53.446667,54.098083,0,
input,1860,40,0.116584,51.761708,56.604459,57.209292,0,
input,1861,40,0.0965,52.730083,54.097625,54.671542,0,
input,1862,40,0.104084,53.394833,54.716834,55.270542,0,
input,1863,40,0.09025,51.901875,53.04725,53.670791,0,
input,1864,40,1.36975,52.103625,54.682166,55.203958,0,
selection,1865,40,0.15725,0.038958,2.743875,4.387583,100,1
selection,1866,40,0.12825,0.027917,1.870459,3.297959,100,2
selection,1867,40,1.928041,0.030583,3.821,5.302458,100,3
selection,1868,40,0.138541,0.03575,2.07725,3.480166,100,4
selection,1869,40,0.174042,0.040083,2.062583,3.61025,100,5
selection,1870,40,1.183833,0.042584,3.56475,7.935458,100,6
selection,1871,40,0.179583,0.040792,2.456041,6.626208,100,7
selection,1872,40,0.165959,0.039375,2.720625,6.867917,100,8
selection,1873,40,0.163917,0.039375,2.748,7.34525,100,9
selection,1874,40,0.192333,0.041834,3.14125,7.982458,100,10
selection,1875,40,0.243542,0.05975,3.629625,8.183125,100,11
selection,1876,40,0.170584,0.039042,3.107709,7.194459,100,12
selection,1877,40,0.180583,0.039375,3.376375,7.557208,100,13
selection,1878,40,1.496709,0.050583,4.865042,9.3335,100,14
selection,1879,40,0.210208,0.055417,3.718042,8.262083,100,15
selection,1880,40,0.152209,0.037958,3.302792,7.962459,100,16
selection,1881,40,0.1505,0.039042,3.504875,7.682125,100,17
selection,1882,40,1.708708,0.038875,5.1385,9.225583,100,18
selection,1883,40,0.148583,0.030125,3.545291,7.659416,100,19
selection,1884,40,0.13375,0.02725,3.274209,6.866584,100,20
empty,1885,40,0.129834,0.033958,2.574,4.642417,0,
invoke,1886,41,,,8.178583,8.999167,0,
input,1887,41,3.93375,0.148041,8.919292,11.035458,3,0
input,1888,41,0.202833,0.15125,5.382125,7.400042,2,0
input,1889,41,7.430167,0.202042,10.647959,12.802792,1,0
input,1890,41,2.235709,0.189708,5.338959,6.922417,1,0
input,1891,41,1.614209,0.198625,4.503417,5.76025,1,0
input,1892,41,0.129084,0.176666,2.598042,3.703125,1,0
input,1893,41,0.147875,0.0325,3.491584,5.300459,0,
input,1894,41,5.731791,0.033584,7.139625,7.959125,0,
input,1895,41,0.183417,0.036292,1.677333,2.34225,0,
input,1896,41,0.162334,0.374291,5.944667,9.09525,100,0
input,1897,41,0.739084,0.374458,5.267834,7.575875,100,0
input,1898,41,0.194833,0.348083,6.446292,8.394375,100,0
input,1899,41,0.178625,0.365208,4.891208,7.006792,100,0
input,1900,41,0.128208,0.03225,2.02325,4.237583,0,
input,1901,41,0.388958,0.047834,2.343083,3.16625,0,
input,1902,41,0.20375,0.030333,1.523042,2.209333,0,
input,1903,41,0.1145,52.336083,55.73625,56.436416,0,
input,1904,41,0.122416,51.261917,55.842583,56.447291,0,
input,1905,41,0.104708,51.062875,55.619542,56.177208,0,
input,1906,41,0.12575,51.777625,53.097667,53.643292,0,
input,1907,41,0.096125,52.571459,53.772666,54.285833,0,
input,1908,41,0.114625,52.588084,53.840333,54.387417,0,
input,1909,41,0.112958,54.776,56.989625,57.55775,0,
input,1910,41,0.107042,53.689375,56.284709,56.850334,0,
selection,1911,41,0.15025,0.037083,2.584667,4.140333,100,1
selection,1912,41,0.166583,0.039208,2.0935,3.536917,100,2
selection,1913,41,0.112,0.026209,1.739167,3.074792,100,3
selection,1914,41,0.109125,0.025958,1.736375,2.987833,100,4
selection,1915,41,0.140375,0.034542,2.301458,4.264541,100,5
selection,1916,41,0.133083,0.035459,2.216541,6.473166,100,6
selection,1917,41,0.227125,0.061292,2.798,7.044166,100,7
selection,1918,41,0.208042,0.044625,2.659959,6.528959,100,8
selection,1919,41,0.141834,0.03225,2.753084,6.856542,100,9
selection,1920,41,0.135,0.031917,2.784291,6.724,100,10
selection,1921,41,0.192083,0.0385,3.125208,7.915125,100,11
selection,1922,41,0.271458,0.052584,3.368833,7.813375,100,12
selection,1923,41,0.957,0.062417,4.7035,9.051709,100,13
selection,1924,41,0.157333,0.030166,2.788,6.331458,100,14
selection,1925,41,0.162833,0.039917,3.254542,7.628625,100,15
selection,1926,41,0.187291,0.048708,3.374,7.62625,100,16
selection,1927,41,0.125291,0.034,3.15675,7.194958,100,17
selection,1928,41,0.174708,0.032833,3.375916,7.528958,100,18
selection,1929,41,0.15625,0.04075,3.632,7.47975,100,19
selection,1930,41,1.974333,0.048,5.685916,10.511666,100,20
empty,1931,41,0.161042,0.0495,3.578167,5.750917,0,
invoke,1932,42,,,5.703625,7.689708,0,
input,1933,42,0.182375,0.20525,6.563291,8.737,3,0
input,1934,42,0.156916,0.203458,4.023083,5.874833,2,0
input,1935,42,0.844417,0.185583,3.823042,6.125708,1,0
input,1936,42,0.253458,0.205625,3.471708,4.940208,1,0
input,1937,42,0.190667,0.167,2.940458,4.374917,1,0
input,1938,42,0.204708,0.156833,4.53175,5.874,1,0
input,1939,42,0.109291,0.036292,1.875791,3.582458,0,
input,1940,42,0.612875,0.051584,2.577792,3.361084,0,
input,1941,42,0.150667,0.03475,1.680375,2.384709,0,
input,1942,42,0.151167,0.337584,7.004167,10.011292,100,0
input,1943,42,0.159084,0.371458,4.276,6.801875,100,0
input,1944,42,0.14625,0.320125,3.79325,5.997042,100,0
input,1945,42,0.13225,0.335,3.774625,5.883417,100,0
input,1946,42,0.124042,0.053625,2.238292,4.376459,0,
input,1947,42,0.194417,0.039792,2.908084,3.701959,0,
input,1948,42,0.470167,0.054625,2.418917,3.248584,0,
input,1949,42,0.213458,51.794542,54.170792,55.000667,0,
input,1950,42,0.157834,50.403083,52.064584,52.748042,0,
input,1951,42,0.111375,51.431458,52.947167,53.487417,0,
input,1952,42,0.101167,52.268625,53.597667,54.201542,0,
input,1953,42,0.108125,52.544083,55.892834,56.46175,0,
input,1954,42,0.098958,52.576208,54.744625,55.289167,0,
input,1955,42,0.075083,53.695916,54.785666,55.284875,0,
input,1956,42,0.089167,52.506291,53.693334,54.287375,0,
selection,1957,42,0.174584,0.042791,2.67675,4.225292,100,1
selection,1958,42,0.107708,0.02525,1.839042,3.338708,100,2
selection,1959,42,0.143041,0.03175,2.044833,3.392625,100,3
selection,1960,42,0.139542,0.037416,1.970792,3.346417,100,4
selection,1961,42,0.131666,0.033916,2.314458,4.127083,100,5
selection,1962,42,0.177333,0.034916,2.331125,6.0885,100,6
selection,1963,42,0.181375,0.036875,2.555584,6.511125,100,7
selection,1964,42,0.137416,0.035,2.677041,6.739666,100,8
selection,1965,42,0.142125,0.029542,2.814792,7.050625,100,9
selection,1966,42,0.142542,0.037667,3.231625,7.858708,100,10
selection,1967,42,0.208042,0.051083,2.982417,7.54425,100,11
selection,1968,42,1.833917,0.055,5.657,10.261042,100,12
selection,1969,42,0.186041,0.046125,3.529083,7.971041,100,13
selection,1970,42,0.207541,0.053667,3.496916,7.746083,100,14
selection,1971,42,0.146875,0.034291,3.176375,7.304625,100,15
selection,1972,42,0.14525,0.035291,3.224166,7.195083,100,16
selection,1973,42,0.154917,0.044625,3.228208,7.315458,100,17
selection,1974,42,2.679417,0.046584,6.39725,10.877375,100,18
selection,1975,42,0.137083,0.03075,3.608417,7.660125,100,19
selection,1976,42,0.162291,0.049,3.434875,7.737333,100,20
empty,1977,42,0.145584,0.03275,1.7105,3.824167,0,
invoke,1978,43,,,3.733292,4.383083,0,
input,1979,43,0.151625,0.206584,5.610625,7.757708,3,0
input,1980,43,0.985541,0.20375,4.384958,6.606833,2,0
input,1981,43,0.150667,0.154125,2.657167,4.970084,1,0
input,1982,43,1.874041,0.161458,4.739333,6.102083,1,0
input,1983,43,0.119167,0.146292,2.476792,3.653125,1,0
input,1984,43,0.195542,0.145459,4.712834,6.073625,1,0
input,1985,43,0.158,0.035917,4.038209,5.91,0,
input,1986,43,0.202,0.047625,2.074167,2.855625,0,
input,1987,43,0.180958,0.039792,2.188125,2.886,0,
input,1988,43,0.17575,0.348875,5.733917,8.69,100,0
input,1989,43,0.1415,0.354917,4.067875,6.502584,100,0
input,1990,43,0.152292,0.367292,3.835833,5.950542,100,0
input,1991,43,0.129667,0.355166,3.802542,5.990875,100,0
input,1992,43,0.1235,0.038125,2.407375,4.430292,0,
input,1993,43,0.152709,0.036416,1.695417,2.450917,0,
input,1994,43,0.139417,0.040542,1.838708,2.551625,0,
input,1995,43,0.149625,53.263708,56.357917,57.120417,0,
input,1996,43,0.231333,50.658291,52.390917,53.003667,0,
input,1997,43,0.733583,51.896833,53.974375,54.542792,0,
input,1998,43,0.1155,51.56125,53.060084,53.668,0,
input,1999,43,0.115542,53.346375,54.676125,55.22875,0,
input,2000,43,0.79925,53.443291,55.430958,56.040166,0,
input,2001,43,1.179792,52.838583,55.219042,55.743125,0,
input,2002,43,1.839917,54.363583,57.401083,57.915375,0,
selection,2003,43,0.104375,0.027458,2.243292,3.675667,100,1
selection,2004,43,1.565,0.026375,3.832167,5.386,100,2
selection,2005,43,0.129708,0.030167,2.0555,3.488583,100,3
selection,2006,43,0.122167,0.035291,1.854708,3.268875,100,4
selection,2007,43,0.33725,0.027792,2.046708,3.820208,100,5
selection,2008,43,3.979125,0.03775,6.243541,10.214416,100,6
selection,2009,43,0.154125,0.034958,2.2715,6.514834,100,7
selection,2010,43,0.145792,0.032125,2.448542,6.751625,100,8
selection,2011,43,0.151125,0.032333,2.811083,7.182875,100,9
selection,2012,43,0.161,0.037292,2.830667,7.247084,100,10
selection,2013,43,0.2165,0.0545,3.497042,8.808417,100,11
selection,2014,43,0.229792,0.055875,3.7245,8.206125,100,12
selection,2015,43,0.192,0.048875,3.290583,7.679875,100,13
selection,2016,43,1.799208,0.061583,5.588708,9.566416,100,14
selection,2017,43,0.287292,0.066875,3.845333,8.199042,100,15
selection,2018,43,0.210958,0.050458,3.798917,8.017208,100,16
selection,2019,43,0.184417,0.040875,3.349084,7.45375,100,17
selection,2020,43,0.152333,0.038458,3.221833,7.010875,100,18
selection,2021,43,0.199208,0.0365,3.366833,7.291125,100,19
selection,2022,43,0.222209,0.049375,3.788917,8.016834,100,20
empty,2023,43,0.120167,0.03575,1.6925,3.821375,0,
invoke,2024,44,,,3.949459,4.639334,0,
input,2025,44,0.162416,0.209459,6.198708,8.359541,3,0
input,2026,44,3.8055,0.129375,6.231375,8.079417,2,0
input,2027,44,0.184125,0.13,2.459125,3.907666,1,0
input,2028,44,5.373458,0.15425,7.679417,8.899292,1,0
input,2029,44,0.136584,0.132041,2.338084,3.450959,1,0
input,2030,44,0.137375,0.173792,4.905833,6.013542,1,0
input,2031,44,0.099791,0.032,2.106041,3.951791,0,
input,2032,44,1.708875,0.035625,2.988958,3.598417,0,
input,2033,44,0.146709,0.035042,1.559042,2.260709,0,
input,2034,44,0.142,0.339208,4.795667,7.428584,100,0
input,2035,44,0.138125,0.34025,5.88375,7.962042,100,0
input,2036,44,0.147959,0.370209,5.771042,7.692,100,0
input,2037,44,0.142875,0.374917,4.639166,6.490125,100,0
input,2038,44,0.107292,0.033333,2.293875,4.148459,0,
input,2039,44,0.603666,0.031792,1.9235,2.580166,0,
input,2040,44,0.133042,0.035417,2.04475,2.802542,0,
input,2041,44,1.33425,52.416125,55.400042,56.129792,0,
input,2042,44,1.453292,50.895042,53.638792,54.257958,0,
input,2043,44,0.09725,51.450334,53.202584,53.73,0,
input,2044,44,0.08775,51.576667,55.675417,56.270125,0,
input,2045,44,0.104959,51.699458,57.136375,57.69975,0,
input,2046,44,0.103125,50.90725,54.786958,55.333833,0,
input,2047,44,0.083042,53.329041,56.626542,57.180958,0,
input,2048,44,0.094958,53.840667,56.477708,57.078416,0,
selection,2049,44,1.896417,0.039959,4.528458,6.323125,100,1
selection,2050,44,0.140959,0.031917,2.090792,3.521042,100,2
selection,2051,44,0.132584,0.033417,2.136667,3.639792,100,3
selection,2052,44,0.869958,0.028792,2.673042,4.286792,100,4
selection,2053,44,0.141208,0.036542,2.126458,3.912916,100,5
selection,2054,44,0.143417,0.03475,2.275958,6.386125,100,6
selection,2055,44,0.137708,0.030208,2.370083,6.5135,100,7
selection,2056,44,0.126458,0.035375,2.294042,6.790833,100,8
selection,2057,44,0.168542,0.040083,2.744167,6.654334,100,9
selection,2058,44,0.149375,0.035375,2.861834,6.753917,100,10
selection,2059,44,0.193708,0.04325,3.42725,8.264333,100,11
selection,2060,44,0.199916,0.04725,3.278791,7.666333,100,12
selection,2061,44,0.190458,0.04525,3.545708,8.483958,100,13
selection,2062,44,1.584625,0.047917,5.123833,9.831333,100,14
selection,2063,44,0.16875,0.031084,3.284209,7.699334,100,15
selection,2064,44,0.143625,0.032875,3.475833,8.08625,100,16
selection,2065,44,0.183708,0.045916,3.431458,7.637791,100,17
selection,2066,44,1.841083,0.056209,5.732208,9.719625,100,18
selection,2067,44,0.19925,0.043083,3.828458,8.287208,100,19
selection,2068,44,0.173583,0.035667,3.667042,7.93825,100,20
empty,2069,44,0.104667,0.033917,1.609625,3.689167,0,
invoke,2070,45,,,4.014375,4.6925,0,
input,2071,45,0.135084,0.164041,5.300792,7.311292,3,0
input,2072,45,2.328167,0.160417,5.546709,7.489542,2,0
input,2073,45,0.164292,0.170084,2.938459,4.924709,1,0
input,2074,45,0.14475,0.179416,2.723666,4.016291,1,0
input,2075,45,0.127959,0.1445,2.540834,3.812584,1,0
input,2076,45,0.191291,0.141583,4.546625,5.781375,1,0
input,2077,45,0.108833,0.036709,5.76675,7.321166,0,
input,2078,45,0.168666,0.03425,3.491541,4.216333,0,
input,2079,45,1.353083,0.046875,3.158917,3.967792,0,
input,2080,45,0.154792,0.342292,5.493917,8.477417,100,0
input,2081,45,1.259291,0.344083,5.132041,7.567583,100,0
input,2082,45,0.186334,0.379166,4.516667,7.080459,100,0
input,2083,45,0.188083,0.351,6.001,8.186625,100,0
input,2084,45,0.126291,0.035791,2.106708,4.340958,0,
input,2085,45,0.149542,0.042167,3.529667,4.194209,0,
input,2086,45,1.353291,0.039166,2.926125,3.635375,0,
input,2087,45,0.23625,52.46025,54.709458,55.3745,0,
input,2088,45,0.133125,50.911708,52.979209,53.633834,0,
input,2089,45,0.903042,50.70075,52.985458,53.693833,0,
input,2090,45,0.126708,51.833875,53.261,53.862875,0,
input,2091,45,0.095417,51.911958,55.708,56.252334,0,
input,2092,45,0.099625,52.729375,53.975666,54.5435,0,
input,2093,45,1.025584,52.545541,54.7215,55.264917,0,
input,2094,45,2.137208,51.722792,54.988916,55.517291,0,
selection,2095,45,0.14625,0.031917,2.283583,3.746458,100,1
selection,2096,45,0.075958,0.020709,1.539916,2.862958,100,2
selection,2097,45,0.099708,0.021333,1.734708,3.168625,100,3
selection,2098,45,0.100417,0.021041,1.68475,3.161458,100,4
selection,2099,45,1.737541,0.0405,3.67425,5.403083,100,5
selection,2100,45,0.163541,0.051125,2.257458,5.962125,100,6
selection,2101,45,0.190167,0.048083,2.626125,6.621167,100,7
selection,2102,45,0.161792,0.035042,2.732334,6.97425,100,8
selection,2103,45,0.207542,0.048791,2.543,6.475625,100,9
selection,2104,45,0.172417,0.042208,2.715917,6.759042,100,10
selection,2105,45,2.194167,0.035125,4.768667,8.707917,100,11
selection,2106,45,0.158459,0.037583,2.981625,7.045167,100,12
selection,2107,45,0.156,0.0375,3.126334,7.354792,100,13
selection,2108,45,0.155042,0.027583,2.722959,6.803834,100,14
selection,2109,45,0.26925,0.064,3.911041,8.135541,100,15
selection,2110,45,0.256584,0.031375,3.284,7.274834,100,16
selection,2111,45,0.128334,0.030875,3.166584,6.9715,100,17
selection,2112,45,0.142333,0.03275,3.582333,7.636333,100,18
selection,2113,45,2.2315,0.064542,6.191208,10.87175,100,19
selection,2114,45,0.234875,0.05275,4.072334,8.257917,100,20
empty,2115,45,0.117084,0.04825,1.689625,3.87575,0,
invoke,2116,46,,,5.470917,8.084417,0,
input,2117,46,7.263875,0.151334,12.660459,14.732834,3,0
input,2118,46,0.188958,0.15625,5.209958,7.3195,2,0
input,2119,46,0.185541,0.113042,4.474583,6.395625,1,0
input,2120,46,8.057375,0.131958,10.908416,12.273875,1,0
input,2121,46,0.164958,0.130958,2.63025,3.9,1,0
input,2122,46,0.248458,0.148416,2.563625,3.762167,1,0
input,2123,46,0.119541,0.041,2.283958,4.009,0,
input,2124,46,3.456,0.035042,5.223917,6.126375,0,
input,2125,46,0.124958,0.0395,1.753208,2.454625,0,
input,2126,46,0.123417,0.332333,6.4435,9.296583,100,0
input,2127,46,0.136,0.338584,4.094792,6.553875,100,0
input,2128,46,0.245334,0.329458,4.90875,6.885,100,0
input,2129,46,0.161583,0.371084,3.962,6.005208,100,0
input,2130,46,0.113125,0.035459,2.347667,4.661584,0,
input,2131,46,0.19825,0.036,4.282042,4.979417,0,
input,2132,46,0.530958,0.042875,2.250167,3.015667,0,
input,2133,46,0.174834,52.789417,54.652459,55.357,0,
input,2134,46,0.110083,50.406667,53.032167,53.617542,0,
input,2135,46,0.088334,51.624791,58.277667,58.829875,0,
input,2136,46,0.088208,51.90925,56.600125,57.10975,0,
input,2137,46,0.086291,52.169542,53.365291,53.879375,0,
input,2138,46,0.494083,52.888042,54.495041,55.053666,0,
input,2139,46,1.812417,53.020834,55.94775,56.578583,0,
input,2140,46,0.118709,54.250084,55.594792,56.094,0,
selection,2141,46,0.1405,0.035,2.453791,3.9005,100,1
selection,2142,46,0.077,0.019083,1.540542,2.991334,100,2
selection,2143,46,0.334625,0.018583,1.738375,2.902917,100,3
selection,2144,46,0.132584,0.025625,1.935375,3.499625,100,4
selection,2145,46,0.154,0.029958,2.283084,4.037209,100,5
selection,2146,46,1.255542,0.030875,3.161875,7.0385,100,6
selection,2147,46,0.530791,0.056084,3.111458,7.636083,100,7
selection,2148,46,0.186167,0.042292,2.946125,7.397042,100,8
selection,2149,46,0.156666,0.03475,2.801875,6.978,100,9
selection,2150,46,0.160458,0.03825,3.199166,8.189458,100,10
selection,2151,46,0.24325,0.061125,3.572625,8.60025,100,11
selection,2152,46,1.663708,0.053416,5.1335,9.954916,100,12
selection,2153,46,0.184709,0.038083,3.352292,7.676459,100,13
selection,2154,46,0.144292,0.03175,3.191042,7.693875,100,14
selection,2155,46,0.199208,0.045333,3.548708,7.659708,100,15
selection,2156,46,2.208208,0.050834,6.040542,10.530875,100,16
selection,2157,46,6.319625,0.046208,9.841209,14.594459,100,17
selection,2158,46,0.215709,0.042041,4.0265,8.603084,100,18
selection,2159,46,0.185417,0.051584,3.962625,8.682958,100,19
selection,2160,46,1.635583,0.070791,5.542041,9.962875,100,20
empty,2161,46,0.145,0.033041,4.760875,6.88,0,
invoke,2162,47,,,3.511042,4.144792,0,
input,2163,47,1.148917,0.198292,6.897583,8.763333,3,0
input,2164,47,0.16975,0.1355,4.828875,7.07675,2,0
input,2165,47,0.177375,0.157417,5.3195,7.242375,1,0
input,2166,47,7.124708,0.162209,9.899125,11.222333,1,0
input,2167,47,2.256166,0.149209,4.655708,5.98525,1,0
input,2168,47,0.127333,0.177625,2.729792,4.01725,1,0
input,2169,47,0.099625,0.027584,1.640333,3.487333,0,
input,2170,47,0.171208,0.033,4.437625,5.394958,0,
input,2171,47,1.190792,0.033583,2.654625,3.372292,0,
input,2172,47,0.179667,0.316584,5.856708,8.744083,100,0
input,2173,47,1.498875,0.370708,5.849833,8.369917,100,0
input,2174,47,0.181583,0.371,4.33325,6.462542,100,0
input,2175,47,0.168417,0.354042,6.184667,8.343125,100,0
input,2176,47,0.160375,0.060625,4.495209,6.662792,0,
input,2177,47,0.17675,0.038416,1.982208,2.820125,0,
input,2178,47,0.400166,0.028583,1.599083,2.267541,0,
input,2179,47,0.136,52.281833,53.977292,54.601208,0,
input,2180,47,0.132417,50.591709,53.195625,53.851375,0,
input,2181,47,2.177042,51.4455,54.79625,55.36275,0,
input,2182,47,0.113667,51.260208,52.509042,53.021875,0,
input,2183,47,0.100875,51.328125,52.586083,53.188542,0,
input,2184,47,1.456667,53.361375,56.105125,56.787875,0,
input,2185,47,1.011375,55.247542,57.5705,58.1215,0,
input,2186,47,0.094375,53.523625,57.738833,58.287083,0,
selection,2187,47,0.157291,0.043708,2.695916,4.243875,100,1
selection,2188,47,0.166375,0.045459,2.531458,4.25275,100,2
selection,2189,47,0.149083,0.038417,2.16675,3.729667,100,3
selection,2190,47,0.160084,0.038292,2.412667,4.059084,100,4
selection,2191,47,0.119125,0.027833,2.096,3.93375,100,5
selection,2192,47,0.250833,0.031041,2.447208,7.02025,100,6
selection,2193,47,0.199917,0.053291,2.607625,7.019833,100,7
selection,2194,47,0.168167,0.038167,2.627959,6.99175,100,8
selection,2195,47,0.138584,0.030416,2.703667,7.408167,100,9
selection,2196,47,0.205875,0.046791,3.330625,8.005625,100,10
selection,2197,47,0.17625,0.042208,3.316583,8.189458,100,11
selection,2198,47,2.053084,0.049916,5.42875,9.794542,100,12
selection,2199,47,0.233834,0.051167,3.680375,8.151542,100,13
selection,2200,47,0.15975,0.031417,3.317208,7.669042,100,14
selection,2201,47,0.15775,0.033417,3.323958,7.704125,100,15
selection,2202,47,0.233959,0.042333,3.679625,7.857084,100,16
selection,2203,47,1.472667,0.043125,4.999333,9.391167,100,17
selection,2204,47,0.188541,0.04,3.895083,8.384958,100,18
selection,2205,47,0.207208,0.037667,3.844166,8.447875,100,19
selection,2206,47,0.1595,0.036,3.847125,8.088125,100,20
empty,2207,47,0.261083,0.03725,2.010125,3.974792,0,
invoke,2208,48,,,9.060666,9.710958,0,
input,2209,48,0.14775,0.235541,6.05525,8.057959,3,0
input,2210,48,1.82275,0.18625,5.561917,7.43425,2,0
input,2211,48,1.764333,0.205792,4.867208,7.114333,1,0
input,2212,48,1.841125,0.221667,5.182834,6.590042,1,0
input,2213,48,1.557208,0.122292,3.755458,5.040167,1,0
input,2214,48,0.127,0.18975,2.733834,3.996375,1,0
input,2215,48,0.102,0.028083,1.877792,3.696459,0,
input,2216,48,0.175333,0.053583,2.16525,3.01,0,
input,2217,48,0.123542,0.039167,1.732875,2.428125,0,
input,2218,48,0.201042,0.372166,7.742834,10.7915,100,0
input,2219,48,0.112125,0.312458,3.621167,5.495917,100,0
input,2220,48,0.213958,0.34825,5.529666,7.591041,100,0
input,2221,48,0.150125,0.339708,3.868208,5.998166,100,0
input,2222,48,0.111084,0.03525,2.231917,4.524625,0,
input,2223,48,0.168542,0.037458,2.517667,3.215875,0,
input,2224,48,1.759875,0.044083,3.513791,4.273416,0,
input,2225,48,0.151584,52.07675,53.818542,54.437917,0,
input,2226,48,0.119583,51.499334,54.853542,55.37925,0,
input,2227,48,0.105583,51.059875,53.545958,54.1355,0,
input,2228,48,0.759209,51.740208,53.666792,54.194292,0,
input,2229,48,0.101334,51.655917,53.644042,54.204042,0,
input,2230,48,0.107083,52.634833,54.459916,54.947291,0,
input,2231,48,0.086583,53.567041,54.750708,55.242542,0,
input,2232,48,0.589333,55.057459,56.799541,57.270125,0,
selection,2233,48,0.171375,0.039708,2.624709,4.182959,100,1
selection,2234,48,0.142292,0.037958,2.030417,3.51275,100,2
selection,2235,48,0.119625,0.027292,1.810875,3.209666,100,3
selection,2236,48,0.148625,0.031458,1.996334,3.449959,100,4
selection,2237,48,0.166791,0.0385,2.382791,4.161083,100,5
selection,2238,48,1.178959,0.027375,3.311792,7.340792,100,6
selection,2239,48,0.144292,0.033959,2.18925,7.113,100,7
selection,2240,48,0.164542,0.040167,2.787958,6.865167,100,8
selection,2241,48,0.149625,0.031958,2.782875,7.049125,100,9
selection,2242,48,0.1465,0.032709,2.718709,6.704,100,10
selection,2243,48,0.236542,0.054333,3.215625,7.938208,100,11
selection,2244,48,0.214209,0.042625,3.213417,7.397375,100,12
selection,2245,48,0.188041,0.035541,3.228125,7.589166,100,13
selection,2246,48,0.134208,0.036834,3.094125,7.29475,100,14
selection,2247,48,0.173417,0.037625,3.155542,6.91375,100,15
selection,2248,48,0.153166,0.0405,3.277708,7.396875,100,16
selection,2249,48,0.205,0.050917,3.564167,7.925958,100,17
selection,2250,48,1.928,0.049291,5.817458,10.54225,100,18
selection,2251,48,0.161375,0.031833,3.65075,8.3305,100,19
selection,2252,48,0.180208,0.038792,3.980333,8.628291,100,20
empty,2253,48,1.318333,0.039666,3.137,5.22525,0,
invoke,2254,49,,,3.99075,4.766583,0,
input,2255,49,0.351209,0.206041,6.301667,8.353959,3,0
input,2256,49,1.756333,0.141916,5.063458,6.794833,2,0
input,2257,49,0.153875,0.188166,3.111916,5.134708,1,0
input,2258,49,0.132958,0.19075,3.1375,4.759083,1,0
input,2259,49,0.211375,0.139458,3.620083,5.073875,1,0
input,2260,49,0.15725,0.128792,2.528791,3.793958,1,0
input,2261,49,0.151125,0.047125,5.279041,7.283291,0,
input,2262,49,0.178834,0.043542,3.67175,4.417167,0,
input,2263,49,0.142584,0.038917,1.6445,2.306625,0,
input,2264,49,0.2005,0.320708,7.054125,10.093125,100,0
input,2265,49,0.1485,0.326584,4.1165,6.274292,100,0
input,2266,49,0.175,0.338667,4.270416,6.33575,100,0
input,2267,49,0.160375,0.349125,3.676875,5.671667,100,0
input,2268,49,0.127542,0.032458,1.96675,3.997417,0,
input,2269,49,0.205375,0.048792,2.233666,3.148791,0,
input,2270,49,0.187042,0.050875,1.849375,2.487583,0,
input,2271,49,0.161667,51.681708,54.506959,55.152209,0,
input,2272,49,0.109541,50.5405,51.947958,52.542125,0,
input,2273,49,0.103416,51.789334,53.445416,54.023083,0,
input,2274,49,0.085292,51.553375,54.966958,55.472708,0,
input,2275,49,0.094666,52.390292,57.7255,58.233208,0,
input,2276,49,0.103625,52.046583,53.522834,54.115459,0,
input,2277,49,0.100625,51.957625,54.643042,55.155125,0,
input,2278,49,0.541958,53.671625,55.479041,56.047083,0,
selection,2279,49,1.848833,0.039542,4.479917,6.146833,100,1
selection,2280,49,2.159084,0.035291,4.83475,6.643334,100,2
selection,2281,49,1.922792,0.032084,3.843125,5.439917,100,3
selection,2282,49,0.155459,0.0415,2.023917,3.616042,100,4
selection,2283,49,0.144583,0.038834,2.30375,4.02925,100,5
selection,2284,49,0.150333,0.038125,2.279083,6.24525,100,6
selection,2285,49,1.518083,0.036542,3.599,7.778791,100,7
selection,2286,49,0.141583,0.034333,2.135875,6.2285,100,8
selection,2287,49,1.865875,0.062083,4.565333,8.983583,100,9
selection,2288,49,0.159666,0.0405,2.798833,6.997875,100,10
selection,2289,49,0.165708,0.042959,3.081417,7.808292,100,11
selection,2290,49,0.168083,0.032625,2.859791,6.29075,100,12
selection,2291,49,0.173958,0.038875,3.40325,7.572667,100,13
selection,2292,49,0.189167,0.042958,3.600709,8.203917,100,14
selection,2293,49,0.276958,0.051209,3.426958,7.673083,100,15
selection,2294,49,0.14575,0.034458,3.400041,7.49125,100,16
selection,2295,49,1.647208,0.039875,4.888833,8.993458,100,17
selection,2296,49,0.160292,0.031541,3.467834,7.692375,100,18
selection,2297,49,0.2435,0.053875,3.675125,8.134209,100,19
selection,2298,49,0.156416,0.034,3.753125,7.9225,100,20
empty,2299,49,0.097708,0.027125,1.456083,3.438291,0,
invoke,2300,50,,,4.360375,5.107375,0,
input,2301,50,0.137417,0.205459,5.563834,7.768792,3,0
input,2302,50,1.8815,0.197084,5.555083,7.490458,2,0
input,2303,50,1.408292,0.203875,4.582917,6.747292,1,0
input,2304,50,1.777584,0.200417,5.040292,6.331792,1,0
input,2305,50,1.759,0.191916,4.725958,6.127875,1,0
input,2306,50,2.078916,0.215583,5.463958,6.741041,1,0
input,2307,50,1.170625,0.042917,3.69875,5.606625,0,
input,2308,50,4.467459,0.043833,6.410917,7.25475,0,
input,2309,50,0.140708,0.03325,1.646042,2.423583,0,
input,2310,50,0.221417,0.353959,6.473542,9.667292,100,0
input,2311,50,0.210792,0.337542,4.31025,6.837292,100,0
input,2312,50,0.129209,0.367042,4.20025,6.551917,100,0
input,2313,50,0.174958,0.363666,4.095417,6.211083,100,0
input,2314,50,0.10275,0.033375,2.368792,4.73375,0,
input,2315,50,0.177334,0.036042,2.099375,2.814709,0,
input,2316,50,0.891542,0.041708,2.617209,3.357459,0,
input,2317,50,0.117708,53.629166,55.593791,56.516875,0,
input,2318,50,0.12425,51.377209,53.364875,54.15975,0,
input,2319,50,0.102333,51.32425,54.997291,55.60975,0,
input,2320,50,0.120042,50.668583,54.750709,55.351209,0,
input,2321,50,0.126958,52.410333,57.354333,57.922833,0,
input,2322,50,0.096417,52.923459,54.987042,55.560125,0,
input,2323,50,0.099583,53.635959,57.514833,58.077583,0,
input,2324,50,0.085666,52.92325,55.5645,56.14075,0,
selection,2325,50,0.118,0.02725,2.37725,3.76225,100,1
selection,2326,50,0.06925,0.019208,1.551417,2.979959,100,2
selection,2327,50,0.6025,0.017791,1.953209,3.072459,100,3
selection,2328,50,0.080334,0.020208,1.625334,3.116084,100,4
selection,2329,50,0.09125,0.023542,1.648125,3.123584,100,5
selection,2330,50,0.175584,0.04125,2.308542,6.288334,100,6
selection,2331,50,0.136667,0.032666,2.299334,5.928917,100,7
selection,2332,50,0.172167,0.037041,2.682208,6.947292,100,8
selection,2333,50,0.154291,0.036083,2.750958,6.710958,100,9
selection,2334,50,0.165709,0.040375,2.812,6.928792,100,10
selection,2335,50,0.165167,0.043083,2.985667,7.112542,100,11
selection,2336,50,0.203125,0.05,3.081792,7.042709,100,12
selection,2337,50,1.759042,0.044708,5.137833,9.292042,100,13
selection,2338,50,0.191459,0.041417,3.712125,8.620209,100,14
selection,2339,50,0.2445,0.064167,3.985833,8.254333,100,15
selection,2340,50,0.152167,0.047667,3.36975,7.364458,100,16
selection,2341,50,3.243917,0.047458,6.785375,11.156542,100,17
selection,2342,50,0.180583,0.034333,3.651375,8.138708,100,18
selection,2343,50,0.168833,0.037833,3.822542,8.303042,100,19
selection,2344,50,0.244708,0.051625,3.79975,8.073458,100,20
empty,2345,50,0.886375,0.034667,2.422208,4.349583,0,
invoke,2346,51,,,3.944,4.683083,0,
input,2347,51,0.19675,0.199333,6.565375,8.768625,3,0
input,2348,51,8.284625,0.188542,11.335792,13.230167,2,0
input,2349,51,2.814625,0.153958,5.609042,7.5575,1,0
input,2350,51,1.686041,0.149917,4.1295,5.570958,1,0
input,2351,51,0.130791,0.190791,2.945291,4.445416,1,0
input,2352,51,0.132417,0.143292,2.715125,3.9865,1,0
input,2353,51,0.127292,0.037083,3.504333,5.529292,0,
input,2354,51,1.427417,0.042458,3.152417,3.96025,0,
input,2355,51,0.189584,0.041625,1.823084,2.533792,0,
input,2356,51,0.227084,0.398209,6.781417,10.0885,100,0
input,2357,51,0.103,0.360167,4.277458,6.793375,100,0
input,2358,51,0.186083,0.379167,4.357792,6.7495,100,0
input,2359,51,0.182917,0.386083,4.270458,6.545,100,0
input,2360,51,0.105458,0.035333,2.598416,5.03875,0,
input,2361,51,0.289208,0.03875,2.502875,3.127958,0,
input,2362,51,0.536666,0.044541,2.3115,3.114875,0,
input,2363,51,0.148125,52.620209,54.7685,55.637458,0,
input,2364,51,0.126125,50.852,52.411291,53.061166,0,
input,2365,51,0.119708,51.076708,55.385917,55.976583,0,
input,2366,51,0.113583,51.505125,52.86575,53.409583,0,
input,2367,51,0.106667,53.087708,54.240125,54.743667,0,
input,2368,51,0.110833,52.67325,54.06725,54.630375,0,
input,2369,51,0.1035,52.093583,54.861667,55.426792,0,
input,2370,51,0.097375,55.760834,57.026333,57.561375,0,
selection,2371,51,0.162583,0.038834,2.609625,4.082541,100,1
selection,2372,51,0.077625,0.017667,1.58125,3.125958,100,2
selection,2373,51,0.150625,0.030542,2.080958,3.400583,100,3
selection,2374,51,0.13225,0.028875,1.951458,3.440875,100,4
selection,2375,51,0.144666,0.035333,2.121166,3.75575,100,5
selection,2376,51,1.009041,0.037917,3.241666,7.42825,100,6
selection,2377,51,0.222166,0.0485,3.003041,6.934625,100,7
selection,2378,51,0.169084,0.03975,2.903334,7.330459,100,8
selection,2379,51,0.155166,0.036292,2.625,6.602166,100,9
selection,2380,51,0.176333,0.041916,3.0195,7.438583,100,10
selection,2381,51,0.150375,0.039667,2.977041,7.706583,100,11
selection,2382,51,0.327083,0.05275,3.358791,7.965875,100,12
selection,2383,51,0.191916,0.0375,3.103458,7.362875,100,13
selection,2384,51,1.664375,0.05225,5.16125,10.029708,100,14
selection,2385,51,0.190167,0.038584,3.555417,8.122459,100,15
selection,2386,51,0.234042,0.068375,3.860875,8.529917,100,16
selection,2387,51,0.131834,0.04225,3.497834,7.768792,100,17
selection,2388,51,0.842209,0.04125,4.245292,8.334792,100,18
selection,2389,51,0.235708,0.054375,4.18975,8.511417,100,19
selection,2390,51,0.192459,0.048708,4.047917,8.358959,100,20
empty,2391,51,0.110791,0.032667,1.804083,3.947708,0,
invoke,2392,52,,,3.965709,5.828667,0,
input,2393,52,0.169708,0.232375,6.08075,8.140083,3,0
input,2394,52,1.87275,0.19325,5.478375,7.308584,2,0
input,2395,52,2.458625,0.200292,5.703958,7.60825,1,0
input,2396,52,0.136083,0.195667,3.030667,4.428167,1,0
input,2397,52,0.119792,0.18775,2.55375,3.958875,1,0
input,2398,52,0.200333,0.135292,5.615,6.849792,1,0
input,2399,52,0.132458,0.030917,3.339291,5.138208,0,
input,2400,52,0.145667,0.035208,1.658125,2.363584,0,
input,2401,52,0.149583,0.04,1.807958,2.571833,0,
input,2402,52,0.128917,0.339667,5.222333,8.025167,100,0
input,2403,52,0.12725,0.3405,4.270458,6.697125,100,0
input,2404,52,0.155292,0.326708,3.86375,5.909459,100,0
input,2405,52,0.130459,0.340125,4.109167,6.283584,100,0
input,2406,52,0.162458,0.038916,2.938625,4.92225,0,
input,2407,52,0.180167,0.032625,2.055083,2.768042,0,
input,2408,52,0.334125,0.038583,2.028292,2.812792,0,
input,2409,52,0.142042,52.366625,54.143917,54.812458,0,
input,2410,52,0.123917,50.993167,54.07575,54.731709,0,
input,2411,52,0.08225,51.911041,55.880625,56.480292,0,
input,2412,52,0.098375,50.891542,54.523125,55.0675,0,
input,2413,52,0.0945,51.304167,52.533875,53.168208,0,
input,2414,52,0.104709,51.84025,53.173709,53.703709,0,
input,2415,52,0.118,53.4195,54.816,55.352625,0,
input,2416,52,0.08225,52.980958,56.587833,57.145208,0,
selection,2417,52,0.1525,0.031834,2.324667,3.727,100,1
selection,2418,52,0.104375,0.023583,1.648125,3.06425,100,2
selection,2419,52,1.09925,0.034792,2.678834,3.90525,100,3
selection,2420,52,0.15675,0.038417,2.243458,3.838833,100,4
selection,2421,52,0.154667,0.034667,2.367167,4.140708,100,5
selection,2422,52,0.14375,0.037333,2.24075,6.183084,100,6
selection,2423,52,0.159042,0.03025,2.329875,6.085667,100,7
selection,2424,52,0.178125,0.043625,2.921042,6.929792,100,8
selection,2425,52,0.158541,0.033792,2.728958,6.638041,100,9
selection,2426,52,0.175875,0.034209,2.806458,6.647667,100,10
selection,2427,52,0.159583,0.043834,2.882166,6.745875,100,11
selection,2428,52,0.140125,0.02775,2.87375,7.34625,100,12
selection,2429,52,1.525625,0.058958,5.038458,9.486791,100,13
selection,2430,52,0.168208,0.040084,3.642875,8.048833,100,14
selection,2431,52,0.272459,0.052125,3.545542,8.031625,100,15
selection,2432,52,0.160458,0.040375,3.360542,7.523042,100,16
selection,2433,52,0.141417,0.035959,3.215083,7.203833,100,17
selection,2434,52,0.145,0.033834,3.362416,7.390208,100,18
selection,2435,52,1.755584,0.045,5.266042,9.488,100,19
selection,2436,52,0.174083,0.034625,3.794791,8.175208,100,20
empty,2437,52,0.137167,0.033417,1.872459,3.8525,0,
invoke,2438,53,,,5.548792,7.943333,0,
input,2439,53,6.969667,0.157541,12.593375,14.765209,3,0
input,2440,53,0.175916,0.186792,5.553208,7.555,2,0
input,2441,53,5.366042,0.190583,8.352958,10.294125,1,0
input,2442,53,3.356125,0.199584,6.144167,7.491667,1,0
input,2443,53,0.1345,0.177959,2.569958,3.88575,1,0
input,2444,53,0.144167,0.1425,3.792792,5.039125,1,0
input,2445,53,0.144125,0.049917,5.866834,7.605959,0,
input,2446,53,0.207292,0.036958,4.1525,4.965,0,
input,2447,53,0.521834,0.038416,2.196334,2.975625,0,
input,2448,53,0.145208,0.333084,5.112041,8.303708,100,0
input,2449,53,1.260917,0.358333,5.419709,7.663542,100,0
input,2450,53,0.18775,0.361333,4.478208,6.787333,100,0
input,2451,53,0.193958,0.360625,6.230292,8.429292,100,0
input,2452,53,0.104083,0.034083,2.325625,4.622083,0,
input,2453,53,0.163666,0.054667,1.997166,2.728375,0,
input,2454,53,0.143416,0.031167,1.420083,2.02075,0,
input,2455,53,1.401417,52.924875,55.800458,56.442667,0,
input,2456,53,1.355625,50.788208,53.483792,54.081375,0,
input,2457,53,0.106584,51.759416,53.047417,53.552792,0,
input,2458,53,0.08575,51.551084,55.28725,55.887833,0,
input,2459,53,0.077,51.377708,55.932958,56.477125,0,
input,2460,53,0.088,52.97225,54.264709,54.841084,0,
input,2461,53,0.090292,51.805958,53.004459,53.526917,0,
input,2462,53,0.105917,52.709292,54.00425,54.558417,0,
selection,2463,53,0.177667,0.041333,2.793458,4.433167,100,1
selection,2464,53,0.144166,0.030291,2.136375,3.6115,100,2
selection,2465,53,0.127458,0.027,1.711583,3.133292,100,3
selection,2466,53,0.15375,0.03975,2.320708,3.942375,100,4
selection,2467,53,0.135459,0.03075,2.093625,4.233792,100,5
selection,2468,53,0.156625,0.039959,2.479667,6.621542,100,6
selection,2469,53,0.148708,0.034375,2.444375,6.523625,100,7
selection,2470,53,0.161708,0.033375,2.562833,6.841667,100,8
selection,2471,53,0.155083,0.041791,2.773208,7.414708,100,9
selection,2472,53,0.183959,0.039667,2.781417,7.026959,100,10
selection,2473,53,0.162583,0.035291,3.243792,7.861792,100,11
selection,2474,53,0.169833,0.032084,2.927042,7.147458,100,12
selection,2475,53,0.1595,0.032875,3.244125,7.678292,100,13
selection,2476,53,0.1915,0.058583,3.437833,7.927125,100,14
selection,2477,53,0.179125,0.046083,3.450708,7.908125,100,15
selection,2478,53,1.800334,0.026292,4.120292,8.057042,100,16
selection,2479,53,0.188042,0.041917,3.873708,8.728333,100,17
selection,2480,53,0.180208,0.042958,3.932625,8.562542,100,18
selection,2481,53,0.268042,0.047,4.124,8.865084,100,19
selection,2482,53,1.042334,0.043041,4.808584,9.08225,100,20
empty,2483,53,0.121375,0.0325,4.832167,6.940834,0,
invoke,2484,54,,,4.581917,6.201125,0,
input,2485,54,0.168333,0.202167,5.434041,7.400958,3,0
input,2486,54,2.796916,0.220833,6.35525,8.331958,2,0
input,2487,54,2.437167,0.17575,5.325584,7.331959,1,0
input,2488,54,1.707958,0.13425,3.984875,5.362958,1,0
input,2489,54,0.132292,0.181,2.889167,4.32875,1,0
input,2490,54,0.1615,0.148584,2.625375,3.925042,1,0
input,2491,54,0.135792,0.035333,4.580292,6.573209,0,
input,2492,54,0.179709,0.043917,1.880875,2.656334,0,
input,2493,54,0.179,0.039167,1.755208,2.478958,0,
input,2494,54,0.192708,0.382333,5.735958,8.859541,100,0
input,2495,54,0.118875,0.343291,3.716708,5.746625,100,0
input,2496,54,0.186083,0.335458,4.132333,6.130625,100,0
input,2497,54,0.200625,0.382542,4.35175,6.505375,100,0
input,2498,54,0.152167,0.046375,3.624417,5.959208,0,
input,2499,54,0.162875,0.039875,2.107791,2.874333,0,
input,2500,54,1.754166,0.043666,3.468541,4.246166,0,
input,2501,54,0.169208,53.080583,55.432875,56.360125,0,
input,2502,54,0.137625,50.985916,52.688667,53.265167,0,
input,2503,54,0.11975,51.183833,55.861833,56.464291,0,
input,2504,54,0.107959,52.087083,56.290375,56.882209,0,
input,2505,54,0.097083,51.833292,53.178125,53.789417,0,
input,2506,54,0.427584,52.208375,53.788709,54.356959,0,
input,2507,54,0.122875,53.496,54.817042,55.358458,0,
input,2508,54,0.107959,54.015042,56.205625,56.778459,0,
selection,2509,54,0.144125,0.035709,2.492,3.9755,100,1
selection,2510,54,0.076959,0.020292,1.479667,2.907667,100,2
selection,2511,54,0.127917,0.026459,1.846667,3.260792,100,3
selection,2512,54,0.159667,0.030625,2.106792,3.564042,100,4
selection,2513,54,0.119875,0.028458,2.152459,4.140709,100,5
selection,2514,54,1.994334,0.03475,4.305667,8.729625,100,6
selection,2515,54,0.193833,0.053416,2.854791,7.175375,100,7
selection,2516,54,0.16775,0.039916,2.638667,6.839,100,8
selection,2517,54,0.161708,0.036583,2.767166,7.323541,100,9
selection,2518,54,6.532208,0.045125,9.564125,14.432458,100,10
selection,2519,54,0.22275,0.051333,3.349416,8.423541,100,11
selection,2520,54,0.227,0.051375,3.466083,8.1185,100,12
selection,2521,54,0.206083,0.054625,3.272875,8.090792,100,13
selection,2522,54,1.753125,0.044,5.525167,10.121792,100,14
selection,2523,54,0.191083,0.043875,3.636916,8.097416,100,15
selection,2524,54,0.236167,0.068792,3.850625,8.472417,100,16
selection,2525,54,2.14775,0.034375,5.50075,9.863667,100,17
selection,2526,54,0.209542,0.037791,3.903083,8.344792,100,18
selection,2527,54,0.161375,0.038583,3.77725,8.317333,100,19
selection,2528,54,0.234042,0.0655,3.897125,8.493334,100,20
empty,2529,54,0.199875,0.041584,2.020083,4.377416,0,
invoke,2530,55,,,4.057166,5.336666,0,
input,2531,55,0.176083,0.18475,6.708,9.007042,3,0
input,2532,55,1.829208,0.199917,5.584791,7.627208,2,0
input,2533,55,8.360709,0.236333,11.959,13.912709,1,0
input,2534,55,1.983291,0.188583,4.923916,6.377958,1,0
input,2535,55,0.13675,0.159084,2.622833,3.869208,1,0
input,2536,55,0.189417,0.150958,4.393333,5.732417,1,0
input,2537,55,0.127292,0.039375,2.350958,3.9715,0,
input,2538,55,0.170792,0.041,2.038875,2.894334,0,
input,2539,55,0.208917,0.032209,1.749792,2.540167,0,
input,2540,55,0.214458,0.337542,6.482083,9.509333,100,0
input,2541,55,0.113083,0.313125,3.944416,6.224416,100,0
input,2542,55,0.205042,0.369417,4.638292,6.636375,100,0
input,2543,55,0.203333,0.345375,4.090667,6.19825,100,0
input,2544,55,0.113125,0.034917,2.235791,4.449375,0,
input,2545,55,0.145959,0.034209,3.99525,4.710792,0,
input,2546,55,1.092875,0.041667,2.799833,3.544208,0,
input,2547,55,0.162792,52.119042,53.788125,54.429042,0,
input,2548,55,0.137,50.757042,52.368125,52.990958,0,
input,2549,55,1.71325,51.081375,54.056584,54.634209,0,
input,2550,55,0.108958,51.317292,52.650917,53.201708,0,
input,2551,55,0.094875,51.655958,52.821459,53.356125,0,
input,2552,55,0.072625,52.2335,53.464791,54.053791,0,
input,2553,55,0.101417,56.322625,58.289042,58.851375,0,
input,2554,55,2.714125,52.362792,56.246041,56.776041,0,
selection,2555,55,0.147917,0.037333,2.469375,3.976583,100,1
selection,2556,55,0.07375,0.019333,1.514667,2.806459,100,2
selection,2557,55,1.928792,0.023083,3.400792,4.623167,100,3
selection,2558,55,0.078584,0.018958,1.50375,2.695709,100,4
selection,2559,55,0.071708,0.018917,1.452416,2.915916,100,5
selection,2560,55,0.092875,0.023209,1.945708,5.685375,100,6
selection,2561,55,0.209083,0.046333,2.545875,6.750416,100,7
selection,2562,55,0.16175,0.039417,2.652375,6.795333,100,8
selection,2563,55,0.15425,0.037958,2.574291,6.399583,100,9
selection,2564,55,0.19425,0.040375,3.100375,7.401959,100,10
selection,2565,55,0.170208,0.032625,3.214333,7.383375,100,11
selection,2566,55,0.193875,0.042167,3.477875,8.392083,100,12
selection,2567,55,0.342917,0.051125,3.713625,8.063333,100,13
selection,2568,55,0.235917,0.048958,3.687292,8.324333,100,14
selection,2569,55,0.218291,0.046584,3.799791,8.446375,100,15
selection,2570,55,0.161959,0.036708,3.616292,7.80925,100,16
selection,2571,55,1.203708,0.034292,4.4175,8.685083,100,17
selection,2572,55,0.188833,0.041,3.674125,8.068583,100,18
selection,2573,55,0.182625,0.042917,3.911042,8.758792,100,19
selection,2574,55,0.168375,0.051709,3.745334,7.832334,100,20
empty,2575,55,1.068834,0.031458,4.472334,6.408042,0,
invoke,2576,56,,,4.1815,4.980209,0,
input,2577,56,2.264167,0.154959,7.678667,9.762583,3,0
input,2578,56,0.229166,0.159292,5.493916,7.587458,2,0
input,2579,56,0.170208,0.1525,5.471416,7.418541,1,0
input,2580,56,0.128417,0.171584,2.794875,4.383625,1,0
input,2581,56,0.210834,0.199667,5.930542,7.272125,1,0
input,2582,56,0.176792,0.157583,4.974375,6.237083,1,0
input,2583,56,0.101125,0.034417,1.906833,3.633958,0,
input,2584,56,0.141625,0.033667,1.546166,2.28675,0,
input,2585,56,0.413583,0.037458,2.080875,2.832417,0,
input,2586,56,0.130625,0.328583,4.643667,7.645375,100,0
input,2587,56,0.142541,0.348417,4.237875,6.884625,100,0
input,2588,56,0.163167,0.343209,3.713167,5.766375,100,0
input,2589,56,0.120625,0.334125,3.476417,5.203542,100,0
input,2590,56,0.097375,0.030208,1.808625,3.627459,0,
input,2591,56,0.157708,0.030875,1.453958,2.063625,0,
input,2592,56,0.816459,0.030208,2.201709,2.876209,0,
input,2593,56,0.149541,54.024417,55.815666,56.536458,0,
input,2594,56,0.117833,51.647542,52.938916,53.480166,0,
input,2595,56,0.09625,51.35025,55.66975,56.211583,0,
input,2596,56,0.079875,51.269917,55.516583,56.07525,0,
input,2597,56,0.090417,51.670541,52.903667,53.478917,0,
input,2598,56,0.118875,51.449708,52.753375,53.280541,0,
input,2599,56,0.114834,53.163875,54.498959,55.043542,0,
input,2600,56,0.093167,55.378292,59.129084,59.63275,0,
selection,2601,56,2.009209,0.038875,4.345292,6.006959,100,1
selection,2602,56,0.129416,0.028125,1.9185,3.320958,100,2
selection,2603,56,0.139666,0.036125,2.062833,3.711625,100,3
selection,2604,56,0.135542,0.02975,1.897042,3.339417,100,4
selection,2605,56,0.128625,0.03075,2.0095,3.553916,100,5
selection,2606,56,0.117083,0.025166,1.811208,5.490083,100,6
selection,2607,56,0.12075,0.030291,2.073166,5.948875,100,7
selection,2608,56,0.182042,0.039,2.71975,6.736917,100,8
selection,2609,56,0.175667,0.03525,2.913458,7.256792,100,9
selection,2610,56,0.178375,0.044125,2.980167,7.402542,100,10
selection,2611,56,0.169792,0.040958,2.919583,6.693083,100,11
selection,2612,56,0.122792,0.026916,2.778917,6.76575,100,12
selection,2613,56,0.175625,0.043875,3.227833,7.777625,100,13
selection,2614,56,0.198584,0.046167,3.349834,7.746625,100,14
selection,2615,56,2.155375,0.03625,5.343375,9.763333,100,15
selection,2616,56,0.205875,0.040542,3.525125,7.988125,100,16
selection,2617,56,0.206542,0.041,3.70075,8.191125,100,17
selection,2618,56,0.172542,0.04,3.6655,7.932042,100,18
selection,2619,56,0.146292,0.029334,3.47775,7.609417,100,19
selection,2620,56,1.711959,0.02975,4.991292,9.40025,100,20
empty,2621,56,0.16,0.036542,3.244291,5.334375,0,
invoke,2622,57,,,3.906458,4.611125,0,
input,2623,57,1.003084,0.206458,6.918667,9.001542,3,0
input,2624,57,0.159208,0.211208,3.922625,6.201958,2,0
input,2625,57,1.565542,0.202792,4.703833,6.734708,1,0
input,2626,57,2.591792,0.203292,5.762625,7.040083,1,0
input,2627,57,0.176625,0.115416,2.635834,4.007792,1,0
input,2628,57,0.191875,0.129208,3.573916,4.9155,1,0
input,2629,57,0.146125,0.048084,4.046625,6.094833,0,
input,2630,57,0.185125,0.048417,2.107,2.953042,0,
input,2631,57,0.140417,0.035833,1.709834,2.506292,0,
input,2632,57,0.159167,0.376875,7.931125,11.132625,100,0
input,2633,57,0.148209,0.359166,4.168917,6.69025,100,0
input,2634,57,0.154959,0.360833,4.137834,6.621334,100,0
input,2635,57,0.2035,0.363875,4.752833,6.884666,100,0
input,2636,57,0.102583,0.047834,2.435625,4.685042,0,
input,2637,57,0.139875,0.035375,1.900708,2.536833,0,
input,2638,57,0.8595,0.041875,2.645625,3.450042,0,
input,2639,57,0.114666,53.578167,55.7785,56.652666,0,
input,2640,57,0.182083,51.046791,53.215583,53.869708,0,
input,2641,57,0.114791,50.658417,54.444916,55.017166,0,
input,2642,57,0.136167,51.518458,55.0605,55.676167,0,
input,2643,57,0.107917,52.525458,53.813667,54.344334,0,
input,2644,57,0.09625,54.223667,55.481875,56.053125,0,
input,2645,57,0.096042,52.879458,54.065792,54.596625,0,
input,2646,57,0.077917,54.086041,57.23775,57.764459,0,
selection,2647,57,0.163667,0.040666,2.508875,4.050125,100,1
selection,2648,57,0.09575,0.0265,1.687708,3.159833,100,2
selection,2649,57,0.410375,0.030666,2.116959,3.530709,100,3
selection,2650,57,0.125041,0.026917,1.895291,3.259708,100,4
selection,2651,57,0.152,0.04125,2.323542,4.388708,100,5
selection,2652,57,1.229625,0.044166,3.328333,7.4,100,6
selection,2653,57,0.1805,0.041083,2.570334,6.911375,100,7
selection,2654,57,0.143167,0.031959,2.233542,6.365,100,8
selection,2655,57,0.134875,0.031459,2.276833,6.19625,100,9
selection,2656,57,1.684167,0.049,4.702542,9.340458,100,10
selection,2657,57,0.176625,0.040167,3.056417,7.340292,100,11
selection,2658,57,0.156833,0.033042,3.1675,7.54575,100,12
selection,2659,57,0.216208,0.0555,3.307708,7.778917,100,13
selection,2660,57,0.16825,0.040583,3.159083,7.584541,100,14
selection,2661,57,0.190667,0.045875,3.482042,7.608,100,15
selection,2662,57,1.444083,0.046792,5.181583,9.799958,100,16
selection,2663,57,0.174125,0.040042,3.864292,8.46025,100,17
selection,2664,57,0.144042,0.034125,3.671208,8.188208,100,18
selection,2665,57,2.228542,0.049417,5.994959,10.589917,100,19
selection,2666,57,0.164375,0.031,3.561458,7.369875,100,20
empty,2667,57,0.123584,0.033416,3.049042,5.183917,0,
invoke,2668,58,,,4.299375,5.09825,0,
input,2669,58,1.289333,0.203334,7.798292,9.844125,3,0
input,2670,58,3.286583,0.211208,6.2515,8.216166,2,0
input,2671,58,0.154875,0.195416,3.37525,5.627,1,0
input,2672,58,3.778959,0.218458,7.18775,8.832834,1,0
input,2673,58,1.263541,0.183209,4.161041,5.731083,1,0
input,2674,58,1.927125,0.182833,5.040916,6.290125,1,0
input,2675,58,0.115667,0.045209,2.224375,4.203208,0,
input,2676,58,0.183834,0.040458,3.311334,4.158709,0,
input,2677,58,0.659959,0.040875,2.426042,3.247709,0,
input,2678,58,0.207,0.394875,6.728208,9.902125,100,0
input,2679,58,8.857792,0.368084,13.317917,15.470167,100,0
input,2680,58,0.210042,0.351333,6.616667,8.698208,100,0
input,2681,58,0.157333,0.363333,4.002625,5.971708,100,0
input,2682,58,0.152667,0.039291,4.006583,6.04375,0,
input,2683,58,0.190833,0.034959,2.874917,3.503583,0,
input,2684,58,0.664833,0.039375,2.350041,3.110416,0,
input,2685,58,0.109958,52.896875,54.831833,55.6825,0,
input,2686,58,0.139208,50.498375,53.53925,54.252333,0,
input,2687,58,0.176208,51.273667,54.297166,54.937875,0,
input,2688,58,0.119125,51.802541,53.258,53.826292,0,
input,2689,58,0.101375,52.133916,53.40175,53.961667,0,
input,2690,58,0.105792,53.121791,54.498958,55.051167,0,
input,2691,58,0.092958,53.436959,55.710041,56.210666,0,
input,2692,58,0.095958,51.540583,53.259333,53.818833,0,
selection,2693,58,1.666917,0.040375,4.176583,5.604458,100,1
selection,2694,58,0.136333,0.031791,2.516583,4.028583,100,2
selection,2695,58,0.126125,0.03075,1.979,3.603666,100,3
selection,2696,58,0.109958,0.022834,1.65025,2.8905,100,4
selection,2697,58,0.116791,0.028333,2.05025,3.745625,100,5
selection,2698,58,0.172292,0.043667,2.454208,6.554417,100,6
selection,2699,58,0.134458,0.029708,2.419167,6.681833,100,7
selection,2700,58,0.147209,0.032375,2.386084,6.269584,100,8
selection,2701,58,0.15,0.034334,2.478709,6.914959,100,9
selection,2702,58,0.154541,0.032542,2.903875,7.3145,100,10
selection,2703,58,0.13225,0.034,2.909916,7.080708,100,11
selection,2704,58,0.199125,0.046667,3.133916,6.986541,100,12
selection,2705,58,0.193625,0.038875,3.116666,7.773583,100,13
selection,2706,58,0.199125,0.036042,3.090667,7.571,100,14
selection,2707,58,1.127333,0.051833,4.92125,9.255125,100,15
selection,2708,58,0.174875,0.033083,3.291542,7.4065,100,16
selection,2709,58,0.158834,0.0375,3.571417,7.901667,100,17
selection,2710,58,0.15225,0.028625,3.161542,6.902167,100,18
selection,2711,58,0.133333,0.028209,3.257375,7.038417,100,19
selection,2712,58,0.170375,0.043666,3.964208,8.711583,100,20
empty,2713,58,0.140958,0.045125,1.99975,3.989416,0,
invoke,2714,59,,,5.06475,5.64275,0,
input,2715,59,1.122666,0.213,6.6885,8.875875,3,0
input,2716,59,7.018792,0.18875,10.176917,12.021292,2,0
input,2717,59,1.306458,0.178084,4.817833,6.983042,1,0
input,2718,59,2.616208,0.185334,5.56325,6.974458,1,0
input,2719,59,0.138292,0.117292,2.498542,3.735959,1,0
input,2720,59,0.221,0.134541,3.107208,4.436542,1,0
input,2721,59,0.117833,0.036125,2.313833,4.125416,0,
input,2722,59,8.204417,0.031375,9.73475,10.515625,0,
input,2723,59,0.186083,0.042667,1.990875,2.884375,0,
input,2724,59,0.216166,0.337875,5.284208,8.338083,100,0
input,2725,59,9.124959,0.366333,13.412667,15.581667,100,0
input,2726,59,0.188459,0.349166,6.652042,8.793209,100,0
input,2727,59,0.23725,0.353959,4.4095,6.513917,100,0
input,2728,59,0.109208,0.035,2.174791,4.382791,0,
input,2729,59,0.21575,0.033791,3.973917,4.73475,0,
input,2730,59,0.786666,0.037666,2.4915,3.291375,0,
input,2731,59,0.140917,52.704709,54.723375,55.598667,0,
input,2732,59,0.142041,50.330833,51.826208,52.376375,0,
input,2733,59,0.108583,51.229959,52.728958,53.34825,0,
input,2734,59,0.17225,51.4795,53.235917,53.849625,0,
input,2735,59,0.138875,52.089333,53.791042,54.312667,0,
input,2736,59,0.096875,54.082709,55.284791,55.864208,0,
input,2737,59,0.108959,52.029084,53.323834,53.879125,0,
input,2738,59,0.098916,54.610167,55.918583,56.485166,0,
selection,2739,59,0.144541,0.035,2.738541,4.418041,100,1
selection,2740,59,0.104167,0.025084,1.955792,3.577458,100,2
selection,2741,59,0.13825,0.030208,1.903542,3.533709,100,3
selection,2742,59,0.143,0.034416,2.184,3.706125,100,4
selection,2743,59,0.145334,0.034542,2.018584,3.606334,100,5
selection,2744,59,0.125292,0.025708,2.078042,6.532292,100,6
selection,2745,59,0.131333,0.048584,2.246666,6.423708,100,7
selection,2746,59,0.161041,0.03675,2.560375,6.78525,100,8
selection,2747,59,0.162084,0.035583,2.670125,7.015042,100,9
selection,2748,59,0.193541,0.046292,3.210125,7.73325,100,10
selection,2749,59,0.242166,0.062125,3.265916,7.830208,100,11
selection,2750,59,0.197584,0.051667,3.149375,7.478125,100,12
selection,2751,59,0.169917,0.041292,3.398958,7.657542,100,13
selection,2752,59,1.620042,0.034541,4.446667,8.455209,100,14
selection,2753,59,0.194417,0.041916,3.618459,8.136209,100,15
selection,2754,59,0.181166,0.036292,3.768875,8.308916,100,16
selection,2755,59,0.2475,0.048791,3.882833,8.512083,100,17
selection,2756,59,1.731292,0.051125,5.426,9.698667,100,18
selection,2757,59,0.164458,0.030542,3.487125,7.471125,100,19
selection,2758,59,0.185708,0.035083,3.7755,8.0885,100,20
empty,2759,59,0.144042,0.03525,3.399083,5.501833,0,
