operation,sample,cycle,dispatch_ms,controller_ms,graph_ms,draw_proxy_ms,results,selected
invoke,0,0,,,6.247083,8.857,0,
input,1,0,0.430167,0.279666,26.465583,31.9355,3,0
input,2,0,4.268041,0.13275,12.571875,14.941458,2,0
input,3,0,0.177417,0.113334,2.412167,4.209417,1,0
input,4,0,0.196792,0.1525,6.4805,7.890583,1,0
input,5,0,0.15175,0.137834,3.295209,4.786167,1,0
input,6,0,0.184917,0.141875,4.022833,5.260792,1,0
input,7,0,0.141292,0.044708,3.226875,5.784083,0,
input,8,0,1.466084,0.051917,3.392042,4.19475,0,
input,9,0,0.164708,0.03475,1.937917,2.710875,0,
input,10,0,0.184917,0.339584,6.142875,9.82675,100,0
input,11,0,0.147041,0.342834,4.510291,7.224166,100,0
input,12,0,1.886417,0.33675,5.548167,7.459208,100,0
input,13,0,0.8305,0.347709,4.565167,6.392959,100,0
input,14,0,0.3675,0.033416,2.122,4.148792,0,
input,15,0,4.499459,0.033541,5.944542,6.695459,0,
input,16,0,0.157625,0.032625,1.68125,2.321541,0,
input,17,0,0.11825,52.569625,55.895125,56.514833,0,
input,18,0,0.127541,51.331458,54.240708,54.888916,0,
input,19,0,0.321458,51.901042,53.373625,53.908,0,
input,20,0,0.117541,51.719875,53.267916,53.848125,0,
input,21,0,0.108875,51.748458,53.793875,54.370792,0,
input,22,0,0.098583,51.721292,53.034625,53.620792,0,
input,23,0,0.086792,51.306833,52.5115,53.028375,0,
input,24,0,0.086458,53.860667,55.123458,55.642417,0,
selection,25,0,0.234125,0.030459,2.488625,3.983541,100,1
selection,26,0,0.102875,0.023208,1.695333,3.140292,100,2
selection,27,0,1.20825,0.030333,3.074792,4.562333,100,3
selection,28,0,0.11925,0.027458,1.938792,3.477584,100,4
selection,29,0,0.113167,0.028958,1.809042,3.608667,100,5
selection,30,0,0.477958,0.050667,3.063458,7.686833,100,6
selection,31,0,0.175167,0.044375,2.558875,7.141625,100,7
selection,32,0,0.196334,0.050792,2.653542,7.464834,100,8
selection,33,0,0.190291,0.046792,2.918166,7.358416,100,9
selection,34,0,0.14975,0.03525,2.895959,7.129959,100,10
selection,35,0,0.183375,0.043959,3.121875,7.380625,100,11
selection,36,0,0.189916,0.035375,2.996,7.285333,100,12
selection,37,0,1.7195,0.035292,4.635791,8.702958,100,13
selection,38,0,0.156417,0.045292,3.204584,7.4925,100,14
selection,39,0,0.186667,0.049959,3.253542,7.213167,100,15
selection,40,0,0.166958,0.034667,3.526708,8.052917,100,16
selection,41,0,3.896833,0.051917,7.430083,11.883042,100,17
selection,42,0,0.190875,0.037958,3.606916,7.692458,100,18
selection,43,0,0.195375,0.04825,3.573875,8.001333,100,19
selection,44,0,0.211958,0.04425,3.805375,8.069458,100,20
empty,45,0,1.656542,0.034625,3.255917,5.16275,0,
invoke,46,1,,,4.034667,4.780417,0,
input,47,1,0.340208,0.220875,5.522083,7.552708,3,0
input,48,1,7.281583,0.197875,10.64725,12.782,2,0
input,49,1,1.326708,0.193083,4.440792,6.646792,1,0
input,50,1,2.447084,0.178958,5.30475,6.543292,1,0
input,51,1,0.116208,0.155459,2.682458,4.081791,1,0
input,52,1,0.116208,0.113292,2.516125,3.639375,1,0
input,53,1,0.133083,0.032958,2.940208,4.655042,0,
input,54,1,2.383167,0.04675,8.409333,9.129667,0,
input,55,1,0.186584,0.033,3.514542,4.25225,0,
input,56,1,0.9215,0.379834,5.678583,8.604375,100,0
input,57,1,0.111292,0.33175,4.659875,6.708,100,0
input,58,1,0.143083,0.338292,4.167625,5.883416,100,0
input,59,1,0.1295,0.367875,5.580583,7.521125,100,0
input,60,1,0.118458,0.0345,2.009,4.02,0,
input,61,1,0.136209,0.031625,1.505834,2.12575,0,
input,62,1,0.122417,0.030125,1.372792,1.980667,0,
input,63,1,1.752917,54.120125,57.297833,57.903208,0,
input,64,1,0.133916,50.669833,52.309416,53.026625,0,
input,65,1,0.117416,51.659375,53.174583,53.799166,0,
input,66,1,0.083,50.565834,56.027917,56.538792,0,
input,67,1,0.075041,52.738583,53.89675,54.436666,0,
input,68,1,0.096292,51.872792,53.077958,53.61325,0,
input,69,1,0.106541,53.858583,55.072,55.559083,0,
input,70,1,0.097334,53.229959,54.497709,55.09725,0,
selection,71,1,0.136625,0.036375,2.52175,4.054208,100,1
selection,72,1,0.109542,0.026125,1.785084,3.323042,100,2
selection,73,1,0.35825,0.022917,1.920625,3.234,100,3
selection,74,1,0.086833,0.022,1.829292,3.327167,100,4
selection,75,1,0.124125,0.031375,2.075,3.81625,100,5
selection,76,1,0.966459,0.032958,3.167417,7.18475,100,6
selection,77,1,0.143458,0.032958,2.220542,6.217542,100,7
selection,78,1,0.270667,0.035792,2.677959,7.142167,100,8
selection,79,1,0.15575,0.037917,2.892458,7.29175,100,9
selection,80,1,0.159417,0.037834,3.061542,8.123084,100,10
selection,81,1,0.14125,0.03575,2.917125,7.6045,100,11
selection,82,1,0.228917,0.049208,3.572334,8.107,100,12
selection,83,1,0.2055,0.048666,3.476334,7.841959,100,13
selection,84,1,0.133959,0.035042,3.210709,7.593459,100,14
selection,85,1,0.158042,0.042041,3.495417,8.207083,100,15
selection,86,1,0.165416,0.0465,3.50125,7.403875,100,16
selection,87,1,1.735083,0.044416,5.414958,9.894583,100,17
selection,88,1,0.164833,0.035375,3.627083,7.95225,100,18
selection,89,1,0.180959,0.042584,3.519917,7.961625,100,19
selection,90,1,0.227708,0.056542,3.742208,7.935125,100,20
empty,91,1,1.200583,0.040042,3.107375,5.149167,0,
invoke,92,2,,,4.879333,5.6045,0,
input,93,2,0.157167,0.170416,5.348834,7.519292,3,0
input,94,2,1.69625,0.200209,5.235125,7.205083,2,0
input,95,2,0.196375,0.210083,3.380208,5.108541,1,0
input,96,2,1.685292,0.154292,4.590542,5.867125,1,0
input,97,2,2.11425,0.120625,4.377833,5.811208,1,0
input,98,2,0.11425,0.189583,2.933209,4.314,1,0
input,99,2,0.103917,0.032708,2.068584,3.919959,0,
input,100,2,0.18375,0.038583,4.169209,5.010417,0,
input,101,2,0.543125,0.038167,2.1285,2.893541,0,
input,102,2,0.219583,0.349083,4.896917,7.96675,100,0
input,103,2,0.117083,0.313458,3.487125,5.320708,100,0
input,104,2,0.206333,0.380333,6.481375,8.725792,100,0
input,105,2,0.137417,0.374792,4.268625,6.519167,100,0
input,106,2,0.118459,0.044459,2.264875,4.479792,0,
input,107,2,0.19725,0.052375,5.277667,5.917,0,
input,108,2,0.194666,0.041292,4.0935,4.762416,0,
input,109,2,0.592791,53.821209,56.083625,56.785583,0,
input,110,2,0.168375,51.451416,53.141958,53.849125,0,
input,111,2,0.119667,51.420292,52.863209,53.441875,0,
input,112,2,0.098709,51.06175,53.368959,53.879334,0,
input,113,2,0.096416,52.229083,53.438708,53.969166,0,
input,114,2,0.087834,52.591209,53.846167,54.401875,0,
input,115,2,0.116875,51.403959,52.906083,53.403708,0,
input,116,2,0.102375,52.887667,54.328792,54.966209,0,
selection,117,2,1.957166,0.026667,3.987666,5.284291,100,1
selection,118,2,0.09675,0.022833,2.171583,3.533083,100,2
selection,119,2,0.089375,0.020792,1.87125,3.285875,100,3
selection,120,2,1.752458,0.032375,3.661625,5.215625,100,4
selection,121,2,0.12475,0.02825,1.944917,3.526083,100,5
selection,122,2,0.119833,0.028875,2.052417,5.946583,100,6
selection,123,2,0.147083,0.035791,2.391583,6.655875,100,7
selection,124,2,0.131458,0.031917,2.48475,7.010167,100,8
selection,125,2,0.13325,0.037084,2.512542,6.809708,100,9
selection,126,2,0.161166,0.038084,2.828791,7.149375,100,10
selection,127,2,0.13975,0.031667,2.852959,7.056084,100,11
selection,128,2,0.128625,0.026375,2.914334,7.2755,100,12
selection,129,2,0.1935,0.046958,3.5185,7.851708,100,13
selection,130,2,0.168375,0.047083,3.218667,7.636167,100,14
selection,131,2,0.153,0.03775,3.083292,7.531,100,15
selection,132,2,2.076083,0.052291,5.802041,10.194958,100,16
selection,133,2,0.194042,0.0495,3.839625,8.413625,100,17
selection,134,2,0.184042,0.051,3.721584,8.065334,100,18
selection,135,2,0.150333,0.032792,3.434042,7.421292,100,19
selection,136,2,1.440292,0.046917,5.296458,9.713458,100,20
empty,137,2,0.130375,0.029875,1.433417,3.494125,0,
invoke,138,3,,,4.396417,5.037375,0,
input,139,3,0.251834,0.202583,5.842042,7.890625,3,0
input,140,3,0.141875,0.173833,6.897125,8.97175,2,0
input,141,3,5.387584,0.177417,8.376959,10.507209,1,0
input,142,3,1.128667,0.170333,3.865792,5.133917,1,0
input,143,3,0.141167,0.123667,2.6345,3.931709,1,0
input,144,3,0.167625,0.14775,3.27775,4.484917,1,0
input,145,3,0.131916,0.042167,2.228333,4.189,0,
input,146,3,0.174875,0.038458,4.259459,4.909709,0,
input,147,3,1.586334,0.041708,3.375125,4.194,0,
input,148,3,0.122375,0.354333,4.457875,7.520791,100,0
input,149,3,0.126416,0.349875,3.9995,6.407958,100,0
input,150,3,0.196875,0.372625,4.493541,6.425708,100,0
input,151,3,0.132459,0.379875,3.571792,5.48875,100,0
input,152,3,0.127917,0.044,2.302167,4.546125,0,
input,153,3,0.181333,0.036916,3.870916,4.572916,0,
input,154,3,0.833917,0.033583,2.393875,3.108834,0,
input,155,3,0.158625,50.878,52.578917,53.172584,0,
input,156,3,0.112083,50.368042,53.102875,53.786292,0,
input,157,3,1.717791,51.47325,54.449666,54.961458,0,
input,158,3,0.098917,51.773792,53.237833,53.741708,0,
input,159,3,0.08925,52.324916,53.580584,54.130917,0,
input,160,3,0.083,52.951292,54.036625,54.553375,0,
input,161,3,1.662917,53.015833,55.946042,56.558584,0,
input,162,3,1.472208,53.474958,55.984708,56.549875,0,
selection,163,3,0.132583,0.031208,2.650416,4.063166,100,1
selection,164,3,0.112291,0.028416,2.176875,3.471083,100,2
selection,165,3,1.316958,0.0215,2.842208,4.1555,100,3
selection,166,3,0.121542,0.026292,1.813875,3.256792,100,4
selection,167,3,0.267542,0.027458,2.027958,3.628458,100,5
selection,168,3,0.162708,0.040625,2.251667,5.657667,100,6
selection,169,3,0.127375,0.027792,2.055709,5.679959,100,7
selection,170,3,0.12075,0.026833,2.261458,5.983166,100,8
selection,171,3,0.128709,0.031333,2.360584,6.260417,100,9
selection,172,3,0.164291,0.040875,2.690041,6.717916,100,10
selection,173,3,0.13575,0.030833,2.7145,6.531875,100,11
selection,174,3,0.133333,0.030458,3.016625,6.899208,100,12
selection,175,3,0.129583,0.035125,3.148208,7.15425,100,13
selection,176,3,0.181625,0.037791,3.395333,7.941541,100,14
selection,177,3,0.195167,0.047875,3.584375,7.698042,100,15
selection,178,3,1.67825,0.035208,4.881916,8.883875,100,16
selection,179,3,0.149416,0.036667,3.625583,7.972958,100,17
selection,180,3,5.737709,0.030417,9.018,13.062584,100,18
selection,181,3,0.203708,0.063958,4.248042,8.711917,100,19
selection,182,3,0.206333,0.044625,4.01525,8.218208,100,20
empty,183,3,0.136541,0.033292,1.908666,3.891791,0,
invoke,184,4,,,4.916,5.558334,0,
input,185,4,0.173792,0.158333,8.167208,10.281125,3,0
input,186,4,0.48475,0.178792,3.719708,5.769958,2,0
input,187,4,0.169666,0.152042,5.439708,7.790083,1,0
input,188,4,7.449375,0.186458,10.612042,12.120917,1,0
input,189,4,1.694583,0.193083,4.85575,6.216667,1,0
input,190,4,0.118792,0.207042,2.554084,3.808209,1,0
input,191,4,0.12675,0.034792,2.500416,4.429541,0,
input,192,4,0.173666,0.042541,2.149541,2.947375,0,
input,193,4,0.150209,0.038458,1.639625,2.338042,0,
input,194,4,0.151,0.40475,5.245166,8.255333,100,0
input,195,4,0.158375,0.348291,5.073916,7.514208,100,0
input,196,4,0.15,0.342,3.844958,5.85025,100,0
input,197,4,0.1995,0.357708,3.942167,6.025542,100,0
input,198,4,0.117625,0.037833,2.199459,4.413709,0,
input,199,4,0.151625,0.046667,1.888125,2.605833,0,
input,200,4,0.172625,0.039583,3.650917,4.299417,0,
input,201,4,0.126875,53.306041,56.159625,56.78125,0,
input,202,4,0.113084,50.87375,53.320875,54.134792,0,
input,203,4,0.784916,51.508459,53.780875,54.418166,0,
input,204,4,0.113875,51.730708,53.736458,54.250917,0,
input,205,4,0.084083,51.52425,54.792167,55.326458,0,
input,206,4,0.100916,51.79125,54.229666,54.751125,0,
input,207,4,0.532333,50.785583,52.605125,53.196291,0,
input,208,4,0.110208,52.269125,53.830458,54.405291,0,
selection,209,4,0.133542,0.035834,2.644417,4.221375,100,1
selection,210,4,0.097917,0.0225,1.62975,2.925792,100,2
selection,211,4,0.218166,0.031084,2.106,3.697333,100,3
selection,212,4,0.140084,0.035208,1.994209,3.530667,100,4
selection,213,4,0.113041,0.0285,1.958416,3.690666,100,5
selection,214,4,0.30375,0.030333,2.382916,6.458375,100,6
selection,215,4,0.157625,0.038292,2.563792,7.071167,100,7
selection,216,4,0.119166,0.028292,2.516291,6.652541,100,8
selection,217,4,0.115375,0.024042,2.334791,6.308791,100,9
selection,218,4,0.176125,0.039833,2.83175,7.526084,100,10
selection,219,4,0.177084,0.036583,3.151834,7.588709,100,11
selection,220,4,0.202916,0.052917,3.682833,7.88725,100,12
selection,221,4,0.224292,0.046417,3.1985,7.586417,100,13
selection,222,4,2.297833,0.042417,5.684875,9.831375,100,14
selection,223,4,0.204042,0.048375,3.694042,8.225417,100,15
selection,224,4,0.169292,0.037459,3.506709,7.858209,100,16
selection,225,4,0.149333,0.039208,3.544042,7.854417,100,17
selection,226,4,2.22625,0.066416,5.971417,10.312584,100,18
selection,227,4,0.166541,0.034958,3.539083,7.613083,100,19
selection,228,4,0.172166,0.04175,3.873916,8.507083,100,20
empty,229,4,0.195083,0.035125,2.174917,4.234458,0,
invoke,230,5,,,3.910833,5.605,0,
input,231,5,0.180959,0.1515,9.176584,11.340459,3,0
input,232,5,0.564042,0.182042,3.648959,5.654167,2,0
input,233,5,0.171167,0.194625,3.284125,5.181834,1,0
input,234,5,0.799042,0.180625,3.746709,4.96575,1,0
input,235,5,2.089792,0.157041,4.827542,6.23725,1,0
input,236,5,0.14225,0.150834,2.433958,3.518583,1,0
input,237,5,0.11425,0.028709,1.622709,3.38,0,
input,238,5,0.2135,0.047417,2.325458,3.154041,0,
input,239,5,0.133292,0.03275,1.585458,2.368625,0,
input,240,5,0.310958,0.354958,4.754583,7.853333,100,0
input,241,5,0.144083,0.363917,7.598125,9.932583,100,0
input,242,5,0.204917,0.331209,4.138792,6.35025,100,0
input,243,5,0.138292,0.355208,3.935083,5.965042,100,0
input,244,5,0.110459,0.032875,2.060334,4.182042,0,
input,245,5,0.2025,0.05075,2.213958,3.046708,0,
input,246,5,0.156542,0.034459,1.555792,2.180167,0,
input,247,5,0.181542,50.542167,55.552375,56.165542,0,
input,248,5,0.115083,50.79275,52.3135,53.021375,0,
input,249,5,0.117542,50.756,52.126917,52.690709,0,
input,250,5,0.079042,52.297042,56.225167,56.780292,0,
input,251,5,0.092458,51.675167,53.053083,53.643958,0,
input,252,5,0.3485,53.8395,55.341042,55.886417,0,
input,253,5,0.810208,51.998292,53.859375,54.388,0,
input,254,5,0.092958,53.40925,54.558166,55.056333,0,
selection,255,5,0.140792,0.054208,2.774917,4.441583,100,1
selection,256,5,0.115209,0.027667,1.728084,3.053792,100,2
selection,257,5,1.834666,0.031,3.916916,5.608333,100,3
selection,258,5,0.133292,0.032167,2.050417,3.613125,100,4
selection,259,5,0.182959,0.049125,2.242375,4.017917,100,5
selection,260,5,0.135333,0.032416,2.222208,6.223125,100,6
selection,261,5,0.139334,0.039917,2.294834,6.637334,100,7
selection,262,5,0.144708,0.034417,2.490792,6.936208,100,8
selection,263,5,0.176542,0.045083,2.905334,7.432459,100,9
selection,264,5,0.14775,0.036291,2.783541,6.776791,100,10
selection,265,5,0.159209,0.039583,3.1325,7.216917,100,11
selection,266,5,0.16875,0.032291,3.174792,7.387,100,12
selection,267,5,0.134708,0.032833,3.06575,7.413042,100,13
selection,268,5,0.186333,0.037167,3.374875,7.687958,100,14
selection,269,5,0.1395,0.033083,3.17075,7.318417,100,15
selection,270,5,1.761708,0.040166,5.075625,9.304375,100,16
selection,271,5,0.200625,0.047917,3.612041,7.821,100,17
selection,272,5,0.283125,0.058417,3.690083,7.970333,100,18
selection,273,5,0.160166,0.04025,3.692166,7.979166,100,19
selection,274,5,0.161125,0.032417,3.269708,7.240458,100,20
empty,275,5,1.5035,0.035209,4.061833,5.848458,0,
invoke,276,6,,,4.202459,4.949917,0,
input,277,6,1.968084,0.20075,7.52225,9.657292,3,0
input,278,6,7.925958,0.164667,11.208583,13.197416,2,0
input,279,6,1.60975,0.143,4.790833,6.635208,1,0
input,280,6,2.366917,0.156834,5.35775,6.831417,1,0
input,281,6,1.971125,0.153709,4.778792,6.089333,1,0
input,282,6,0.113542,0.154583,2.597542,3.851875,1,0
input,283,6,4.56825,0.047667,7.176166,9.283416,0,
input,284,6,2.304875,0.036208,6.661209,7.485834,0,
input,285,6,1.643334,0.040042,3.343542,4.130334,0,
input,286,6,0.214,0.345167,4.630084,7.709,100,0
input,287,6,0.160583,0.349916,4.308333,6.89175,100,0
input,288,6,0.144792,0.39475,4.534542,6.823625,100,0
input,289,6,1.980209,0.37575,6.157709,8.409209,100,0
input,290,6,0.14375,0.0515,2.568875,4.625791,0,
input,291,6,4.726416,0.034208,6.110291,6.890833,0,
input,292,6,0.184084,0.041167,1.938667,2.775959,0,
input,293,6,0.117292,55.227166,57.14475,57.786292,0,
input,294,6,0.112875,51.176042,52.76575,53.519875,0,
input,295,6,0.119875,51.795375,54.86475,55.590542,0,
input,296,6,0.141792,51.9775,53.724375,54.436375,0,
input,297,6,1.570292,52.393292,55.21,55.759584,0,
input,298,6,0.101333,52.372125,53.577541,54.096916,0,
input,299,6,0.089916,53.119584,54.291958,54.812208,0,
input,300,6,0.091375,53.579791,57.473583,58.000042,0,
selection,301,6,0.144083,0.036958,2.406625,3.873792,100,1
selection,302,6,0.084166,0.021917,1.918875,3.368375,100,2
selection,303,6,0.139417,0.025375,1.724708,3.137667,100,3
selection,304,6,0.163,0.043542,2.2155,3.659208,100,4
selection,305,6,0.135667,0.032167,2.0145,3.629959,100,5
selection,306,6,0.172416,0.043166,2.383583,6.154625,100,6
selection,307,6,0.156292,0.034959,2.455792,6.270042,100,7
selection,308,6,0.140791,0.029833,2.316208,6.128208,100,8
selection,309,6,0.165083,0.03975,2.767625,7.100125,100,9
selection,310,6,0.150583,0.033333,2.736833,6.97725,100,10
selection,311,6,1.767291,0.041,4.64875,8.70125,100,11
selection,312,6,0.146459,0.034375,2.69375,6.577584,100,12
selection,313,6,0.153375,0.03725,3.219292,7.4565,100,13
selection,314,6,0.150125,0.034875,2.948917,7.345167,100,14
selection,315,6,0.216541,0.057375,3.677208,8.161,100,15
selection,316,6,0.167125,0.031167,3.310791,7.256041,100,16
selection,317,6,0.144917,0.038709,3.462292,7.5915,100,17
selection,318,6,2.226458,0.047708,5.804041,10.402625,100,18
selection,319,6,0.226083,0.057416,4.465208,9.216583,100,19
selection,320,6,0.182167,0.041708,3.750417,7.894959,100,20
empty,321,6,1.695917,0.036333,3.287834,5.206667,0,
invoke,322,7,,,4.244708,19.692333,0,
input,323,7,0.146583,0.176375,5.425083,7.720875,3,0
input,324,7,1.677334,0.216667,5.339459,7.882709,2,0
input,325,7,0.154541,0.221417,3.697083,5.829625,1,0
input,326,7,1.563334,0.202166,4.761125,6.179209,1,0
input,327,7,1.75425,0.165917,4.580083,6.09925,1,0
input,328,7,1.976625,0.188375,5.13025,6.457625,1,0
input,329,7,0.12175,0.034958,2.246625,4.122916,0,
input,330,7,0.152583,0.057333,2.172666,2.961833,0,
input,331,7,0.167584,0.036417,1.86375,2.662584,0,
input,332,7,0.212625,0.354875,4.832917,8.040792,100,0
input,333,7,1.081875,0.346916,5.25175,7.852875,100,0
input,334,7,1.233625,0.351416,5.1475,7.2125,100,0
input,335,7,0.291625,0.362666,4.090958,6.26225,100,0
input,336,7,0.136,0.043375,2.300083,4.58025,0,
input,337,7,0.149875,0.033667,1.703459,2.417292,0,
input,338,7,0.173167,0.03575,1.7535,2.498625,0,
input,339,7,0.243875,53.028,62.91725,63.690542,0,
input,340,7,0.216333,53.266083,59.6545,60.393583,0,
input,341,7,1.437958,54.0615,57.1965,57.966125,0,
input,342,7,0.121125,54.504125,56.090875,56.795291,0,
input,343,7,0.116584,54.93575,56.55525,57.198709,0,
input,344,7,0.124834,55.73225,61.343709,62.054459,0,
input,345,7,0.13675,56.072333,58.5235,59.29825,0,
input,346,7,0.214542,56.356333,57.840834,58.405417,0,
selection,347,7,0.152125,0.044166,2.614042,4.234209,100,1
selection,348,7,0.149667,0.039125,1.981792,3.566375,100,2
selection,349,7,0.135959,0.033875,1.744417,3.233334,100,3
selection,350,7,0.218167,0.05275,1.957375,3.136125,100,4
selection,351,7,0.122709,0.033333,1.952084,3.753959,100,5
selection,352,7,1.422959,0.035041,3.157292,6.140917,100,6
selection,353,7,2.137209,0.044333,3.895959,7.286584,100,7
selection,354,7,0.151,0.041167,2.3375,5.475792,100,8
selection,355,7,0.170666,0.037458,2.464125,5.479791,100,9
selection,356,7,0.146458,0.036583,2.482875,5.838041,100,10
selection,357,7,0.135417,0.040875,2.368042,6.152792,100,11
selection,358,7,0.161125,0.046041,2.769166,6.424625,100,12
selection,359,7,0.136333,0.035708,2.618083,6.307458,100,13
selection,360,7,0.128125,0.038916,2.533417,6.13725,100,14
selection,361,7,0.131792,0.033959,2.62425,6.564875,100,15
selection,362,7,0.134291,0.032667,2.753833,6.471708,100,16
selection,363,7,0.139917,0.034833,2.871292,6.693958,100,17
selection,364,7,7.897041,0.042666,10.528833,14.452666,100,18
selection,365,7,0.117584,0.033333,2.773459,6.726167,100,19
selection,366,7,0.125083,0.03675,2.81175,6.720041,100,20
empty,367,7,0.097875,0.033625,5.371458,7.050041,0,
invoke,368,8,,,5.275541,5.700083,0,
input,369,8,0.677083,0.088417,3.918708,5.663958,3,0
input,370,8,10.073416,0.089458,12.126458,13.593291,2,0
input,371,8,3.667,0.108875,5.933083,7.509708,1,0
input,372,8,3.696875,0.107291,5.666,6.721958,1,0
input,373,8,0.125583,0.115791,3.281166,4.248333,1,0
input,374,8,0.104416,0.129916,5.670041,6.789666,1,0
input,375,8,0.087458,0.037542,5.627541,6.980583,0,
input,376,8,0.119458,0.035583,6.263958,6.884666,0,
input,377,8,0.110584,0.033416,5.303375,5.87925,0,
input,378,8,0.122792,0.256042,3.331625,5.955459,100,0
input,379,8,9.17725,0.289584,12.092208,13.734542,100,0
input,380,8,0.129542,0.346291,4.237042,5.965292,100,0
input,381,8,0.14,0.360166,4.002542,5.89425,100,0
input,382,8,0.115875,0.031416,2.43875,4.053083,0,
input,383,8,0.110125,0.035292,5.771542,6.418375,0,
input,384,8,0.103542,0.032792,4.99475,5.696292,0,
input,385,8,0.114625,53.291125,54.840667,55.545417,0,
input,386,8,0.367875,52.93225,54.590542,55.247834,0,
input,387,8,2.041708,53.317042,56.741541,57.489666,0,
input,388,8,0.869458,54.31125,56.699417,57.265917,0,
input,389,8,0.100125,54.894417,56.413708,57.08675,0,
input,390,8,0.096042,55.656834,56.98825,57.582583,0,
input,391,8,0.131,54.241542,58.984208,59.628666,0,
input,392,8,0.122792,57.368958,59.558,60.227083,0,
selection,393,8,2.072041,0.048416,4.342708,5.879208,100,1
selection,394,8,0.169709,0.040416,2.005584,3.285459,100,2
selection,395,8,0.125167,0.030292,1.897792,3.567625,100,3
selection,396,8,0.286708,0.027292,1.83125,3.032708,100,4
selection,397,8,4.694958,0.031875,6.365708,7.688958,100,5
selection,398,8,0.10325,0.023167,1.768166,4.851541,100,6
selection,399,8,0.138583,0.040583,1.975166,5.2245,100,7
selection,400,8,0.128083,0.032666,1.951833,5.564167,100,8
selection,401,8,0.128291,0.028417,2.256375,5.8235,100,9
selection,402,8,0.127167,0.029833,2.71025,6.561833,100,10
selection,403,8,1.137416,0.044167,3.717416,7.794708,100,11
selection,404,8,0.158959,0.038333,3.038334,7.134084,100,12
selection,405,8,0.171708,0.035375,2.949917,6.861917,100,13
selection,406,8,0.140958,0.035458,3.162625,7.4465,100,14
selection,407,8,0.179459,0.030291,3.283917,7.167875,100,15
selection,408,8,0.196917,0.036875,3.266084,7.138625,100,16
selection,409,8,0.174541,0.038625,3.513458,7.243,100,17
selection,410,8,0.178042,0.04825,3.5245,7.484167,100,18
selection,411,8,0.141292,0.03425,3.653042,8.112709,100,19
selection,412,8,0.166041,0.0455,4.037958,8.355916,100,20
empty,413,8,0.137083,0.037042,1.845917,4.07475,0,
invoke,414,9,,,4.9615,5.637459,0,
input,415,9,1.07725,0.203916,6.13325,8.105333,3,0
input,416,9,0.18575,0.166208,7.89225,10.136042,2,0
input,417,9,4.715209,0.144208,7.548792,10.244917,1,0
input,418,9,1.693,0.193417,4.939917,6.209833,1,0
input,419,9,1.802208,0.162584,4.538542,5.907208,1,0
input,420,9,0.154791,0.217125,2.934833,4.094083,1,0
input,421,9,0.114833,0.035834,2.768916,4.475208,0,
input,422,9,0.130458,0.038167,3.871375,4.53675,0,
input,423,9,1.681333,0.033834,3.097541,3.7645,0,
input,424,9,0.114334,0.339708,3.9085,6.3945,100,0
input,425,9,5.385459,0.354208,9.3785,11.566542,100,0
input,426,9,0.132708,0.3385,3.681291,5.770333,100,0
input,427,9,0.668875,0.368625,4.446791,6.561125,100,0
input,428,9,0.112125,0.035,1.933875,4.044833,0,
input,429,9,3.668333,0.031541,5.106625,5.881166,0,
input,430,9,0.13975,0.034375,1.551459,2.225875,0,
input,431,9,0.136542,53.354291,55.145459,55.785125,0,
input,432,9,0.519417,51.553042,53.3145,53.911542,0,
input,433,9,0.123166,51.587166,52.912791,53.443416,0,
input,434,9,0.121041,51.597375,54.811916,55.272916,0,
input,435,9,0.098625,51.794959,55.571792,56.155959,0,
input,436,9,0.092209,51.217834,56.861334,57.337334,0,
input,437,9,0.092208,52.404708,55.827542,56.38225,0,
input,438,9,0.082958,52.725708,55.996625,56.571041,0,
selection,439,9,0.136959,0.034375,2.505292,4.083375,100,1
selection,440,9,0.081291,0.019709,1.570416,2.956208,100,2
selection,441,9,1.238083,0.024958,2.886375,4.217125,100,3
selection,442,9,0.097167,0.024917,1.779958,3.217667,100,4
selection,443,9,0.179458,0.047542,2.469583,4.289667,100,5
selection,444,9,0.456334,0.034834,2.635792,6.5145,100,6
selection,445,9,0.265792,0.034167,2.607959,6.951292,100,7
selection,446,9,0.181458,0.046,2.8415,7.253417,100,8
selection,447,9,0.251541,0.05725,3.304375,8.298708,100,9
selection,448,9,0.229625,0.058125,3.13725,7.473083,100,10
selection,449,9,0.206125,0.050208,3.200583,7.396875,100,11
selection,450,9,0.136917,0.028417,3.106209,7.358292,100,12
selection,451,9,0.187375,0.049167,3.406458,8.2595,100,13
selection,452,9,1.345083,0.039166,4.526291,9.066,100,14
selection,453,9,0.202833,0.0425,3.538958,7.891625,100,15
selection,454,9,0.168208,0.032667,3.338875,7.646041,100,16
selection,455,9,0.226459,0.040792,3.669792,8.205125,100,17
selection,456,9,2.17275,0.0525,5.708209,9.626,100,18
selection,457,9,0.140375,0.026833,3.213167,7.108375,100,19
selection,458,9,0.1885,0.045083,4.250125,8.896375,100,20
empty,459,9,0.195458,0.034084,2.103458,4.181125,0,
invoke,460,10,,,3.821333,5.308625,0,
input,461,10,0.17925,0.154958,7.831167,9.923417,3,0
input,462,10,2.508584,0.174375,5.894959,7.885667,2,0
input,463,10,0.155125,0.136541,2.814459,4.754792,1,0
input,464,10,2.903417,0.169292,6.006458,7.452083,1,0
input,465,10,0.236708,0.132084,2.904958,4.232833,1,0
input,466,10,0.198167,0.155458,3.007459,4.345834,1,0
input,467,10,0.134375,0.03325,3.656416,5.737666,0,
input,468,10,0.435667,0.045875,2.420625,3.294084,0,
input,469,10,0.123166,0.029958,1.441166,2.124833,0,
input,470,10,0.184292,0.377083,5.002,7.990375,100,0
input,471,10,0.157,0.343416,5.099417,7.641667,100,0
input,472,10,0.151875,0.344958,3.75425,5.71775,100,0
input,473,10,0.159625,0.341542,3.930708,5.993625,100,0
input,474,10,0.142167,0.032375,1.978417,4.207209,0,
input,475,10,0.2005,0.046583,2.181625,3.025667,0,
input,476,10,0.284041,0.032292,1.801375,2.532375,0,
input,477,10,0.171792,53.299542,56.392084,57.147834,0,
input,478,10,0.125583,51.797125,54.976833,55.598583,0,
input,479,10,0.096458,51.249541,52.690708,53.380125,0,
input,480,10,0.096375,51.155541,53.299792,53.80025,0,
input,481,10,0.106084,51.597209,55.681542,56.24,0,
input,482,10,0.098834,52.023375,55.833584,56.32875,0,
input,483,10,0.12225,53.533083,56.29525,56.88375,0,
input,484,10,0.098167,53.957292,56.384542,56.993125,0,
selection,485,10,0.144958,0.043083,2.735708,4.37925,100,1
selection,486,10,0.119166,0.028625,2.035541,3.611958,100,2
selection,487,10,0.087125,0.01975,1.578083,2.881875,100,3
selection,488,10,0.117666,0.027458,1.879958,3.382916,100,4
selection,489,10,0.139708,0.034958,2.159333,4.009875,100,5
selection,490,10,0.145459,0.035166,2.41925,6.383834,100,6
selection,491,10,0.228875,0.058333,2.955208,7.440333,100,7
selection,492,10,0.209417,0.05725,2.668667,6.881708,100,8
selection,493,10,1.857291,0.05025,4.970583,9.550625,100,9
selection,494,10,0.212042,0.048958,3.493792,8.228583,100,10
selection,495,10,0.246583,0.061166,3.663208,8.044166,100,11
selection,496,10,0.157875,0.035208,2.933667,7.114375,100,12
selection,497,10,0.303708,0.038625,3.362708,7.736166,100,13
selection,498,10,0.1655,0.036,3.402334,7.624375,100,14
selection,499,10,1.39,0.063625,5.113291,9.771333,100,15
selection,500,10,0.182041,0.038959,3.681416,7.7115,100,16
selection,501,10,0.201292,0.033875,3.844292,8.586667,100,17
selection,502,10,0.199209,0.0615,3.45775,7.978042,100,18
selection,503,10,0.880209,0.05675,4.557209,8.568584,100,19
selection,504,10,0.135125,0.025459,3.159959,6.780125,100,20
empty,505,10,0.120625,0.033417,3.735375,5.871041,0,
invoke,506,11,,,4.392292,5.112375,0,
input,507,11,0.167667,0.167292,5.849375,7.927417,3,0
input,508,11,0.17875,0.190792,3.992375,6.078458,2,0
input,509,11,0.151583,0.175416,3.059792,5.139917,1,0
input,510,11,4.061208,0.183459,7.225583,8.763667,1,0
input,511,11,1.553042,0.179625,4.469542,5.991125,1,0
input,512,11,1.903583,0.215,5.279083,6.581125,1,0
input,513,11,1.351958,0.040375,3.5945,5.67925,0,
input,514,11,8.074542,0.032792,9.56225,10.463417,0,
input,515,11,0.192333,0.042166,1.861583,2.628375,0,
input,516,11,0.162917,0.389166,4.99175,8.360667,100,0
input,517,11,1.1075,0.389,5.437,7.991833,100,0
input,518,11,0.1865,0.393083,4.32325,6.391083,100,0
input,519,11,0.203333,0.388375,6.749583,9.124958,100,0
input,520,11,0.158709,0.041375,3.515084,5.629792,0,
input,521,11,0.195709,0.039625,3.088584,3.783417,0,
input,522,11,0.179542,0.04025,1.932083,2.735292,0,
input,523,11,0.210333,54.417708,56.832583,57.592458,0,
input,524,11,0.14075,51.117542,53.025042,53.864292,0,
input,525,11,0.144166,51.2725,55.108416,55.761875,0,
input,526,11,0.114541,52.993291,58.822416,59.474041,0,
input,527,11,0.130208,53.656458,54.999,55.510416,0,
input,528,11,0.101458,54.309291,55.548916,56.078291,0,
input,529,11,0.092458,52.489917,54.388833,54.924916,0,
input,530,11,0.085791,54.034041,55.366333,55.92725,0,
selection,531,11,0.165708,0.045666,2.480125,3.951958,100,1
selection,532,11,0.091459,0.022875,1.575875,2.911459,100,2
selection,533,11,0.095459,0.02125,1.52225,2.742667,100,3
selection,534,11,0.077792,0.0205,1.436417,2.707875,100,4
selection,535,11,0.10525,0.01975,1.587459,3.027834,100,5
selection,536,11,0.122666,0.035084,2.099791,6.18875,100,6
selection,537,11,0.180584,0.046667,2.7165,7.102209,100,7
selection,538,11,0.161292,0.034833,2.85875,7.252709,100,8
selection,539,11,0.141958,0.031875,2.706125,7.024417,100,9
selection,540,11,0.1225,0.027959,2.752958,7.140417,100,10
selection,541,11,0.231,0.058417,3.638666,8.026666,100,11
selection,542,11,0.235375,0.051625,3.628666,8.303375,100,12
selection,543,11,2.232167,0.054084,5.489375,10.034084,100,13
selection,544,11,0.173708,0.035583,3.297375,7.244708,100,14
selection,545,11,0.195541,0.048875,3.6775,7.838708,100,15
selection,546,11,0.20975,0.050333,3.544125,7.422959,100,16
selection,547,11,0.14575,0.03775,3.331542,7.487708,100,17
selection,548,11,0.194209,0.0475,3.57875,7.99775,100,18
selection,549,11,1.650875,0.031417,4.9735,8.847084,100,19
selection,550,11,0.138416,0.035708,3.49225,7.7485,100,20
empty,551,11,0.113167,0.0305,1.552084,3.535834,0,
invoke,552,12,,,7.231041,7.963791,0,
input,553,12,0.158416,0.165083,5.664,7.674083,3,0
input,554,12,0.145875,0.208291,4.081208,5.972625,2,0
input,555,12,1.7805,0.16325,4.661375,6.859,1,0
input,556,12,0.242541,0.194584,3.541416,4.955625,1,0
input,557,12,0.17975,0.16275,2.964708,4.104042,1,0
input,558,12,0.236333,0.128958,3.834166,5.092333,1,0
input,559,12,0.15075,0.033458,2.841125,4.757542,0,
input,560,12,0.157958,0.049917,1.98525,2.765125,0,
input,561,12,0.153209,0.037875,1.861834,2.742959,0,
input,562,12,0.45825,0.33525,4.850417,7.760083,100,0
input,563,12,0.144708,0.324417,6.403541,8.699208,100,0
input,564,12,0.171167,0.335333,3.860375,5.911542,100,0
input,565,12,0.193833,0.345541,3.809208,5.786041,100,0
input,566,12,0.116625,0.036041,2.037792,4.246167,0,
input,567,12,0.211625,0.03475,1.731042,2.436042,0,
input,568,12,3.393417,0.033875,4.809208,5.464167,0,
input,569,12,0.135583,52.682209,54.451416,55.102791,0,
input,570,12,0.13075,50.615667,52.634083,53.199583,0,
input,571,12,0.108708,51.0915,52.481042,53.038125,0,
input,572,12,0.09375,51.411917,54.800458,55.275583,0,
input,573,12,0.099792,51.3465,54.882333,55.388667,0,
input,574,12,0.118583,52.461042,53.67425,54.172916,0,
input,575,12,1.818709,51.504375,54.677209,55.253709,0,
input,576,12,0.106792,55.7625,57.077375,57.57925,0,
selection,577,12,0.181334,0.041292,2.822834,4.440584,100,1
selection,578,12,0.153583,0.041125,2.198666,3.776583,100,2
selection,579,12,0.187708,0.050709,2.613708,4.322208,100,3
selection,580,12,0.834334,0.036875,2.854084,4.466334,100,4
selection,581,12,0.163666,0.042875,2.456458,4.319958,100,5
selection,582,12,0.146125,0.032125,2.177833,6.088625,100,6
selection,583,12,0.14825,0.034208,2.305083,6.629916,100,7
selection,584,12,0.142625,0.030875,2.328833,6.665708,100,8
selection,585,12,0.166375,0.040375,2.844875,7.257333,100,9
selection,586,12,0.169125,0.047584,2.96825,7.587958,100,10
selection,587,12,0.260291,0.06775,3.105333,7.346125,100,11
selection,588,12,0.170458,0.046292,3.387541,8.213375,100,12
selection,589,12,1.312958,0.035542,4.277667,8.5685,100,13
selection,590,12,0.228167,0.054542,3.6235,7.950917,100,14
selection,591,12,0.194459,0.045458,3.529417,7.756417,100,15
selection,592,12,0.302375,0.032167,3.287292,7.227667,100,16
selection,593,12,0.16725,0.042917,3.521875,7.948084,100,17
selection,594,12,0.215209,0.069375,3.723584,7.897125,100,18
selection,595,12,0.6395,0.0435,4.245417,8.373958,100,19
selection,596,12,0.188291,0.040083,3.555208,7.670291,100,20
empty,597,12,0.149209,0.034416,2.912459,5.286959,0,
invoke,598,13,,,3.880166,4.827666,0,
input,599,13,0.160875,0.162084,6.046959,8.243417,3,0
input,600,13,0.129917,0.133125,5.281042,7.192292,2,0
input,601,13,7.444417,0.229083,10.985542,12.954375,1,0
input,602,13,0.887916,0.167209,3.864666,5.361583,1,0
input,603,13,1.890667,0.166625,4.774292,6.166792,1,0
input,604,13,2.108291,0.18525,5.2365,6.814041,1,0
input,605,13,1.126459,0.044792,3.785292,5.771334,0,
input,606,13,2.254,0.050708,4.192791,5.088541,0,
input,607,13,0.266458,0.032875,1.72425,2.449083,0,
input,608,13,0.173917,0.349959,6.427708,9.49225,100,0
input,609,13,0.174375,0.351375,4.293041,6.541416,100,0
input,610,13,0.193125,0.355542,4.129792,6.398042,100,0
input,611,13,0.159,0.401458,4.044917,6.452042,100,0
input,612,13,0.117458,0.03425,2.184875,4.470375,0,
input,613,13,0.200667,0.038041,1.889917,2.694375,0,
input,614,13,1.242375,0.034959,2.741334,3.409625,0,
input,615,13,0.180958,53.540583,57.354958,58.273958,0,
input,616,13,0.16725,51.652292,54.134834,54.86225,0,
input,617,13,0.150666,52.028875,55.114958,55.744833,0,
input,618,13,0.132083,51.61475,55.427916,56.058916,0,
input,619,13,0.105458,52.075042,55.874416,56.372833,0,
input,620,13,0.129083,52.0555,53.358666,53.835541,0,
input,621,13,1.644583,53.262542,55.9705,56.466667,0,
input,622,13,1.62225,53.378291,56.336292,56.950667,0,
selection,623,13,0.12025,0.030709,2.195667,3.592709,100,1
selection,624,13,0.085584,0.021833,2.004417,3.377584,100,2
selection,625,13,0.238834,0.028625,1.927875,3.285834,100,3
selection,626,13,0.081375,0.020208,1.53775,2.789416,100,4
selection,627,13,0.069875,0.018792,1.56125,3.122,100,5
selection,628,13,2.101334,0.028667,3.845959,7.545709,100,6
selection,629,13,1.025584,0.03125,3.035,7.234,100,7
selection,630,13,0.144,0.035209,2.425458,6.73175,100,8
selection,631,13,0.169958,0.036208,2.7215,6.826291,100,9
selection,632,13,0.145333,0.032417,2.735167,7.149958,100,10
selection,633,13,0.144583,0.0285,2.725875,6.858208,100,11
selection,634,13,0.162166,0.033625,2.931541,6.946375,100,12
selection,635,13,0.153208,0.034291,3.180833,7.896667,100,13
selection,636,13,0.204375,0.043959,3.567166,8.54,100,14
selection,637,13,0.160292,0.048167,3.625417,8.306292,100,15
selection,638,13,0.9785,0.045084,4.707542,8.794583,100,16
selection,639,13,0.2255,0.055083,3.856041,8.71625,100,17
selection,640,13,0.256,0.060208,4.324292,8.96325,100,18
selection,641,13,1.661,0.045084,5.384209,9.922375,100,19
selection,642,13,0.207959,0.046792,4.164084,8.623959,100,20
empty,643,13,0.118291,0.041792,1.632916,3.65975,0,
invoke,644,14,,,4.678834,5.346042,0,
input,645,14,0.184917,0.239125,6.916542,9.065083,3,0
input,646,14,2.114208,0.193916,5.594958,8.028708,2,0
input,647,14,0.765542,0.144792,3.830375,6.084834,1,0
input,648,14,2.119583,0.224542,5.414125,6.802458,1,0
input,649,14,1.678958,0.165625,4.564125,5.931583,1,0
input,650,14,2.148125,0.177208,5.144959,6.473959,1,0
input,651,14,0.137791,0.033667,2.126208,4.018916,0,
input,652,14,0.195625,0.036625,2.394167,3.086792,0,
input,653,14,0.530666,0.039375,2.139791,2.903125,0,
input,654,14,0.138709,0.435875,4.7075,7.884292,100,0
input,655,14,1.826875,0.365625,6.416875,8.842875,100,0
input,656,14,0.193875,0.39225,4.615291,6.728791,100,0
input,657,14,0.155875,0.380083,6.11675,8.36675,100,0
input,658,14,0.146,0.035208,2.199333,4.51225,0,
input,659,14,0.190625,0.04875,2.271875,3.213834,0,
input,660,14,0.194666,0.052334,1.811916,2.545916,0,
input,661,14,0.1495,53.572833,57.3905,58.162791,0,
input,662,14,0.207917,51.385541,53.768709,54.567417,0,
input,663,14,0.117833,51.032666,54.207958,54.856667,0,
input,664,14,0.552875,51.812416,53.821916,54.411708,0,
input,665,14,0.131584,52.241125,53.710792,54.28175,0,
input,666,14,0.119292,53.208208,54.559625,55.1,0,
input,667,14,0.105292,53.084375,55.457417,56.06325,0,
input,668,14,0.098083,52.052666,54.795125,55.377541,0,
selection,669,14,1.394208,0.033084,3.796667,5.473,100,1
selection,670,14,0.095125,0.02125,1.708625,3.065333,100,2
selection,671,14,0.105583,0.023,1.846917,3.47975,100,3
selection,672,14,0.2335,0.036459,2.154083,3.59875,100,4
selection,673,14,0.146667,0.03775,2.144292,3.757625,100,5
selection,674,14,0.139875,0.033125,2.190666,5.9655,100,6
selection,675,14,0.141334,0.032375,2.322167,6.540209,100,7
selection,676,14,0.175208,0.04025,2.832625,7.219583,100,8
selection,677,14,0.171083,0.036917,2.818666,7.688583,100,9
selection,678,14,0.156542,0.031917,2.679584,7.043625,100,10
selection,679,14,0.218083,0.045584,3.408875,8.1625,100,11
selection,680,14,0.195708,0.04375,3.277666,7.753333,100,12
selection,681,14,0.97525,0.047208,4.243083,8.756208,100,13
selection,682,14,0.252291,0.068167,4.489916,9.310791,100,14
selection,683,14,0.199292,0.04775,3.613833,7.807875,100,15
selection,684,14,0.176542,0.036334,3.30075,7.830625,100,16
selection,685,14,1.246333,0.050125,4.788083,9.2885,100,17
selection,686,14,0.252417,0.057083,4.040875,8.507667,100,18
selection,687,14,0.206,0.045,3.704625,7.994583,100,19
selection,688,14,0.207542,0.044542,3.785583,8.127208,100,20
empty,689,14,1.757458,0.0415,3.64975,6.026833,0,
invoke,690,15,,,5.854292,7.909375,0,
input,691,15,0.189084,0.166042,6.664167,8.665417,3,0
input,692,15,0.319042,0.201541,3.900209,6.554042,2,0
input,693,15,0.198875,0.184833,6.470542,8.223375,1,0
input,694,15,0.166917,0.167833,3.150709,4.523875,1,0
input,695,15,0.197125,0.177958,3.486959,4.876709,1,0
input,696,15,0.188084,0.144041,3.95225,5.189959,1,0
input,697,15,0.126583,0.042459,2.367916,4.317583,0,
input,698,15,0.182584,0.050416,2.000667,2.855792,0,
input,699,15,0.129791,0.042375,1.787375,2.53925,0,
input,700,15,0.204291,0.339834,6.08,9.106458,100,0
input,701,15,0.118084,0.336459,3.952917,6.234959,100,0
input,702,15,0.182292,0.33925,4.003834,6.012875,100,0
input,703,15,0.158875,0.351167,4.076708,6.184542,100,0
input,704,15,0.125625,0.034583,2.024333,4.295792,0,
input,705,15,0.193125,0.037709,4.0435,4.736833,0,
input,706,15,0.564583,0.039667,2.240417,2.997542,0,
input,707,15,0.260625,52.776334,54.727625,55.396291,0,
input,708,15,0.132042,51.124333,54.241042,54.895833,0,
input,709,15,0.409542,50.974792,52.692167,53.277209,0,
input,710,15,0.104917,51.39875,55.27675,55.787667,0,
input,711,15,0.097667,52.59175,53.80675,54.311708,0,
input,712,15,0.111625,52.404084,56.031666,56.62875,0,
input,713,15,0.091875,52.840333,56.408208,56.914417,0,
input,714,15,0.084,53.470542,57.339542,57.889708,0,
selection,715,15,0.133167,0.027084,2.166834,3.466417,100,1
selection,716,15,0.082959,0.0195,1.565917,2.815542,100,2
selection,717,15,2.04925,0.02275,3.483041,4.65075,100,3
selection,718,15,0.132459,0.034791,1.85275,3.229625,100,4
selection,719,15,0.155,0.043834,2.220333,3.8925,100,5
selection,720,15,1.345875,0.045166,3.3345,7.271125,100,6
selection,721,15,0.166625,0.03925,2.344959,6.3605,100,7
selection,722,15,0.147291,0.0325,2.246583,6.017708,100,8
selection,723,15,0.151083,0.03375,2.819542,6.96225,100,9
selection,724,15,0.136875,0.032666,2.643208,7.021583,100,10
selection,725,15,0.158167,0.035875,2.839792,6.78975,100,11
selection,726,15,1.877084,0.034583,4.578167,8.530625,100,12
selection,727,15,0.145291,0.031041,2.733708,6.581333,100,13
selection,728,15,0.200791,0.044625,3.707208,8.08125,100,14
selection,729,15,0.179417,0.04225,3.368959,7.6385,100,15
selection,730,15,0.230083,0.051667,3.695417,8.220083,100,16
selection,731,15,0.186417,0.038417,3.793375,8.147209,100,17
selection,732,15,1.545708,0.041666,5.196375,9.169541,100,18
selection,733,15,0.179,0.036333,3.859834,8.152792,100,19
selection,734,15,0.232167,0.059875,4.227333,8.564167,100,20
empty,735,15,0.142708,0.032375,1.675417,3.787083,0,
invoke,736,16,,,3.74425,4.474625,0,
input,737,16,0.154416,0.24575,6.354291,8.560083,3,0
input,738,16,0.9575,0.191667,4.2975,6.528708,2,0
input,739,16,1.645,0.178958,4.870083,6.973916,1,0
input,740,16,2.272875,0.194917,5.568459,7.007917,1,0
input,741,16,0.170458,0.14075,2.4055,3.646791,1,0
input,742,16,0.195875,0.168166,3.641209,5.022709,1,0
input,743,16,0.155875,0.034125,3.401458,5.283125,0,
input,744,16,0.18525,0.0475,2.378958,3.317667,0,
input,745,16,0.130375,0.043166,1.794458,2.551458,0,
input,746,16,0.159208,0.37825,5.822042,8.831208,100,0
input,747,16,0.14325,0.366041,4.159,6.389333,100,0
input,748,16,0.1855,0.350083,4.804417,6.802417,100,0
input,749,16,0.177666,0.352875,3.8125,5.871833,100,0
input,750,16,0.109042,0.03525,2.131042,4.361083,0,
input,751,16,0.182292,0.03675,3.93475,4.692,0,
input,752,16,0.699542,0.032625,2.047167,2.740209,0,
input,753,16,0.133542,52.899292,54.679334,55.316125,0,
input,754,16,0.174084,51.045084,55.423834,56.174167,0,
input,755,16,0.09975,51.702458,55.133541,55.714041,0,
input,756,16,0.104459,50.997166,55.271709,55.900625,0,
input,757,16,0.102875,53.142125,56.231417,56.782042,0,
input,758,16,0.080792,53.790542,57.257667,57.848459,0,
input,759,16,0.096042,53.681167,56.745625,57.293917,0,
input,760,16,0.120083,55.597292,56.876958,57.400917,0,
selection,761,16,0.1715,0.050792,2.503917,3.947459,100,1
selection,762,16,0.115833,0.02425,1.936958,3.598541,100,2
selection,763,16,0.14025,0.029125,1.88275,3.267833,100,3
selection,764,16,0.179625,0.048916,2.246292,3.775209,100,4
selection,765,16,0.133333,0.034375,1.862583,3.358583,100,5
selection,766,16,1.832917,0.034917,3.581125,6.868208,100,6
selection,767,16,1.404084,0.038,3.343625,6.806709,100,7
selection,768,16,0.983959,0.043834,2.985334,6.471375,100,8
selection,769,16,0.788166,0.0285,2.552,5.5725,100,9
selection,770,16,2.005334,0.03625,4.146042,7.700042,100,10
selection,771,16,0.538834,0.026708,2.585709,5.658125,100,11
selection,772,16,1.352042,0.034667,3.423709,6.72175,100,12
selection,773,16,0.999958,0.034167,3.533292,7.208833,100,13
selection,774,16,0.159,0.031959,2.636125,6.1725,100,14
selection,775,16,0.198834,0.023458,2.644709,5.984834,100,15
selection,776,16,0.579666,0.027958,3.362625,7.256833,100,16
selection,777,16,0.133375,0.032,3.018125,6.560125,100,17
selection,778,16,1.409167,0.0305,4.35525,8.3685,100,18
selection,779,16,0.16525,0.037666,3.596167,7.624833,100,19
selection,780,16,0.133125,0.030375,3.339291,7.196458,100,20
empty,781,16,0.093,0.031959,3.639,5.664833,0,
invoke,782,17,,,3.85875,5.998125,0,
input,783,17,1.911542,0.1455,6.064958,7.968458,3,0
input,784,17,0.510916,0.14475,3.160791,4.900625,2,0
input,785,17,2.232542,0.138458,4.666625,6.618167,1,0
input,786,17,0.141708,0.1365,2.398458,3.545042,1,0
input,787,17,0.150542,0.161625,2.735958,3.838917,1,0
input,788,17,0.143375,0.167542,4.750584,5.962084,1,0
input,789,17,0.123541,0.037958,5.788208,7.542083,0,
input,790,17,2.381958,0.039708,4.010583,4.705333,0,
input,791,17,0.469041,0.031541,1.802791,2.511583,0,
input,792,17,0.138125,0.373416,4.356667,7.141375,100,0
input,793,17,0.102,0.348084,3.637375,5.809541,100,0
input,794,17,0.136917,0.364834,3.875375,5.739334,100,0
input,795,17,0.161541,0.397917,4.890166,6.809333,100,0
input,796,17,0.108791,0.033917,1.914416,3.851833,0,
input,797,17,0.131291,0.031958,3.256458,3.916625,0,
input,798,17,1.47425,0.030666,2.789667,3.452167,0,
input,799,17,0.120292,54.103875,55.809209,56.536584,0,
input,800,17,0.104542,50.47525,53.104125,53.718042,0,
input,801,17,0.080375,51.364208,55.0835,55.669417,0,
input,802,17,0.099042,51.214125,52.583958,53.197333,0,
input,803,17,0.11125,52.580792,53.81775,54.327791,0,
input,804,17,0.090875,52.503834,53.711167,54.203,0,
input,805,17,0.103,53.254125,57.015375,57.622625,0,
input,806,17,0.112667,52.774917,54.163292,54.759875,0,
selection,807,17,0.122708,0.029167,2.177542,3.499792,100,1
selection,808,17,0.069708,0.017792,1.598958,3.041625,100,2
selection,809,17,0.593583,0.019167,1.918958,3.03575,100,3
selection,810,17,0.07,0.018667,1.492292,2.885292,100,4
selection,811,17,0.119583,0.025542,1.784458,3.297916,100,5
selection,812,17,0.156708,0.037625,2.439708,6.550125,100,6
selection,813,17,0.15975,0.039292,2.29475,6.074417,100,7
selection,814,17,0.141459,0.034833,2.614709,6.605334,100,8
selection,815,17,2.238542,0.042083,4.867458,9.705208,100,9
selection,816,17,0.166625,0.041584,2.891,7.207542,100,10
selection,817,17,0.189375,0.0395,3.122709,7.099709,100,11
selection,818,17,0.17075,0.036166,3.199042,7.837333,100,12
selection,819,17,0.165167,0.031875,3.137833,7.007625,100,13
selection,820,17,0.199417,0.0495,3.324375,7.829542,100,14
selection,821,17,0.224167,0.051792,3.338542,7.677292,100,15
selection,822,17,1.431708,0.044291,4.89625,9.19675,100,16
selection,823,17,0.1515,0.032042,3.513959,7.607459,100,17
selection,824,17,0.314166,0.072584,4.361291,9.212833,100,18
selection,825,17,0.188208,0.044209,3.935167,7.984208,100,19
selection,826,17,2.048625,0.038875,5.607084,10.483042,100,20
empty,827,17,0.148917,0.035708,2.919917,5.101542,0,
invoke,828,18,,,4.239333,4.829291,0,
input,829,18,0.352167,0.218916,5.906458,7.907833,3,0
input,830,18,0.165792,0.236125,5.075,7.1295,2,0
input,831,18,0.167625,0.160542,5.452667,7.599334,1,0
input,832,18,7.366875,0.157459,10.107375,11.461083,1,0
input,833,18,0.15475,0.137292,2.695792,3.998959,1,0
input,834,18,0.201375,0.132417,3.75925,5.102833,1,0
input,835,18,0.139167,0.03175,3.285583,5.135417,0,
input,836,18,5.35925,0.102875,7.094166,7.789916,0,
input,837,18,0.175792,0.041958,1.87725,2.663959,0,
input,838,18,0.151709,0.357042,4.811417,8.023417,100,0
input,839,18,1.90025,0.385916,7.060292,9.373875,100,0
input,840,18,0.187959,0.360541,4.344709,6.331542,100,0
input,841,18,0.179125,0.373041,4.118375,6.274708,100,0
input,842,18,0.15575,0.038167,5.799667,7.825375,0,
input,843,18,0.166875,0.032625,3.8015,4.555042,0,
input,844,18,0.841292,0.036334,2.471209,3.225584,0,
input,845,18,0.128375,52.03675,53.716958,54.369,0,
input,846,18,0.1305,51.374917,53.028416,53.7085,0,
input,847,18,0.176625,51.327167,52.777792,53.309167,0,
input,848,18,0.124375,51.469166,53.240083,53.764,0,
input,849,18,0.119,52.304708,53.646958,54.206541,0,
input,850,18,0.098792,52.5565,53.814625,54.4595,0,
input,851,18,1.620708,52.533125,55.348041,55.923291,0,
input,852,18,0.111583,53.641167,55.091,55.589083,0,
selection,853,18,0.133125,0.039625,2.420167,3.868458,100,1
selection,854,18,0.068416,0.01725,1.350833,2.605291,100,2
selection,855,18,1.014375,0.016792,2.253292,3.345667,100,3
selection,856,18,0.072792,0.017583,1.353084,2.534417,100,4
selection,857,18,1.051125,0.023375,2.61275,4.060584,100,5
selection,858,18,0.089,0.019791,1.791375,5.216417,100,6
selection,859,18,0.139375,0.033042,2.328041,6.017166,100,7
selection,860,18,0.170167,0.038958,2.450209,6.348209,100,8
selection,861,18,0.12725,0.029792,2.454959,6.60675,100,9
selection,862,18,0.150125,0.034459,2.905667,6.782209,100,10
selection,863,18,0.141333,0.032916,2.952083,6.993375,100,11
selection,864,18,0.141541,0.031333,2.815083,6.363583,100,12
selection,865,18,0.191083,0.0545,3.348958,8.185,100,13
selection,866,18,1.846916,0.06125,5.687583,10.015083,100,14
selection,867,18,0.219041,0.054583,3.599125,7.932833,100,15
selection,868,18,0.127625,0.027667,3.102666,7.194666,100,16
selection,869,18,0.164916,0.044542,3.421166,7.442458,100,17
selection,870,18,2.575375,0.048375,6.314875,10.953458,100,18
selection,871,18,0.181667,0.0405,3.696708,8.107417,100,19
selection,872,18,0.181,0.046334,3.478,7.68725,100,20
empty,873,18,0.111958,0.038584,4.833,6.741416,0,
invoke,874,19,,,3.932375,4.680333,0,
input,875,19,0.138125,0.227042,5.975,8.118708,3,0
input,876,19,0.647084,0.20025,4.201625,6.292417,2,0
input,877,19,0.166292,0.174834,3.053875,5.047792,1,0
input,878,19,2.427167,0.174417,5.453375,6.966084,1,0
input,879,19,1.73025,0.138833,4.345125,6.093292,1,0
input,880,19,0.1835,0.15175,4.600917,6.103209,1,0
input,881,19,0.125916,0.035875,2.222416,4.164,0,
input,882,19,0.221833,0.037959,4.186208,4.958125,0,
input,883,19,0.382042,0.041083,2.125708,2.931625,0,
input,884,19,0.227333,0.357083,4.616625,7.435375,100,0
input,885,19,0.151541,0.325958,4.170416,6.661791,100,0
input,886,19,0.191875,0.364209,3.98275,6.15825,100,0
input,887,19,0.204208,0.345542,4.153458,6.457625,100,0
input,888,19,0.104167,0.044666,2.285,4.5085,0,
input,889,19,0.185083,0.035208,2.116,2.906833,0,
input,890,19,0.188791,0.044042,1.760625,2.442958,0,
input,891,19,0.239,51.340875,56.362667,56.95025,0,
input,892,19,0.151958,50.535541,52.130875,52.782833,0,
input,893,19,0.798416,51.029833,52.9885,53.481583,0,
input,894,19,0.102417,51.593666,52.91225,53.438792,0,
input,895,19,0.127208,52.408542,53.66325,54.145708,0,
input,896,19,0.723042,51.660208,53.431334,53.896334,0,
input,897,19,0.093167,52.793375,54.082833,54.68225,0,
input,898,19,0.096708,55.476042,59.821916,60.414541,0,
selection,899,19,0.150375,0.041083,2.633167,4.223292,100,1
selection,900,19,0.080958,0.02,1.649125,3.082667,100,2
selection,901,19,0.113416,0.026042,1.85325,3.989625,100,3
selection,902,19,2.116916,0.044709,4.363958,6.376083,100,4
selection,903,19,0.136792,0.03325,2.382833,4.279167,100,5
selection,904,19,0.165875,0.039333,2.578709,6.547584,100,6
selection,905,19,0.139042,0.031417,2.566084,6.759042,100,7
selection,906,19,0.121667,0.026583,2.467667,6.410875,100,8
selection,907,19,0.165583,0.044209,2.930875,7.86275,100,9
selection,908,19,0.170292,0.039333,3.180542,8.240375,100,10
selection,909,19,1.738792,0.045625,5.057292,9.989084,100,11
selection,910,19,0.193041,0.040875,3.404583,7.673666,100,12
selection,911,19,0.190125,0.045375,3.378084,8.0085,100,13
selection,912,19,0.322167,0.046792,3.500959,7.83875,100,14
selection,913,19,0.182917,0.048458,3.394625,7.619375,100,15
selection,914,19,1.323708,0.044375,4.787792,8.722167,100,16
selection,915,19,0.201333,0.038375,3.789708,8.965291,100,17
selection,916,19,0.175209,0.033375,3.546959,7.430125,100,18
selection,917,19,0.172958,0.04025,3.597875,7.811625,100,19
selection,918,19,0.185625,0.041,3.74325,7.899667,100,20
empty,919,19,0.11425,0.032,1.7315,3.785459,0,
invoke,920,20,,,4.340167,5.77375,0,
input,921,20,0.166208,0.223083,5.880791,8.004208,3,0
input,922,20,2.161292,0.226583,5.989709,8.132125,2,0
input,923,20,0.172916,0.177333,3.43925,5.743583,1,0
input,924,20,0.195792,0.199708,3.507458,4.9865,1,0
input,925,20,0.168458,0.129167,2.695917,4.022417,1,0
input,926,20,0.186208,0.133416,3.263625,4.599667,1,0
input,927,20,0.130416,0.031458,3.624916,5.4215,0,
input,928,20,0.979916,0.034709,2.710458,3.534125,0,
input,929,20,0.225292,0.032291,2.150125,2.772833,0,
input,930,20,0.411833,0.34025,4.855458,7.665666,100,0
input,931,20,0.14475,0.357333,6.9895,9.150542,100,0
input,932,20,0.142833,0.331167,3.881541,5.888708,100,0
input,933,20,0.186792,0.330542,5.205625,7.257959,100,0
input,934,20,0.107917,0.035666,2.276417,4.563834,0,
input,935,20,0.177292,0.035208,2.939334,3.589709,0,
input,936,20,0.486041,0.040167,2.128916,2.883083,0,
input,937,20,0.139875,52.547459,54.608084,55.443792,0,
input,938,20,0.140167,50.741125,52.377042,53.084417,0,
input,939,20,0.153417,51.714375,53.111125,53.782167,0,
input,940,20,0.099583,51.24175,54.523,55.102666,0,
input,941,20,0.13925,51.752667,53.109292,53.629417,0,
input,942,20,0.095458,54.781667,57.449375,58.012208,0,
input,943,20,0.106875,54.010666,55.386667,55.965334,0,
input,944,20,0.098208,56.7845,58.889291,59.583416,0,
selection,945,20,0.16075,0.036625,2.550375,4.077334,100,1
selection,946,20,0.095167,0.023625,1.727542,3.108917,100,2
selection,947,20,0.120791,0.026375,1.797583,3.36775,100,3
selection,948,20,0.131875,0.027208,2.16175,3.817708,100,4
selection,949,20,0.181167,0.039292,2.384625,4.149417,100,5
selection,950,20,0.541125,0.044958,3.016916,7.065083,100,6
selection,951,20,0.174708,0.038208,2.526583,6.641958,100,7
selection,952,20,0.139208,0.030584,2.371625,6.496042,100,8
selection,953,20,0.150625,0.034333,2.745291,6.979,100,9
selection,954,20,0.17275,0.0455,3.132292,7.9405,100,10
selection,955,20,0.250791,0.061833,3.439416,7.92525,100,11
selection,956,20,0.176208,0.041084,3.040708,7.418125,100,12
selection,957,20,0.219292,0.06025,3.46375,8.083959,100,13
selection,958,20,0.747125,0.052167,3.892542,8.391125,100,14
selection,959,20,0.192833,0.047208,3.83875,8.268125,100,15
selection,960,20,0.216958,0.051583,3.856,8.249083,100,16
selection,961,20,0.178541,0.036041,3.445791,7.594958,100,17
selection,962,20,1.872708,0.047791,5.875666,10.371416,100,18
selection,963,20,0.189417,0.044958,3.904417,8.548875,100,19
selection,964,20,0.191208,0.04025,3.706666,7.961375,100,20
empty,965,20,1.741458,0.043125,3.567333,5.7355,0,
invoke,966,21,,,6.149042,7.785375,0,
input,967,21,4.430333,0.141792,9.26125,11.410583,3,0
input,968,21,0.202083,0.232042,5.510958,7.3995,2,0
input,969,21,0.16375,0.149416,5.561709,7.908542,1,0
input,970,21,0.176166,0.123959,5.457625,6.722791,1,0
input,971,21,0.523917,0.198875,3.565917,5.074333,1,0
input,972,21,0.139833,0.165541,2.681875,3.87675,1,0
input,973,21,0.148458,0.033125,1.959333,3.640125,0,
input,974,21,0.168417,0.042292,1.976417,2.822042,0,
input,975,21,0.150625,0.035458,1.68975,2.367625,0,
input,976,21,0.195667,0.318917,5.607,8.406042,100,0
input,977,21,0.138583,0.386958,3.817542,5.873833,100,0
input,978,21,0.156417,0.361459,3.796959,5.347875,100,0
input,979,21,0.123041,0.338625,4.997416,6.771541,100,0
input,980,21,0.103333,0.037958,4.867041,6.624875,0,
input,981,21,0.119583,0.034958,4.031708,4.645041,0,
input,982,21,0.932958,0.028667,2.115792,2.723875,0,
input,983,21,0.117666,51.888583,53.374458,53.956958,0,
input,984,21,0.109167,51.675125,54.3205,54.882458,0,
input,985,21,0.239292,51.339958,52.751334,53.325292,0,
input,986,21,0.094125,52.260042,53.528458,54.065375,0,
input,987,21,0.107833,50.964959,52.229875,52.78125,0,
input,988,21,1.033041,53.029083,55.329625,55.99425,0,
input,989,21,1.403375,52.007,54.732666,55.360541,0,
input,990,21,0.113083,53.917542,55.322666,55.868083,0,
selection,991,21,0.155041,0.03775,2.464791,3.955375,100,1
selection,992,21,0.138834,0.031875,1.982167,3.431125,100,2
selection,993,21,0.228334,0.024625,1.809625,3.127209,100,3
selection,994,21,0.112291,0.028666,1.776,3.096916,100,4
selection,995,21,0.114875,0.027708,1.807708,3.470333,100,5
selection,996,21,1.563792,0.034042,3.746292,7.568334,100,6
selection,997,21,0.244375,0.04025,2.664459,6.882667,100,7
selection,998,21,0.156667,0.037875,2.571208,6.888667,100,8
selection,999,21,0.151708,0.033917,2.658,6.909083,100,9
selection,1000,21,0.124792,0.028125,2.547542,6.80975,100,10
selection,1001,21,0.212,0.048917,3.441917,8.102292,100,11
selection,1002,21,0.183541,0.038792,3.239791,7.704833,100,12
selection,1003,21,0.1455,0.033166,3.077625,7.190708,100,13
selection,1004,21,0.145375,0.03375,3.205542,7.47275,100,14
selection,1005,21,0.225958,0.054042,3.718666,8.19975,100,15
selection,1006,21,0.896959,0.04925,4.799125,9.639917,100,16
selection,1007,21,0.1885,0.044584,3.99025,8.349833,100,17
selection,1008,21,0.274417,0.074666,3.540709,8.055292,100,18
selection,1009,21,1.989041,0.04,5.601958,9.871375,100,19
selection,1010,21,0.179125,0.034792,3.885083,8.084583,100,20
empty,1011,21,0.105292,0.029125,1.474375,3.355417,0,
invoke,1012,22,,,4.051959,4.87475,0,
input,1013,22,0.145542,0.198667,6.191167,8.62,3,0
input,1014,22,7.862625,0.151666,11.047167,13.126583,2,0
input,1015,22,1.231958,0.195,4.800458,7.176375,1,0
input,1016,22,0.985084,0.138208,3.5795,4.992,1,0
input,1017,22,0.148375,0.139458,2.455833,3.926042,1,0
input,1018,22,0.158208,0.15825,4.741,5.841167,1,0
input,1019,22,0.155833,0.033917,2.021875,3.857291,0,
input,1020,22,0.173583,0.045416,2.220291,3.059083,0,
input,1021,22,0.113959,0.03775,1.673709,2.372375,0,
input,1022,22,0.220917,0.355583,6.747792,9.850917,100,0
input,1023,22,0.151042,0.353917,4.305375,6.859875,100,0
input,1024,22,0.143041,0.331208,3.862833,5.957541,100,0
input,1025,22,0.135792,0.353875,4.155667,6.53175,100,0
input,1026,22,0.102625,0.036666,2.323333,4.614708,0,
input,1027,22,0.143334,0.042208,1.847042,2.577,0,
input,1028,22,0.12825,0.059833,3.168708,3.813,0,
input,1029,22,0.989167,52.266917,54.898667,55.562,0,
input,1030,22,0.152167,50.556917,52.238333,52.829167,0,
input,1031,22,0.102167,51.535042,55.150583,55.7375,0,
input,1032,22,0.099459,52.6475,56.913834,57.477,0,
input,1033,22,0.107416,51.905417,53.10125,53.607625,0,
input,1034,22,0.23475,53.9325,55.337209,55.9055,0,
input,1035,22,0.788208,51.832083,53.844958,54.406083,0,
input,1036,22,0.109542,53.185,54.449834,55.027459,0,
selection,1037,22,0.130542,0.033667,2.557084,4.177125,100,1
selection,1038,22,0.831625,0.0275,2.564459,4.022625,100,2
selection,1039,22,0.156375,0.039375,2.228292,3.830125,100,3
selection,1040,22,0.170167,0.036083,2.414,4.186,100,4
selection,1041,22,0.135458,0.029292,2.028958,3.844416,100,5
selection,1042,22,0.143333,0.030708,2.388583,6.23525,100,6
selection,1043,22,0.151792,0.03275,2.37775,6.249375,100,7
selection,1044,22,0.205834,0.049833,2.849,7.05575,100,8
selection,1045,22,0.183584,0.0425,2.852625,7.232209,100,9
selection,1046,22,0.157583,0.034834,2.696375,6.833041,100,10
selection,1047,22,1.861292,0.045708,5.181875,10.1085,100,11
selection,1048,22,0.230125,0.05,3.507333,7.98075,100,12
selection,1049,22,0.232209,0.056208,3.588167,7.803792,100,13
selection,1050,22,0.182292,0.031458,3.201417,7.42925,100,14
selection,1051,22,1.901292,0.054667,5.575417,9.643917,100,15
selection,1052,22,0.192125,0.040416,3.571958,7.894333,100,16
selection,1053,22,0.167042,0.039125,3.785542,8.349125,100,17
selection,1054,22,0.208541,0.076667,3.695625,8.026083,100,18
selection,1055,22,1.591209,0.0455,5.520209,10.510084,100,19
selection,1056,22,0.217833,0.056458,4.446792,9.19175,100,20
empty,1057,22,0.131833,0.038,1.7975,4.012375,0,
invoke,1058,23,,,3.836333,4.479958,0,
input,1059,23,0.20075,0.209417,6.071,8.52825,3,0
input,1060,23,8.1435,0.1825,11.634792,13.949042,2,0
input,1061,23,2.134041,0.196417,5.512416,7.672,1,0
input,1062,23,2.546167,0.178708,5.594292,7.147792,1,0
input,1063,23,1.742292,0.171125,4.471,6.006,1,0
input,1064,23,2.052167,0.199875,5.269375,6.791042,1,0
input,1065,23,1.027291,0.043917,3.418541,5.43,0,
input,1066,23,3.41875,0.036333,5.166833,6.024625,0,
input,1067,23,0.151833,0.030417,1.445833,2.141708,0,
input,1068,23,1.367208,0.363375,6.011167,8.928708,100,0
input,1069,23,0.157584,0.370459,7.045459,9.411584,100,0
input,1070,23,0.140875,0.315667,3.702,5.627625,100,0
input,1071,23,0.170625,0.33725,3.575834,5.422875,100,0
input,1072,23,0.133083,0.030083,2.248958,4.367916,0,
input,1073,23,3.284292,0.033708,4.811542,5.523084,0,
input,1074,23,0.178708,0.04825,1.967333,2.754125,0,
input,1075,23,0.230958,51.8565,54.2175,54.925792,0,
input,1076,23,0.141542,51.28675,52.752459,53.31925,0,
input,1077,23,0.116,51.915334,53.233459,53.862209,0,
input,1078,23,2.0365,51.678458,54.836292,55.362875,0,
input,1079,23,0.102708,52.943,54.175292,54.771042,0,
input,1080,23,0.111834,52.216666,53.980709,54.495875,0,
input,1081,23,0.108292,52.5545,53.775542,54.296458,0,
input,1082,23,0.248875,54.584166,55.827209,56.30225,0,
selection,1083,23,1.766084,0.033541,4.045209,5.596709,100,1
selection,1084,23,0.130042,0.028625,2.423542,3.848125,100,2
selection,1085,23,0.118833,0.027875,1.765125,3.240625,100,3
selection,1086,23,1.791083,0.038917,3.705667,5.422417,100,4
selection,1087,23,0.164042,0.041541,2.385875,4.140458,100,5
selection,1088,23,0.1405,0.036875,2.462083,6.76925,100,6
selection,1089,23,0.149917,0.035667,2.295458,6.298708,100,7
selection,1090,23,0.141,0.031292,2.29125,6.318375,100,8
selection,1091,23,0.166459,0.050083,2.670042,6.998667,100,9
selection,1092,23,0.14925,0.036375,3.198708,7.384625,100,10
selection,1093,23,0.210375,0.045667,3.293834,7.663625,100,11
selection,1094,23,0.237833,0.053834,3.204708,7.729,100,12
selection,1095,23,0.162416,0.031958,3.160375,7.665875,100,13
selection,1096,23,1.789917,0.037708,4.85275,9.58475,100,14
selection,1097,23,0.210042,0.046417,3.856917,8.228708,100,15
selection,1098,23,0.167791,0.035291,3.506625,7.927875,100,16
selection,1099,23,0.153542,0.037208,3.647042,7.96025,100,17
selection,1100,23,1.688583,0.054542,5.301041,9.42,100,18
selection,1101,23,0.157792,0.036917,3.7855,8.083667,100,19
selection,1102,23,0.224625,0.044208,4.160416,8.723958,100,20
empty,1103,23,0.1545,0.041958,2.03175,4.204,0,
invoke,1104,24,,,3.709416,5.805791,0,
input,1105,24,0.171625,0.187292,6.373083,8.537333,3,0
input,1106,24,1.919667,0.164666,5.743875,7.865125,2,0
input,1107,24,0.894041,0.148625,3.490666,5.834125,1,0
input,1108,24,2.362208,0.186916,5.539875,6.893667,1,0
input,1109,24,0.14475,0.13075,2.825583,4.130208,1,0
input,1110,24,0.200375,0.176166,3.552917,4.951625,1,0
input,1111,24,0.139833,0.036167,3.482667,5.434167,0,
input,1112,24,0.176334,0.0535,2.176709,2.995,0,
input,1113,24,0.130708,0.03,1.522625,2.220708,0,
input,1114,24,0.173458,0.35225,4.743708,7.54225,100,0
input,1115,24,0.161458,0.357542,5.575125,8.073041,100,0
input,1116,24,0.138084,0.326458,3.697042,5.639667,100,0
input,1117,24,0.162583,0.359292,4.005208,6.226125,100,0
input,1118,24,0.151416,0.033791,3.036666,5.258375,0,
input,1119,24,0.236875,0.03525,5.056542,5.967542,0,
input,1120,24,0.217625,0.0385,4.6245,5.395084,0,
input,1121,24,0.236333,52.356542,54.531167,55.22625,0,
input,1122,24,1.351,51.062708,53.93825,54.565584,0,
input,1123,24,0.116833,51.215834,52.631042,53.169458,0,
input,1124,24,0.089459,51.3445,57.856625,58.39675,0,
input,1125,24,0.086792,53.262042,54.796167,55.370542,0,
input,1126,24,0.090459,52.562,53.805667,54.346209,0,
input,1127,24,0.298625,54.369625,55.956625,56.552334,0,
input,1128,24,0.169792,54.940625,56.315625,56.871292,0,
selection,1129,24,0.126,0.037792,2.563917,4.004667,100,1
selection,1130,24,1.354208,0.025834,3.517875,5.1335,100,2
selection,1131,24,0.114042,0.025125,1.836083,3.139125,100,3
selection,1132,24,0.126834,0.031583,2.004292,3.640209,100,4
selection,1133,24,0.4355,0.031084,2.338208,4.056541,100,5
selection,1134,24,0.12925,0.029459,2.160333,5.890875,100,6
selection,1135,24,0.165833,0.038625,2.420583,6.376708,100,7
selection,1136,24,0.1655,0.034709,2.489667,6.465458,100,8
selection,1137,24,0.154958,0.036459,2.707541,7.078708,100,9
selection,1138,24,0.186417,0.044542,2.938459,6.916375,100,10
selection,1139,24,2.098917,0.034625,4.64825,9.064083,100,11
selection,1140,24,0.16375,0.032875,2.934625,7.179333,100,12
selection,1141,24,0.154833,0.034875,3.241125,7.894125,100,13
selection,1142,24,0.25225,0.047417,3.57725,7.94225,100,14
selection,1143,24,0.276542,0.045083,3.575875,8.043375,100,15
selection,1144,24,0.212,0.05425,3.488709,8.011292,100,16
selection,1145,24,1.83025,0.047792,5.601458,10.049708,100,17
selection,1146,24,0.217,0.045583,3.684375,7.903708,100,18
selection,1147,24,0.16175,0.0355,3.546041,7.912,100,19
selection,1148,24,0.141291,0.031667,3.907,8.40525,100,20
empty,1149,24,0.7805,0.043166,2.463875,4.484667,0,
invoke,1150,25,,,3.705792,4.388375,0,
input,1151,25,2.121166,0.202417,7.255291,9.191291,3,0
input,1152,25,1.031542,0.165625,3.670834,5.518792,2,0
input,1153,25,3.609417,0.175375,6.728333,9.036583,1,0
input,1154,25,1.976417,0.171459,4.698209,5.966584,1,0
input,1155,25,1.676292,0.188333,4.770917,6.406417,1,0
input,1156,25,0.149917,0.18625,2.981667,4.449542,1,0
input,1157,25,0.126833,0.032583,2.025791,3.837,0,
input,1158,25,0.165791,0.041083,3.506458,4.261291,0,
input,1159,25,1.063084,0.042167,2.740417,3.556042,0,
input,1160,25,0.185042,0.351667,5.800417,9.142333,100,0
input,1161,25,0.8435,0.34175,4.802791,7.180666,100,0
input,1162,25,0.179958,0.369834,4.591875,6.840917,100,0
input,1163,25,0.116542,0.371208,4.315417,6.611375,100,0
input,1164,25,0.148375,0.036917,4.456375,6.786167,0,
input,1165,25,0.221042,0.047042,2.191958,2.950833,0,
input,1166,25,0.14,0.028166,1.446166,2.107416,0,
input,1167,25,1.373375,51.943,55.300417,56.122333,0,
input,1168,25,0.120917,51.122,52.690792,53.312542,0,
input,1169,25,0.123375,50.871459,52.257958,52.801,0,
input,1170,25,0.104666,50.614292,52.260625,52.829166,0,
input,1171,25,0.107167,53.569292,57.831375,58.384917,0,
input,1172,25,0.1045,52.669125,54.012917,54.582834,0,
input,1173,25,0.105,52.709959,56.487625,56.9885,0,
input,1174,25,0.097375,53.730917,57.494417,58.044125,0,
selection,1175,25,0.141916,0.035667,2.60025,4.1285,100,1
selection,1176,25,0.131542,0.032291,1.961417,3.500709,100,2
selection,1177,25,0.148542,0.031792,1.938667,3.448584,100,3
selection,1178,25,0.13,0.031667,1.975542,3.349042,100,4
selection,1179,25,0.148042,0.032125,2.039084,3.789,100,5
selection,1180,25,0.109291,0.024,1.938583,5.681541,100,6
selection,1181,25,0.812375,0.035542,2.988125,6.965958,100,7
selection,1182,25,0.246166,0.041042,2.674166,6.728666,100,8
selection,1183,25,0.174792,0.0435,3.0435,7.393792,100,9
selection,1184,25,0.129708,0.029916,2.577625,6.421333,100,10
selection,1185,25,0.179417,0.03825,2.871292,7.437334,100,11
selection,1186,25,0.1525,0.033458,2.723167,6.654542,100,12
selection,1187,25,0.226292,0.065291,3.303208,7.912583,100,13
selection,1188,25,0.173708,0.034542,3.2565,7.54075,100,14
selection,1189,25,0.206791,0.067625,3.540458,7.833166,100,15
selection,1190,25,2.025542,0.038,5.332834,9.96625,100,16
selection,1191,25,0.207625,0.043542,4.219083,8.626541,100,17
selection,1192,25,0.209792,0.042375,3.6205,7.46025,100,18
selection,1193,25,0.179459,0.025375,3.197084,6.972959,100,19
selection,1194,25,0.189292,0.040334,3.665084,8.191917,100,20
empty,1195,25,0.339541,0.043708,2.424333,4.5735,0,
invoke,1196,26,,,4.202375,6.616166,0,
input,1197,26,4.366625,0.157291,9.6575,12.013333,3,0
input,1198,26,6.584791,0.142583,9.510083,11.4875,2,0
input,1199,26,3.377792,0.181666,6.259708,8.318542,1,0
input,1200,26,2.484792,0.185542,5.045875,6.534292,1,0
input,1201,26,0.139375,0.184416,2.890916,4.231125,1,0
input,1202,26,0.209125,0.133708,5.181,6.380292,1,0
input,1203,26,0.157667,0.03225,2.452583,4.225667,0,
input,1204,26,0.131417,0.045584,1.910542,2.702792,0,
input,1205,26,0.177167,0.044542,4.552084,5.364167,0,
input,1206,26,0.208084,0.349875,5.379084,8.482917,100,0
input,1207,26,0.167334,0.345792,6.834959,9.416375,100,0
input,1208,26,0.141959,0.363708,3.970375,6.338959,100,0
input,1209,26,0.129125,0.355875,3.894958,6.01325,100,0
input,1210,26,0.113417,0.034625,2.126875,4.374792,0,
input,1211,26,0.205084,0.039458,3.984625,4.697,0,
input,1212,26,0.571125,0.039583,2.292459,3.063875,0,
input,1213,26,0.138917,52.608625,54.672875,55.49375,0,
input,1214,26,0.125209,50.852666,54.184625,54.857584,0,
input,1215,26,0.095292,51.262,54.649375,55.300584,0,
input,1216,26,0.083583,51.209917,55.650833,56.233125,0,
input,1217,26,0.093792,52.740208,54.118959,54.7575,0,
input,1218,26,0.65725,51.842209,53.756083,54.377667,0,
input,1219,26,0.147042,53.374125,54.748625,55.267834,0,
input,1220,26,0.101042,54.660417,55.908,56.453042,0,
selection,1221,26,0.168875,0.045167,2.698542,4.299792,100,1
selection,1222,26,0.221917,0.049167,2.291584,3.815542,100,2
selection,1223,26,0.146083,0.033125,2.450125,4.134917,100,3
selection,1224,26,0.189,0.042667,2.291542,3.780458,100,4
selection,1225,26,0.163625,0.039417,2.231375,3.948667,100,5
selection,1226,26,0.14575,0.034875,2.568,6.526958,100,6
selection,1227,26,0.159458,0.055042,2.689875,6.654417,100,7
selection,1228,26,0.187625,0.050583,2.900209,7.393792,100,8
selection,1229,26,0.155042,0.039084,2.718084,7.042542,100,9
selection,1230,26,0.152541,0.038084,2.822625,7.198916,100,10
selection,1231,26,0.187834,0.04975,3.194292,7.790625,100,11
selection,1232,26,0.168792,0.032708,2.868667,6.410875,100,12
selection,1233,26,0.202917,0.043625,3.425375,7.723917,100,13
selection,1234,26,0.1525,0.039458,3.247833,7.509792,100,14
selection,1235,26,0.190875,0.04225,3.478542,7.761209,100,15
selection,1236,26,0.941334,0.03475,4.315334,8.806042,100,16
selection,1237,26,0.201792,0.050417,4.132375,8.5745,100,17
selection,1238,26,0.1925,0.048334,3.601375,8.106458,100,18
selection,1239,26,0.160292,0.030667,3.392625,7.357625,100,19
selection,1240,26,1.633167,0.032959,4.98425,8.720292,100,20
empty,1241,26,0.118875,0.034167,5.861417,7.831459,0,
invoke,1242,27,,,3.767334,5.870125,0,
input,1243,27,0.162541,0.21425,5.326583,7.816583,3,0
input,1244,27,2.589125,0.177458,5.910625,8.158875,2,0
input,1245,27,1.451125,0.192875,4.714833,6.830958,1,0
input,1246,27,2.822583,0.198916,6.186333,7.725125,1,0
input,1247,27,1.467,0.131333,4.182459,5.500042,1,0
input,1248,27,0.197833,0.1895,3.199916,4.844666,1,0
input,1249,27,0.130916,0.03575,2.035208,3.718125,0,
input,1250,27,0.174209,0.040834,4.174834,4.93725,0,
input,1251,27,0.606292,0.034125,2.1065,2.872917,0,
input,1252,27,0.211875,0.346,5.068209,8.4195,100,0
input,1253,27,0.13425,0.348584,3.879041,6.107333,100,0
input,1254,27,0.124875,0.363291,3.940916,6.099,100,0
input,1255,27,0.168666,0.3555,3.982291,5.890833,100,0
input,1256,27,0.139375,0.03325,2.033584,4.175042,0,
input,1257,27,0.199542,0.045292,2.20025,3.203292,0,
input,1258,27,0.123333,0.043875,1.663917,2.366083,0,
input,1259,27,0.146792,53.042833,54.884417,55.681083,0,
input,1260,27,0.153583,51.434834,53.072292,53.789958,0,
input,1261,27,0.096167,50.863834,52.322125,52.934167,0,
input,1262,27,0.122375,52.025416,54.247375,54.765,0,
input,1263,27,0.119708,52.56825,58.504667,59.083,0,
input,1264,27,0.111083,52.30375,53.62175,54.178583,0,
input,1265,27,0.101292,53.007958,55.427709,55.9805,0,
input,1266,27,0.097417,53.266666,55.888083,56.402333,0,
selection,1267,27,0.11125,0.029834,2.4745,4.09225,100,1
selection,1268,27,0.070917,0.018833,1.445708,2.712958,100,2
selection,1269,27,0.801334,0.02125,2.230167,3.497334,100,3
selection,1270,27,0.098375,0.022125,1.690625,3.024459,100,4
selection,1271,27,0.124375,0.035375,2.01275,3.751041,100,5
selection,1272,27,1.605458,0.040709,3.726792,7.562833,100,6
selection,1273,27,0.350833,0.042,2.792083,7.117917,100,7
selection,1274,27,0.147916,0.032875,2.461916,6.513541,100,8
selection,1275,27,0.209875,0.0515,3.443,8.775125,100,9
selection,1276,27,0.18675,0.0445,3.141333,7.814333,100,10
selection,1277,27,0.200042,0.046625,3.061292,7.591292,100,11
selection,1278,27,0.173417,0.028583,2.8345,7.037625,100,12
selection,1279,27,1.563708,0.037625,4.573,8.775875,100,13
selection,1280,27,0.209791,0.054666,4.289666,8.966125,100,14
selection,1281,27,0.17,0.040208,3.41725,7.655625,100,15
selection,1282,27,0.205833,0.063458,3.192541,7.791958,100,16
selection,1283,27,1.953292,0.044083,5.754958,10.110917,100,17
selection,1284,27,0.231584,0.05125,3.81825,7.939417,100,18
selection,1285,27,0.179166,0.052459,3.562958,7.707583,100,19
selection,1286,27,0.159084,0.028,3.407709,7.677667,100,20
empty,1287,27,0.114583,0.031625,1.714167,3.813417,0,
invoke,1288,28,,,4.3565,5.283833,0,
input,1289,28,0.172791,0.238916,6.126625,8.202125,3,0
input,1290,28,1.594166,0.204458,5.281166,7.384666,2,0
input,1291,28,0.131708,0.154458,2.67425,4.7735,1,0
input,1292,28,1.77425,0.183416,4.770625,6.280167,1,0
input,1293,28,1.826375,0.149542,4.572125,6.072625,1,0
input,1294,28,2.043625,0.196042,5.324375,6.633667,1,0
input,1295,28,1.359,0.043166,3.630833,5.65375,0,
input,1296,28,10.061833,0.039167,11.60175,12.276083,0,
input,1297,28,0.196666,0.044791,2.804791,3.488583,0,
input,1298,28,0.451208,0.367917,5.384291,8.646833,100,0
input,1299,28,0.161875,0.343083,4.784792,7.161917,100,0
input,1300,28,0.158916,0.325625,3.692208,5.605,100,0
input,1301,28,0.176459,0.356125,4.835417,6.97475,100,0
input,1302,28,0.115042,0.044667,2.006667,4.155042,0,
input,1303,28,0.180542,0.049917,2.143584,2.929125,0,
input,1304,28,0.191916,0.042958,1.859583,2.565291,0,
input,1305,28,0.171833,52.064166,55.238083,55.89575,0,
input,1306,28,0.136208,51.513166,54.359,54.9595,0,
input,1307,28,0.12125,51.147917,52.726042,53.3805,0,
input,1308,28,0.102375,52.258625,56.723875,57.327667,0,
input,1309,28,0.098208,52.996583,54.209125,54.740667,0,
input,1310,28,0.117125,52.634333,53.984583,54.536375,0,
input,1311,28,0.11325,54.71375,57.566958,58.125708,0,
input,1312,28,0.08875,53.255959,57.025458,57.582875,0,
selection,1313,28,0.129834,0.030042,2.461625,3.899584,100,1
selection,1314,28,0.092792,0.021583,1.584959,2.996709,100,2
selection,1315,28,2.177084,0.033167,3.943709,5.35025,100,3
selection,1316,28,0.130708,0.026292,1.949583,3.311917,100,4
selection,1317,28,0.152917,0.038209,2.156167,3.891208,100,5
selection,1318,28,1.357458,0.033791,3.5535,7.264208,100,6
selection,1319,28,0.395709,0.032584,2.516,6.50075,100,7
selection,1320,28,0.259583,0.031084,2.464125,6.750542,100,8
selection,1321,28,0.130417,0.02825,2.2225,6.34625,100,9
selection,1322,28,0.273667,0.090125,3.431167,8.258875,100,10
selection,1323,28,0.162834,0.042958,3.202042,7.528625,100,11
selection,1324,28,0.221292,0.053167,3.510167,8.171042,100,12
selection,1325,28,0.166542,0.034209,3.066292,7.123708,100,13
selection,1326,28,0.17,0.041,3.251125,7.870875,100,14
selection,1327,28,0.191167,0.04275,3.442625,7.667959,100,15
selection,1328,28,0.220875,0.052166,3.904792,8.486584,100,16
selection,1329,28,0.15475,0.032416,3.470333,7.525042,100,17
selection,1330,28,0.198167,0.041,3.875042,8.150917,100,18
selection,1331,28,0.372791,0.046,3.876166,8.246208,100,19
selection,1332,28,0.203583,0.053667,3.768167,8.280625,100,20
empty,1333,28,1.292833,0.043458,3.110625,5.138833,0,
invoke,1334,29,,,3.977834,4.716584,0,
input,1335,29,0.159334,0.178625,5.730334,8.000084,3,0
input,1336,29,2.105792,0.207833,6.133,8.354708,2,0
input,1337,29,0.647708,0.164375,3.6265,5.524625,1,0
input,1338,29,1.542167,0.216833,4.757167,6.312542,1,0
input,1339,29,0.216958,0.134541,2.907416,4.263291,1,0
input,1340,29,0.212417,0.192375,2.907875,4.24275,1,0
input,1341,29,0.132,0.031083,3.439375,5.345709,0,
input,1342,29,1.606208,0.042916,3.450041,4.206666,0,
input,1343,29,0.139625,0.037834,1.652,2.33225,0,
input,1344,29,0.75125,0.351583,5.698542,8.780542,100,0
input,1345,29,0.155209,0.352833,6.722459,9.112084,100,0
input,1346,29,0.137042,0.327583,3.739958,5.733667,100,0
input,1347,29,0.204375,0.348458,4.032416,6.059291,100,0
input,1348,29,0.129541,0.035,2.174583,4.331,0,
input,1349,29,0.147458,0.036166,1.675167,2.466875,0,
input,1350,29,0.113667,0.029875,1.512042,2.146917,0,
input,1351,29,0.153375,52.391708,54.65425,55.400875,0,
input,1352,29,0.125,51.096125,52.608542,53.215083,0,
input,1353,29,0.13375,50.862792,54.092416,54.697416,0,
input,1354,29,0.086875,51.354667,56.203417,56.708209,0,
input,1355,29,0.108458,53.0475,56.828416,57.383875,0,
input,1356,29,0.086542,53.32575,55.251792,55.743917,0,
input,1357,29,0.102209,53.176292,55.498709,55.992417,0,
input,1358,29,0.100334,54.411042,59.232209,59.842792,0,
selection,1359,29,0.139583,0.037333,2.73275,4.46575,100,1
selection,1360,29,0.17775,0.049083,2.331625,3.9105,100,2
selection,1361,29,0.128458,0.025458,1.967208,3.685333,100,3
selection,1362,29,1.73375,0.035625,3.804084,5.507375,100,4
selection,1363,29,0.13425,0.035417,2.185125,3.84525,100,5
selection,1364,29,0.12475,0.029,2.0075,6.150375,100,6
selection,1365,29,0.142041,0.032667,2.197,6.750083,100,7
selection,1366,29,0.18625,0.043667,2.866167,7.186167,100,8
selection,1367,29,0.212375,0.049209,3.099584,7.609417,100,9
selection,1368,29,0.214125,0.051208,3.38475,8.20825,100,10
selection,1369,29,0.224084,0.0595,3.41975,8.276792,100,11
selection,1370,29,1.056541,0.06375,4.771333,9.515541,100,12
selection,1371,29,0.258125,0.05525,3.963625,8.486167,100,13
selection,1372,29,0.176417,0.049709,3.464959,8.119792,100,14
selection,1373,29,2.094125,0.043959,5.915042,10.359708,100,15
selection,1374,29,0.249584,0.063625,4.136875,8.639125,100,16
selection,1375,29,0.150125,0.029541,3.189291,6.688041,100,17
selection,1376,29,0.167583,0.045125,3.671166,8.132791,100,18
selection,1377,29,0.163708,0.037125,3.726542,7.866125,100,19
selection,1378,29,0.9535,0.049791,5.097041,9.568666,100,20
empty,1379,29,0.147375,0.040292,2.089417,4.343208,0,
invoke,1380,30,,,5.921042,6.609584,0,
input,1381,30,0.271042,0.226875,6.167333,8.408583,3,0
input,1382,30,6.137958,0.207042,10.275125,12.651958,2,0
input,1383,30,0.267375,0.187208,3.499709,6.157209,1,0
input,1384,30,1.305125,0.170625,4.291916,5.90325,1,0
input,1385,30,0.150792,0.123708,2.575375,3.851208,1,0
input,1386,30,0.184875,0.170333,3.324125,4.620792,1,0
input,1387,30,0.130542,0.033083,4.291042,6.032292,0,
input,1388,30,0.163708,0.041875,1.912292,2.730958,0,
input,1389,30,0.130542,0.042541,1.722,2.436042,0,
input,1390,30,0.135916,0.366333,4.945583,7.824458,100,0
input,1391,30,0.156458,0.349792,6.561583,9.014875,100,0
input,1392,30,0.177334,0.327792,4.015042,6.3675,100,0
input,1393,30,0.125791,0.349958,3.780041,5.741916,100,0
input,1394,30,0.184708,0.035208,2.11875,4.22,0,
input,1395,30,0.21575,0.049459,2.1525,3.037541,0,
input,1396,30,0.168041,0.038875,1.796958,2.507125,0,
input,1397,30,0.216834,52.236167,55.331542,56.010959,0,
input,1398,30,0.123583,51.74575,57.533791,58.130125,0,
input,1399,30,0.098916,51.390917,54.767541,55.375458,0,
input,1400,30,0.104666,50.683833,54.295833,54.865291,0,
input,1401,30,0.091625,51.46425,52.695167,53.1945,0,
input,1402,30,0.086,53.422042,54.741459,55.375209,0,
input,1403,30,0.123125,52.976458,54.288167,54.842917,0,
input,1404,30,0.106459,55.629334,56.847084,57.364875,0,
selection,1405,30,0.125542,0.028583,2.244875,3.707458,100,1
selection,1406,30,0.102917,0.026584,1.807,3.215042,100,2
selection,1407,30,0.357584,0.020708,1.863709,3.222459,100,3
selection,1408,30,0.176083,0.043541,2.408041,3.958666,100,4
selection,1409,30,0.14125,0.037458,2.236541,4.247875,100,5
selection,1410,30,0.141459,0.029458,2.154834,6.185459,100,6
selection,1411,30,0.157167,0.034458,2.441292,7.12925,100,7
selection,1412,30,0.204916,0.047834,2.683041,7.26525,100,8
selection,1413,30,0.157917,0.033125,2.517084,6.548542,100,9
selection,1414,30,0.146041,0.031167,2.640083,6.513041,100,10
selection,1415,30,0.202375,0.04075,3.148791,7.391916,100,11
selection,1416,30,0.181542,0.040083,3.200625,7.64275,100,12
selection,1417,30,0.146167,0.032125,3.273875,8.093542,100,13
selection,1418,30,0.151084,0.033584,3.153584,7.689584,100,14
selection,1419,30,1.466291,0.052875,5.30225,9.698958,100,15
selection,1420,30,0.223375,0.05725,3.715333,8.061916,100,16
selection,1421,30,0.162834,0.036166,3.317334,7.129917,100,17
selection,1422,30,0.1615,0.0355,3.4185,7.487792,100,18
selection,1423,30,0.172791,0.039583,3.914166,8.482333,100,19
selection,1424,30,0.45,0.031041,4.009833,8.454333,100,20
empty,1425,30,0.129542,0.039166,1.893042,4.064292,0,
invoke,1426,31,,,5.928125,8.507292,0,
input,1427,31,0.18825,0.213917,9.002916,11.413625,3,0
input,1428,31,0.182583,0.144416,3.024292,4.872917,2,0
input,1429,31,4.854083,0.190458,8.196917,10.512708,1,0
input,1430,31,1.139792,0.173083,3.954292,5.470167,1,0
input,1431,31,0.218792,0.123,2.656542,3.968542,1,0
input,1432,31,0.161958,0.176,3.472,4.797833,1,0
input,1433,31,0.104292,0.034416,4.076125,5.999958,0,
input,1434,31,0.565666,0.04125,2.345916,3.151375,0,
input,1435,31,0.193958,0.041167,1.940042,2.845917,0,
input,1436,31,0.207209,0.35625,6.982084,10.148167,100,0
input,1437,31,0.163958,0.353666,4.184791,6.616333,100,0
input,1438,31,0.170875,0.363833,4.448167,6.553625,100,0
input,1439,31,0.147208,0.369583,4.053167,6.258167,100,0
input,1440,31,0.144541,0.037792,2.306125,4.606208,0,
input,1441,31,0.200333,0.045459,2.408291,3.278125,0,
input,1442,31,0.15775,0.041875,1.892666,2.633,0,
input,1443,31,0.202916,51.2555,55.824166,56.58025,0,
input,1444,31,0.169417,50.599458,54.260125,54.894958,0,
input,1445,31,0.359583,51.302666,52.982291,53.579708,0,
input,1446,31,0.115625,52.446125,54.234583,54.806541,0,
input,1447,31,0.123375,50.903292,52.170708,52.679416,0,
input,1448,31,0.113584,52.672917,54.015417,54.603625,0,
input,1449,31,0.118041,53.193209,54.486166,55.001708,0,
input,1450,31,0.100209,53.488542,55.566042,56.166709,0,
selection,1451,31,0.132458,0.039042,2.74925,4.371417,100,1
selection,1452,31,0.095333,0.022667,1.684708,3.162458,100,2
selection,1453,31,0.101334,0.023,1.653625,2.892417,100,3
selection,1454,31,0.108125,0.027292,1.904542,3.277709,100,4
selection,1455,31,0.13025,0.032333,2.320375,4.272916,100,5
selection,1456,31,0.147084,0.03025,2.047625,5.906417,100,6
selection,1457,31,1.92925,0.031542,4.086584,8.713375,100,7
selection,1458,31,0.141292,0.028834,2.405125,7.098959,100,8
selection,1459,31,0.160833,0.040459,3.067458,7.898208,100,9
selection,1460,31,0.359208,0.08975,3.271083,7.506166,100,10
selection,1461,31,0.198333,0.045458,2.85725,7.063041,100,11
selection,1462,31,0.194125,0.0655,3.249792,7.787292,100,12
selection,1463,31,2.064125,0.048333,5.1205,9.505042,100,13
selection,1464,31,0.226333,0.055542,3.793666,8.160208,100,14
selection,1465,31,0.193916,0.038958,3.606875,8.039791,100,15
selection,1466,31,0.146709,0.031792,3.166167,7.0545,100,16
selection,1467,31,0.154916,0.035042,3.437833,7.415458,100,17
selection,1468,31,0.220792,0.050709,3.858958,8.816583,100,18
selection,1469,31,2.057667,0.040208,5.608334,10.349792,100,19
selection,1470,31,0.192208,0.038959,3.986041,8.267791,100,20
empty,1471,31,0.116,0.034875,1.787792,3.914667,0,
invoke,1472,32,,,4.05975,4.701583,0,
input,1473,32,1.623,0.219125,7.059958,9.183708,3,0
input,1474,32,7.483,0.158916,10.513083,12.699333,2,0
input,1475,32,0.146708,0.194167,3.03075,5.025417,1,0
input,1476,32,0.218375,0.13375,3.883375,5.517875,1,0
input,1477,32,0.185708,0.122833,3.448833,4.728208,1,0
input,1478,32,0.168125,0.183458,3.037042,4.17,1,0
input,1479,32,1.314041,0.040708,3.478791,5.4865,0,
input,1480,32,3.531125,0.028708,5.1905,5.952167,0,
input,1481,32,0.160875,0.036625,2.7255,3.51025,0,
input,1482,32,0.126542,0.418958,6.155583,9.105792,100,0
input,1483,32,0.187084,0.363,4.412542,6.67725,100,0
input,1484,32,0.181875,0.354666,4.070417,6.0465,100,0
input,1485,32,0.158083,0.345084,3.891625,5.953833,100,0
input,1486,32,0.113834,0.032417,2.016,4.30775,0,
input,1487,32,0.199458,0.0435,3.7795,4.436208,0,
input,1488,32,0.579875,0.037959,2.163583,2.901875,0,
input,1489,32,0.141292,52.8005,54.827625,55.651125,0,
input,1490,32,0.221667,51.348583,53.404542,54.119333,0,
input,1491,32,0.1615,51.741792,55.09775,55.737875,0,
input,1492,32,0.1165,52.566375,53.938875,54.5255,0,
input,1493,32,1.014959,53.861542,56.120917,56.65025,0,
input,1494,32,0.772458,52.858875,54.901333,55.443417,0,
input,1495,32,1.630417,53.929167,56.84175,57.440417,0,
input,1496,32,0.53475,55.222,57.006208,57.572542,0,
selection,1497,32,0.14375,0.030584,2.455833,3.947375,100,1
selection,1498,32,0.065834,0.017667,1.351625,2.558375,100,2
selection,1499,32,0.971958,0.026417,2.586291,3.993875,100,3
selection,1500,32,0.088459,0.020542,1.485959,2.740084,100,4
selection,1501,32,0.153583,0.042166,2.448708,4.164958,100,5
selection,1502,32,1.73675,0.046416,4.113708,8.360916,100,6
selection,1503,32,0.14525,0.032375,2.162208,6.260375,100,7
selection,1504,32,0.135417,0.029417,2.264208,6.48275,100,8
selection,1505,32,0.14725,0.030625,2.48675,6.558375,100,9
selection,1506,32,0.166833,0.038542,2.845167,7.325542,100,10
selection,1507,32,0.266416,0.0615,3.400625,7.997208,100,11
selection,1508,32,0.177792,0.034708,3.243083,7.921875,100,12
selection,1509,32,0.180083,0.032666,3.003542,7.1065,100,13
selection,1510,32,0.158375,0.041375,3.498542,8.138542,100,14
selection,1511,32,1.19425,0.05125,4.382541,8.440541,100,15
selection,1512,32,0.197208,0.040542,3.76675,7.824041,100,16
selection,1513,32,0.160708,0.036083,3.775375,8.113041,100,17
selection,1514,32,0.206375,0.042208,3.732125,8.366875,100,18
selection,1515,32,1.93575,0.057209,5.978333,10.540333,100,19
selection,1516,32,0.167166,0.037209,3.712291,7.729583,100,20
empty,1517,32,0.137042,0.03775,4.31875,6.295542,0,
invoke,1518,33,,,4.386208,5.022083,0,
input,1519,33,0.145417,0.208709,5.871834,7.985292,3,0
input,1520,33,3.083458,0.175209,6.025083,7.803167,2,0
input,1521,33,1.637959,0.179209,4.964709,7.200417,1,0
input,1522,33,1.179375,0.181458,4.1195,5.612667,1,0
input,1523,33,0.145833,0.143625,2.659708,3.908792,1,0
input,1524,33,0.176,0.159459,3.673417,4.936833,1,0
input,1525,33,0.131958,0.037292,3.360333,5.054458,0,
input,1526,33,1.998167,0.042583,3.798167,4.584042,0,
input,1527,33,0.198375,0.030333,1.952667,2.594917,0,
input,1528,33,0.787334,0.352167,5.863584,8.591709,100,0
input,1529,33,0.160583,0.351291,5.66525,7.845333,100,0
input,1530,33,0.143209,0.324917,3.611167,5.464167,100,0
input,1531,33,0.186625,0.339792,4.223666,6.087041,100,0
input,1532,33,0.143166,0.037291,3.2895,5.424166,0,
input,1533,33,0.150792,0.047292,2.175084,2.902625,0,
input,1534,33,0.122959,0.029875,1.364625,1.957667,0,
input,1535,33,0.108959,51.804041,55.364084,55.9655,0,
input,1536,33,0.118083,51.222208,52.638208,53.303958,0,
input,1537,33,0.098667,51.302209,52.482875,52.989375,0,
input,1538,33,0.087042,51.224292,54.488958,55.046417,0,
input,1539,33,0.102375,52.732084,56.760791,57.3295,0,
input,1540,33,0.085541,52.540792,56.203041,56.751916,0,
input,1541,33,0.1095,52.928792,55.543375,56.072042,0,
input,1542,33,0.112042,55.962292,57.262167,57.747084,0,
selection,1543,33,0.146375,0.04,2.493833,3.944667,100,1
selection,1544,33,0.094833,0.021625,1.71425,3.223791,100,2
selection,1545,33,0.268334,0.031167,2.311167,4.01825,100,3
selection,1546,33,0.143083,0.039333,2.336208,3.941833,100,4
selection,1547,33,0.196958,0.052375,2.538458,4.375208,100,5
selection,1548,33,0.137166,0.039125,2.221708,6.445916,100,6
selection,1549,33,0.150042,0.034458,2.393,6.72225,100,7
selection,1550,33,0.153584,0.037583,2.630834,6.708792,100,8
selection,1551,33,0.143625,0.03575,2.452208,6.867791,100,9
selection,1552,33,0.140333,0.029666,2.504916,6.550958,100,10
selection,1553,33,0.192208,0.041458,3.222291,7.562291,100,11
selection,1554,33,0.184791,0.043833,3.251041,7.204,100,12
selection,1555,33,0.193333,0.04175,3.821041,8.577666,100,13
selection,1556,33,0.203,0.053958,3.823084,8.5515,100,14
selection,1557,33,0.350708,0.032875,3.568375,7.891042,100,15
selection,1558,33,0.17675,0.040291,3.519875,7.908583,100,16
selection,1559,33,5.573333,0.067125,9.800708,14.248541,100,17
selection,1560,33,0.198083,0.038167,3.818375,8.389166,100,18
selection,1561,33,0.157292,0.032917,3.611083,7.829,100,19
selection,1562,33,0.164542,0.038125,4.155125,8.788667,100,20
empty,1563,33,0.11675,0.036083,1.592,3.509625,0,
invoke,1564,34,,,5.777541,7.722666,0,
input,1565,34,0.18425,0.222166,6.179083,8.173375,3,0
input,1566,34,1.811834,0.219417,5.871542,8.033459,2,0
input,1567,34,7.569375,0.185041,10.994625,12.907583,1,0
input,1568,34,2.317,0.189417,5.584917,7.266917,1,0
input,1569,34,1.392459,0.180583,4.302,5.801125,1,0
input,1570,34,1.937416,0.188916,5.217041,6.591791,1,0
input,1571,34,1.302958,0.042458,3.662667,5.786458,0,
input,1572,34,8.185,0.04325,9.865541,10.664125,0,
input,1573,34,0.307625,0.042542,2.136875,2.8575,0,
input,1574,34,0.229333,0.351208,5.1385,8.402625,100,0
input,1575,34,1.003292,0.339583,5.233875,7.598084,100,0
input,1576,34,0.172417,0.363417,4.4455,6.610542,100,0
input,1577,34,0.18525,0.400583,4.551916,6.962333,100,0
input,1578,34,0.113791,0.043625,5.870791,7.984958,0,
input,1579,34,0.1785,0.038833,2.082458,2.757333,0,
input,1580,34,0.298916,0.044,2.135958,2.948416,0,
input,1581,34,0.158125,51.286292,53.118417,53.839167,0,
input,1582,34,0.170625,51.391542,54.710584,55.427792,0,
input,1583,34,0.118959,51.942083,53.428334,54.105292,0,
input,1584,34,0.112917,51.242291,53.406083,53.990583,0,
input,1585,34,0.092041,51.664875,55.0045,55.549125,0,
input,1586,34,0.110458,52.535334,55.252125,55.808583,0,
input,1587,34,0.093375,51.818875,53.080167,53.63925,0,
input,1588,34,2.019291,54.706208,58.028375,58.575458,0,
selection,1589,34,0.115834,0.031208,2.481792,4.04525,100,1
selection,1590,34,0.069875,0.018083,1.390083,2.571583,100,2
selection,1591,34,0.093375,0.021791,1.572167,2.929792,100,3
selection,1592,34,0.100667,0.023959,1.762542,3.182959,100,4
selection,1593,34,1.345042,0.028375,3.08825,4.678042,100,5
selection,1594,34,0.135583,0.030166,2.179958,6.137291,100,6
selection,1595,34,0.209708,0.043834,2.632291,6.767333,100,7
selection,1596,34,0.148959,0.028875,2.493084,6.339084,100,8
selection,1597,34,0.200208,0.040458,2.7655,7.153916,100,9
selection,1598,34,0.165041,0.034958,3.089666,7.567708,100,10
selection,1599,34,0.19575,0.047375,3.047,7.481333,100,11
selection,1600,34,0.180541,0.053833,3.314833,7.913,100,12
selection,1601,34,2.054875,0.059167,5.540042,9.960333,100,13
selection,1602,34,0.211708,0.057459,3.32425,7.4155,100,14
selection,1603,34,0.149916,0.032334,3.046208,6.999083,100,15
selection,1604,34,0.1985,0.046625,3.681708,7.740375,100,16
selection,1605,34,0.172666,0.047833,3.225625,7.272083,100,17
selection,1606,34,0.216292,0.031041,3.578917,8.066625,100,18
selection,1607,34,2.005792,0.06075,5.835959,9.91475,100,19
selection,1608,34,0.191792,0.038166,3.995542,8.362209,100,20
empty,1609,34,0.1745,0.037666,2.419833,4.327167,0,
invoke,1610,35,,,4.380959,5.048625,0,
input,1611,35,0.177209,0.199625,5.703042,7.935334,3,0
input,1612,35,0.202333,0.150041,6.581291,8.456666,2,0
input,1613,35,7.27175,0.19075,10.697792,12.745417,1,0
input,1614,35,0.885,0.176416,3.82075,5.408542,1,0
input,1615,35,0.192583,0.127208,2.560167,3.957083,1,0
input,1616,35,0.188334,0.165542,5.255417,6.460834,1,0
input,1617,35,0.136,0.040125,2.377625,4.229709,0,
input,1618,35,0.178583,0.045167,2.376667,3.293542,0,
input,1619,35,0.18675,0.03925,1.789292,2.487208,0,
input,1620,35,0.170792,0.348042,6.802542,10.028458,100,0
input,1621,35,0.123333,0.316042,5.585417,7.756708,100,0
input,1622,35,0.178542,0.3415,3.989583,5.973583,100,0
input,1623,35,0.185333,0.359125,3.826333,5.902083,100,0
input,1624,35,0.139042,0.039167,2.074292,4.369,0,
input,1625,35,0.188584,0.044291,2.140792,2.96575,0,
input,1626,35,0.160834,0.037209,1.630667,2.28275,0,
input,1627,35,0.121,52.131541,53.79975,54.4745,0,
input,1628,35,1.117833,51.215083,53.7065,54.304,0,
input,1629,35,0.111916,50.886792,52.580041,53.190208,0,
input,1630,35,0.099084,51.944291,55.434834,55.948167,0,
input,1631,35,0.073458,51.298208,54.959917,55.490583,0,
input,1632,35,0.096833,51.543375,52.690125,53.174167,0,
input,1633,35,0.110166,51.201209,52.422375,52.963458,0,
input,1634,35,0.089958,53.13175,54.342042,54.895292,0,
selection,1635,35,0.149958,0.035125,2.509125,4.013708,100,1
selection,1636,35,0.120291,0.026625,1.885916,3.495416,100,2
selection,1637,35,2.108708,0.050958,4.12175,5.621875,100,3
selection,1638,35,0.1755,0.040583,2.195041,3.801458,100,4
selection,1639,35,0.146792,0.034459,2.349083,4.173,100,5
selection,1640,35,0.1065,0.025208,1.818791,5.878666,100,6
selection,1641,35,0.160834,0.030458,2.272,6.575167,100,7
selection,1642,35,1.485917,0.058792,4.197083,8.8695,100,8
selection,1643,35,0.1635,0.031125,2.505708,6.702833,100,9
selection,1644,35,0.213542,0.042875,3.516042,8.128917,100,10
selection,1645,35,0.221583,0.052458,3.364375,7.777708,100,11
selection,1646,35,0.153791,0.03825,2.995375,7.527375,100,12
selection,1647,35,0.355583,0.069083,3.554792,7.635167,100,13
selection,1648,35,0.186875,0.042,3.209666,7.608708,100,14
selection,1649,35,1.41175,0.050791,5.041167,9.463667,100,15
selection,1650,35,0.215708,0.045709,3.692625,8.135958,100,16
selection,1651,35,0.154959,0.030208,3.355084,7.462709,100,17
selection,1652,35,0.183208,0.040959,3.773875,7.835083,100,18
selection,1653,35,2.113083,0.047834,5.788708,10.049291,100,19
selection,1654,35,0.167167,0.035416,3.954625,8.304542,100,20
empty,1655,35,0.116833,0.034208,1.788875,3.968167,0,
invoke,1656,36,,,4.449333,5.533,0,
input,1657,36,0.1785,0.168,7.382042,9.493292,3,0
input,1658,36,0.193916,0.222708,4.445125,6.579541,2,0
input,1659,36,0.186708,0.164583,7.109916,9.227666,1,0
input,1660,36,0.1745,0.202375,3.286916,4.783416,1,0
input,1661,36,0.136542,0.176416,2.768583,3.977875,1,0
input,1662,36,0.145667,0.1485,4.500292,5.785042,1,0
input,1663,36,0.14825,0.036333,5.842834,7.612292,0,
input,1664,36,0.176042,0.03925,3.494625,4.208417,0,
input,1665,36,0.973708,0.039,2.621541,3.383083,0,
input,1666,36,0.258375,0.317416,4.655083,7.47975,100,0
input,1667,36,0.154666,0.33425,4.097333,6.705375,100,0
input,1668,36,0.18925,0.363667,4.225041,6.434708,100,0
input,1669,36,0.193167,0.368625,4.298584,6.733584,100,0
input,1670,36,0.104042,0.031875,1.704792,3.379792,0,
input,1671,36,0.134583,0.033125,1.698625,2.413708,0,
input,1672,36,0.135042,0.0315,1.433958,2.0285,0,
input,1673,36,0.101917,52.381458,53.845959,54.486667,0,
input,1674,36,1.18875,51.032542,53.469916,54.058666,0,
input,1675,36,0.092792,51.471917,53.227792,53.745042,0,
input,1676,36,0.089667,51.42675,54.239417,54.818167,0,
input,1677,36,0.109666,51.717875,53.066208,53.632416,0,
input,1678,36,0.10975,53.460583,54.705708,55.264,0,
input,1679,36,0.099333,54.702583,56.233083,56.843375,0,
input,1680,36,0.116417,54.316875,55.586042,56.094667,0,
selection,1681,36,0.145209,0.034375,2.5115,4.0765,100,1
selection,1682,36,0.102834,0.025333,1.817292,3.325,100,2
selection,1683,36,0.517208,0.034417,2.564583,4.142083,100,3
selection,1684,36,0.139875,0.031792,2.146875,3.633625,100,4
selection,1685,36,0.140292,0.034458,2.371833,4.384833,100,5
selection,1686,36,0.158375,0.042375,2.545042,6.799959,100,6
selection,1687,36,0.148416,0.032542,2.300125,6.420166,100,7
selection,1688,36,0.15675,0.033458,2.591334,7.06275,100,8
selection,1689,36,0.162542,0.034,2.8245,7.486125,100,9
selection,1690,36,0.1835,0.043875,3.269708,7.679208,100,10
selection,1691,36,0.182917,0.044167,3.208333,8.712667,100,11
selection,1692,36,1.462,0.05775,4.583625,9.220708,100,12
selection,1693,36,0.231542,0.0485,3.454,7.605792,100,13
selection,1694,36,0.195708,0.044667,3.763333,7.848917,100,14
selection,1695,36,0.196,0.050625,3.572167,8.032167,100,15
selection,1696,36,0.159459,0.034292,3.212667,7.062167,100,16
selection,1697,36,0.144916,0.033875,3.391166,7.650041,100,17
selection,1698,36,1.9235,0.039625,5.414209,9.966667,100,18
selection,1699,36,0.193042,0.042792,4.0475,8.235834,100,19
selection,1700,36,0.219625,0.053708,3.964417,8.295334,100,20
empty,1701,36,0.119542,0.037042,2.654417,4.607208,0,
invoke,1702,37,,,4.056333,4.790208,0,
input,1703,37,0.166916,0.225375,6.711958,8.906291,3,0
input,1704,37,0.300084,0.208292,3.933459,6.25475,2,0
input,1705,37,0.75475,0.214916,3.982834,6.297542,1,0
input,1706,37,1.302042,0.128542,3.838333,5.4285,1,0
input,1707,37,0.185084,0.141375,2.725834,4.053917,1,0
input,1708,37,0.195541,0.184542,2.93675,4.246416,1,0
input,1709,37,0.12975,0.034458,3.396667,5.345459,0,
input,1710,37,0.189791,0.049625,2.3745,3.223625,0,
input,1711,37,0.171334,0.042375,1.952125,2.704292,0,
input,1712,37,0.163709,0.364334,5.64775,8.599625,100,0
input,1713,37,0.13375,0.364667,4.169958,6.571875,100,0
input,1714,37,0.124416,0.353625,4.023875,6.074875,100,0
input,1715,37,0.174291,0.366459,4.322166,6.490375,100,0
input,1716,37,0.159291,0.035167,2.181166,4.328791,0,
input,1717,37,0.152125,0.039459,1.957834,2.634042,0,
input,1718,37,0.220583,0.03475,1.781583,2.543,0,
input,1719,37,0.127208,52.838625,54.859375,55.682042,0,
input,1720,37,0.220708,50.476333,52.596083,53.271083,0,
input,1721,37,1.390042,51.388958,54.164292,54.800875,0,
input,1722,37,0.104458,51.098209,52.37625,52.933083,0,
input,1723,37,0.115084,52.765334,54.07125,54.578584,0,
input,1724,37,0.093,53.389667,54.607458,55.191333,0,
input,1725,37,1.05775,52.374791,54.693334,55.263667,0,
input,1726,37,0.108417,55.561291,56.999958,57.577917,0,
selection,1727,37,0.179042,0.048583,2.606209,4.11375,100,1
selection,1728,37,0.121291,0.021625,1.649708,3.017875,100,2
selection,1729,37,0.134875,0.034667,2.105625,3.642042,100,3
selection,1730,37,0.182084,0.040542,2.077875,3.596417,100,4
selection,1731,37,1.301042,0.032333,3.149459,4.835125,100,5
selection,1732,37,0.156625,0.041208,2.388,6.069125,100,6
selection,1733,37,0.17425,0.043333,2.351333,6.2815,100,7
selection,1734,37,0.201416,0.046875,2.669291,6.612625,100,8
selection,1735,37,0.160791,0.046208,2.858666,6.861708,100,9
selection,1736,37,0.16075,0.036417,2.740708,6.470375,100,10
selection,1737,37,0.16925,0.033791,2.877792,6.848292,100,11
selection,1738,37,0.158625,0.043,3.131083,7.67875,100,12
selection,1739,37,1.70175,0.053625,5.279875,9.620125,100,13
selection,1740,37,0.198042,0.045625,3.571,7.989375,100,14
selection,1741,37,0.163708,0.033167,3.256166,7.35475,100,15
selection,1742,37,0.229,0.03175,3.929125,8.863375,100,16
selection,1743,37,1.327917,0.033792,5.056042,9.275792,100,17
selection,1744,37,0.170208,0.04,3.690375,7.942583,100,18
selection,1745,37,0.208709,0.048709,3.827375,8.523334,100,19
selection,1746,37,0.188042,0.048042,3.87925,8.303625,100,20
empty,1747,37,0.326334,0.040584,2.03325,4.004667,0,
invoke,1748,38,,,4.543708,5.280916,0,
input,1749,38,0.157708,0.192167,6.052666,8.399625,3,0
input,1750,38,2.488125,0.196,5.584958,7.642875,2,0
input,1751,38,3.19375,0.177292,6.519834,8.642959,1,0
input,1752,38,2.836541,0.188167,5.900583,7.405625,1,0
input,1753,38,0.149375,0.188958,2.933625,4.336417,1,0
input,1754,38,0.235708,0.158459,4.765875,6.0925,1,0
input,1755,38,0.135042,0.043291,2.136667,3.889375,0,
input,1756,38,0.177541,0.0415,3.950833,4.652791,0,
input,1757,38,0.588541,0.036208,2.233375,3.022166,0,
input,1758,38,0.148458,0.354166,4.521917,7.503167,100,0
input,1759,38,0.121875,0.320042,3.84375,6.25175,100,0
input,1760,38,0.23075,0.356,5.029834,7.222917,100,0
input,1761,38,0.126958,0.344917,3.875958,6.219125,100,0
input,1762,38,0.101666,0.04425,2.263333,4.451666,0,
input,1763,38,0.181708,0.039334,2.583917,3.351458,0,
input,1764,38,0.628917,0.04375,2.391958,3.210375,0,
input,1765,38,0.240541,52.603792,54.697833,55.353375,0,
input,1766,38,0.108583,51.276875,52.891333,53.530375,0,
input,1767,38,0.121291,51.379125,52.720833,53.353125,0,
input,1768,38,0.094125,52.495084,53.848875,54.403459,0,
input,1769,38,0.077416,51.937083,55.319,55.847375,0,
input,1770,38,0.095792,52.737459,55.206917,55.763042,0,
input,1771,38,0.110125,52.871875,54.502541,55.058625,0,
input,1772,38,0.098667,54.136708,56.535125,57.106542,0,
selection,1773,38,0.151541,0.041541,2.718416,4.383208,100,1
selection,1774,38,0.107708,0.028542,1.970583,3.474333,100,2
selection,1775,38,0.113167,0.024583,1.648667,3.104792,100,3
selection,1776,38,0.130667,0.031834,2.277625,3.926708,100,4
selection,1777,38,0.168791,0.046333,2.299458,4.087625,100,5
selection,1778,38,0.142667,0.034333,2.287292,6.090709,100,6
selection,1779,38,0.146334,0.031,2.324917,6.60375,100,7
selection,1780,38,0.15125,0.035542,2.683625,6.97575,100,8
selection,1781,38,0.1815,0.044833,2.920417,7.441959,100,9
selection,1782,38,0.226542,0.052584,3.330708,7.898542,100,10
selection,1783,38,0.315584,0.044334,3.11525,7.678042,100,11
selection,1784,38,0.185209,0.0385,3.129292,7.354417,100,12
selection,1785,38,1.854917,0.050375,5.538667,10.735208,100,13
selection,1786,38,0.208959,0.046375,3.74575,8.006459,100,14
selection,1787,38,0.190541,0.035042,3.430458,8.425333,100,15
selection,1788,38,1.905,0.046292,5.252333,9.690583,100,16
selection,1789,38,0.192959,0.051083,3.562209,7.933959,100,17
selection,1790,38,0.265292,0.061083,4.098584,8.523042,100,18
selection,1791,38,0.19025,0.03775,3.812542,8.563834,100,19
selection,1792,38,0.671125,0.041,4.338292,8.7155,100,20
empty,1793,38,0.140958,0.045583,2.169166,4.4275,0,
invoke,1794,39,,,5.424792,6.177834,0,
input,1795,39,0.188209,0.237584,6.487709,9.015875,3,0
input,1796,39,2.222083,0.199875,5.188125,7.26,2,0
input,1797,39,1.521958,0.198917,4.990333,7.118125,1,0
input,1798,39,1.002875,0.176833,3.868041,5.5155,1,0
input,1799,39,0.125917,0.166834,2.618167,3.895875,1,0
input,1800,39,0.179125,0.161917,3.537458,4.781833,1,0
input,1801,39,0.0915,0.034542,3.981333,5.881625,0,
input,1802,39,0.167083,0.040916,2.112458,3.06175,0,
input,1803,39,0.147542,0.034291,1.639167,2.349625,0,
input,1804,39,1.94075,0.361667,6.824292,9.834292,100,0
input,1805,39,0.145208,0.32975,6.669041,8.96025,100,0
input,1806,39,0.201584,0.368958,5.572084,7.582875,100,0
input,1807,39,0.227,0.347666,4.496166,6.817208,100,0
input,1808,39,0.123375,0.031917,1.785375,3.728375,0,
input,1809,39,0.206042,0.049167,2.119375,2.952375,0,
input,1810,39,0.18225,0.039208,1.800167,2.507459,0,
input,1811,39,0.190875,52.657666,57.912625,58.563666,0,
input,1812,39,0.13725,50.546625,51.9765,52.548333,0,
input,1813,39,1.682584,51.869459,54.764834,55.328709,0,
input,1814,39,0.088541,53.238708,54.476208,55.077833,0,
input,1815,39,0.103958,52.763584,54.703833,55.192958,0,
input,1816,39,0.1095,52.824708,55.478625,55.999125,0,
input,1817,39,0.097459,52.852209,54.8485,55.335167,0,
input,1818,39,0.090458,55.466791,58.661708,59.203208,0,
selection,1819,39,0.128792,0.039334,2.719042,4.38975,100,1
selection,1820,39,0.102458,0.022042,1.694208,3.073083,100,2
selection,1821,39,2.145375,0.023875,3.703875,5.016167,100,3
selection,1822,39,0.121792,0.026833,1.914,3.43025,100,4
selection,1823,39,0.148875,0.034709,2.058,3.93925,100,5
selection,1824,39,0.741166,0.040292,2.816833,6.50375,100,6
selection,1825,39,0.575625,0.033167,2.843125,7.161875,100,7
selection,1826,39,0.151458,0.032792,2.524083,7.195792,100,8
selection,1827,39,0.188875,0.045208,2.870333,7.2735,100,9
selection,1828,39,0.157083,0.038666,3.047791,7.33575,100,10
selection,1829,39,0.209167,0.046084,3.859834,8.813917,100,11
selection,1830,39,0.271833,0.045792,3.547167,8.352792,100,12
selection,1831,39,0.488291,0.052708,3.893666,8.88725,100,13
selection,1832,39,0.266542,0.0575,4.047459,8.699625,100,14
selection,1833,39,0.176,0.048,3.362792,7.764583,100,15
selection,1834,39,0.189583,0.044333,3.623083,7.672208,100,16
selection,1835,39,0.885042,0.040625,4.651125,8.9075,100,17
selection,1836,39,0.19575,0.045708,3.604084,7.765417,100,18
selection,1837,39,0.192041,0.037791,3.74125,8.439041,100,19
selection,1838,39,0.198417,0.044666,3.870083,8.113125,100,20
empty,1839,39,0.105042,0.0385,1.852708,3.960917,0,
invoke,1840,40,,,4.4995,5.856458,0,
input,1841,40,0.170417,0.211167,5.518375,7.583875,3,0
input,1842,40,1.877167,0.177709,5.9685,8.120375,2,0
input,1843,40,1.081083,0.154709,3.565167,5.611708,1,0
input,1844,40,2.50375,0.181708,5.751375,7.267416,1,0
input,1845,40,0.190709,0.166667,2.84025,4.111167,1,0
input,1846,40,0.171458,0.14175,2.848792,4.150292,1,0
input,1847,40,0.121125,0.035458,4.706875,6.577333,0,
input,1848,40,0.169625,0.051625,2.540833,3.330042,0,
input,1849,40,0.154375,0.039709,1.780875,2.477708,0,
input,1850,40,0.210875,0.309042,6.43125,9.323125,100,0
input,1851,40,0.126083,0.3485,4.14,6.578625,100,0
input,1852,40,0.138667,0.334542,3.917125,6.389625,100,0
input,1853,40,0.152875,0.323084,3.978083,6.377875,100,0
input,1854,40,0.1125,0.039334,1.919584,3.759542,0,
input,1855,40,0.133792,0.033916,3.476584,4.110584,0,
input,1856,40,1.126834,0.031792,2.452792,3.102459,0,
input,1857,40,0.167042,51.813375,53.524792,54.14525,0,
input,1858,40,0.123417,50.562959,52.936667,53.49575,0,
input,1859,40,1.2395,51.475291,53.887584,54.472792,0,
input,1860,40,0.0805,50.797041,54.187167,54.694792,0,
input,1861,40,0.130042,52.347833,54.297834,54.841875,0,
input,1862,40,0.131292,52.26475,54.044,54.61625,0,
input,1863,40,0.100375,55.0135,56.360625,56.916041,0,
input,1864,40,0.107125,55.322083,56.6505,57.244708,0,
selection,1865,40,0.14925,0.035958,2.569625,4.262167,100,1
selection,1866,40,0.0915,0.021917,1.637042,2.976333,100,2
selection,1867,40,2.045583,0.02175,3.758583,6.261333,100,3
selection,1868,40,0.121167,0.024708,1.797917,3.206333,100,4
selection,1869,40,0.1845,0.056875,2.44875,4.231291,100,5
selection,1870,40,0.155334,0.039875,2.405709,6.191125,100,6
selection,1871,40,0.1745,0.043166,2.345,6.442834,100,7
selection,1872,40,0.118625,0.028708,2.099292,6.034167,100,8
selection,1873,40,0.162209,0.037042,2.682042,6.929167,100,9
selection,1874,40,0.177917,0.043875,2.969834,7.375584,100,10
selection,1875,40,0.163375,0.040833,2.898625,7.304792,100,11
selection,1876,40,0.206916,0.03875,3.448458,7.9685,100,12
selection,1877,40,0.231292,0.048,3.085209,7.498417,100,13
selection,1878,40,0.152625,0.031625,3.266792,7.785,100,14
selection,1879,40,0.282459,0.080708,3.725084,7.973084,100,15
selection,1880,40,1.730375,0.044166,5.584625,10.153958,100,16
selection,1881,40,0.235,0.033084,3.303292,7.20425,100,17
selection,1882,40,0.201541,0.048291,3.634125,7.933541,100,18
selection,1883,40,0.23975,0.053791,3.780084,8.028375,100,19
selection,1884,40,0.148167,0.028666,3.336042,7.091584,100,20
empty,1885,40,0.152417,0.029084,2.3615,4.384417,0,
invoke,1886,41,,,10.33625,12.712209,0,
input,1887,41,0.175583,0.14975,5.122292,7.035875,3,0
input,1888,41,0.180792,0.17125,3.469792,5.509084,2,0
input,1889,41,1.763667,0.179208,4.852292,7.186417,1,0
input,1890,41,2.787167,0.177625,5.767459,7.160625,1,0
input,1891,41,1.938916,0.171917,4.748041,6.290083,1,0
input,1892,41,2.051625,0.191291,4.999375,6.257917,1,0
input,1893,41,1.734459,0.038375,3.746834,5.738875,0,
input,1894,41,3.705625,0.039416,5.563167,6.486333,0,
input,1895,41,0.17825,0.040708,2.042958,2.828708,0,
input,1896,41,0.133583,0.348584,4.547917,7.609625,100,0
input,1897,41,0.176916,0.328708,5.762125,8.252208,100,0
input,1898,41,0.132458,0.32475,3.768291,5.706416,100,0
input,1899,41,0.16225,0.352375,3.915917,5.97125,100,0
input,1900,41,0.129667,0.060459,2.304458,4.498167,0,
input,1901,41,0.143542,0.053833,2.161208,3.046542,0,
input,1902,41,0.184792,0.039542,1.806458,2.580458,0,
input,1903,41,0.190667,52.454417,56.182459,56.989834,0,
input,1904,41,0.181792,51.132791,54.123584,54.813709,0,
input,1905,41,1.540042,51.456708,54.227042,54.770542,0,
input,1906,41,0.107667,51.926417,54.097542,54.623667,0,
input,1907,41,0.111459,51.628416,52.906459,53.478542,0,
input,1908,41,0.076417,52.568208,53.824125,54.481417,0,
input,1909,41,1.392792,51.964708,54.538625,55.127959,0,
input,1910,41,0.115334,54.233375,55.754959,56.358584,0,
selection,1911,41,0.189958,0.052125,2.733708,4.38625,100,1
selection,1912,41,0.115458,0.030583,1.775208,3.099416,100,2
selection,1913,41,1.552583,0.026167,3.330125,5.060916,100,3
selection,1914,41,0.138,0.030625,1.904708,3.240333,100,4
selection,1915,41,0.131667,0.031417,2.0305,3.77,100,5
selection,1916,41,0.384375,0.030625,2.411417,6.523417,100,6
selection,1917,41,0.183667,0.031958,2.189084,5.924625,100,7
selection,1918,41,0.595459,0.044625,2.976084,7.216459,100,8
selection,1919,41,0.166125,0.034875,2.631208,7.106417,100,9
selection,1920,41,0.141917,0.030792,2.602709,6.538,100,10
selection,1921,41,0.128625,0.028792,2.52075,6.88875,100,11
selection,1922,41,0.248958,0.061417,3.912333,8.5035,100,12
selection,1923,41,0.175917,0.033791,3.357875,7.854292,100,13
selection,1924,41,0.148708,0.034,3.229833,7.508875,100,14
selection,1925,41,1.414041,0.035625,4.950916,9.348625,100,15
selection,1926,41,0.16225,0.040542,3.541042,7.800584,100,16
selection,1927,41,0.264125,0.050708,3.708875,8.076,100,17
selection,1928,41,0.150333,0.033875,3.553375,8.090583,100,18
selection,1929,41,0.242834,0.041916,3.633209,7.856125,100,19
selection,1930,41,1.150208,0.026708,4.322583,8.448166,100,20
empty,1931,41,0.117458,0.043542,5.816375,7.979791,0,
invoke,1932,42,,,3.919042,5.319208,0,
input,1933,42,1.875667,0.141958,6.096,8.106625,3,0
input,1934,42,0.895958,0.184334,4.305292,6.557667,2,0
input,1935,42,0.155166,0.179542,3.130041,5.122583,1,0
input,1936,42,0.205208,0.209875,3.485125,4.725541,1,0
input,1937,42,0.903125,0.188708,4.005,5.335834,1,0
input,1938,42,1.879667,0.184167,5.069417,6.358667,1,0
input,1939,42,0.138375,0.037,2.044166,3.650333,0,
input,1940,42,0.121333,0.03525,3.492208,4.074916,0,
input,1941,42,0.13925,0.031792,1.415666,2.008916,0,
input,1942,42,0.130167,0.298334,5.5795,7.890792,100,0
input,1943,42,0.129458,0.352,5.880125,7.969917,100,0
input,1944,42,0.179417,0.326084,3.934208,5.720917,100,0
input,1945,42,0.131875,0.311583,4.253875,5.937833,100,0
input,1946,42,0.088125,0.031042,2.3265,4.099209,0,
input,1947,42,1.068583,0.028917,2.273292,2.866333,0,
input,1948,42,0.155208,0.029208,1.353958,1.93525,0,
input,1949,42,0.356875,51.961583,53.69425,54.266834,0,
input,1950,42,0.083458,51.142625,52.293333,52.810541,0,
input,1951,42,0.1,51.484833,54.850375,55.331875,0,
input,1952,42,0.089875,51.078375,55.473333,56.0425,0,
input,1953,42,0.115042,52.233292,53.4735,53.954875,0,
input,1954,42,1.676459,51.77225,54.829834,55.415542,0,
input,1955,42,0.093334,51.930584,53.114125,53.609125,0,
input,1956,42,0.107208,57.408166,58.909708,59.550458,0,
selection,1957,42,2.019458,0.036042,4.583333,6.255291,100,1
selection,1958,42,0.104792,0.022167,2.379417,3.993625,100,2
selection,1959,42,0.162584,0.042125,2.270917,3.969542,100,3
selection,1960,42,1.418125,0.031708,3.364291,4.881166,100,4
selection,1961,42,0.1745,0.050791,2.235375,3.956833,100,5
selection,1962,42,0.13675,0.033833,2.439,6.173791,100,6
selection,1963,42,0.898292,0.027958,2.897,6.942417,100,7
selection,1964,42,0.2455,0.027209,2.383833,6.8845,100,8
selection,1965,42,1.570541,0.038167,4.000791,8.038375,100,9
selection,1966,42,0.154041,0.033166,3.068791,7.563583,100,10
selection,1967,42,0.181417,0.043375,3.080542,7.088208,100,11
selection,1968,42,0.187084,0.047958,2.93975,6.839667,100,12
selection,1969,42,0.158291,0.035708,2.666291,6.507833,100,13
selection,1970,42,0.171875,0.043875,3.434458,7.884583,100,14
selection,1971,42,0.283541,0.066167,3.287708,7.428416,100,15
selection,1972,42,0.216,0.05475,3.122791,7.055,100,16
selection,1973,42,0.136459,0.033166,3.1945,7.314584,100,17
selection,1974,42,0.168625,0.044834,3.868708,8.215791,100,18
selection,1975,42,0.300958,0.049291,3.787,7.885541,100,19
selection,1976,42,0.1935,0.038708,4.006834,8.355084,100,20
empty,1977,42,0.134667,0.031792,5.105875,7.095625,0,
invoke,1978,43,,,3.558917,5.662417,0,
input,1979,43,0.187916,0.166458,5.465875,7.423791,3,0
input,1980,43,5.582542,0.149958,8.63925,10.771,2,0
input,1981,43,2.272375,0.193834,5.456333,7.637625,1,0
input,1982,43,1.381083,0.186583,4.576958,6.072083,1,0
input,1983,43,1.683125,0.158458,4.395541,5.682125,1,0
input,1984,43,0.178375,0.140708,2.647333,3.988791,1,0
input,1985,43,0.138416,0.034333,2.136458,4.021583,0,
input,1986,43,0.169542,0.05525,2.366375,3.139917,0,
input,1987,43,0.141959,0.034541,1.779334,2.457042,0,
input,1988,43,0.187042,0.397542,6.822583,9.986375,100,0
input,1989,43,0.125042,0.353958,4.411125,7.250917,100,0
input,1990,43,0.171708,0.361166,4.1985,6.600167,100,0
input,1991,43,0.117916,0.356542,3.904458,5.959208,100,0
input,1992,43,0.119833,0.037041,2.357791,4.399666,0,
input,1993,43,0.122541,0.031209,1.379291,1.985375,0,
input,1994,43,0.122417,0.029375,1.337834,2.052417,0,
input,1995,43,0.141708,54.095459,55.742,56.355333,0,
input,1996,43,0.154541,51.146542,52.617333,53.164583,0,
input,1997,43,0.89975,50.536959,52.703792,53.306834,0,
input,1998,43,0.11625,51.177084,52.439292,52.928375,0,
input,1999,43,0.126083,50.875667,52.129,52.619875,0,
input,2000,43,0.104625,53.235125,54.578417,55.174583,0,
input,2001,43,0.092375,53.117209,55.775042,56.448625,0,
input,2002,43,0.111584,56.909583,58.165584,58.694709,0,
selection,2003,43,0.141625,0.034708,2.632625,4.179166,100,1
selection,2004,43,0.100167,0.024583,1.689417,3.057667,100,2
selection,2005,43,0.165583,0.028459,1.978792,3.455125,100,3
selection,2006,43,0.110167,0.026542,1.850375,3.2215,100,4
selection,2007,43,0.159417,0.038125,2.366625,4.243333,100,5
selection,2008,43,0.219167,0.025667,2.088667,6.466667,100,6
selection,2009,43,0.161792,0.035167,2.594875,7.166125,100,7
selection,2010,43,0.149333,0.032417,2.621417,6.829917,100,8
selection,2011,43,0.180458,0.042209,3.05625,7.324416,100,9
selection,2012,43,0.224291,0.046333,3.072833,7.194458,100,10
selection,2013,43,0.178417,0.045625,3.375167,7.501625,100,11
selection,2014,43,0.185209,0.052708,3.160334,7.545,100,12
selection,2015,43,0.156167,0.034708,3.197959,7.609625,100,13
selection,2016,43,0.269583,0.06075,3.3835,7.676958,100,14
selection,2017,43,1.636917,0.043375,4.889125,9.335167,100,15
selection,2018,43,0.242083,0.067334,3.974708,7.916292,100,16
selection,2019,43,0.158417,0.034833,3.854667,8.740334,100,17
selection,2020,43,0.179833,0.048167,3.607458,8.425125,100,18
selection,2021,43,0.622625,0.042125,4.514375,8.774416,100,19
selection,2022,43,0.184917,0.057167,3.823875,8.0165,100,20
empty,2023,43,0.109,0.027792,1.596542,3.778709,0,
invoke,2024,44,,,4.848875,7.282958,0,
input,2025,44,0.173959,0.218166,10.1475,12.162625,3,0
input,2026,44,7.818459,0.154,11.08,13.308042,2,0
input,2027,44,1.16325,0.178542,4.521958,6.602041,1,0
input,2028,44,2.045167,0.174917,5.091875,6.722042,1,0
input,2029,44,1.631209,0.175208,4.422375,5.892292,1,0
input,2030,44,0.199208,0.202334,3.242583,4.701208,1,0
input,2031,44,0.107792,0.0405,2.282083,4.149292,0,
input,2032,44,0.186458,0.03775,3.841916,4.640833,0,
input,2033,44,0.319792,0.038208,2.017042,2.989042,0,
input,2034,44,0.17075,0.3575,4.981959,8.336459,100,0
input,2035,44,0.991375,0.342834,5.512209,7.904584,100,0
input,2036,44,0.195834,0.39025,4.4715,6.575792,100,0
input,2037,44,0.158042,0.38975,4.249042,6.479584,100,0
input,2038,44,0.1555,0.035167,4.117333,6.647167,0,
input,2039,44,4.090084,0.040958,5.565334,6.2205,0,
input,2040,44,0.223,0.034667,4.346875,5.103166,0,
input,2041,44,0.139291,51.818208,53.522875,54.21825,0,
input,2042,44,0.118583,50.867041,52.303875,52.909833,0,
input,2043,44,0.14,51.094916,54.905708,55.563708,0,
input,2044,44,0.110667,53.173292,57.750917,58.380542,0,
input,2045,44,0.093208,52.403208,53.672833,54.245458,0,
input,2046,44,0.106583,52.095333,54.101458,54.673792,0,
input,2047,44,0.08775,52.883125,54.181,54.714583,0,
input,2048,44,1.511958,52.603917,55.347166,55.901,0,
selection,2049,44,0.13,0.036792,2.43375,3.854875,100,1
selection,2050,44,0.136708,0.035833,2.402292,3.78575,100,2
selection,2051,44,0.619458,0.030375,2.414542,3.795333,100,3
selection,2052,44,0.118959,0.025584,1.864209,3.1805,100,4
selection,2053,44,0.123708,0.028542,2.050541,3.642833,100,5
selection,2054,44,1.094333,0.026,3.047708,6.925916,100,6
selection,2055,44,0.529417,0.032292,2.622625,6.763875,100,7
selection,2056,44,0.216084,0.05925,2.878709,7.59075,100,8
selection,2057,44,0.160583,0.034792,2.569541,6.648208,100,9
selection,2058,44,0.147125,0.028791,2.770792,6.806833,100,10
selection,2059,44,0.164958,0.063875,3.037583,7.418,100,11
selection,2060,44,0.185583,0.049125,3.167083,7.263292,100,12
selection,2061,44,0.143417,0.03325,3.128042,7.300958,100,13
selection,2062,44,4.401708,0.056625,8.120708,12.627458,100,14
selection,2063,44,0.215541,0.04975,3.516916,7.796333,100,15
selection,2064,44,0.153875,0.033958,3.283166,7.914666,100,16
selection,2065,44,0.181083,0.035416,3.521458,7.776625,100,17
selection,2066,44,1.746666,0.039166,5.34525,9.456625,100,18
selection,2067,44,0.213125,0.046834,3.624667,7.558167,100,19
selection,2068,44,0.201458,0.040792,4.104375,8.489958,100,20
empty,2069,44,0.135875,0.036791,1.8555,3.893625,0,
invoke,2070,45,,,5.228916,7.033583,0,
input,2071,45,0.571459,0.140375,5.132417,7.082834,3,0
input,2072,45,0.168459,0.213084,3.626792,5.475459,2,0
input,2073,45,1.676667,0.181084,5.234875,7.27725,1,0
input,2074,45,0.947583,0.187125,3.7355,5.131958,1,0
input,2075,45,2.174334,0.197916,5.445459,7.290667,1,0
input,2076,45,0.142375,0.161583,2.744583,4.057792,1,0
input,2077,45,0.120125,0.032917,1.967583,3.742083,0,
input,2078,45,0.197375,0.036458,3.933792,4.693292,0,
input,2079,45,0.456708,0.038042,2.078417,2.939458,0,
input,2080,45,0.226542,0.375084,5.156709,8.598334,100,0
input,2081,45,0.830209,0.347417,4.945375,7.420709,100,0
input,2082,45,0.17825,0.373417,4.414375,6.496875,100,0
input,2083,45,0.20525,0.411084,4.7425,7.270583,100,0
input,2084,45,0.154542,0.040042,3.25625,5.600417,0,
input,2085,45,0.193875,0.053084,2.236541,3.123125,0,
input,2086,45,0.183917,0.040125,1.85425,2.575917,0,
input,2087,45,0.225125,52.884333,56.232125,57.00975,0,
input,2088,45,0.280958,50.486625,52.382333,52.982,0,
input,2089,45,1.621125,51.649625,54.558167,55.154667,0,
input,2090,45,0.102084,51.472334,52.753209,53.332959,0,
input,2091,45,0.075292,51.586333,57.672042,58.239167,0,
input,2092,45,0.132708,53.463083,55.202625,55.73675,0,
input,2093,45,0.096167,53.5755,56.443125,57.00725,0,
input,2094,45,0.101333,54.70125,56.586042,57.188375,0,
selection,2095,45,0.130625,0.027875,2.596583,4.260208,100,1
selection,2096,45,0.111417,0.025291,1.820459,3.203459,100,2
selection,2097,45,0.082667,0.023583,1.590667,2.963167,100,3
selection,2098,45,0.160417,0.038375,2.282042,3.87575,100,4
selection,2099,45,0.112083,0.026125,2.249833,4.130791,100,5
selection,2100,45,0.146583,0.033958,2.379458,6.296917,100,6
selection,2101,45,0.142334,0.026917,2.142875,5.965959,100,7
selection,2102,45,1.647541,0.033667,3.896666,8.145958,100,8
selection,2103,45,0.181042,0.040167,2.79725,7.069083,100,9
selection,2104,45,0.158625,0.038542,2.823584,7.146834,100,10
selection,2105,45,0.17225,0.034459,3.029833,7.720916,100,11
selection,2106,45,0.165834,0.032459,3.086292,7.619375,100,12
selection,2107,45,0.189458,0.042042,3.681833,8.254958,100,13
selection,2108,45,1.731125,0.040541,5.086625,9.287083,100,14
selection,2109,45,0.195917,0.03925,3.53625,7.570875,100,15
selection,2110,45,0.17025,0.02775,3.085666,6.98,100,16
selection,2111,45,0.215791,0.054333,3.82425,8.429791,100,17
selection,2112,45,0.217541,0.042459,3.536541,7.6555,100,18
selection,2113,45,1.754375,0.03225,5.087583,9.263458,100,19
selection,2114,45,0.184667,0.037917,3.792833,7.97075,100,20
empty,2115,45,0.144667,0.036917,4.85775,7.00075,0,
invoke,2116,46,,,3.891209,4.562917,0,
input,2117,46,0.141917,0.2085,5.999209,8.122917,3,0
input,2118,46,0.701667,0.234375,4.101625,6.244083,2,0
input,2119,46,0.177917,0.202792,3.213583,4.968875,1,0
input,2120,46,8.168584,0.188541,11.4965,12.855459,1,0
input,2121,46,0.134958,0.178625,2.812667,4.118375,1,0
input,2122,46,5.803875,0.172875,9.126584,10.418875,1,0
input,2123,46,1.377667,0.045625,3.566125,5.756708,0,
input,2124,46,4.254458,0.054792,6.354,7.261,0,
input,2125,46,0.205083,0.044875,1.946291,2.711833,0,
input,2126,46,0.2045,0.349625,5.490042,8.524,100,0
input,2127,46,0.132458,0.336084,4.059166,6.668375,100,0
input,2128,46,0.165708,0.348208,4.36975,6.786292,100,0
input,2129,46,0.149916,0.362834,3.806291,5.674791,100,0
input,2130,46,0.189333,0.037708,2.902708,5.2295,0,
input,2131,46,0.201666,0.03575,2.413666,3.221708,0,
input,2132,46,1.578625,0.03975,3.414958,4.15925,0,
input,2133,46,0.136625,51.697625,54.015125,54.770916,0,
input,2134,46,0.246125,50.744542,52.802625,53.4275,0,
input,2135,46,1.828666,51.284166,54.622375,55.278541,0,
input,2136,46,0.11075,51.390042,54.18,54.863458,0,
input,2137,46,0.103042,51.205,52.484792,52.974833,0,
input,2138,46,0.11625,51.457208,52.90075,53.483041,0,
input,2139,46,0.0985,53.116375,54.458916,55.041166,0,
input,2140,46,0.110667,53.520916,54.895375,55.466959,0,
selection,2141,46,0.114917,0.0305,2.536,4.159292,100,1
selection,2142,46,0.12025,0.028542,2.005125,3.621416,100,2
selection,2143,46,0.158167,0.040583,2.363042,4.120875,100,3
selection,2144,46,2.187583,0.043,4.440542,6.137542,100,4
selection,2145,46,0.1575,0.045084,2.119166,3.764875,100,5
selection,2146,46,0.142625,0.0405,2.23675,5.763416,100,6
selection,2147,46,0.194541,0.045833,2.59,6.542875,100,7
selection,2148,46,0.159917,0.04425,2.402292,6.114167,100,8
selection,2149,46,0.165334,0.041625,2.505584,6.657334,100,9
selection,2150,46,0.2205,0.057666,2.952417,6.888375,100,10
selection,2151,46,0.132458,0.031625,2.940083,7.34725,100,11
selection,2152,46,0.189958,0.046042,2.95925,7.071958,100,12
selection,2153,46,0.16225,0.031875,2.97175,7.429875,100,13
selection,2154,46,0.211375,0.044917,3.369667,7.390958,100,14
selection,2155,46,1.320583,0.055083,4.804458,9.306667,100,15
selection,2156,46,0.185333,0.041625,3.572292,7.910333,100,16
selection,2157,46,0.154834,0.029708,3.253375,7.13975,100,17
selection,2158,46,0.289416,0.081333,3.827041,8.367666,100,18
selection,2159,46,2.082416,0.04475,5.971625,10.363708,100,19
selection,2160,46,0.241333,0.027,3.286,6.897417,100,20
empty,2161,46,0.101959,0.031167,1.553792,3.631459,0,
invoke,2162,47,,,5.254792,7.771042,0,
input,2163,47,0.171292,0.209875,8.384167,10.686334,3,0
input,2164,47,0.174834,0.240584,4.295375,6.325834,2,0
input,2165,47,0.435583,0.1665,3.552417,5.802042,1,0
input,2166,47,1.169125,0.172833,4.580542,6.038125,1,0
input,2167,47,0.181541,0.162792,2.733791,4.006333,1,0
input,2168,47,0.217042,0.142333,2.658125,3.876792,1,0
input,2169,47,0.124833,0.03775,2.184083,3.907708,0,
input,2170,47,0.662375,0.03675,2.4975,3.405166,0,
input,2171,47,0.13075,0.038667,1.844375,2.507083,0,
input,2172,47,0.146125,0.381,6.7605,9.664833,100,0
input,2173,47,0.16575,0.35075,4.261375,6.717042,100,0
input,2174,47,0.13675,0.375166,4.150792,6.267792,100,0
input,2175,47,0.154583,0.352125,3.989917,6.252625,100,0
input,2176,47,0.136375,0.035625,2.153584,4.114709,0,
input,2177,47,0.289333,0.035,3.18375,3.818917,0,
input,2178,47,0.174084,0.037125,1.783084,2.708792,0,
input,2179,47,0.1625,53.288166,55.665208,56.753667,0,
input,2180,47,0.13425,51.462334,53.211542,53.891042,0,
input,2181,47,0.117875,52.646625,56.15725,56.756125,0,
input,2182,47,0.102167,51.491833,56.778583,57.408375,0,
input,2183,47,0.112542,52.524084,53.945542,54.505625,0,
input,2184,47,0.101,53.366458,57.152125,57.688625,0,
input,2185,47,0.091459,52.615625,54.999209,55.549417,0,
input,2186,47,0.092083,54.257875,57.916583,58.54025,0,
selection,2187,47,0.136292,0.03425,2.4885,4.072459,100,1
selection,2188,47,0.120541,0.0295,1.806208,3.084291,100,2
selection,2189,47,0.492709,0.033167,2.437,4.114584,100,3
selection,2190,47,0.179167,0.044167,2.172417,3.735792,100,4
selection,2191,47,0.186667,0.0535,2.559084,4.657625,100,5
selection,2192,47,0.21925,0.056458,2.673209,6.951167,100,6
selection,2193,47,0.169333,0.040625,2.72875,6.888583,100,7
selection,2194,47,0.143083,0.033125,2.546583,6.546042,100,8
selection,2195,47,0.14625,0.036333,2.714334,7.312584,100,9
selection,2196,47,0.145917,0.035584,2.706625,7.1345,100,10
selection,2197,47,0.191125,0.043375,3.048583,7.531125,100,11
selection,2198,47,0.167125,0.04475,2.85225,7.629833,100,12
selection,2199,47,1.618083,0.035792,4.681375,8.679208,100,13
selection,2200,47,0.929875,0.05725,4.190875,8.259292,100,14
selection,2201,47,0.190791,0.053042,3.7945,8.200625,100,15
selection,2202,47,0.211125,0.059,3.617,7.904417,100,16
selection,2203,47,0.209417,0.049041,3.718667,7.877375,100,17
selection,2204,47,0.166875,0.038167,3.2355,6.78575,100,18
selection,2205,47,1.881333,0.056291,5.62925,9.821083,100,19
selection,2206,47,0.188125,0.048,3.670042,7.590334,100,20
empty,2207,47,0.135917,0.034666,3.330834,5.501834,0,
invoke,2208,48,,,3.411208,4.204833,0,
input,2209,48,0.186667,0.224208,5.64875,7.718667,3,0
input,2210,48,6.956375,0.158292,9.94575,11.951584,2,0
input,2211,48,2.875542,0.191167,6.197,8.491583,1,0
input,2212,48,2.46175,0.195375,5.77025,7.31,1,0
input,2213,48,1.464042,0.17575,4.202792,5.58375,1,0
input,2214,48,0.1345,0.133916,2.313833,3.38075,1,0
input,2215,48,0.133209,0.031666,1.984125,3.776209,0,
input,2216,48,0.171375,0.05525,2.47575,3.30175,0,
input,2217,48,0.152292,0.0375,1.611209,2.275584,0,
input,2218,48,0.208292,0.328125,8.388292,11.80775,100,0
input,2219,48,0.115917,0.33625,4.069083,6.3725,100,0
input,2220,48,0.140125,0.324416,4.17225,6.426875,100,0
input,2221,48,0.128708,0.361292,3.485958,5.257125,100,0
input,2222,48,0.115083,0.039,2.491125,4.633958,0,
input,2223,48,0.221291,0.03625,1.6585,2.323958,0,
input,2224,48,0.124,0.027917,1.298125,1.880208,0,
input,2225,48,0.443417,51.48425,53.313667,54.027708,0,
input,2226,48,0.096916,50.730833,52.061083,52.630416,0,
input,2227,48,0.102708,51.456125,52.698708,53.227167,0,
input,2228,48,0.089959,51.611625,52.697792,53.174459,0,
input,2229,48,0.107458,53.624292,54.805125,55.307083,0,
input,2230,48,0.109542,52.808584,54.148917,54.658667,0,
input,2231,48,0.086792,53.061,54.298375,54.867792,0,
input,2232,48,1.628292,56.273875,59.069459,59.631875,0,
selection,2233,48,0.137291,0.033167,2.729166,4.414333,100,1
selection,2234,48,0.09675,0.021959,1.61425,2.907042,100,2
selection,2235,48,0.075416,0.017791,1.413458,2.619791,100,3
selection,2236,48,0.082416,0.020041,1.779916,3.281708,100,4
selection,2237,48,0.104666,0.022959,1.769083,3.526333,100,5
selection,2238,48,1.227167,0.036417,3.60975,7.785209,100,6
selection,2239,48,0.148125,0.031666,2.299167,6.287083,100,7
selection,2240,48,0.156,0.037,2.640666,7.150625,100,8
selection,2241,48,0.130083,0.029959,2.406833,6.575875,100,9
selection,2242,48,0.168708,0.032375,3.1315,7.257791,100,10
selection,2243,48,0.150291,0.032625,2.850166,6.991791,100,11
selection,2244,48,0.14825,0.0385,2.983833,7.235916,100,12
selection,2245,48,0.172625,0.037958,3.117958,7.381042,100,13
selection,2246,48,0.216167,0.067792,3.376958,7.884042,100,14
selection,2247,48,2.1925,0.044583,5.488583,9.729,100,15
selection,2248,48,0.2165,0.051166,3.897625,8.159083,100,16
selection,2249,48,0.16375,0.043625,3.482,8.214708,100,17
selection,2250,48,0.167,0.03525,3.722791,7.812416,100,18
selection,2251,48,0.134167,0.028125,3.556625,7.933709,100,19
selection,2252,48,2.030083,0.034375,5.861917,10.004042,100,20
empty,2253,48,0.242833,0.0435,4.140416,6.386583,0,
invoke,2254,49,,,4.03075,4.784417,0,
input,2255,49,4.731791,0.161958,9.783583,11.903291,3,0
input,2256,49,0.17525,0.221625,3.839583,5.77025,2,0
input,2257,49,0.184333,0.21725,3.436042,5.3115,1,0
input,2258,49,2.184417,0.169084,5.283875,6.637292,1,0
input,2259,49,0.193959,0.168291,2.745167,3.978667,1,0
input,2260,49,0.151125,0.139417,3.03775,4.342583,1,0
input,2261,49,0.142459,0.046792,2.490792,4.328584,0,
input,2262,49,0.510833,0.033417,2.241333,3.100333,0,
input,2263,49,0.170917,0.0385,1.74225,2.442875,0,
input,2264,49,0.129917,0.361,4.603792,7.521667,100,0
input,2265,49,0.165125,0.369167,6.992542,9.293458,100,0
input,2266,49,0.205959,0.345666,4.85275,6.946584,100,0
input,2267,49,0.141,0.318708,3.46725,5.297667,100,0
input,2268,49,0.109083,0.032708,1.784792,3.555917,0,
input,2269,49,0.111125,0.034084,1.683167,2.510917,0,
input,2270,49,0.119375,0.031708,1.4,2.016166,0,
input,2271,49,0.144416,51.621625,53.162333,53.765083,0,
input,2272,49,0.104292,50.506375,51.78825,52.357584,0,
input,2273,49,0.133334,50.819958,53.115167,53.672042,0,
input,2274,49,2.155542,50.878292,54.242042,54.813792,0,
input,2275,49,0.108291,51.231125,54.01025,54.551625,0,
input,2276,49,0.092292,52.378833,54.027584,54.578167,0,
input,2277,49,0.220125,54.463542,56.013333,56.632166,0,
input,2278,49,0.103417,53.922166,55.32325,55.910333,0,
selection,2279,49,0.16125,0.037584,2.597875,4.207916,100,1
selection,2280,49,0.132584,0.027792,2.595167,4.289209,100,2
selection,2281,49,0.835959,0.025625,2.544959,4.025875,100,3
selection,2282,49,0.1275,0.0275,1.907042,3.300667,100,4
selection,2283,49,0.132584,0.045958,2.105792,3.856125,100,5
selection,2284,49,0.625542,0.0355,2.7985,7.404708,100,6
selection,2285,49,0.147584,0.030042,2.441542,6.81275,100,7
selection,2286,49,0.116709,0.02425,2.1085,6.352417,100,8
selection,2287,49,0.152583,0.033625,2.802333,7.859,100,9
selection,2288,49,0.29275,0.067208,2.933583,7.009583,100,10
selection,2289,49,0.206917,0.054875,3.149917,7.620459,100,11
selection,2290,49,0.160541,0.039917,2.863208,6.720416,100,12
selection,2291,49,0.152875,0.035875,3.138666,7.199041,100,13
selection,2292,49,0.1495,0.037166,3.041291,6.869666,100,14
selection,2293,49,2.088708,0.045292,5.462625,9.982083,100,15
selection,2294,49,0.223875,0.05025,3.582334,7.6225,100,16
selection,2295,49,0.180625,0.039042,3.631875,7.993083,100,17
selection,2296,49,0.196875,0.059958,3.657875,8.365166,100,18
selection,2297,49,1.603959,0.054208,5.253959,9.70525,100,19
selection,2298,49,0.200375,0.043417,3.792958,7.7805,100,20
empty,2299,49,0.119916,0.030667,2.060333,4.054333,0,
invoke,2300,50,,,4.068417,4.748875,0,
input,2301,50,0.8225,0.203666,6.578042,8.563042,3,0
input,2302,50,7.614083,0.170125,10.788708,12.575416,2,0
input,2303,50,1.766458,0.181458,5.120542,7.10275,1,0
input,2304,50,1.172625,0.153417,4.028417,5.305709,1,0
input,2305,50,0.131875,0.175208,2.836792,4.147542,1,0
input,2306,50,0.202708,0.13325,2.336208,3.526541,1,0
input,2307,50,0.104625,0.04525,2.326083,4.316375,0,
input,2308,50,4.412125,0.0455,6.27825,7.106208,0,
input,2309,50,0.137709,0.041583,1.766167,2.5045,0,
input,2310,50,0.248083,0.328375,5.097041,7.858125,100,0
input,2311,50,0.139625,0.342667,4.309125,6.835916,100,0
input,2312,50,0.147291,0.3625,4.118541,6.175416,100,0
input,2313,50,0.139666,0.332459,3.972708,6.04125,100,0
input,2314,50,0.114041,0.042167,2.343708,4.458041,0,
input,2315,50,0.171291,0.030916,2.3805,3.096416,0,
input,2316,50,0.432458,0.039458,1.774125,2.460125,0,
input,2317,50,0.124625,51.765292,53.348625,53.972875,0,
input,2318,50,0.124875,50.60975,53.559542,54.232167,0,
input,2319,50,0.468917,50.88575,52.4515,52.949,0,
input,2320,50,0.095791,51.155791,52.919833,53.4105,0,
input,2321,50,0.101333,52.374,53.724917,54.321792,0,
input,2322,50,0.8625,51.991125,54.019167,54.646792,0,
input,2323,50,0.101834,52.520375,53.647792,54.125292,0,
input,2324,50,0.106541,53.767167,56.8,57.441416,0,
selection,2325,50,0.151834,0.040166,2.688042,4.348542,100,1
selection,2326,50,0.157875,0.036167,2.162959,3.643334,100,2
selection,2327,50,1.951834,0.025458,3.585125,5.07025,100,3
selection,2328,50,0.138,0.027666,2.048375,3.5435,100,4
selection,2329,50,0.145708,0.03775,2.203166,4.023208,100,5
selection,2330,50,0.231917,0.031,2.240625,6.244333,100,6
selection,2331,50,0.335708,0.034416,2.511625,6.268375,100,7
selection,2332,50,0.364667,0.041208,2.752459,7.132,100,8
selection,2333,50,0.15225,0.032084,2.677291,7.197166,100,9
selection,2334,50,0.133041,0.028792,2.61025,6.622541,100,10
selection,2335,50,0.20775,0.049625,3.131917,7.785542,100,11
selection,2336,50,0.238833,0.054375,3.772541,8.2565,100,12
selection,2337,50,0.172583,0.034709,3.30225,7.807333,100,13
selection,2338,50,0.238792,0.027667,3.283125,7.6495,100,14
selection,2339,50,2.241084,0.040208,5.929375,10.469792,100,15
selection,2340,50,0.232,0.11275,3.783875,7.947625,100,16
selection,2341,50,0.1595,0.039041,3.522541,7.852375,100,17
selection,2342,50,0.102708,0.0235,2.928583,6.742333,100,18
selection,2343,50,0.148417,0.039542,3.609042,7.991917,100,19
selection,2344,50,0.227417,0.058334,3.891,8.422083,100,20
empty,2345,50,0.148458,0.037333,3.438791,5.490125,0,
invoke,2346,51,,,4.067208,5.905083,0,
input,2347,51,6.763125,0.138292,11.838917,14.060167,3,0
input,2348,51,7.093792,0.19825,10.383292,12.376583,2,0
input,2349,51,1.508708,0.177833,4.678708,6.571333,1,0
input,2350,51,2.098333,0.171875,4.802667,6.273292,1,0
input,2351,51,0.154083,0.1225,2.452,3.685083,1,0
input,2352,51,0.154625,0.140792,3.525083,4.625625,1,0
input,2353,51,0.155458,0.044167,3.161167,4.987958,0,
input,2354,51,0.163959,0.033667,4.051334,4.8255,0,
input,2355,51,0.342583,0.036709,1.844833,2.688,0,
input,2356,51,0.118458,0.359833,4.840708,8.53475,100,0
input,2357,51,1.128291,0.358708,5.608875,8.201083,100,0
input,2358,51,0.176875,0.367875,4.347042,6.390583,100,0
input,2359,51,0.19,0.422708,4.61825,6.826667,100,0
input,2360,51,0.170292,0.037833,3.805459,6.063084,0,
input,2361,51,0.206958,0.066125,2.410125,3.29175,0,
input,2362,51,0.144417,0.040792,1.8585,2.629708,0,
input,2363,51,0.1995,53.170708,57.453375,58.25375,0,
input,2364,51,0.148833,50.370416,53.707416,54.336916,0,
input,2365,51,0.100291,51.446583,52.785708,53.447416,0,
input,2366,51,2.076791,50.758542,54.1195,54.7185,0,
input,2367,51,0.107833,53.564458,54.988875,55.563458,0,
input,2368,51,0.087666,52.70475,55.141125,55.650541,0,
input,2369,51,0.126125,53.967042,55.912416,56.482375,0,
input,2370,51,0.115584,55.914833,57.086584,57.582709,0,
selection,2371,51,0.129667,0.030416,2.507958,4.0525,100,1
selection,2372,51,0.118209,0.032083,1.80375,3.116125,100,2
selection,2373,51,0.127084,0.028042,1.864042,3.348334,100,3
selection,2374,51,0.15875,0.032375,2.124667,3.560625,100,4
selection,2375,51,0.146333,0.038792,2.199125,3.9635,100,5
selection,2376,51,0.104875,0.024791,1.855584,5.772292,100,6
selection,2377,51,0.631084,0.026292,2.728875,7.394084,100,7
selection,2378,51,0.152209,0.033375,2.753334,7.126,100,8
selection,2379,51,0.18025,0.050291,3.072917,7.143208,100,9
selection,2380,51,0.154792,0.030916,2.821583,6.559917,100,10
selection,2381,51,0.13275,0.026875,2.896917,6.949542,100,11
selection,2382,51,0.243958,0.050875,3.275916,7.458291,100,12
selection,2383,51,0.1835,0.052958,3.071041,7.608208,100,13
selection,2384,51,0.162875,0.038,3.162833,8.077166,100,14
selection,2385,51,2.153792,0.065417,6.139584,10.498417,100,15
selection,2386,51,0.235167,0.046916,3.741417,8.202833,100,16
selection,2387,51,0.158084,0.035959,3.56625,8.115792,100,17
selection,2388,51,0.223792,0.044791,3.924834,8.388,100,18
selection,2389,51,0.332792,0.0355,3.9195,7.9605,100,19
selection,2390,51,0.201917,0.039375,3.83325,7.744,100,20
empty,2391,51,0.1545,0.031542,1.689209,3.71575,0,
invoke,2392,52,,,6.336083,7.853542,0,
input,2393,52,0.180209,0.21575,6.374167,8.427584,3,0
input,2394,52,0.200375,0.207125,4.360375,6.352167,2,0
input,2395,52,1.88725,0.17125,5.086167,6.996792,1,0
input,2396,52,2.606541,0.172709,6.107375,7.492583,1,0
input,2397,52,1.398292,0.170541,4.454583,5.848292,1,0
input,2398,52,1.900792,0.128125,4.634458,6.088,1,0
input,2399,52,1.934042,0.036625,3.8605,6.133625,0,
input,2400,52,3.425042,0.037,5.201792,6.122875,0,
input,2401,52,0.181875,0.042958,1.8425,2.56575,0,
input,2402,52,0.159833,0.388375,6.900208,10.267333,100,0
input,2403,52,0.122875,0.336958,3.84175,6.49325,100,0
input,2404,52,0.19825,0.360708,5.0935,7.455625,100,0
input,2405,52,0.218625,0.343916,3.986833,6.077625,100,0
input,2406,52,0.108084,0.0345,2.038875,4.212375,0,
input,2407,52,0.196958,0.037875,3.81225,4.549916,0,
input,2408,52,0.544875,0.039209,2.194375,3.056584,0,
input,2409,52,0.193833,53.609,56.598417,57.251292,0,
input,2410,52,0.296709,51.025,53.118875,53.736542,0,
input,2411,52,0.148666,52.16775,53.78325,54.395583,0,
input,2412,52,0.124958,51.62575,53.259208,53.86225,0,
input,2413,52,1.658875,52.702375,55.622417,56.213208,0,
input,2414,52,1.800792,53.141209,56.06,56.551834,0,
input,2415,52,1.665583,53.366458,56.195375,56.8035,0,
input,2416,52,1.282167,53.921584,56.348292,56.885209,0,
selection,2417,52,0.142791,0.033958,2.463958,3.889375,100,1
selection,2418,52,0.130833,0.037791,2.448292,4.006,100,2
selection,2419,52,1.928584,0.036042,3.865459,5.455459,100,3
selection,2420,52,0.119375,0.029083,1.875584,3.203,100,4
selection,2421,52,0.151875,0.03525,2.207292,3.990167,100,5
selection,2422,52,0.179875,0.02775,2.159959,5.783292,100,6
selection,2423,52,0.757083,0.033333,2.880917,6.688,100,7
selection,2424,52,0.419875,0.027709,2.44825,6.521709,100,8
selection,2425,52,0.179458,0.04925,2.714125,6.740458,100,9
selection,2426,52,0.199542,0.044042,2.892625,6.876417,100,10
selection,2427,52,0.167667,0.036458,3.232917,7.524209,100,11
selection,2428,52,0.169042,0.032417,3.202,7.884459,100,12
selection,2429,52,0.207792,0.041458,3.561792,8.319042,100,13
selection,2430,52,0.214875,0.051417,3.433042,7.600083,100,14
selection,2431,52,1.439083,0.043958,4.977417,9.05225,100,15
selection,2432,52,0.190833,0.040083,3.547125,7.699417,100,16
selection,2433,52,0.149959,0.0295,3.340292,7.3495,100,17
selection,2434,52,0.167417,0.044208,3.479417,7.566292,100,18
selection,2435,52,0.177,0.038,3.598041,7.684791,100,19
selection,2436,52,1.948208,0.02875,5.154083,8.854292,100,20
empty,2437,52,7.41775,0.039542,9.25675,11.399416,0,
invoke,2438,53,,,4.297125,5.970916,0,
input,2439,53,0.189416,0.21425,6.201583,8.422791,3,0
input,2440,53,0.177333,0.210208,4.24325,6.50775,2,0
input,2441,53,0.886084,0.161792,4.420209,6.570042,1,0
input,2442,53,8.207,0.139042,10.516,11.806541,1,0
input,2443,53,0.207875,0.186125,2.976416,4.30275,1,0
input,2444,53,0.132542,0.14475,2.806542,4.21025,1,0
input,2445,53,0.198167,0.040167,5.032542,6.772958,0,
input,2446,53,0.184792,0.035834,3.704625,4.483125,0,
input,2447,53,0.387667,0.039292,1.986125,2.882334,0,
input,2448,53,0.137792,0.362625,4.807125,8.342834,100,0
input,2449,53,1.156542,0.351667,5.417125,7.779417,100,0
input,2450,53,0.169208,0.400833,4.690292,6.849958,100,0
input,2451,53,0.182583,0.385417,6.615625,8.7985,100,0
input,2452,53,0.119583,0.036166,2.049042,4.276708,0,
input,2453,53,0.157167,0.037833,2.065,2.791667,0,
input,2454,53,0.181958,0.036708,2.163917,2.753458,0,
input,2455,53,0.210542,51.376958,56.901459,57.69925,0,
input,2456,53,0.170041,50.990916,53.472166,54.103666,0,
input,2457,53,0.119833,51.659041,53.355208,54.029416,0,
input,2458,53,1.78625,52.151417,55.300208,55.95725,0,
input,2459,53,0.121417,52.322791,53.65875,54.201125,0,
input,2460,53,0.111584,52.854209,56.570375,57.11125,0,
input,2461,53,0.103375,53.606958,54.809708,55.31425,0,
input,2462,53,0.105375,53.212958,54.426,54.962375,0,
selection,2463,53,0.123875,0.033,2.431625,3.966834,100,1
selection,2464,53,0.083167,0.0205,2.120917,3.569542,100,2
selection,2465,53,0.222958,0.019125,1.577375,2.867458,100,3
selection,2466,53,0.125583,0.024625,1.727916,2.998083,100,4
selection,2467,53,0.100042,0.023625,1.810583,3.593917,100,5
selection,2468,53,1.768791,0.033,3.770791,7.466375,100,6
selection,2469,53,0.599083,0.032291,2.8005,6.83025,100,7
selection,2470,53,0.1305,0.028292,2.4355,6.491584,100,8
selection,2471,53,0.168209,0.043292,2.642875,7.033959,100,9
selection,2472,53,0.1705,0.042042,3.055708,7.61225,100,10
selection,2473,53,0.201333,0.045709,3.268667,7.56625,100,11
selection,2474,53,0.242417,0.065583,3.537459,8.559334,100,12
selection,2475,53,0.173666,0.033875,3.332041,7.896666,100,13
selection,2476,53,1.148541,0.048125,4.4375,9.022291,100,14
selection,2477,53,0.208917,0.044041,3.784542,8.224417,100,15
selection,2478,53,0.282583,0.03475,3.375375,7.431958,100,16
selection,2479,53,0.188292,0.03925,3.599125,8.019667,100,17
selection,2480,53,0.185959,0.050458,3.464917,7.54375,100,18
selection,2481,53,0.201,0.03825,3.728875,7.877083,100,19
selection,2482,53,0.618125,0.049792,4.73025,9.021834,100,20
empty,2483,53,0.151125,0.034291,4.946292,7.054834,0,
invoke,2484,54,,,3.945167,4.603542,0,
input,2485,54,0.174042,0.227292,5.747875,7.904333,3,0
input,2486,54,0.917792,0.196,4.307792,6.564959,2,0
input,2487,54,0.181583,0.154834,6.889792,8.426125,1,0
input,2488,54,5.3895,0.176333,8.722791,10.089333,1,0
input,2489,54,1.680542,0.172375,4.776,6.131,1,0
input,2490,54,1.926333,0.155958,4.630625,5.968,1,0
input,2491,54,0.137666,0.032916,2.024333,3.623791,0,
input,2492,54,0.19925,0.034167,5.528833,6.188583,0,
input,2493,54,0.177709,0.053417,4.384084,5.184167,0,
input,2494,54,0.195167,0.356,5.125667,8.2465,100,0
input,2495,54,0.1445,0.334208,6.316208,8.614667,100,0
input,2496,54,0.179417,0.337084,3.892667,5.971459,100,0
input,2497,54,0.211084,0.358083,5.139792,6.986167,100,0
input,2498,54,0.10925,0.0355,2.222416,4.440666,0,
input,2499,54,0.172041,0.037041,3.6935,4.413083,0,
input,2500,54,0.699958,0.041166,2.199958,2.926041,0,
input,2501,54,0.150792,52.6885,54.866667,55.672667,0,
input,2502,54,0.144208,52.317625,53.979375,54.637375,0,
input,2503,54,0.148125,51.677208,54.324458,54.971083,0,
input,2504,54,0.123166,51.369667,52.764041,53.343791,0,
input,2505,54,0.117334,52.410875,53.6905,54.338834,0,
input,2506,54,0.099167,52.448625,53.713959,54.244917,0,
input,2507,54,0.097375,53.274333,56.916167,57.408208,0,
input,2508,54,0.101667,54.384791,55.969708,56.436208,0,
selection,2509,54,0.122459,0.030625,2.293167,3.831375,100,1
selection,2510,54,0.080375,0.020708,1.647833,3.004042,100,2
selection,2511,54,1.035333,0.022208,2.727375,4.517708,100,3
selection,2512,54,0.136708,0.031416,2.105458,3.564792,100,4
selection,2513,54,0.161375,0.04425,2.427458,4.441333,100,5
selection,2514,54,0.159875,0.044083,2.364542,6.148875,100,6
selection,2515,54,0.165375,0.0385,2.456333,6.592333,100,7
selection,2516,54,0.135791,0.029833,2.260916,6.066041,100,8
selection,2517,54,0.139209,0.028083,2.40725,7.036084,100,9
selection,2518,54,0.155792,0.037042,2.828833,7.136958,100,10
selection,2519,54,0.182,0.04375,3.143083,7.55275,100,11
selection,2520,54,0.16775,0.032792,3.045666,7.651875,100,12
selection,2521,54,0.186792,0.038625,3.2615,7.959167,100,13
selection,2522,54,2.083167,0.060666,5.84475,10.298208,100,14
selection,2523,54,0.223042,0.054583,3.155458,7.495667,100,15
selection,2524,54,0.16675,0.038125,3.305041,7.486583,100,16
selection,2525,54,0.134667,0.031042,3.686917,7.790084,100,17
selection,2526,54,0.149291,0.031667,3.195041,7.232875,100,18
selection,2527,54,1.730167,0.032709,5.217042,9.380167,100,19
selection,2528,54,0.204459,0.046875,4.005959,8.340417,100,20
empty,2529,54,0.153334,0.031959,2.312042,4.351667,0,
invoke,2530,55,,,3.577542,4.249125,0,
input,2531,55,0.307583,0.23025,5.596333,7.549083,3,0
input,2532,55,7.455833,0.194583,10.725583,12.697291,2,0
input,2533,55,1.213,0.169292,4.298875,6.453958,1,0
input,2534,55,1.652333,0.189542,4.900791,6.499541,1,0
input,2535,55,1.486959,0.17275,4.31175,5.851792,1,0
input,2536,55,1.9815,0.199833,5.2435,6.505584,1,0
input,2537,55,1.482708,0.039209,3.577083,5.427208,0,
input,2538,55,4.564541,0.035709,6.049208,6.756333,0,
input,2539,55,0.16425,0.03775,1.83625,2.509917,0,
input,2540,55,0.175667,0.379,6.674625,9.653583,100,0
input,2541,55,0.142875,0.332041,4.366416,6.472375,100,0
input,2542,55,0.184333,0.335583,4.777875,6.775083,100,0
input,2543,55,0.222042,0.33625,4.740209,6.707417,100,0
input,2544,55,0.11175,0.044792,3.616125,5.69425,0,
input,2545,55,0.18725,0.035917,3.81075,4.448875,0,
input,2546,55,0.683125,0.04375,2.296375,3.120584,0,
input,2547,55,0.112375,53.240208,55.308333,56.329541,0,
input,2548,55,0.127,51.253,52.951375,53.616917,0,
input,2549,55,0.130417,51.316125,54.124458,54.686125,0,
input,2550,55,1.120083,51.195542,53.717458,54.357375,0,
input,2551,55,0.113458,52.102416,53.342417,53.904458,0,
input,2552,55,0.107834,52.190958,53.504625,54.042792,0,
input,2553,55,0.350667,53.394083,54.890125,55.503917,0,
input,2554,55,1.255875,56.65,59.110875,59.721792,0,
selection,2555,55,0.137042,0.037708,2.4695,3.990667,100,1
selection,2556,55,0.125834,0.031375,1.802917,3.1995,100,2
selection,2557,55,0.169,0.038667,1.976375,3.371541,100,3
selection,2558,55,0.113625,0.029666,1.687375,3.026209,100,4
selection,2559,55,0.094416,0.024583,1.777041,3.36125,100,5
selection,2560,55,1.039542,0.030667,2.888334,6.917042,100,6
selection,2561,55,0.487,0.032666,2.49175,6.678542,100,7
selection,2562,55,0.140208,0.028334,2.215708,6.252125,100,8
selection,2563,55,0.220959,0.028625,2.517209,6.784209,100,9
selection,2564,55,0.160667,0.035458,2.920125,7.268792,100,10
selection,2565,55,0.170459,0.040542,3.178042,7.60125,100,11
selection,2566,55,0.177958,0.035917,2.809375,6.472542,100,12
selection,2567,55,0.164291,0.0345,2.872333,6.458958,100,13
selection,2568,55,0.150666,0.034541,3.160916,7.451291,100,14
selection,2569,55,0.177459,0.041875,3.455209,8.066792,100,15
selection,2570,55,0.202416,0.046917,3.622625,7.744083,100,16
selection,2571,55,1.222375,0.028541,4.45525,8.629167,100,17
selection,2572,55,0.2005,0.047875,3.711792,8.039459,100,18
selection,2573,55,0.178375,0.035792,3.670375,7.8405,100,19
selection,2574,55,0.196042,0.047667,4.249584,8.790584,100,20
empty,2575,55,1.375125,0.039125,3.170458,5.482458,0,
invoke,2576,56,,,10.015042,10.840542,0,
input,2577,56,0.142084,0.216875,6.914334,8.891125,3,0
input,2578,56,1.245125,0.19375,4.983,7.049583,2,0
input,2579,56,2.556292,0.182834,6.035875,8.123209,1,0
input,2580,56,2.146917,0.155625,5.21675,6.661834,1,0
input,2581,56,0.155542,0.133458,2.487833,3.81925,1,0
input,2582,56,0.211584,0.152458,3.121667,4.389417,1,0
input,2583,56,0.140708,0.035583,3.948583,5.760708,0,
input,2584,56,0.756667,0.042167,2.567459,3.368667,0,
input,2585,56,0.170542,0.035541,2.412917,3.15275,0,
input,2586,56,0.187166,0.340333,4.512458,7.358375,100,0
input,2587,56,0.198458,0.353083,6.572667,8.738125,100,0
input,2588,56,0.157125,0.340291,3.712417,5.572417,100,0
input,2589,56,0.142875,0.328917,3.934042,5.915875,100,0
input,2590,56,0.103,0.030875,1.940292,4.14475,0,
input,2591,56,0.157542,0.038458,2.187833,3.186917,0,
input,2592,56,0.167583,0.032042,1.545958,2.198542,0,
input,2593,56,0.1435,51.645541,53.395791,54.098583,0,
input,2594,56,1.395833,51.860208,54.559208,55.17025,0,
input,2595,56,0.106125,52.531792,55.058458,55.626083,0,
input,2596,56,0.082834,51.296916,52.41075,52.926042,0,
input,2597,56,0.099458,52.652917,53.955125,54.521333,0,
input,2598,56,2.036166,51.966667,55.210541,55.757041,0,
input,2599,56,0.118791,56.177042,57.504291,57.991791,0,
input,2600,56,1.353958,53.3355,55.870542,56.472167,0,
selection,2601,56,0.144375,0.035666,2.520208,4.042458,100,1
selection,2602,56,0.141583,0.038542,2.687583,4.447166,100,2
selection,2603,56,0.124792,0.026959,2.041875,3.698709,100,3
selection,2604,56,1.710833,0.032084,3.555791,5.265875,100,4
selection,2605,56,0.137458,0.036292,1.989833,3.61625,100,5
selection,2606,56,0.13375,0.033458,2.113041,5.899541,100,6
selection,2607,56,0.144166,0.029791,2.157833,6.324458,100,7
selection,2608,56,0.183666,0.054083,2.918958,7.444166,100,8
selection,2609,56,0.19775,0.049708,3.091209,8.044792,100,9
selection,2610,56,0.1865,0.040458,3.126834,7.495584,100,10
selection,2611,56,0.198833,0.045541,3.302041,8.260541,100,11
selection,2612,56,0.165459,0.037583,3.149375,7.782917,100,12
selection,2613,56,1.242042,0.032416,4.325375,8.5755,100,13
selection,2614,56,0.201334,0.04825,3.716292,8.061834,100,14
selection,2615,56,0.134708,0.037,3.0,6.909791,100,15
selection,2616,56,0.163333,0.03925,3.534625,7.835792,100,16
selection,2617,56,0.155958,0.039583,3.642042,8.063417,100,17
selection,2618,56,0.161167,0.031042,3.358209,6.999834,100,18
selection,2619,56,0.168083,0.043625,4.02925,8.259333,100,19
selection,2620,56,0.776125,0.036417,4.350416,8.269333,100,20
empty,2621,56,0.14,0.033792,1.888417,3.85975,0,
invoke,2622,57,,,3.930625,6.707042,0,
input,2623,57,0.141791,0.229375,5.611416,7.626458,3,0
input,2624,57,2.883375,0.168375,6.415,8.51625,2,0
input,2625,57,1.97075,0.18475,4.904875,7.222167,1,0
input,2626,57,0.829042,0.180084,3.928875,5.448959,1,0
input,2627,57,1.753708,0.167625,4.566125,6.116667,1,0
input,2628,57,2.059458,0.189625,5.3385,6.992917,1,0
input,2629,57,0.972792,0.052333,3.450125,5.52475,0,
input,2630,57,3.1845,0.036708,4.896583,5.764375,0,
input,2631,57,0.131458,0.042792,1.773917,2.532833,0,
input,2632,57,0.161167,0.390417,4.83,7.807334,100,0
input,2633,57,0.16525,0.332375,6.215542,8.660792,100,0
input,2634,57,0.146667,0.325791,5.369125,7.449417,100,0
input,2635,57,0.129208,0.36075,3.921541,5.978041,100,0
input,2636,57,0.125875,0.042917,2.355791,4.476833,0,
input,2637,57,0.276625,0.038458,2.815042,3.519042,0,
input,2638,57,1.460042,0.0335,3.157792,4.123334,0,
input,2639,57,0.153708,51.740792,54.394458,55.056,0,
input,2640,57,0.141041,50.660791,52.564833,53.168958,0,
input,2641,57,0.094375,51.13175,52.437792,53.00675,0,
input,2642,57,0.130584,50.986167,52.257542,52.769209,0,
input,2643,57,0.086917,51.995708,53.250333,53.768667,0,
input,2644,57,1.620375,52.905541,55.696041,56.2435,0,
input,2645,57,0.095542,54.284958,55.543583,56.091,0,
input,2646,57,0.11175,56.809958,58.105084,58.6875,0,
selection,2647,57,2.166834,0.035166,4.376542,5.727542,100,1
selection,2648,57,0.085167,0.022833,2.281958,3.6775,100,2
selection,2649,57,0.108292,0.029125,1.820667,3.261792,100,3
selection,2650,57,0.5165,0.041,2.928167,4.723625,100,4
selection,2651,57,2.176875,0.035833,4.199458,6.2175,100,5
selection,2652,57,0.162,0.033166,2.372417,6.373667,100,6
selection,2653,57,0.132459,0.03025,2.166875,6.163292,100,7
selection,2654,57,0.162417,0.034583,2.5185,6.589584,100,8
selection,2655,57,0.203375,0.063125,3.117834,7.779167,100,9
selection,2656,57,0.820625,0.037958,3.791833,8.410417,100,10
selection,2657,57,0.238125,0.049208,3.656541,8.334458,100,11
selection,2658,57,0.198709,0.051625,3.064542,7.315625,100,12
selection,2659,57,0.185625,0.051334,3.318292,8.020584,100,13
selection,2660,57,0.202333,0.045375,3.4685,7.924125,100,14
selection,2661,57,0.609167,0.043959,3.569,8.079,100,15
selection,2662,57,0.240541,0.064667,3.843,7.987333,100,16
selection,2663,57,0.190792,0.038708,3.811792,8.382709,100,17
selection,2664,57,0.205791,0.047125,4.031583,8.09825,100,18
selection,2665,57,0.203208,0.034667,3.838,8.284333,100,19
selection,2666,57,1.237375,0.035458,4.926,9.060208,100,20
empty,2667,57,0.138417,0.044291,1.774959,3.732834,0,
invoke,2668,58,,,4.411541,5.014875,0,
input,2669,58,0.17325,0.210334,5.811291,8.030125,3,0
input,2670,58,0.166875,0.186584,3.834834,5.932959,2,0
input,2671,58,1.307209,0.175625,4.172625,6.325417,1,0
input,2672,58,0.909166,0.192583,4.149875,5.635875,1,0
input,2673,58,1.635709,0.195833,4.591084,6.092625,1,0
input,2674,58,1.905333,0.189041,5.025291,6.265875,1,0
input,2675,58,1.588292,0.049208,3.865459,5.846709,0,
input,2676,58,4.344666,0.044125,6.187041,6.993666,0,
input,2677,58,0.163833,0.034042,1.872083,2.6145,0,
input,2678,58,0.155167,0.359666,4.981,8.022292,100,0
input,2679,58,0.144,0.341583,6.851166,9.275583,100,0
input,2680,58,0.152417,0.335208,3.906125,5.85625,100,0
input,2681,58,0.15375,0.340542,3.953083,5.9585,100,0
input,2682,58,0.107,0.03125,1.920458,4.045667,0,
input,2683,58,0.183708,0.046666,2.134417,2.90125,0,
input,2684,58,0.151416,0.036917,1.663541,2.350791,0,
input,2685,58,0.181917,52.154875,55.808834,56.620792,0,
input,2686,58,0.155209,51.629959,54.037,54.635167,0,
input,2687,58,0.10325,51.001083,52.31075,52.90225,0,
input,2688,58,0.107583,51.977541,55.678916,56.354125,0,
input,2689,58,0.108458,52.673166,53.921167,54.50825,0,
input,2690,58,0.117917,53.055875,54.256709,54.776834,0,
input,2691,58,0.08225,54.263334,55.579375,56.141958,0,
input,2692,58,0.109709,53.049584,54.442834,55.024292,0,
selection,2693,58,0.132667,0.03425,2.580667,4.103792,100,1
selection,2694,58,0.118375,0.029375,2.335417,3.753458,100,2
selection,2695,58,0.118458,0.029083,2.347042,4.126833,100,3
selection,2696,58,1.303833,0.029916,3.034041,4.59725,100,4
selection,2697,58,0.10875,0.025792,1.911458,3.437916,100,5
selection,2698,58,0.181958,0.051375,2.727583,7.157167,100,6
selection,2699,58,0.142833,0.036584,2.182291,6.4175,100,7
selection,2700,58,0.149583,0.032208,2.55025,6.777833,100,8
selection,2701,58,0.195791,0.040459,2.880791,7.283333,100,9
selection,2702,58,0.201708,0.045292,3.267333,7.938541,100,10
selection,2703,58,0.241875,0.049708,3.415,7.942916,100,11
selection,2704,58,2.225875,0.048625,5.655792,9.906709,100,12
selection,2705,58,0.218084,0.048334,3.439,7.585875,100,13
selection,2706,58,0.189375,0.043625,3.145042,7.417625,100,14
selection,2707,58,0.1945,0.048334,3.44375,7.764291,100,15
selection,2708,58,0.208583,0.045958,3.812541,8.090208,100,16
selection,2709,58,1.261875,0.034167,4.697667,8.907708,100,17
selection,2710,58,0.168667,0.05,3.76625,8.532834,100,18
selection,2711,58,0.218167,0.047083,3.979834,8.592459,100,19
selection,2712,58,0.237333,0.055959,4.135208,8.559417,100,20
empty,2713,58,1.431041,0.047416,3.434041,5.8115,0,
invoke,2714,59,,,4.758042,7.509292,0,
input,2715,59,0.180375,0.242959,8.763458,11.132042,3,0
input,2716,59,7.66075,0.163916,10.863959,13.034459,2,0
input,2717,59,1.20825,0.174625,4.113125,6.458958,1,0
input,2718,59,1.377,0.190667,4.436375,6.01425,1,0
input,2719,59,1.668166,0.169375,4.473875,6.055125,1,0
input,2720,59,1.961333,0.188917,4.953792,6.351,1,0
input,2721,59,1.691667,0.037208,3.7385,5.893,0,
input,2722,59,4.797792,0.038417,11.373083,12.064292,0,
input,2723,59,0.195792,0.029916,2.904125,3.637542,0,
input,2724,59,0.636833,0.368875,5.288708,8.497667,100,0
input,2725,59,0.155917,0.319667,5.566,7.928792,100,0
input,2726,59,0.164291,0.332625,3.931125,5.829,100,0
input,2727,59,0.180334,0.369667,6.211584,8.671,100,0
input,2728,59,0.106125,0.033,1.933875,4.023875,0,
input,2729,59,0.185875,0.035541,1.886875,2.556166,0,
input,2730,59,0.794458,0.043291,2.425708,3.218833,0,
input,2731,59,0.20675,52.547,54.600542,55.261542,0,
input,2732,59,0.134833,50.775,52.668708,53.286958,0,
input,2733,59,0.106541,53.385708,54.803833,55.385333,0,
input,2734,59,0.162125,51.188792,52.777125,53.339208,0,
input,2735,59,0.106459,52.60225,53.876625,54.378959,0,
input,2736,59,1.04275,51.982375,54.241916,54.7135,0,
input,2737,59,0.102834,53.974583,55.232792,55.811375,0,
input,2738,59,0.083542,54.640292,57.901167,58.484,0,
selection,2739,59,0.151792,0.038916,2.738875,4.424042,100,1
selection,2740,59,0.125375,0.030667,2.035625,3.537792,100,2
selection,2741,59,0.123375,0.029667,2.033125,3.60675,100,3
selection,2742,59,2.174542,0.035334,4.197542,5.701917,100,4
selection,2743,59,0.096584,0.023625,1.928375,3.748542,100,5
selection,2744,59,0.154291,0.042125,2.615791,7.032708,100,6
selection,2745,59,0.172166,0.038167,2.515125,6.580583,100,7
selection,2746,59,0.13825,0.03275,2.66125,6.51625,100,8
selection,2747,59,0.216667,0.045167,3.131042,7.981959,100,9
selection,2748,59,4.583791,0.082292,8.213041,12.636333,100,10
selection,2749,59,0.190791,0.042542,3.159125,7.716041,100,11
selection,2750,59,0.168209,0.03525,3.303125,7.926042,100,12
selection,2751,59,0.158584,0.036041,3.231375,7.953667,100,13
selection,2752,59,0.154667,0.040375,3.508584,8.532542,100,14
selection,2753,59,0.327625,0.056416,3.754083,8.010166,100,15
selection,2754,59,0.191542,0.042584,3.530833,7.676083,100,16
selection,2755,59,0.133125,0.032042,3.332584,7.514375,100,17
selection,2756,59,0.200334,0.060875,3.806209,8.305084,100,18
selection,2757,59,0.19975,0.040917,3.746666,8.029416,100,19
selection,2758,59,0.770042,0.029125,3.86575,7.603417,100,20
empty,2759,59,0.149667,0.039833,4.756167,7.011542,0,
