operation,sample,cycle,dispatch_ms,controller_ms,graph_ms,draw_proxy_ms,results,selected
invoke,0,0,,,6.543625,8.350666,0,
input,1,0,0.372584,0.279083,25.61275,31.127709,3,0
input,2,0,4.602333,0.118667,10.370375,12.465167,2,0
input,3,0,0.214709,0.147625,5.22575,7.096542,1,0
input,4,0,0.78025,0.141459,4.554875,5.577458,1,0
input,5,0,1.66425,0.115416,5.30325,6.331375,1,0
input,6,0,1.58275,0.1195,4.916167,5.869084,1,0
input,7,0,1.823958,0.0335,5.45925,7.413458,0,
input,8,0,2.232,0.032,5.993375,6.65075,0,
input,9,0,1.999417,0.034209,6.668542,7.372458,0,
input,10,0,0.939458,0.323083,6.9465,9.988292,100,0
input,11,0,0.130959,0.318291,3.424959,5.292125,100,0
input,12,0,0.17475,0.334791,4.221917,5.948375,100,0
input,13,0,0.121584,0.355625,3.777375,5.547084,100,0
input,14,0,0.098167,0.042291,4.287208,6.154083,0,
input,15,0,0.677291,0.031125,3.747833,4.405041,0,
input,16,0,0.131125,0.029667,1.327375,1.902708,0,
input,17,0,0.129208,51.228916,52.922708,53.541875,0,
input,18,0,1.653916,49.784917,53.654833,54.219666,0,
input,19,0,0.084084,47.893042,50.597334,51.070584,0,
input,20,0,0.723625,48.553458,53.631875,54.206083,0,
input,21,0,0.090958,51.5465,52.843083,53.364375,0,
input,22,0,0.077417,50.189875,51.43725,51.998042,0,
input,23,0,1.955583,53.313167,56.325166,56.808208,0,
input,24,0,1.456042,50.700333,57.388875,57.8965,0,
selection,25,0,0.232542,0.030625,2.363792,3.962042,100,1
selection,26,0,0.129833,0.032208,1.677041,2.976708,100,2
selection,27,0,0.123,0.0305,1.870083,3.218208,100,3
selection,28,0,0.729416,0.03775,2.467791,3.806375,100,4
selection,29,0,0.091375,0.02375,1.617125,3.003084,100,5
selection,30,0,0.07,0.0195,1.525458,5.538125,100,6
selection,31,0,0.158625,0.036875,2.112917,6.135542,100,7
selection,32,0,0.147167,0.033833,2.418375,6.469,100,8
selection,33,0,0.132542,0.027167,2.401333,6.641917,100,9
selection,34,0,1.167208,0.029375,3.805917,8.2445,100,10
selection,35,0,0.9475,0.033208,3.551417,7.971125,100,11
selection,36,0,0.158083,0.03475,2.885,7.062708,100,12
selection,37,0,0.555125,0.03325,3.564042,8.277708,100,13
selection,38,0,0.216667,0.036083,3.526042,8.157542,100,14
selection,39,0,0.162375,0.035583,3.324167,8.042042,100,15
selection,40,0,0.150125,0.041792,3.9655,8.584209,100,16
selection,41,0,0.799375,0.083291,4.858542,9.357417,100,17
selection,42,0,0.154875,0.033291,3.383917,7.470125,100,18
selection,43,0,0.16325,0.033583,3.387417,7.307417,100,19
selection,44,0,0.20825,0.04475,4.238708,8.682333,100,20
empty,45,0,0.117042,0.031667,1.593917,3.577625,0,
invoke,46,1,,,4.034792,4.689083,0,
input,47,1,0.186334,0.171958,5.785209,8.337042,3,0
input,48,1,8.001041,0.1845,13.010041,15.096708,2,0
input,49,1,3.303541,0.146417,7.9015,9.827666,1,0
input,50,1,8.344625,0.152083,12.678042,14.004667,1,0
input,51,1,1.779292,0.162666,8.498084,9.927917,1,0
input,52,1,0.146708,0.15,2.539208,3.757041,1,0
input,53,1,0.413042,0.03175,3.407125,5.108,0,
input,54,1,5.641625,0.036833,7.148458,7.869625,0,
input,55,1,1.883708,0.033292,4.714916,5.407625,0,
input,56,1,0.166708,0.359875,6.028542,9.073958,100,0
input,57,1,10.140459,0.311,13.953875,16.030709,100,0
input,58,1,0.204291,0.348292,4.736041,6.844416,100,0
input,59,1,0.143833,0.352208,3.611708,5.522708,100,0
input,60,1,0.105875,0.035625,2.049791,4.291041,0,
input,61,1,0.148,0.033333,3.19625,3.852417,0,
input,62,1,0.181917,0.039708,1.783167,2.535917,0,
input,63,1,0.139667,51.918542,53.5585,54.167833,0,
input,64,1,0.27625,47.802125,50.500291,51.130833,0,
input,65,1,0.104917,48.23375,52.556959,53.165875,0,
input,66,1,0.368875,51.295875,56.382459,56.897459,0,
input,67,1,0.096792,50.160167,53.696084,54.253667,0,
input,68,1,1.968,53.083375,57.466416,57.956208,0,
input,69,1,0.385958,56.0045,58.577625,59.172375,0,
input,70,1,0.10975,55.264417,56.597542,57.09,0,
selection,71,1,0.14375,0.032958,2.2475,3.568,100,1
selection,72,1,0.470875,0.030458,2.121458,3.431583,100,2
selection,73,1,0.13025,0.023083,1.531791,2.60625,100,3
selection,74,1,0.079167,0.019583,1.386708,2.637667,100,4
selection,75,1,0.13025,0.026542,1.966042,3.561792,100,5
selection,76,1,0.170041,0.042458,2.240958,5.832833,100,6
selection,77,1,0.164167,0.035792,2.3405,5.8885,100,7
selection,78,1,0.140875,0.034667,2.432333,6.20725,100,8
selection,79,1,0.130292,0.030917,2.441209,6.551,100,9
selection,80,1,0.154083,0.034,2.734042,6.51975,100,10
selection,81,1,0.152042,0.036875,2.895667,6.777084,100,11
selection,82,1,0.152167,0.036584,3.071042,7.108333,100,12
selection,83,1,0.132917,0.03,2.953292,7.004042,100,13
selection,84,1,0.197625,0.043959,3.300833,7.622416,100,14
selection,85,1,0.151916,0.038166,3.193958,7.394958,100,15
selection,86,1,0.218208,0.062333,3.886625,8.659167,100,16
selection,87,1,1.320375,0.043584,4.883584,9.264125,100,17
selection,88,1,0.164209,0.039417,3.734875,8.108875,100,18
selection,89,1,0.179958,0.025042,3.141458,6.656416,100,19
selection,90,1,0.134042,0.025208,3.508458,7.899083,100,20
empty,91,1,0.12875,0.030458,3.764959,5.500625,0,
invoke,92,2,,,3.91975,5.166,0,
input,93,2,0.147208,0.213083,5.482792,7.538292,3,0
input,94,2,4.781209,0.131208,9.560792,11.448042,2,0
input,95,2,0.7555,0.146667,5.149917,7.314,1,0
input,96,2,0.708834,0.113458,4.774292,6.059125,1,0
input,97,2,1.065833,0.135542,6.104708,7.246958,1,0
input,98,2,0.213375,0.168834,3.915292,5.196042,1,0
input,99,2,1.023291,0.033375,4.175333,5.792625,0,
input,100,2,6.205917,0.03175,7.86675,8.660333,0,
input,101,2,0.975167,0.052458,4.180042,4.858167,0,
input,102,2,0.198583,0.333792,5.519541,8.163458,100,0
input,103,2,11.233209,0.325542,14.706042,16.579542,100,0
input,104,2,0.179625,0.354625,4.393625,6.388,100,0
input,105,2,0.477208,0.33625,5.91725,8.063291,100,0
input,106,2,0.124625,0.034625,2.105208,4.2665,0,
input,107,2,1.208209,0.031167,3.847917,4.501292,0,
input,108,2,0.126416,0.029042,1.383166,1.973791,0,
input,109,2,1.086959,50.880042,54.57,55.15525,0,
input,110,2,0.116375,49.16725,50.592125,51.222333,0,
input,111,2,0.096667,50.70575,53.576417,54.115792,0,
input,112,2,1.720417,51.116166,56.940917,57.442875,0,
input,113,2,0.752584,50.851,52.603042,53.080709,0,
input,114,2,0.089958,50.743917,52.267542,52.806917,0,
input,115,2,0.090792,53.274,56.011167,56.637959,0,
input,116,2,0.0995,51.32625,55.984542,56.488583,0,
selection,117,2,0.117333,0.031417,2.2795,3.732166,100,1
selection,118,2,0.104125,0.025709,1.481959,2.6235,100,2
selection,119,2,0.121042,0.025083,1.860709,3.351667,100,3
selection,120,2,1.060625,0.029958,2.527125,3.747334,100,4
selection,121,2,0.111875,0.024625,1.7745,3.377083,100,5
selection,122,2,0.125666,0.031209,2.190333,6.043333,100,6
selection,123,2,0.1615,0.041625,2.410542,6.487042,100,7
selection,124,2,0.154042,0.040042,2.549333,6.261042,100,8
selection,125,2,0.215167,0.05275,2.481667,6.141667,100,9
selection,126,2,0.163917,0.038959,2.981333,6.95525,100,10
selection,127,2,0.122833,0.0275,2.516833,6.260292,100,11
selection,128,2,0.132375,0.031625,2.703541,6.843708,100,12
selection,129,2,0.197375,0.041083,3.187625,7.296875,100,13
selection,130,2,0.157458,0.034833,3.062,7.198292,100,14
selection,131,2,0.154166,0.038458,3.202333,7.549833,100,15
selection,132,2,0.218417,0.04525,3.749375,8.057208,100,16
selection,133,2,0.207417,0.051292,3.40375,7.686125,100,17
selection,134,2,1.726292,0.049542,5.434209,10.024167,100,18
selection,135,2,0.176917,0.04125,3.623375,8.308292,100,19
selection,136,2,0.169541,0.044459,3.656958,7.866708,100,20
empty,137,2,2.457917,0.03125,12.856583,14.733542,0,
invoke,138,3,,,5.224167,5.855333,0,
input,139,3,0.311208,0.170792,5.606875,7.481167,3,0
input,140,3,0.144917,0.115416,4.081042,5.772625,2,0
input,141,3,0.745916,0.141292,5.353,7.262958,1,0
input,142,3,0.180916,0.143584,5.19575,6.539916,1,0
input,143,3,0.587791,0.167291,5.054875,6.325708,1,0
input,144,3,0.594917,0.139875,4.251875,5.4615,1,0
input,145,3,1.069417,0.038125,4.274834,5.888125,0,
input,146,3,3.335542,0.029833,6.61775,7.242625,0,
input,147,3,0.167167,0.041541,1.958125,2.798917,0,
input,148,3,0.123708,0.336167,4.612291,7.840916,100,0
input,149,3,0.147625,0.363958,4.079792,6.4295,100,0
input,150,3,0.157042,0.339334,3.75025,5.547167,100,0
input,151,3,0.140041,0.3565,3.579041,5.243083,100,0
input,152,3,0.123042,0.036208,1.965667,3.992084,0,
input,153,3,3.864416,0.03375,5.344458,6.067458,0,
input,154,3,0.141,0.030458,1.403,2.033542,0,
input,155,3,0.149,50.99175,54.232792,54.90075,0,
input,156,3,0.146666,48.851125,50.905875,51.502541,0,
input,157,3,0.12125,48.432916,49.837541,50.421875,0,
input,158,3,0.086916,49.237833,50.403416,50.896666,0,
input,159,3,0.115708,52.466333,55.706041,56.337875,0,
input,160,3,0.113583,50.490875,55.452833,55.94375,0,
input,161,3,0.1,51.005458,54.833708,55.315375,0,
input,162,3,1.11675,52.008458,57.50275,58.090667,0,
selection,163,3,0.152916,0.031417,2.326416,3.720458,100,1
selection,164,3,1.106833,0.028875,2.750542,3.978208,100,2
selection,165,3,0.156,0.040334,1.964459,3.365709,100,3
selection,166,3,0.135875,0.03375,2.035958,3.543666,100,4
selection,167,3,0.112875,0.024708,1.766583,3.205542,100,5
selection,168,3,0.118542,0.035958,2.206792,5.908042,100,6
selection,169,3,0.125875,0.029292,2.0765,5.768042,100,7
selection,170,3,0.156042,0.039667,2.516583,6.674333,100,8
selection,171,3,0.141542,0.040417,2.395542,6.231125,100,9
selection,172,3,0.189458,0.054834,2.785125,6.470583,100,10
selection,173,3,0.16625,0.046375,2.777542,6.464042,100,11
selection,174,3,0.152291,0.035583,2.8265,6.596791,100,12
selection,175,3,0.234,0.029958,2.965542,7.059042,100,13
selection,176,3,0.197042,0.070583,3.530834,7.663959,100,14
selection,177,3,0.119,0.025292,2.656875,5.8395,100,15
selection,178,3,0.171959,0.041542,3.445375,7.991334,100,16
selection,179,3,0.243083,0.061375,3.919917,8.848375,100,17
selection,180,3,0.170417,0.044,4.101167,8.759334,100,18
selection,181,3,1.604291,0.03225,4.887708,9.078666,100,19
selection,182,3,0.223625,0.047833,4.239375,8.870209,100,20
empty,183,3,0.111417,0.0305,1.669583,3.731625,0,
invoke,184,4,,,4.380458,5.094167,0,
input,185,4,0.176458,0.1655,7.330583,9.374625,3,0
input,186,4,3.596708,0.158834,9.098875,10.926583,2,0
input,187,4,0.737708,0.12725,4.874292,6.80325,1,0
input,188,4,0.792084,0.151584,4.776917,5.93475,1,0
input,189,4,1.187334,0.132583,4.629875,6.084875,1,0
input,190,4,0.190583,0.157375,3.131083,4.607917,1,0
input,191,4,0.1405,0.037458,2.125334,3.946917,0,
input,192,4,0.198417,0.038708,5.182709,5.999209,0,
input,193,4,0.181,0.040208,3.101334,3.757334,0,
input,194,4,0.20975,0.380833,5.548042,8.561167,100,0
input,195,4,7.785208,0.348542,11.87425,14.034708,100,0
input,196,4,0.193417,0.385917,4.735,6.901833,100,0
input,197,4,0.130833,0.361542,3.5625,5.665083,100,0
input,198,4,0.136083,0.040333,2.393708,4.826666,0,
input,199,4,0.148583,0.035125,1.553542,2.362417,0,
input,200,4,1.068584,0.03575,4.295459,4.974625,0,
input,201,4,0.157625,53.26725,55.056,55.644875,0,
input,202,4,0.124625,49.189917,50.702875,51.321667,0,
input,203,4,1.735791,47.773541,52.041958,52.656833,0,
input,204,4,0.120125,48.011708,49.58025,50.132709,0,
input,205,4,0.098208,49.367584,50.611625,51.118417,0,
input,206,4,0.348083,51.407542,52.92325,53.51825,0,
input,207,4,0.087375,52.572166,53.902083,54.547833,0,
input,208,4,0.105541,49.932542,51.257833,51.802333,0,
selection,209,4,0.144209,0.0325,2.452667,3.930167,100,1
selection,210,4,2.056583,0.030833,3.7845,5.216125,100,2
selection,211,4,0.11575,0.025083,1.767541,3.043708,100,3
selection,212,4,0.08575,0.020708,1.514584,2.873125,100,4
selection,213,4,1.822083,0.026709,3.727875,5.657416,100,5
selection,214,4,0.136333,0.032917,2.337,6.58375,100,6
selection,215,4,0.1395,0.032125,2.173458,6.338042,100,7
selection,216,4,0.186708,0.045916,2.76375,7.3045,100,8
selection,217,4,1.334083,0.038875,4.055,8.49075,100,9
selection,218,4,1.018042,0.047125,3.828709,8.236709,100,10
selection,219,4,0.148375,0.0305,2.601584,6.543209,100,11
selection,220,4,0.213417,0.049792,3.175125,7.636792,100,12
selection,221,4,0.166292,0.0325,3.363667,7.377667,100,13
selection,222,4,0.182333,0.039666,3.2625,8.018083,100,14
selection,223,4,0.172625,0.046958,3.450667,7.999292,100,15
selection,224,4,2.137834,0.056417,5.706459,9.90525,100,16
selection,225,4,0.248834,0.056083,3.422209,7.6505,100,17
selection,226,4,0.177167,0.037125,3.323084,7.333375,100,18
selection,227,4,0.153667,0.034958,3.923,8.039042,100,19
selection,228,4,0.170041,0.037875,3.802125,8.377583,100,20
empty,229,4,0.280333,0.036708,2.012,4.305125,0,
invoke,230,5,,,9.973833,10.697,0,
input,231,5,0.167042,0.231542,6.387,8.450917,3,0
input,232,5,1.81775,0.138958,6.951458,8.795916,2,0
input,233,5,0.733542,0.155291,5.767167,7.716167,1,0
input,234,5,0.239625,0.184625,4.732,6.121666,1,0
input,235,5,0.133792,0.144083,2.55175,3.881333,1,0
input,236,5,0.400416,0.14975,4.843083,6.128875,1,0
input,237,5,0.162042,0.034541,3.261292,4.995667,0,
input,238,5,6.247375,0.035,7.800583,8.492041,0,
input,239,5,1.281792,0.042958,4.871125,5.533,0,
input,240,5,0.200125,0.339125,5.493542,8.254292,100,0
input,241,5,0.739958,0.370667,6.509083,8.619375,100,0
input,242,5,0.138292,0.322834,3.936959,5.876209,100,0
input,243,5,0.2285,0.329666,3.946792,6.010167,100,0
input,244,5,0.114875,0.033417,1.77775,3.7075,0,
input,245,5,4.350958,0.031666,5.660833,6.353041,0,
input,246,5,0.147375,0.037167,1.686916,2.371416,0,
input,247,5,0.137625,52.107625,54.017042,54.666125,0,
input,248,5,0.421167,48.580958,50.989875,51.624292,0,
input,249,5,0.1135,48.342291,50.579333,51.10125,0,
input,250,5,0.132083,48.37225,49.914791,50.443708,0,
input,251,5,1.392416,51.710458,54.230041,54.86275,0,
input,252,5,0.097,50.767084,52.028333,52.569042,0,
input,253,5,0.108125,53.394583,54.811667,55.478292,0,
input,254,5,0.107458,54.330667,59.179916,59.778166,0,
selection,255,5,0.686041,0.035958,2.841416,4.2465,100,1
selection,256,5,0.128125,0.0265,1.717167,2.957333,100,2
selection,257,5,0.073833,0.0195,1.425958,2.658417,100,3
selection,258,5,0.076459,0.019333,1.383792,2.613459,100,4
selection,259,5,0.080916,0.0195,1.48925,2.970458,100,5
selection,260,5,0.103042,0.024375,1.951292,5.47825,100,6
selection,261,5,0.140291,0.044833,2.60825,6.587375,100,7
selection,262,5,0.160666,0.032084,2.457666,6.410833,100,8
selection,263,5,0.124875,0.029167,2.471875,6.368334,100,9
selection,264,5,0.133584,0.028375,2.41075,6.721875,100,10
selection,265,5,0.143166,0.029708,2.548916,6.678041,100,11
selection,266,5,0.157083,0.041166,3.102333,7.378708,100,12
selection,267,5,0.230041,0.045208,3.083541,6.967333,100,13
selection,268,5,0.133458,0.030125,3.161625,7.221958,100,14
selection,269,5,0.183167,0.04025,3.477292,7.841,100,15
selection,270,5,0.163292,0.041458,3.481834,8.344709,100,16
selection,271,5,2.133709,0.042209,5.486625,9.860459,100,17
selection,272,5,0.17575,0.039,3.533,7.822291,100,18
selection,273,5,0.145208,0.034959,3.419208,7.441083,100,19
selection,274,5,0.136625,0.03075,3.594042,7.617917,100,20
empty,275,5,0.149458,0.042584,2.061375,4.383875,0,
invoke,276,6,,,4.176125,4.804542,0,
input,277,6,1.212333,0.176583,8.668917,10.633708,3,0
input,278,6,2.172375,0.116416,8.41225,10.488291,2,0
input,279,6,6.0945,0.152083,10.743083,12.932917,1,0
input,280,6,1.488,0.125542,5.753709,6.942375,1,0
input,281,6,1.213,0.154833,5.378042,6.779042,1,0
input,282,6,0.822583,0.146375,4.574125,6.072417,1,0
input,283,6,0.837041,0.033375,3.942,5.97925,0,
input,284,6,4.95875,0.037292,6.548833,7.226958,0,
input,285,6,1.783708,0.037291,4.735875,5.485333,0,
input,286,6,0.163791,0.371417,5.550416,8.582208,100,0
input,287,6,0.222167,0.3595,6.148333,8.508417,100,0
input,288,6,0.138833,0.36275,3.79225,5.827292,100,0
input,289,6,0.195875,0.371458,4.46925,6.680084,100,0
input,290,6,0.109375,0.036416,2.298875,4.631667,0,
input,291,6,0.91175,0.035709,4.099,4.922,0,
input,292,6,0.128042,0.038083,1.689125,2.4235,0,
input,293,6,0.185375,51.089709,53.182667,54.038375,0,
input,294,6,0.201375,49.687042,54.924459,55.544584,0,
input,295,6,0.899833,48.16075,52.363375,52.979875,0,
input,296,6,0.124083,50.80925,52.451958,53.050792,0,
input,297,6,0.084041,51.348125,52.643666,53.283083,0,
input,298,6,0.093417,49.905625,51.176375,51.736208,0,
input,299,6,0.833208,52.243,56.474167,56.98425,0,
input,300,6,0.165334,50.904916,54.479334,55.026042,0,
selection,301,6,0.693083,0.030958,2.9105,4.4575,100,1
selection,302,6,0.16225,0.034166,1.946666,3.218583,100,2
selection,303,6,0.125542,0.024875,1.83775,3.18,100,3
selection,304,6,1.731833,0.029542,3.580291,5.139416,100,4
selection,305,6,0.122625,0.028166,1.811458,3.251917,100,5
selection,306,6,0.1375,0.031791,2.358083,6.186958,100,6
selection,307,6,0.148375,0.031958,2.332666,6.384708,100,7
selection,308,6,0.183917,0.0465,2.712,6.837792,100,8
selection,309,6,0.14825,0.039167,2.600208,6.580542,100,9
selection,310,6,0.137667,0.03275,2.861125,7.13475,100,10
selection,311,6,0.163417,0.038542,2.973042,7.469,100,11
selection,312,6,0.132667,0.028125,2.701125,6.741708,100,12
selection,313,6,0.254292,0.061,3.124875,7.412125,100,13
selection,314,6,2.015375,0.043583,5.137125,9.455375,100,14
selection,315,6,0.20925,0.0505,3.367625,7.716667,100,15
selection,316,6,0.190042,0.041791,3.442833,7.42575,100,16
selection,317,6,8.146084,0.069375,11.64225,15.834209,100,17
selection,318,6,0.207833,0.047625,3.753042,7.916,100,18
selection,319,6,0.20025,0.048375,3.484833,7.601666,100,19
selection,320,6,0.211375,0.052542,4.4885,9.090458,100,20
empty,321,6,0.936708,0.035458,2.5275,4.383958,0,
invoke,322,7,,,5.869208,6.495917,0,
input,323,7,0.181667,0.160375,7.09725,8.95075,3,0
input,324,7,3.891959,0.137834,10.8225,12.782792,2,0
input,325,7,5.719167,0.149042,10.745042,12.583875,1,0
input,326,7,3.775583,0.176459,6.312833,7.679625,1,0
input,327,7,0.134291,0.149375,5.396,6.565583,1,0
input,328,7,0.142416,0.179333,3.281458,4.506541,1,0
input,329,7,1.455125,0.031834,4.034917,5.641,0,
input,330,7,3.109417,0.032333,5.707417,6.40775,0,
input,331,7,0.112959,0.0325,1.434125,2.072084,0,
input,332,7,0.6845,0.349583,5.888375,8.331334,100,0
input,333,7,0.129791,0.317708,3.764041,5.776333,100,0
input,334,7,0.126333,0.339291,3.903792,5.65175,100,0
input,335,7,0.130375,0.364375,5.065667,6.927417,100,0
input,336,7,0.115833,0.036334,2.427625,4.420291,0,
input,337,7,0.167625,0.035792,1.55475,2.223667,0,
input,338,7,0.134542,0.032292,1.485875,2.123459,0,
input,339,7,0.158042,51.850625,53.408292,53.979458,0,
input,340,7,0.720959,48.400834,54.703334,55.34375,0,
input,341,7,1.747375,51.998625,58.979625,59.518459,0,
input,342,7,0.4765,53.796792,60.677458,61.296458,0,
input,343,7,5.341084,55.005208,64.923375,65.623042,0,
input,344,7,0.134375,53.40225,55.863959,56.507875,0,
input,345,7,0.139833,54.632833,57.802625,58.491416,0,
input,346,7,0.128917,52.921291,54.316,55.041833,0,
selection,347,7,0.203958,0.03425,2.771541,4.544291,100,1
selection,348,7,2.118291,0.041,3.692541,5.024833,100,2
selection,349,7,0.181292,0.039917,1.804792,3.010458,100,3
selection,350,7,0.126917,0.034,1.696208,3.411833,100,4
selection,351,7,0.1325,0.028792,1.541917,3.060792,100,5
selection,352,7,0.191834,0.037,1.990417,5.432542,100,6
selection,353,7,1.126667,0.040291,2.9345,6.452959,100,7
selection,354,7,1.068625,0.039458,3.023125,6.438541,100,8
selection,355,7,1.212041,0.043708,3.266583,7.085041,100,9
selection,356,7,0.707,0.039834,2.788958,6.4595,100,10
selection,357,7,0.622375,0.038,2.856125,6.780333,100,11
selection,358,7,1.6155,0.03775,3.812125,7.63725,100,12
selection,359,7,0.332916,0.037167,2.714958,6.662333,100,13
selection,360,7,0.155209,0.038542,2.561167,6.401709,100,14
selection,361,7,0.129709,0.034583,2.58125,6.345834,100,15
selection,362,7,0.133375,0.035958,2.863834,6.753709,100,16
selection,363,7,0.15,0.036917,2.972833,6.68925,100,17
selection,364,7,0.708666,0.035584,3.40975,7.216125,100,18
selection,365,7,0.706708,0.035833,3.538417,7.392792,100,19
selection,366,7,0.134667,0.038458,3.128709,6.933459,100,20
empty,367,7,0.10925,0.032625,5.1785,6.775333,0,
invoke,368,8,,,5.668333,7.230208,0,
input,369,8,0.194792,0.090625,3.549875,5.210334,3,0
input,370,8,3.632167,0.130375,10.619417,12.007875,2,0
input,371,8,6.325917,0.139083,13.050292,14.553334,1,0
input,372,8,0.118167,0.115042,4.716542,5.83175,1,0
input,373,8,0.127667,0.107583,5.186542,6.278625,1,0
input,374,8,0.680917,0.119625,6.458042,7.415375,1,0
input,375,8,0.083,0.030417,4.939958,6.157875,0,
input,376,8,0.134833,0.032083,1.643583,2.148542,0,
input,377,8,0.09875,0.0335,5.53225,6.099625,0,
input,378,8,0.167125,0.299042,7.345541,9.772333,100,0
input,379,8,0.107167,0.321833,5.431375,7.187167,100,0
input,380,8,0.134,0.362125,4.679917,6.373417,100,0
input,381,8,0.151959,0.364667,4.019334,5.726875,100,0
input,382,8,0.109041,0.033666,2.7455,4.344541,0,
input,383,8,0.112375,0.034916,6.407625,7.019959,0,
input,384,8,0.129958,0.031667,5.668625,6.180375,0,
input,385,8,0.112,51.932458,57.032625,57.604,0,
input,386,8,0.137208,51.95825,55.685292,56.256833,0,
input,387,8,0.13925,51.84275,56.054417,56.623,0,
input,388,8,0.139916,51.605125,55.32125,55.909833,0,
input,389,8,0.12025,53.994417,57.822334,58.439917,0,
input,390,8,0.163125,53.621375,55.875666,56.460166,0,
input,391,8,0.13275,54.060416,56.213416,56.929333,0,
input,392,8,0.106542,54.700583,57.673167,58.317417,0,
selection,393,8,0.144416,0.036125,2.185875,3.733333,100,1
selection,394,8,0.138125,0.037833,2.142333,3.4105,100,2
selection,395,8,0.189208,0.036375,1.94375,3.353417,100,3
selection,396,8,0.146625,0.038458,1.68425,2.866917,100,4
selection,397,8,0.144708,0.035875,1.755667,3.436625,100,5
selection,398,8,1.460458,0.038083,3.194542,6.768417,100,6
selection,399,8,1.079125,0.032084,2.685875,6.032083,100,7
selection,400,8,1.691667,0.037709,3.465084,6.827459,100,8
selection,401,8,1.218666,0.030708,3.013166,6.417958,100,9
selection,402,8,1.172166,0.035042,3.283708,6.921541,100,10
selection,403,8,1.756417,0.045833,4.229459,8.036625,100,11
selection,404,8,1.026458,0.033083,3.177417,6.647458,100,12
selection,405,8,0.784708,0.030291,2.945666,6.2625,100,13
selection,406,8,0.909834,0.034792,3.237875,6.579667,100,14
selection,407,8,0.821875,0.024041,3.137208,6.463625,100,15
selection,408,8,0.6475,0.026125,2.972958,6.131833,100,16
selection,409,8,1.684541,0.02375,4.061125,7.060875,100,17
selection,410,8,1.111917,0.02275,3.786584,7.19775,100,18
selection,411,8,0.244,0.024334,3.03,6.377209,100,19
selection,412,8,0.298125,0.026792,3.097792,6.314,100,20
empty,413,8,0.126,0.023166,1.158041,2.518541,0,
invoke,414,9,,,3.84975,4.393167,0,
input,415,9,0.129708,0.15,4.675041,6.475083,3,0
input,416,9,0.122917,0.120541,2.453417,4.004625,2,0
input,417,9,5.352875,0.149208,9.31475,10.981958,1,0
input,418,9,2.159125,0.138417,5.74125,6.885166,1,0
input,419,9,0.12125,0.116208,2.100167,3.291875,1,0
input,420,9,0.111042,0.13925,2.459834,3.633584,1,0
input,421,9,0.098458,0.035916,4.344083,6.148375,0,
input,422,9,1.704,0.033375,4.761708,5.576625,0,
input,423,9,0.137875,0.030375,1.34225,1.97575,0,
input,424,9,0.163,0.379375,4.712875,7.408958,100,0
input,425,9,0.115083,0.360875,3.874375,6.126083,100,0
input,426,9,5.318458,0.385667,11.806917,13.761,100,0
input,427,9,0.197792,0.386583,4.2715,6.132917,100,0
input,428,9,0.115208,0.036583,2.729791,4.928458,0,
input,429,9,2.650292,0.031584,3.995625,4.704625,0,
input,430,9,0.134875,0.031084,1.417917,2.052084,0,
input,431,9,0.1575,51.997209,53.715125,54.297417,0,
input,432,9,0.401333,50.620333,55.4675,56.075167,0,
input,433,9,0.765792,50.776625,55.576584,56.062042,0,
input,434,9,1.17175,47.956625,53.50875,54.035167,0,
input,435,9,0.129042,48.755583,50.020584,50.533375,0,
input,436,9,1.110083,49.993375,52.182833,52.657875,0,
input,437,9,0.1035,51.956667,53.2205,53.771416,0,
input,438,9,0.667167,50.360875,53.082583,53.578292,0,
selection,439,9,0.996375,0.036416,3.133333,4.477458,100,1
selection,440,9,0.106,0.020709,1.57825,2.789166,100,2
selection,441,9,0.084333,0.0205,1.461208,2.654333,100,3
selection,442,9,0.132208,0.028417,1.944958,3.373541,100,4
selection,443,9,0.145666,0.036708,2.01025,3.743583,100,5
selection,444,9,0.143417,0.032333,2.086209,5.552,100,6
selection,445,9,0.125958,0.028584,2.057625,5.575208,100,7
selection,446,9,0.164667,0.036417,2.410834,6.519584,100,8
selection,447,9,0.152417,0.034583,2.472833,6.375083,100,9
selection,448,9,0.155542,0.032042,2.696083,6.559583,100,10
selection,449,9,0.206542,0.064209,2.961292,7.433625,100,11
selection,450,9,0.154125,0.032333,2.793917,6.834417,100,12
selection,451,9,2.089,0.030667,4.92175,9.143292,100,13
selection,452,9,0.153875,0.029625,2.856334,6.964292,100,14
selection,453,9,0.242583,0.056542,4.094375,8.949625,100,15
selection,454,9,0.147958,0.033667,3.405458,8.061792,100,16
selection,455,9,0.23725,0.057833,3.812,8.197167,100,17
selection,456,9,0.616125,0.055667,4.418834,8.740334,100,18
selection,457,9,0.151208,0.032667,3.268833,7.499958,100,19
selection,458,9,0.1735,0.042583,3.665667,7.7655,100,20
empty,459,9,0.108708,0.030375,1.598541,3.720541,0,
invoke,460,10,,,7.389917,8.7775,0,
input,461,10,0.147375,0.153083,5.818542,7.874792,3,0
input,462,10,3.948375,0.148167,9.617666,11.769416,2,0
input,463,10,7.690458,0.140375,12.689291,14.417208,1,0
input,464,10,0.107042,0.194959,5.626875,6.912458,1,0
input,465,10,0.153083,0.1235,3.048833,4.402416,1,0
input,466,10,1.4975,0.135,5.272542,6.504917,1,0
input,467,10,0.982709,0.030458,3.825709,5.608625,0,
input,468,10,5.00075,0.042,6.7395,7.558084,0,
input,469,10,1.509125,0.033375,5.170542,5.900834,0,
input,470,10,1.914125,0.379875,7.917334,11.015042,100,0
input,471,10,0.129584,0.347791,3.989542,6.441625,100,0
input,472,10,0.14825,0.363458,4.283375,6.423083,100,0
input,473,10,0.164666,0.367166,4.063083,6.237291,100,0
input,474,10,0.104041,0.038417,2.249666,4.379458,0,
input,475,10,3.3035,0.041458,4.698292,5.292042,0,
input,476,10,1.821125,0.033708,4.729625,5.391417,0,
input,477,10,0.148958,51.912,53.706625,54.378916,0,
input,478,10,0.13975,48.902083,50.382875,50.964708,0,
input,479,10,0.142417,51.794875,53.298125,53.897542,0,
input,480,10,0.11225,49.101333,54.820667,55.392167,0,
input,481,10,0.395084,51.022167,52.508834,53.018292,0,
input,482,10,0.10575,51.362042,52.523417,53.012833,0,
input,483,10,0.087417,52.809791,55.689292,56.246417,0,
input,484,10,0.094959,54.137375,57.3415,57.893292,0,
selection,485,10,0.137708,0.0325,2.501375,3.939083,100,1
selection,486,10,1.645875,0.0295,3.302333,4.721083,100,2
selection,487,10,0.093625,0.021875,1.640166,2.892791,100,3
selection,488,10,0.082334,0.020292,1.572667,2.936709,100,4
selection,489,10,2.108166,0.031833,3.973125,5.799875,100,5
selection,490,10,0.137541,0.035333,2.101291,5.941083,100,6
selection,491,10,0.155041,0.037958,2.296625,5.954458,100,7
selection,492,10,0.143208,0.044167,2.337416,6.132833,100,8
selection,493,10,0.141708,0.0455,2.696458,6.500083,100,9
selection,494,10,0.149541,0.034709,2.518583,6.525875,100,10
selection,495,10,0.17575,0.04575,3.080333,7.250041,100,11
selection,496,10,0.187334,0.048875,2.929084,6.822334,100,12
selection,497,10,0.154833,0.040292,3.109125,6.993583,100,13
selection,498,10,0.165291,0.036875,3.273916,7.892958,100,14
selection,499,10,0.161667,0.035084,3.407458,7.763958,100,15
selection,500,10,0.197875,0.0465,3.518,7.405708,100,16
selection,501,10,0.211917,0.0505,3.775209,8.243834,100,17
selection,502,10,1.722833,0.035917,5.287333,9.7685,100,18
selection,503,10,0.169792,0.03675,3.74125,8.42,100,19
selection,504,10,0.193292,0.043458,3.9215,8.242292,100,20
empty,505,10,0.118292,0.033083,1.711334,3.569459,0,
invoke,506,11,,,4.226709,6.658334,0,
input,507,11,0.132042,0.150375,5.074167,7.09325,3,0
input,508,11,3.521958,0.128667,8.254125,10.223083,2,0
input,509,11,0.495416,0.141042,5.249833,7.4585,1,0
input,510,11,1.310542,0.13,5.354125,6.503625,1,0
input,511,11,1.166708,0.171042,6.43775,7.66125,1,0
input,512,11,0.14525,0.131791,3.435375,4.887667,1,0
input,513,11,1.417542,0.031875,4.497334,6.470834,0,
input,514,11,0.137833,0.032875,1.775875,2.560291,0,
input,515,11,1.599458,0.033958,4.517583,5.226208,0,
input,516,11,0.1675,0.342459,5.258417,8.656125,100,0
input,517,11,1.261,0.356709,6.94075,9.349875,100,0
input,518,11,0.152875,0.335583,3.916541,6.038291,100,0
input,519,11,0.531542,0.357166,6.15725,8.308,100,0
input,520,11,0.179333,0.032792,2.02775,4.195041,0,
input,521,11,5.21875,0.033375,6.662291,7.283333,0,
input,522,11,1.737792,0.035708,4.934125,5.730625,0,
input,523,11,0.146708,53.756333,55.704875,56.515625,0,
input,524,11,2.108125,48.198834,52.229958,52.810458,0,
input,525,11,0.114125,48.800209,50.387375,50.944583,0,
input,526,11,0.134833,51.883834,53.436875,53.953167,0,
input,527,11,0.102375,52.002459,53.292709,53.857459,0,
input,528,11,0.081292,53.122959,54.403708,54.939583,0,
input,529,11,1.086125,51.852833,54.136333,54.746333,0,
input,530,11,0.089167,51.816041,52.986958,53.533125,0,
selection,531,11,0.135792,0.034584,2.457,3.935125,100,1
selection,532,11,1.818209,0.030375,3.434792,4.685084,100,2
selection,533,11,0.120042,0.027959,1.646083,2.880583,100,3
selection,534,11,0.064708,0.018458,1.499417,2.835417,100,4
selection,535,11,0.095958,0.021542,1.68675,3.190125,100,5
selection,536,11,0.099542,0.024542,1.809459,5.117459,100,6
selection,537,11,0.143125,0.040875,2.359417,6.1725,100,7
selection,538,11,0.156375,0.037541,2.511916,6.512416,100,8
selection,539,11,0.151958,0.036875,2.785083,6.78575,100,9
selection,540,11,0.129833,0.030042,2.52275,6.38525,100,10
selection,541,11,0.149667,0.034875,2.811833,6.753958,100,11
selection,542,11,0.111166,0.025083,2.64,6.877583,100,12
selection,543,11,0.127167,0.025875,2.675292,6.734667,100,13
selection,544,11,0.134,0.029125,2.93275,6.654666,100,14
selection,545,11,0.130917,0.029875,2.838584,6.486875,100,15
selection,546,11,0.153875,0.033375,3.393167,7.585834,100,16
selection,547,11,0.198125,0.045333,3.511209,7.642542,100,17
selection,548,11,2.026917,0.05125,5.973875,10.613042,100,18
selection,549,11,0.15525,0.037458,3.655125,8.150625,100,19
selection,550,11,0.224167,0.03575,3.771,7.964042,100,20
empty,551,11,0.127459,0.03575,1.716292,3.595834,0,
invoke,552,12,,,4.278375,5.212042,0,
input,553,12,0.179291,0.18225,5.715583,7.935625,3,0
input,554,12,1.423,0.161167,8.125541,10.163916,2,0
input,555,12,6.217666,0.158167,11.032875,13.072166,1,0
input,556,12,0.141333,0.13,3.876041,5.072875,1,0
input,557,12,1.392875,0.11075,5.044208,6.280583,1,0
input,558,12,1.503625,0.174625,5.339292,6.472583,1,0
input,559,12,0.960833,0.042417,4.246583,6.011833,0,
input,560,12,0.153333,0.032666,1.493667,2.182292,0,
input,561,12,1.765833,0.033292,5.00925,5.642958,0,
input,562,12,0.150458,0.375958,5.176708,8.171708,100,0
input,563,12,7.591959,0.325541,15.698459,17.642584,100,0
input,564,12,0.118209,0.35325,3.466,5.36125,100,0
input,565,12,0.154083,0.339208,4.009083,6.199208,100,0
input,566,12,0.088959,0.031833,2.064584,4.315084,0,
input,567,12,0.673709,0.034583,3.397959,4.037625,0,
input,568,12,0.181417,0.039583,1.808083,2.56925,0,
input,569,12,0.245666,52.466541,54.756666,55.526125,0,
input,570,12,0.199375,51.1395,54.685625,55.327334,0,
input,571,12,0.628917,49.195167,52.176542,52.798833,0,
input,572,12,0.123334,51.432625,53.0705,53.661334,0,
input,573,12,0.112958,49.74625,51.074333,51.643333,0,
input,574,12,0.108542,51.011334,52.16525,52.634042,0,
input,575,12,0.101666,51.360042,53.001375,53.528291,0,
input,576,12,0.080875,53.061209,54.187916,54.684333,0,
selection,577,12,0.104292,0.026292,2.3445,3.799042,100,1
selection,578,12,0.3645,0.020083,1.710625,2.896708,100,2
selection,579,12,0.115083,0.0265,1.635458,2.833167,100,3
selection,580,12,0.121375,0.03175,1.991667,3.569167,100,4
selection,581,12,2.142584,0.030625,3.995167,5.628375,100,5
selection,582,12,0.133958,0.029542,2.0015,5.668875,100,6
selection,583,12,0.120333,0.026459,1.962125,5.309083,100,7
selection,584,12,0.128375,0.03,2.457625,6.586417,100,8
selection,585,12,0.159375,0.035292,2.842875,7.378666,100,9
selection,586,12,0.201208,0.063542,2.98225,7.078916,100,10
selection,587,12,0.180125,0.036208,2.834084,6.941792,100,11
selection,588,12,0.147709,0.034083,2.902667,7.400959,100,12
selection,589,12,0.169917,0.036625,3.442125,8.105792,100,13
selection,590,12,1.066625,0.042625,4.298458,8.701333,100,14
selection,591,12,0.150125,0.031709,3.328833,7.708125,100,15
selection,592,12,0.239459,0.041584,3.582042,7.822,100,16
selection,593,12,0.1675,0.038292,3.141167,6.994292,100,17
selection,594,12,0.185792,0.048083,3.639042,8.280042,100,18
selection,595,12,0.161,0.036958,3.684166,7.728125,100,19
selection,596,12,0.184833,0.042375,3.871458,8.180792,100,20
empty,597,12,1.31625,0.041292,2.962667,4.978959,0,
invoke,598,13,,,5.689166,8.116291,0,
input,599,13,0.183542,0.187292,5.544542,7.564,3,0
input,600,13,3.676291,0.174333,9.397041,11.180625,2,0
input,601,13,0.158625,0.134459,6.654291,8.514583,1,0
input,602,13,0.136917,0.125292,2.63125,3.854542,1,0
input,603,13,0.653459,0.143333,5.000459,6.1985,1,0
input,604,13,0.914042,0.160458,4.253792,5.784,1,0
input,605,13,1.116333,0.037542,4.54525,6.301291,0,
input,606,13,4.972084,0.033083,6.458542,7.068167,0,
input,607,13,1.579083,0.044917,5.030416,5.847708,0,
input,608,13,2.037375,0.327667,8.043666,11.010125,100,0
input,609,13,0.14225,0.341291,4.322292,6.867084,100,0
input,610,13,0.157625,0.370708,4.104792,6.483458,100,0
input,611,13,0.140125,0.332625,3.632459,5.8155,100,0
input,612,13,0.115208,0.03775,2.041458,4.190208,0,
input,613,13,0.628875,0.032208,3.593542,4.269542,0,
input,614,13,0.13925,0.029916,1.374959,1.985792,0,
input,615,13,0.139709,51.42275,53.413834,54.040834,0,
input,616,13,1.062958,50.280709,55.933,56.577167,0,
input,617,13,0.843834,51.282708,54.043042,54.580875,0,
input,618,13,0.10375,51.140791,52.568584,53.104875,0,
input,619,13,0.112875,49.414167,52.08825,52.663208,0,
input,620,13,0.10075,52.288958,53.543625,54.061875,0,
input,621,13,0.11675,51.413125,52.732667,53.249875,0,
input,622,13,0.394709,52.203333,56.4555,56.983792,0,
selection,623,13,0.14525,0.032166,2.314833,3.677083,100,1
selection,624,13,1.201167,0.029208,2.823292,4.117333,100,2
selection,625,13,0.136625,0.026416,1.841833,3.132458,100,3
selection,626,13,0.174167,0.043625,2.131042,3.85875,100,4
selection,627,13,1.125334,0.03575,3.191834,4.854625,100,5
selection,628,13,0.126041,0.028583,1.985083,5.918416,100,6
selection,629,13,0.166167,0.032375,2.082917,5.57125,100,7
selection,630,13,0.138667,0.034833,2.428708,6.035375,100,8
selection,631,13,0.164458,0.033792,2.745625,6.925375,100,9
selection,632,13,0.137333,0.033208,2.572667,6.901583,100,10
selection,633,13,0.151667,0.035375,2.740833,6.371917,100,11
selection,634,13,0.139417,0.035834,2.949458,6.921167,100,12
selection,635,13,0.1475,0.036125,2.97525,7.413709,100,13
selection,636,13,0.168625,0.041625,3.312917,7.287042,100,14
selection,637,13,0.172583,0.043708,3.151125,7.68825,100,15
selection,638,13,1.726541,0.055625,5.275208,9.891958,100,16
selection,639,13,0.191333,0.042625,3.64575,7.661792,100,17
selection,640,13,0.176083,0.038083,3.72875,7.893417,100,18
selection,641,13,0.204125,0.039459,3.575125,7.230416,100,19
selection,642,13,0.1625,0.048542,3.1385,7.093542,100,20
empty,643,13,0.111125,0.031209,1.838583,3.854875,0,
invoke,644,14,,,4.237833,5.091958,0,
input,645,14,0.128708,0.213084,6.078375,8.213417,3,0
input,646,14,0.14575,0.148667,3.207125,5.383084,2,0
input,647,14,0.136334,0.183041,2.956417,5.276667,1,0
input,648,14,0.199792,0.173625,2.932667,4.21725,1,0
input,649,14,0.137791,0.147959,2.70625,4.159625,1,0
input,650,14,1.599667,0.156292,7.701,9.039584,1,0
input,651,14,0.136167,0.033125,1.9025,3.830709,0,
input,652,14,3.5635,0.035833,5.059208,5.777708,0,
input,653,14,1.922709,0.044333,7.274459,7.962459,0,
input,654,14,0.254875,0.345917,5.743292,8.696375,100,0
input,655,14,0.105708,0.353416,3.649167,5.968583,100,0
input,656,14,0.157959,0.354917,5.678709,7.6935,100,0
input,657,14,0.217125,0.344416,3.798417,6.003333,100,0
input,658,14,0.135,0.039833,3.369542,5.302458,0,
input,659,14,0.757583,0.028208,4.01325,4.65925,0,
input,660,14,0.184375,0.035333,1.641333,2.333208,0,
input,661,14,0.142,50.686833,52.290375,52.872667,0,
input,662,14,0.116209,48.842458,50.48475,51.214959,0,
input,663,14,0.150959,50.585042,53.393209,54.035125,0,
input,664,14,0.094042,51.648125,53.065625,53.573334,0,
input,665,14,0.098708,51.408291,52.558416,53.053958,0,
input,666,14,0.549958,50.523667,52.817291,53.312333,0,
input,667,14,0.102334,50.606334,51.888834,52.428042,0,
input,668,14,1.288625,55.342375,59.902459,60.455125,0,
selection,669,14,0.131959,0.03975,2.403667,4.076792,100,1
selection,670,14,1.628542,0.025209,3.024834,4.18875,100,2
selection,671,14,0.1215,0.030125,1.734125,2.926292,100,3
selection,672,14,0.150667,0.042,2.211292,3.77925,100,4
selection,673,14,1.641042,0.035125,3.34725,4.844208,100,5
selection,674,14,0.123958,0.031959,1.970833,5.499791,100,6
selection,675,14,0.197708,0.041833,2.537708,6.460291,100,7
selection,676,14,0.175667,0.040375,2.693292,6.830167,100,8
selection,677,14,0.170292,0.03775,2.635875,6.147667,100,9
selection,678,14,0.14725,0.033333,2.511625,6.269542,100,10
selection,679,14,0.192708,0.043041,2.95075,7.004708,100,11
selection,680,14,0.177125,0.049,2.913375,6.930667,100,12
selection,681,14,0.154125,0.03725,2.706125,6.86275,100,13
selection,682,14,2.125208,0.038041,4.8305,8.740208,100,14
selection,683,14,0.155541,0.0405,3.038708,7.169333,100,15
selection,684,14,0.131083,0.034458,3.259417,7.190667,100,16
selection,685,14,6.515875,0.063042,10.144666,14.436625,100,17
selection,686,14,0.235,0.043167,3.761,8.296875,100,18
selection,687,14,0.22575,0.032958,3.650584,7.963375,100,19
selection,688,14,0.240083,0.054208,3.817125,7.9835,100,20
empty,689,14,0.990708,0.047875,3.88525,5.884542,0,
invoke,690,15,,,4.596375,5.537834,0,
input,691,15,1.970583,0.169125,8.971083,10.960458,3,0
input,692,15,3.461708,0.130292,8.526917,10.412,2,0
input,693,15,0.668208,0.143417,5.254167,7.1385,1,0
input,694,15,1.357583,0.139166,5.871833,7.163083,1,0
input,695,15,0.515625,0.127041,6.273833,7.468125,1,0
input,696,15,0.192834,0.158459,3.952375,5.277334,1,0
input,697,15,0.163834,0.033834,3.170709,4.949959,0,
input,698,15,6.067375,0.035667,7.443041,8.186583,0,
input,699,15,1.428583,0.0445,5.560417,6.323542,0,
input,700,15,0.163459,0.360125,5.505042,8.401709,100,0
input,701,15,11.337542,0.335125,15.229292,17.402917,100,0
input,702,15,0.19775,0.363917,4.208583,6.368875,100,0
input,703,15,0.18925,0.382584,4.154291,6.187625,100,0
input,704,15,0.120166,0.035625,2.107041,4.306791,0,
input,705,15,1.421791,0.032875,4.345416,4.986583,0,
input,706,15,0.194167,0.036792,1.747708,2.464417,0,
input,707,15,0.177459,53.27675,54.988792,55.60075,0,
input,708,15,0.128875,50.579,52.27725,52.969792,0,
input,709,15,0.125291,50.332583,51.8015,52.383,0,
input,710,15,0.093834,49.366917,53.189375,53.716459,0,
input,711,15,1.050042,52.295833,54.590292,55.221208,0,
input,712,15,0.092375,51.358209,52.678209,53.297542,0,
input,713,15,0.110875,51.753958,53.023666,53.532958,0,
input,714,15,0.102459,55.600875,58.563042,59.127375,0,
selection,715,15,0.155417,0.034208,2.304708,3.858,100,1
selection,716,15,0.141875,0.0345,1.710166,2.986083,100,2
selection,717,15,0.14725,0.031584,2.010292,3.498375,100,3
selection,718,15,0.728625,0.021708,2.06975,3.485,100,4
selection,719,15,0.116959,0.026375,1.696042,3.112834,100,5
selection,720,15,0.120458,0.031167,2.128458,5.849,100,6
selection,721,15,0.158209,0.040125,2.398167,6.397417,100,7
selection,722,15,0.140334,0.032417,2.402625,6.086792,100,8
selection,723,15,0.175333,0.04175,2.85025,7.014375,100,9
selection,724,15,0.151209,0.039583,2.754084,6.830459,100,10
selection,725,15,0.154458,0.034708,2.828,6.772125,100,11
selection,726,15,0.180417,0.040042,3.141375,7.347542,100,12
selection,727,15,0.157791,0.033875,3.002708,7.022458,100,13
selection,728,15,0.14425,0.033208,3.086833,7.173875,100,14
selection,729,15,0.17225,0.037334,3.253125,7.344792,100,15
selection,730,15,0.16975,0.041875,3.616875,7.952458,100,16
selection,731,15,1.062792,0.039125,4.672209,9.309334,100,17
selection,732,15,0.172292,0.040208,3.751917,8.471458,100,18
selection,733,15,0.20425,0.0325,3.762042,8.170083,100,19
selection,734,15,0.178667,0.032625,3.527167,7.408959,100,20
empty,735,15,1.036417,0.034458,10.871375,12.808875,0,
invoke,736,16,,,4.722083,5.458,0,
input,737,16,0.152209,0.213459,6.741459,8.646334,3,0
input,738,16,2.990625,0.113833,7.593334,9.429125,2,0
input,739,16,1.657333,0.157,6.293958,8.142625,1,0
input,740,16,0.155125,0.152667,4.575667,5.883125,1,0
input,741,16,0.507458,0.19775,6.490791,7.925916,1,0
input,742,16,0.195792,0.153958,3.593417,4.863625,1,0
input,743,16,0.627458,0.032541,3.70725,5.53425,0,
input,744,16,4.978333,0.037583,6.58775,7.395458,0,
input,745,16,0.847125,0.035625,3.945041,4.700583,0,
input,746,16,0.188292,0.382083,5.920042,9.025459,100,0
input,747,16,11.377334,0.310041,15.068917,17.336834,100,0
input,748,16,0.290917,0.346667,4.031042,6.107708,100,0
input,749,16,0.165208,0.3545,3.883458,5.952625,100,0
input,750,16,0.140708,0.037917,2.094792,4.15025,0,
input,751,16,0.154042,0.030541,1.423917,2.122584,0,
input,752,16,0.200667,0.042833,1.975833,2.730833,0,
input,753,16,0.116667,50.579166,52.335917,52.982708,0,
input,754,16,0.918625,49.00025,52.050416,52.685791,0,
input,755,16,0.103458,50.030833,51.588667,52.194958,0,
input,756,16,0.404542,50.99425,56.16625,56.681708,0,
input,757,16,0.130041,49.806625,53.652666,54.189958,0,
input,758,16,0.104584,50.413125,51.628209,52.164875,0,
input,759,16,0.117709,51.103333,52.440334,52.922584,0,
input,760,16,0.105542,50.041917,51.316542,51.87975,0,
selection,761,16,0.136666,0.036875,2.496,4.0865,100,1
selection,762,16,0.132042,0.032,1.894542,3.371125,100,2
selection,763,16,0.147375,0.030959,2.025416,3.442708,100,3
selection,764,16,0.099458,0.021083,1.656292,3.03325,100,4
selection,765,16,0.127083,0.029208,1.779916,3.225083,100,5
selection,766,16,0.151875,0.03875,2.444458,6.08925,100,6
selection,767,16,0.13825,0.036042,2.19625,6.130416,100,7
selection,768,16,0.149333,0.040375,2.501833,6.438375,100,8
selection,769,16,0.165792,0.042917,2.651667,6.557167,100,9
selection,770,16,0.159458,0.035667,2.6665,6.349541,100,10
selection,771,16,0.144042,0.038375,2.761334,6.966917,100,11
selection,772,16,0.266417,0.061709,3.389792,7.604,100,12
selection,773,16,0.165167,0.044375,3.140917,7.618458,100,13
selection,774,16,0.145375,0.032584,2.894167,7.135417,100,14
selection,775,16,0.130333,0.032209,3.232208,7.170791,100,15
selection,776,16,0.157833,0.048083,3.639292,7.92075,100,16
selection,777,16,1.89425,0.058417,5.731,10.236291,100,17
selection,778,16,0.199166,0.046416,3.885083,8.002291,100,18
selection,779,16,0.159792,0.030458,3.475709,7.40475,100,19
selection,780,16,0.153042,0.032875,3.67175,7.906,100,20
empty,781,16,0.145166,0.032958,1.778541,4.045208,0,
invoke,782,17,,,4.209917,5.005667,0,
input,783,17,0.169167,0.152709,6.66775,9.090833,3,0
input,784,17,1.17975,0.132125,6.418167,8.466708,2,0
input,785,17,0.251625,0.160042,3.176958,4.965541,1,0
input,786,17,0.174833,0.124125,4.753166,6.031333,1,0
input,787,17,0.385375,0.149375,4.661375,6.0255,1,0
input,788,17,1.173625,0.14675,5.801,7.144,1,0
input,789,17,0.156375,0.038417,3.199708,4.980083,0,
input,790,17,2.025833,0.034958,4.846166,5.526916,0,
input,791,17,0.16025,0.037167,1.682792,2.397875,0,
input,792,17,0.179541,0.338958,4.654666,7.738333,100,0
input,793,17,0.133,0.360708,4.604583,6.996292,100,0
input,794,17,0.131875,0.352708,3.97525,5.876208,100,0
input,795,17,0.1335,0.36025,3.952875,6.590708,100,0
input,796,17,0.113958,0.044833,2.055708,3.988583,0,
input,797,17,0.205375,0.037375,2.268,2.977584,0,
input,798,17,0.173208,0.039875,1.715625,2.468917,0,
input,799,17,0.211875,52.712833,56.301125,56.9725,0,
input,800,17,0.115167,50.795958,52.273917,52.897958,0,
input,801,17,0.117625,52.276125,53.850209,54.513792,0,
input,802,17,0.133542,50.062875,51.998917,52.558583,0,
input,803,17,0.481667,49.764292,52.525209,53.028417,0,
input,804,17,0.098417,54.304167,55.513625,56.000792,0,
input,805,17,0.095042,50.204083,51.53525,52.083459,0,
input,806,17,1.583375,51.494917,54.291291,54.961291,0,
selection,807,17,0.135583,0.032959,2.210916,3.467,100,1
selection,808,17,1.715208,0.031917,3.439083,4.814292,100,2
selection,809,17,0.10475,0.026792,1.616083,2.793875,100,3
selection,810,17,0.111125,0.026875,1.74075,3.825167,100,4
selection,811,17,1.226292,0.024625,3.00375,4.631292,100,5
selection,812,17,0.114458,0.026458,1.836166,5.135458,100,6
selection,813,17,0.127209,0.027334,2.141084,5.613,100,7
selection,814,17,0.140667,0.02825,2.324875,6.124042,100,8
selection,815,17,0.144375,0.028541,2.473417,6.300209,100,9
selection,816,17,0.165542,0.0405,3.00625,8.069125,100,10
selection,817,17,0.189334,0.042583,2.951042,6.898792,100,11
selection,818,17,0.201542,0.036792,2.899417,6.723792,100,12
selection,819,17,0.12825,0.031083,2.743791,6.366916,100,13
selection,820,17,0.197583,0.03275,3.233042,7.688583,100,14
selection,821,17,0.1795,0.041834,3.47475,7.682875,100,15
selection,822,17,0.19875,0.046208,3.638334,8.038334,100,16
selection,823,17,0.934,0.036917,4.333792,8.694,100,17
selection,824,17,0.299125,0.077417,4.023666,8.932916,100,18
selection,825,17,0.318042,0.071166,3.844292,7.781917,100,19
selection,826,17,0.148875,0.031125,3.253625,7.292959,100,20
empty,827,17,1.532875,0.033084,4.56675,6.534125,0,
invoke,828,18,,,4.417709,5.127,0,
input,829,18,0.15225,0.203333,6.130875,8.081792,3,0
input,830,18,2.972458,0.122917,7.935625,9.79625,2,0
input,831,18,0.655333,0.152,7.158458,8.927708,1,0
input,832,18,7.384416,0.14775,12.083541,13.430666,1,0
input,833,18,0.269083,0.144875,4.663125,5.997583,1,0
input,834,18,0.614334,0.146042,4.334792,5.661584,1,0
input,835,18,0.957417,0.041834,4.814792,6.684417,0,
input,836,18,3.036959,0.033917,4.416042,5.0295,0,
input,837,18,2.045125,0.033792,5.256417,5.901792,0,
input,838,18,2.463208,0.351,8.569625,11.633,100,0
input,839,18,0.117875,0.340042,3.731833,5.782208,100,0
input,840,18,0.140875,0.342167,3.883,6.004834,100,0
input,841,18,0.160459,0.341166,3.819459,5.938542,100,0
input,842,18,0.132917,0.036167,1.98025,4.09725,0,
input,843,18,3.516541,0.033083,4.950125,5.703125,0,
input,844,18,1.791375,0.036625,5.413625,6.011791,0,
input,845,18,0.233917,51.747625,53.839583,54.494625,0,
input,846,18,0.155709,49.826208,51.535459,52.185459,0,
input,847,18,0.398375,51.76575,54.539375,55.131833,0,
input,848,18,1.619708,48.756042,54.037125,54.589792,0,
input,849,18,0.107667,51.142375,52.303958,52.783917,0,
input,850,18,0.09175,51.226875,52.907708,53.381792,0,
input,851,18,1.992708,50.789542,55.003958,55.471958,0,
input,852,18,0.112333,50.049542,51.314041,51.755416,0,
selection,853,18,0.12675,0.031375,2.301,3.798792,100,1
selection,854,18,0.104625,0.030625,1.749208,2.967625,100,2
selection,855,18,0.098333,0.022583,1.689792,3.007958,100,3
selection,856,18,1.227834,0.0255,2.719292,3.8385,100,4
selection,857,18,0.109333,0.025166,1.891708,3.477958,100,5
selection,858,18,0.110625,0.025625,2.0765,5.828833,100,6
selection,859,18,0.529334,0.032875,2.636792,6.53575,100,7
selection,860,18,0.358083,0.02975,2.451917,6.282042,100,8
selection,861,18,0.39225,0.032667,2.712041,6.986416,100,9
selection,862,18,1.612375,0.037584,4.18275,8.631542,100,10
selection,863,18,0.149375,0.035875,2.840417,7.154959,100,11
selection,864,18,0.141875,0.032833,2.930834,6.990667,100,12
selection,865,18,0.158916,0.054916,3.054166,6.982166,100,13
selection,866,18,0.129333,0.026917,2.890458,7.503083,100,14
selection,867,18,0.221292,0.052375,3.691083,8.032,100,15
selection,868,18,0.15575,0.038334,3.520833,8.21725,100,16
selection,869,18,0.218708,0.054459,3.91275,8.5295,100,17
selection,870,18,0.150208,0.039417,3.906,8.09425,100,18
selection,871,18,0.92725,0.084791,5.285959,9.908125,100,19
selection,872,18,0.282125,0.075041,4.381416,9.3865,100,20
empty,873,18,1.742625,0.0505,4.098,9.722625,0,
invoke,874,19,,,3.584041,4.2615,0,
input,875,19,1.38225,0.150583,8.919583,11.020292,3,0
input,876,19,3.092458,0.137333,8.885041,10.887166,2,0
input,877,19,0.202458,0.1935,4.542917,6.799417,1,0
input,878,19,8.313125,0.163459,12.849042,14.359417,1,0
input,879,19,0.64675,0.131417,5.064291,6.397083,1,0
input,880,19,0.610291,0.140834,4.572708,5.826041,1,0
input,881,19,0.844458,0.033667,3.820417,5.515792,0,
input,882,19,8.058792,0.035291,9.530959,10.205167,0,
input,883,19,0.617291,0.0335,4.03,4.721541,0,
input,884,19,2.171458,0.348875,7.98825,10.945875,100,0
input,885,19,0.1475,0.308083,4.263917,6.022459,100,0
input,886,19,0.211666,0.370333,6.3155,8.40525,100,0
input,887,19,0.17225,0.377,5.565625,8.139667,100,0
input,888,19,0.108958,0.035708,2.222625,4.5125,0,
input,889,19,0.153,0.033,1.684584,2.417,0,
input,890,19,1.841584,0.033666,4.781417,5.423834,0,
input,891,19,0.157042,52.426667,54.143334,54.777084,0,
input,892,19,0.114667,48.903458,50.433833,51.162458,0,
input,893,19,2.11575,49.128958,54.066459,54.613959,0,
input,894,19,0.133791,52.08,53.648875,54.266041,0,
input,895,19,0.123584,49.034458,51.322167,51.869375,0,
input,896,19,0.097167,50.637833,51.976959,52.516875,0,
input,897,19,0.088583,53.58675,54.786708,55.273333,0,
input,898,19,1.600125,51.8715,54.711041,55.386375,0,
selection,899,19,0.582125,0.036,2.860917,4.424459,100,1
selection,900,19,0.120416,0.024667,1.646041,2.801708,100,2
selection,901,19,0.062125,0.016458,1.374791,2.703833,100,3
selection,902,19,1.6355,0.02675,3.711041,5.387791,100,4
selection,903,19,0.15325,0.030209,2.063084,3.827167,100,5
selection,904,19,0.146959,0.037042,2.24,6.131,100,6
selection,905,19,0.159333,0.0355,2.310208,6.061083,100,7
selection,906,19,0.172291,0.040666,2.718875,6.820625,100,8
selection,907,19,0.147708,0.040208,2.632417,6.492708,100,9
selection,908,19,0.142625,0.032792,2.920709,7.23175,100,10
selection,909,19,0.158166,0.040667,3.107083,7.682791,100,11
selection,910,19,0.147,0.033875,2.912208,7.206167,100,12
selection,911,19,0.2015,0.033,3.297417,8.024875,100,13
selection,912,19,0.185875,0.047792,3.441375,7.663667,100,14
selection,913,19,0.946375,0.052709,4.768625,9.563375,100,15
selection,914,19,0.214667,0.062667,3.990167,8.821542,100,16
selection,915,19,4.973958,0.049875,8.72175,13.154042,100,17
selection,916,19,0.16125,0.031459,3.442542,7.698708,100,18
selection,917,19,0.189125,0.045583,3.72225,8.385625,100,19
selection,918,19,0.252125,0.061833,4.249916,8.689875,100,20
empty,919,19,0.148917,0.040625,2.034542,4.209459,0,
invoke,920,20,,,5.999792,7.306042,0,
input,921,20,0.144542,0.173292,5.804834,7.988,3,0
input,922,20,3.430875,0.140416,9.43675,11.493042,2,0
input,923,20,0.195375,0.147583,4.502708,6.284,1,0
input,924,20,8.259541,0.188791,14.542958,15.747791,1,0
input,925,20,0.544875,0.129334,4.860792,6.007625,1,0
input,926,20,0.977417,0.140333,4.883042,6.302167,1,0
input,927,20,0.857666,0.031541,3.793625,5.663291,0,
input,928,20,5.116167,0.035084,6.645834,7.464459,0,
input,929,20,1.685334,0.039667,7.188292,7.9015,0,
input,930,20,0.161708,0.368916,6.104458,9.260125,100,0
input,931,20,0.138209,0.333083,4.069334,6.662042,100,0
input,932,20,0.15675,0.3425,4.107,6.263375,100,0
input,933,20,0.140584,0.415375,4.093709,6.227125,100,0
input,934,20,0.117375,0.032584,1.888958,4.128542,0,
input,935,20,0.139833,0.032792,1.910583,2.655958,0,
input,936,20,1.989458,0.034584,4.952875,5.631958,0,
input,937,20,0.162875,53.648083,55.469833,56.298167,0,
input,938,20,0.175584,49.318583,51.123542,51.780167,0,
input,939,20,0.146666,51.058459,53.008833,53.584375,0,
input,940,20,1.549167,50.612208,59.755334,60.327834,0,
input,941,20,0.086417,50.343333,51.628375,52.200417,0,
input,942,20,1.787625,54.331125,58.218208,58.765958,0,
input,943,20,0.096042,53.236083,54.914542,55.474417,0,
input,944,20,0.343042,51.626625,55.895583,56.453708,0,
selection,945,20,0.618042,0.040208,2.951292,4.424625,100,1
selection,946,20,0.093625,0.023167,1.497375,2.705333,100,2
selection,947,20,0.10625,0.024583,1.715958,3.108875,100,3
selection,948,20,1.36225,0.02275,2.901208,4.224333,100,4
selection,949,20,0.131041,0.036084,2.157125,3.792,100,5
selection,950,20,0.163417,0.03825,2.36575,6.067292,100,6
selection,951,20,0.187291,0.044041,2.3615,6.0855,100,7
selection,952,20,0.138792,0.032666,2.352625,6.238542,100,8
selection,953,20,0.173167,0.037417,2.852458,6.972125,100,9
selection,954,20,0.164791,0.03975,2.962291,7.049291,100,10
selection,955,20,0.190167,0.051209,2.980292,6.953959,100,11
selection,956,20,0.119875,0.025834,2.521833,6.504,100,12
selection,957,20,0.153084,0.03475,3.276375,7.323292,100,13
selection,958,20,0.1405,0.03225,3.044917,7.028292,100,14
selection,959,20,0.176,0.04375,3.930875,9.117375,100,15
selection,960,20,1.163,0.043,4.760791,9.271833,100,16
selection,961,20,6.510625,0.041958,10.046792,14.182542,100,17
selection,962,20,0.250916,0.059625,4.047375,8.383208,100,18
selection,963,20,0.234583,0.056917,4.171666,9.076041,100,19
selection,964,20,2.0925,0.048667,5.981917,10.366875,100,20
empty,965,20,0.117458,0.031583,1.7425,3.922833,0,
invoke,966,21,,,4.263292,4.932125,0,
input,967,21,0.19375,0.169666,7.669625,9.927583,3,0
input,968,21,3.346458,0.192875,10.50975,12.599417,2,0
input,969,21,0.177,0.217041,4.504333,6.5545,1,0
input,970,21,8.299625,0.164583,12.873792,14.266042,1,0
input,971,21,0.332792,0.147083,4.599,5.915834,1,0
input,972,21,0.761583,0.13575,4.781916,6.069333,1,0
input,973,21,0.584417,0.037792,3.857417,5.762167,0,
input,974,21,1.870542,0.039584,6.953,7.600917,0,
input,975,21,0.656542,0.057583,4.105167,4.782708,0,
input,976,21,2.146333,0.336541,8.389333,11.326833,100,0
input,977,21,0.114834,0.336542,3.792084,5.957209,100,0
input,978,21,0.148083,0.343333,3.7895,6.159583,100,0
input,979,21,0.176458,0.355542,5.183125,7.19075,100,0
input,980,21,0.093833,0.030417,1.814542,3.866417,0,
input,981,21,0.178167,0.03225,2.716417,3.307333,0,
input,982,21,2.102,0.035084,5.641917,6.350875,0,
input,983,21,2.037959,52.232541,57.331917,58.109375,0,
input,984,21,0.615375,50.338333,53.671,54.278417,0,
input,985,21,0.128542,48.779291,50.1495,50.701209,0,
input,986,21,0.117041,48.811209,53.098458,53.721625,0,
input,987,21,0.110583,49.963583,51.166291,51.654666,0,
input,988,21,0.109167,51.219666,52.943959,53.527625,0,
input,989,21,1.921875,51.206916,57.393959,57.956625,0,
input,990,21,0.269917,55.183625,59.418167,60.017417,0,
selection,991,21,0.133833,0.033791,2.344208,3.726375,100,1
selection,992,21,1.639167,0.042166,3.568834,5.095792,100,2
selection,993,21,0.144334,0.029625,1.972959,3.280709,100,3
selection,994,21,0.122167,0.030209,1.967125,3.551708,100,4
selection,995,21,1.561292,0.028667,3.2355,4.639833,100,5
selection,996,21,0.159375,0.036125,2.301625,6.159666,100,6
selection,997,21,0.165375,0.040709,2.422291,6.31225,100,7
selection,998,21,0.148166,0.036083,2.419541,6.529208,100,8
selection,999,21,0.157375,0.037,2.710542,6.580708,100,9
selection,1000,21,0.22525,0.057708,3.154959,7.519292,100,10
selection,1001,21,0.166375,0.039583,2.940542,7.151,100,11
selection,1002,21,0.171667,0.044625,3.021,7.00225,100,12
selection,1003,21,0.153375,0.035,2.925709,6.8635,100,13
selection,1004,21,0.132834,0.030667,2.992542,7.638959,100,14
selection,1005,21,0.936416,0.038875,4.237416,8.802208,100,15
selection,1006,21,0.170416,0.038333,3.62625,8.140416,100,16
selection,1007,21,5.016958,0.050084,8.770167,13.10425,100,17
selection,1008,21,0.132917,0.028917,3.192,7.304542,100,18
selection,1009,21,0.176958,0.04025,3.974833,8.581708,100,19
selection,1010,21,0.213333,0.054166,4.095708,8.550208,100,20
empty,1011,21,0.587833,0.037542,2.265333,4.450958,0,
invoke,1012,22,,,5.381833,6.038125,0,
input,1013,22,3.803166,0.147417,9.033125,11.172958,3,0
input,1014,22,4.725,0.168875,10.451333,12.717125,2,0
input,1015,22,7.980792,0.153791,12.772,14.78525,1,0
input,1016,22,0.619833,0.121917,4.188583,5.462708,1,0
input,1017,22,1.588875,0.129125,4.987333,6.170542,1,0
input,1018,22,1.720333,0.12725,5.6895,6.924417,1,0
input,1019,22,0.730625,0.034834,3.946916,5.599,0,
input,1020,22,3.195959,0.028958,6.291042,6.979709,0,
input,1021,22,0.190917,0.051709,2.047125,2.913208,0,
input,1022,22,0.110542,0.341333,4.454542,7.406917,100,0
input,1023,22,0.130375,0.372958,4.047417,6.427083,100,0
input,1024,22,0.135125,0.361958,4.181375,6.248958,100,0
input,1025,22,0.186791,0.371333,5.7735,7.986958,100,0
input,1026,22,0.127417,0.035083,2.110542,4.33025,0,
input,1027,22,0.188833,0.031709,1.54075,2.252708,0,
input,1028,22,0.360875,0.032292,3.49525,4.183708,0,
input,1029,22,0.147208,51.076958,52.855667,53.534417,0,
input,1030,22,0.124125,50.423541,51.871584,52.474459,0,
input,1031,22,0.798833,49.58,53.65325,54.13825,0,
input,1032,22,0.140125,50.066,51.631125,52.19175,0,
input,1033,22,0.093083,51.222083,52.489916,53.152291,0,
input,1034,22,2.080708,50.893166,54.206791,54.76125,0,
input,1035,22,0.114,51.18625,52.479083,53.015583,0,
input,1036,22,0.109,50.856,52.866625,53.366417,0,
selection,1037,22,0.122916,0.029791,2.173666,3.565708,100,1
selection,1038,22,0.0905,0.0195,1.402084,2.48475,100,2
selection,1039,22,0.063958,0.018083,1.463916,2.802375,100,3
selection,1040,22,1.713708,0.018958,3.046708,4.332792,100,4
selection,1041,22,0.126834,0.027917,1.835292,3.303042,100,5
selection,1042,22,0.134541,0.04025,2.179291,5.914625,100,6
selection,1043,22,0.216,0.0395,2.43325,6.260541,100,7
selection,1044,22,0.332125,0.035666,2.62375,6.58775,100,8
selection,1045,22,0.155875,0.035084,2.732209,6.908417,100,9
selection,1046,22,0.151916,0.036292,2.821958,7.343875,100,10
selection,1047,22,0.168875,0.040292,3.033375,6.98725,100,11
selection,1048,22,0.156959,0.033,3.061625,6.869167,100,12
selection,1049,22,0.139875,0.030125,2.973416,6.938625,100,13
selection,1050,22,0.146041,0.031375,2.901541,6.676625,100,14
selection,1051,22,0.181875,0.043833,3.622166,8.591208,100,15
selection,1052,22,0.190708,0.049958,3.427083,8.000416,100,16
selection,1053,22,0.761625,0.036917,4.215041,8.64675,100,17
selection,1054,22,0.172666,0.041625,3.712541,8.348666,100,18
selection,1055,22,0.277583,0.069583,3.976917,9.007833,100,19
selection,1056,22,0.254584,0.06775,4.201667,8.230459,100,20
empty,1057,22,1.02725,0.044375,4.686375,6.645042,0,
invoke,1058,23,,,7.688209,9.281834,0,
input,1059,23,7.401417,0.149,14.14975,16.274125,3,0
input,1060,23,5.405,0.142125,10.165833,12.07125,2,0
input,1061,23,0.638459,0.17,5.571834,7.762917,1,0
input,1062,23,0.128917,0.164292,6.043292,7.32225,1,0
input,1063,23,0.644625,0.1355,4.403375,5.739,1,0
input,1064,23,1.621708,0.139375,5.458541,6.676,1,0
input,1065,23,1.194375,0.037834,4.518334,6.08575,0,
input,1066,23,2.272041,0.031542,5.336291,6.184708,0,
input,1067,23,0.136334,0.054292,2.079917,2.908625,0,
input,1068,23,0.16325,0.320917,4.149458,6.551083,100,0
input,1069,23,0.131,0.337083,3.3865,5.094125,100,0
input,1070,23,1.201875,0.340666,6.714833,8.395083,100,0
input,1071,23,0.158875,0.345458,3.857083,5.600667,100,0
input,1072,23,0.105459,0.035541,4.1825,6.092584,0,
input,1073,23,2.61475,0.029208,3.908084,4.504959,0,
input,1074,23,0.114208,0.027791,1.296583,1.850625,0,
input,1075,23,0.113042,50.937,52.672042,53.291334,0,
input,1076,23,1.893,48.829959,52.981959,53.52175,0,
input,1077,23,0.085375,50.892917,54.003167,54.547375,0,
input,1078,23,0.099125,50.441833,53.359791,53.8905,0,
input,1079,23,0.696833,51.700041,56.180625,56.703083,0,
input,1080,23,0.32025,50.6245,54.451166,54.978458,0,
input,1081,23,0.110959,51.973167,53.377417,53.957792,0,
input,1082,23,0.127917,54.502417,55.883625,56.451917,0,
selection,1083,23,1.041541,0.034166,3.210541,4.712416,100,1
selection,1084,23,0.131291,0.029875,1.991583,3.472416,100,2
selection,1085,23,0.147709,0.034125,2.132,3.588417,100,3
selection,1086,23,0.207167,0.035917,2.0785,3.641708,100,4
selection,1087,23,0.156208,0.035208,2.095583,3.724667,100,5
selection,1088,23,0.524208,0.028875,2.560542,6.652042,100,6
selection,1089,23,0.269042,0.038625,2.369292,6.306084,100,7
selection,1090,23,0.343917,0.038125,2.676834,6.883667,100,8
selection,1091,23,0.536166,0.034833,3.078541,7.472541,100,9
selection,1092,23,0.163583,0.032666,2.695042,7.068833,100,10
selection,1093,23,0.173375,0.043125,3.207417,7.847875,100,11
selection,1094,23,0.213541,0.048125,3.326875,7.665875,100,12
selection,1095,23,0.133541,0.031625,2.920958,7.222333,100,13
selection,1096,23,0.166625,0.034625,3.281708,7.900917,100,14
selection,1097,23,0.25925,0.0595,3.851167,8.282959,100,15
selection,1098,23,0.860625,0.05525,4.475208,8.827458,100,16
selection,1099,23,6.584708,0.062417,10.487,14.878791,100,17
selection,1100,23,0.269334,0.061292,3.577209,7.890459,100,18
selection,1101,23,0.216291,0.046167,3.661041,7.741875,100,19
selection,1102,23,0.230166,0.051041,4.071625,8.777833,100,20
empty,1103,23,0.338375,0.0345,3.152042,5.121875,0,
invoke,1104,24,,,4.172208,5.0115,0,
input,1105,24,1.548,0.16625,6.771167,8.704167,3,0
input,1106,24,10.151209,0.140625,12.63325,14.405875,2,0
input,1107,24,0.182959,0.1635,4.692,6.653334,1,0
input,1108,24,1.145833,0.230625,5.887083,7.205208,1,0
input,1109,24,0.322542,0.142459,6.22,7.436125,1,0
input,1110,24,0.19675,0.161459,3.200667,4.430792,1,0
input,1111,24,0.733959,0.034167,4.1135,5.933875,0,
input,1112,24,6.764833,0.035,8.220708,8.864708,0,
input,1113,24,0.183625,0.036,3.310792,3.948542,0,
input,1114,24,2.169542,0.349542,10.674125,13.736083,100,0
input,1115,24,0.112125,0.355417,3.903458,6.050375,100,0
input,1116,24,0.115584,0.3575,4.036917,6.361042,100,0
input,1117,24,0.282208,0.34875,4.114375,6.209333,100,0
input,1118,24,0.106916,0.039083,2.003166,4.053083,0,
input,1119,24,0.574709,0.037083,3.7485,4.384959,0,
input,1120,24,0.179041,0.039041,1.760375,2.462375,0,
input,1121,24,0.1745,50.501084,52.360792,53.019334,0,
input,1122,24,1.4115,48.620167,52.467291,53.062416,0,
input,1123,24,0.137208,49.621834,51.116666,51.67525,0,
input,1124,24,1.112375,49.559291,55.20825,55.705875,0,
input,1125,24,1.740916,50.696958,56.423708,57.005291,0,
input,1126,24,1.09675,50.074625,53.450084,53.974209,0,
input,1127,24,0.11275,52.216042,53.509584,54.150875,0,
input,1128,24,0.106084,52.051917,53.240375,53.743417,0,
selection,1129,24,0.137083,0.038291,2.323125,3.885208,100,1
selection,1130,24,0.127916,0.029334,1.669833,2.912125,100,2
selection,1131,24,0.096958,0.024209,1.6605,2.894208,100,3
selection,1132,24,1.698417,0.022334,3.082292,4.297292,100,4
selection,1133,24,0.0765,0.021125,1.412208,2.701667,100,5
selection,1134,24,0.07425,0.021791,1.706666,5.515958,100,6
selection,1135,24,0.125917,0.032417,2.017792,5.832583,100,7
selection,1136,24,0.70725,0.039042,3.199916,7.504125,100,8
selection,1137,24,1.049084,0.039459,3.558459,7.580209,100,9
selection,1138,24,0.143042,0.033084,2.464833,6.699708,100,10
selection,1139,24,0.147958,0.033042,2.780541,6.931291,100,11
selection,1140,24,0.926625,0.049083,4.048209,8.283167,100,12
selection,1141,24,0.201458,0.044083,3.073125,6.62,100,13
selection,1142,24,7.060125,0.049584,10.282667,14.825667,100,14
selection,1143,24,0.15475,0.036041,3.482917,7.738583,100,15
selection,1144,24,0.194958,0.049417,3.600333,7.473917,100,16
selection,1145,24,4.256375,0.061541,8.072417,12.549625,100,17
selection,1146,24,0.167833,0.057292,3.816667,8.540542,100,18
selection,1147,24,0.175458,0.032084,3.517458,7.703417,100,19
selection,1148,24,0.201792,0.0375,3.789583,8.119875,100,20
empty,1149,24,0.820208,0.03725,4.395542,6.37575,0,
invoke,1150,25,,,4.240583,5.064666,0,
input,1151,25,0.186541,0.19525,6.383166,8.6525,3,0
input,1152,25,0.160292,0.145875,4.700375,6.615917,2,0
input,1153,25,8.394083,0.117708,12.412083,14.402375,1,0
input,1154,25,0.611292,0.146125,4.710417,5.966625,1,0
input,1155,25,1.02575,0.175375,7.392542,8.78425,1,0
input,1156,25,0.213042,0.158458,2.580875,3.830167,1,0
input,1157,25,0.651791,0.033334,3.900291,5.665833,0,
input,1158,25,6.056459,0.042333,7.798209,8.539,0,
input,1159,25,0.2125,0.036375,3.359708,4.111958,0,
input,1160,25,1.93575,0.32875,9.654708,12.835208,100,0
input,1161,25,0.147,0.342875,3.957167,6.33875,100,0
input,1162,25,0.140041,0.364583,4.029958,6.561958,100,0
input,1163,25,0.164958,0.36775,4.175833,6.417625,100,0
input,1164,25,0.113458,0.033875,1.859333,4.14825,0,
input,1165,25,0.587667,0.048,6.126083,6.820792,0,
input,1166,25,0.124958,0.031459,2.894583,3.516541,0,
input,1167,25,0.122125,51.108625,52.646416,53.312083,0,
input,1168,25,0.112708,50.786667,52.330583,52.983083,0,
input,1169,25,1.334417,50.888875,57.162917,57.687458,0,
input,1170,25,0.08975,49.18475,53.501666,54.110416,0,
input,1171,25,0.085167,51.108,52.283708,52.808792,0,
input,1172,25,0.0835,50.295084,53.45525,53.998708,0,
input,1173,25,0.110625,55.57175,57.78075,58.338708,0,
input,1174,25,0.102416,54.875542,56.108958,56.631958,0,
selection,1175,25,0.126417,0.036625,2.556334,4.127709,100,1
selection,1176,25,1.967834,0.035292,3.779334,5.180542,100,2
selection,1177,25,0.152375,0.032666,1.891792,3.193,100,3
selection,1178,25,0.110042,0.027084,1.843834,3.328542,100,4
selection,1179,25,1.630334,0.030834,3.65425,5.525917,100,5
selection,1180,25,0.142291,0.029458,2.263333,6.398833,100,6
selection,1181,25,0.173916,0.040083,2.57225,6.982041,100,7
selection,1182,25,1.783792,0.039166,4.339083,8.722792,100,8
selection,1183,25,0.14575,0.03175,2.473791,6.745833,100,9
selection,1184,25,0.209291,0.048375,3.297458,7.8685,100,10
selection,1185,25,0.182292,0.045125,3.243584,7.823709,100,11
selection,1186,25,0.193875,0.066375,3.248167,7.893167,100,12
selection,1187,25,0.229083,0.054792,3.305792,7.872917,100,13
selection,1188,25,0.159625,0.038916,3.318459,7.577042,100,14
selection,1189,25,0.224542,0.051375,3.709125,8.266834,100,15
selection,1190,25,1.259625,0.065209,4.985334,9.35,100,16
selection,1191,25,0.184583,0.046584,3.849375,8.180958,100,17
selection,1192,25,0.156334,0.035542,3.340667,7.323209,100,18
selection,1193,25,0.206125,0.047583,4.194208,9.005875,100,19
selection,1194,25,0.902,0.0365,4.457708,8.829417,100,20
empty,1195,25,0.102,0.031042,1.593292,3.918583,0,
invoke,1196,26,,,4.437709,5.814292,0,
input,1197,26,0.30525,0.14825,5.421084,7.609709,3,0
input,1198,26,3.496542,0.159959,8.610708,10.58475,2,0
input,1199,26,0.160541,0.16125,5.677541,7.741375,1,0
input,1200,26,0.208958,0.188625,5.470958,6.948125,1,0
input,1201,26,0.200625,0.129333,6.377125,7.569791,1,0
input,1202,26,0.253334,0.135292,2.993959,4.30325,1,0
input,1203,26,0.520791,0.036333,3.794708,5.637875,0,
input,1204,26,4.98125,0.037209,6.714292,7.448125,0,
input,1205,26,1.610791,0.039958,5.422875,6.135458,0,
input,1206,26,1.840875,0.334208,12.222833,15.3165,100,0
input,1207,26,9.802917,0.325666,13.706833,16.06225,100,0
input,1208,26,0.170459,0.383417,4.2175,6.702834,100,0
input,1209,26,0.181667,0.752375,5.916459,8.330625,100,0
input,1210,26,0.1225,0.040125,2.307291,4.864083,0,
input,1211,26,0.127,0.040375,1.787125,2.447625,0,
input,1212,26,0.1455,0.038416,7.68525,8.495541,0,
input,1213,26,1.184458,53.517875,58.224916,58.89925,0,
input,1214,26,0.135625,51.777083,53.19525,53.824458,0,
input,1215,26,1.2175,52.530458,56.193417,56.76225,0,
input,1216,26,0.868958,51.643583,54.925458,55.50875,0,
input,1217,26,1.701125,50.031791,52.930416,53.494083,0,
input,1218,26,0.102875,50.19325,51.426875,51.97,0,
input,1219,26,2.036917,53.613,57.957292,58.526375,0,
input,1220,26,0.104333,53.357583,57.426917,57.93425,0,
selection,1221,26,0.128042,0.031042,2.355417,3.807709,100,1
selection,1222,26,2.012208,0.02675,3.5475,4.704083,100,2
selection,1223,26,0.09275,0.020916,1.573042,2.897875,100,3
selection,1224,26,0.093125,0.019458,1.590584,3.08975,100,4
selection,1225,26,2.212959,0.037542,4.056042,5.678417,100,5
selection,1226,26,0.127458,0.033208,2.260333,6.147708,100,6
selection,1227,26,0.137917,0.028042,2.056292,5.713,100,7
selection,1228,26,0.137959,0.031584,2.339875,6.255209,100,8
selection,1229,26,0.163834,0.035083,2.638042,7.0445,100,9
selection,1230,26,3.115666,0.049375,6.10375,10.698541,100,10
selection,1231,26,0.183542,0.041708,3.093167,7.268083,100,11
selection,1232,26,0.175625,0.0465,3.111417,7.093042,100,12
selection,1233,26,0.146541,0.068208,3.149166,6.973708,100,13
selection,1234,26,0.173084,0.043792,3.214209,7.440792,100,14
selection,1235,26,0.203958,0.04125,3.380042,8.061417,100,15
selection,1236,26,0.137417,0.034542,3.499084,7.725667,100,16
selection,1237,26,0.888958,0.052375,4.558333,9.122416,100,17
selection,1238,26,0.170459,0.032959,3.550834,7.9065,100,18
selection,1239,26,0.187375,0.049416,4.085208,9.143417,100,19
selection,1240,26,0.255083,0.063084,4.288333,8.92425,100,20
empty,1241,26,0.136,0.036916,1.74525,3.8005,0,
invoke,1242,27,,,4.312,5.067375,0,
input,1243,27,0.113708,0.196416,5.994125,8.052375,3,0
input,1244,27,4.081167,0.145458,11.524042,13.682375,2,0
input,1245,27,5.5765,0.144292,13.288042,15.508917,1,0
input,1246,27,0.158292,0.187,2.857584,4.113584,1,0
input,1247,27,0.226375,0.134375,3.071167,4.42825,1,0
input,1248,27,0.151166,0.134667,4.126416,5.375375,1,0
input,1249,27,0.425875,0.035375,4.069583,5.763333,0,
input,1250,27,0.140125,0.028625,1.407375,2.037292,0,
input,1251,27,0.190375,0.04125,1.836625,2.597125,0,
input,1252,27,0.15775,0.325917,5.398958,7.858166,100,0
input,1253,27,0.110625,0.319875,3.85575,6.034084,100,0
input,1254,27,0.572625,0.340709,7.19325,8.985125,100,0
input,1255,27,0.143917,0.384375,4.307875,6.021208,100,0
input,1256,27,0.094666,0.037083,2.974833,4.835583,0,
input,1257,27,0.134417,0.030333,1.4945,2.150542,0,
input,1258,27,0.145292,0.030833,1.386583,2.013625,0,
input,1259,27,0.125042,50.62475,53.215,53.819292,0,
input,1260,27,1.976542,48.651917,53.221042,53.889,0,
input,1261,27,0.104,51.459291,52.874125,53.423,0,
input,1262,27,0.095083,51.771417,56.859083,57.386625,0,
input,1263,27,0.09425,52.116625,53.240334,53.730084,0,
input,1264,27,0.94425,51.892875,54.022708,54.603166,0,
input,1265,27,0.089666,53.183709,54.422791,54.972791,0,
input,1266,27,5.248917,52.294875,58.856917,59.454542,0,
selection,1267,27,0.177458,0.040167,2.608833,4.158041,100,1
selection,1268,27,1.716,0.035542,3.481541,4.902833,100,2
selection,1269,27,0.115,0.025917,1.869917,3.230667,100,3
selection,1270,27,0.12525,0.038625,2.020125,3.547125,100,4
selection,1271,27,1.127833,0.035,2.982,4.614333,100,5
selection,1272,27,0.179792,0.049458,2.398167,6.087209,100,6
selection,1273,27,0.115292,0.027541,2.0665,5.444333,100,7
selection,1274,27,0.145167,0.042541,2.296584,5.948917,100,8
selection,1275,27,0.121833,0.028042,2.686208,6.682917,100,9
selection,1276,27,0.134,0.030625,2.800375,7.138125,100,10
selection,1277,27,0.1635,0.047666,3.092667,7.152334,100,11
selection,1278,27,0.153416,0.038542,2.75,6.406916,100,12
selection,1279,27,0.162,0.037708,2.951959,6.577375,100,13
selection,1280,27,0.193166,0.043959,3.383583,8.452541,100,14
selection,1281,27,0.22075,0.058333,3.366708,7.762583,100,15
selection,1282,27,1.732667,0.056209,5.175459,9.209334,100,16
selection,1283,27,0.158209,0.034,2.903917,6.317417,100,17
selection,1284,27,0.264417,0.060542,4.03725,8.329333,100,18
selection,1285,27,0.132375,0.031833,3.430708,7.474791,100,19
selection,1286,27,0.138958,0.035083,3.452083,7.842833,100,20
empty,1287,27,0.140375,0.037458,1.787625,3.742416,0,
invoke,1288,28,,,4.670166,5.670791,0,
input,1289,28,0.147333,0.2265,5.612125,7.784833,3,0
input,1290,28,3.421792,0.130916,8.872625,10.784209,2,0
input,1291,28,0.583333,0.143333,5.097708,7.187208,1,0
input,1292,28,8.279834,0.179292,14.80075,15.955625,1,0
input,1293,28,0.196709,0.130167,2.937542,4.133167,1,0
input,1294,28,1.000792,0.180875,4.824542,6.086292,1,0
input,1295,28,1.05325,0.033708,4.471292,6.507167,0,
input,1296,28,0.170375,0.044875,1.837083,2.639917,0,
input,1297,28,0.153,0.032666,1.552833,2.260167,0,
input,1298,28,0.176125,0.385084,5.557583,8.653416,100,0
input,1299,28,0.14025,0.351542,4.146208,6.579875,100,0
input,1300,28,0.132041,0.358584,4.11575,6.264708,100,0
input,1301,28,0.141375,0.367209,4.291917,7.04175,100,0
input,1302,28,0.119875,0.035041,2.04125,4.0705,0,
input,1303,28,0.179541,0.036417,3.104875,3.823416,0,
input,1304,28,1.913167,0.033375,4.906292,5.510792,0,
input,1305,28,0.177125,53.535792,55.2965,55.870084,0,
input,1306,28,0.130958,48.5715,50.086583,50.727708,0,
input,1307,28,0.528792,51.058834,54.39575,55.045459,0,
input,1308,28,1.904083,51.065708,59.013625,59.546583,0,
input,1309,28,7.081,49.302167,59.914625,60.440375,0,
input,1310,28,0.095458,52.874875,54.120167,54.616333,0,
input,1311,28,0.082791,54.573417,55.622083,56.083875,0,
input,1312,28,0.089334,51.50275,52.806375,53.406875,0,
selection,1313,28,0.13775,0.036708,2.631125,4.300667,100,1
selection,1314,28,1.487667,0.033792,3.24075,4.46475,100,2
selection,1315,28,0.110417,0.027167,1.877167,3.252958,100,3
selection,1316,28,0.125583,0.032875,1.988,3.43625,100,4
selection,1317,28,1.373458,0.040042,3.374333,5.134333,100,5
selection,1318,28,0.149416,0.038916,2.148416,5.761958,100,6
selection,1319,28,0.146917,0.036666,2.117125,5.883792,100,7
selection,1320,28,0.107458,0.024541,2.254833,6.400125,100,8
selection,1321,28,0.236209,0.05125,2.913584,7.221209,100,9
selection,1322,28,0.234166,0.058625,3.428625,8.276291,100,10
selection,1323,28,0.18975,0.048833,3.05025,7.742042,100,11
selection,1324,28,1.460417,0.063708,4.861125,9.255584,100,12
selection,1325,28,0.321458,0.090792,3.412541,7.348875,100,13
selection,1326,28,0.219333,0.059375,3.306875,7.774208,100,14
selection,1327,28,0.174583,0.04975,3.565125,7.754208,100,15
selection,1328,28,0.150917,0.037125,3.1115,6.9645,100,16
selection,1329,28,2.6215,0.035417,5.749167,9.843292,100,17
selection,1330,28,0.15975,0.035041,3.528,7.673459,100,18
selection,1331,28,0.194459,0.050125,4.143,9.099709,100,19
selection,1332,28,0.261916,0.061042,4.432625,8.898125,100,20
empty,1333,28,0.205125,0.040459,5.7465,7.785625,0,
invoke,1334,29,,,3.836375,4.481292,0,
input,1335,29,0.161625,0.192708,6.085958,8.223625,3,0
input,1336,29,2.295042,0.113083,8.518125,10.354125,2,0
input,1337,29,8.337041,0.145125,12.983583,14.861125,1,0
input,1338,29,0.179833,0.157875,4.484042,5.737292,1,0
input,1339,29,0.68375,0.129542,4.764,6.02975,1,0
input,1340,29,0.975375,0.153333,4.982416,6.29375,1,0
input,1341,29,0.615792,0.040667,4.06425,5.825333,0,
input,1342,29,3.007666,0.037416,6.230125,6.905708,0,
input,1343,29,0.184083,0.04025,1.981208,2.807458,0,
input,1344,29,0.107292,0.340125,5.205042,7.89825,100,0
input,1345,29,0.123834,0.399375,4.067417,6.484125,100,0
input,1346,29,0.150167,0.38375,4.052417,6.423542,100,0
input,1347,29,0.156209,0.343583,3.666875,5.558125,100,0
input,1348,29,0.0935,0.055084,1.873125,3.694333,0,
input,1349,29,1.539,0.028583,4.160625,4.817584,0,
input,1350,29,0.126959,0.030667,1.385042,1.970667,0,
input,1351,29,0.114,52.426458,54.259208,54.890833,0,
input,1352,29,0.647583,52.652375,55.708791,56.231583,0,
input,1353,29,0.813417,48.562541,53.357167,53.897084,0,
input,1354,29,0.1135,49.946625,51.408,51.954833,0,
input,1355,29,0.1135,51.394958,52.812,53.395709,0,
input,1356,29,0.097875,51.7155,52.941166,53.522666,0,
input,1357,29,0.107209,50.765041,51.975459,52.485042,0,
input,1358,29,1.938958,51.856,57.546583,58.042375,0,
selection,1359,29,0.124083,0.035167,2.326666,3.765958,100,1
selection,1360,29,1.776125,0.026958,3.406333,4.782417,100,2
selection,1361,29,0.151541,0.046542,2.075,3.478416,100,3
selection,1362,29,0.101292,0.023709,1.83125,3.28975,100,4
selection,1363,29,1.238375,0.039041,3.019583,4.48525,100,5
selection,1364,29,0.136625,0.030334,2.019958,5.806625,100,6
selection,1365,29,0.1555,0.038917,2.313459,6.304334,100,7
selection,1366,29,0.147792,0.030791,2.325209,6.345709,100,8
selection,1367,29,0.155042,0.036833,2.622667,6.556083,100,9
selection,1368,29,0.161291,0.038167,2.671708,6.585375,100,10
selection,1369,29,0.178666,0.041375,3.033916,7.66125,100,11
selection,1370,29,1.895417,0.037167,4.657375,8.756042,100,12
selection,1371,29,0.171834,0.033584,3.229667,7.154084,100,13
selection,1372,29,0.209208,0.045,3.464166,7.703625,100,14
selection,1373,29,0.168083,0.035125,3.134542,7.229583,100,15
selection,1374,29,0.162167,0.033167,3.290584,7.001959,100,16
selection,1375,29,5.760334,0.063375,9.759542,14.481417,100,17
selection,1376,29,0.197167,0.078167,3.746209,8.198,100,18
selection,1377,29,0.191125,0.058791,3.9025,8.517959,100,19
selection,1378,29,1.75975,0.042125,5.792583,10.322833,100,20
empty,1379,29,0.107416,0.033625,1.669791,3.920041,0,
invoke,1380,30,,,4.878292,5.690083,0,
input,1381,30,0.169541,0.161833,6.657375,8.550083,3,0
input,1382,30,2.950833,0.149375,8.663375,10.540125,2,0
input,1383,30,0.595667,0.191334,6.347333,8.465667,1,0
input,1384,30,0.182542,0.141709,2.760667,4.062667,1,0
input,1385,30,0.17375,0.145,2.863917,4.196583,1,0
input,1386,30,1.619041,0.126083,5.958875,7.291041,1,0
input,1387,30,0.319833,0.031916,3.224125,5.076708,0,
input,1388,30,0.646291,0.0405,4.176416,5.049916,0,
input,1389,30,0.131167,0.03025,1.48075,2.125875,0,
input,1390,30,0.231625,0.335958,6.041667,9.052583,100,0
input,1391,30,0.12,0.362542,4.201208,6.703208,100,0
input,1392,30,0.237875,0.343208,4.069292,6.19825,100,0
input,1393,30,0.219916,0.337083,4.034583,6.271916,100,0
input,1394,30,0.095666,0.038417,2.809875,4.812708,0,
input,1395,30,0.2055,0.032667,3.300834,3.899084,0,
input,1396,30,0.134917,0.029708,1.351458,1.927917,0,
input,1397,30,0.107875,51.2835,53.085833,53.7255,0,
input,1398,30,1.533917,50.239417,55.797208,56.316833,0,
input,1399,30,1.62325,48.950417,52.769166,53.268,0,
input,1400,30,0.12175,52.126375,53.951125,54.469,0,
input,1401,30,0.09525,51.029292,52.718125,53.252125,0,
input,1402,30,1.522292,52.304833,57.572375,58.072333,0,
input,1403,30,0.0935,51.195541,54.861292,55.342875,0,
input,1404,30,0.906167,55.2575,58.021084,58.552584,0,
selection,1405,30,0.52775,0.035,2.654709,4.010917,100,1
selection,1406,30,0.119416,0.030792,1.764541,3.0995,100,2
selection,1407,30,0.072083,0.017458,1.397041,2.623875,100,3
selection,1408,30,1.8255,0.025458,3.345417,4.701875,100,4
selection,1409,30,0.089292,0.020417,1.508084,2.832042,100,5
selection,1410,30,0.107458,0.030875,1.892833,5.333708,100,6
selection,1411,30,0.139959,0.035625,2.05825,5.402334,100,7
selection,1412,30,0.863542,0.028292,2.795834,6.485292,100,8
selection,1413,30,1.417166,0.033042,3.548416,7.213625,100,9
selection,1414,30,0.553167,0.033542,3.051959,6.962625,100,10
selection,1415,30,0.150958,0.036875,2.544708,6.354458,100,11
selection,1416,30,0.170666,0.041958,2.845791,6.878083,100,12
selection,1417,30,0.131708,0.028167,2.66975,6.440958,100,13
selection,1418,30,0.149792,0.033042,3.149958,7.198625,100,14
selection,1419,30,0.152417,0.036209,3.148459,6.848417,100,15
selection,1420,30,0.15275,0.038083,3.404792,7.325917,100,16
selection,1421,30,0.123709,0.031125,2.667167,6.32775,100,17
selection,1422,30,0.128084,0.033042,3.243959,7.233375,100,18
selection,1423,30,0.131875,0.047208,3.779417,8.088667,100,19
selection,1424,30,0.175458,0.038209,4.042833,8.438958,100,20
empty,1425,30,0.3935,0.040291,2.168625,4.405,0,
invoke,1426,31,,,6.807167,7.539125,0,
input,1427,31,0.157375,0.169042,9.783583,12.018583,3,0
input,1428,31,2.504584,0.116208,7.55975,9.461417,2,0
input,1429,31,0.562042,0.149958,5.004875,6.960959,1,0
input,1430,31,0.743542,0.153292,5.446959,6.962584,1,0
input,1431,31,0.21275,0.172,6.3335,7.58225,1,0
input,1432,31,0.196583,0.151875,3.068958,4.25825,1,0
input,1433,31,0.689917,0.031542,3.700042,5.318292,0,
input,1434,31,0.183167,0.032667,1.752292,2.525792,0,
input,1435,31,1.124,0.049958,4.069,4.697125,0,
input,1436,31,0.13575,0.329291,4.515709,7.152209,100,0
input,1437,31,0.123584,0.324583,3.557959,5.738375,100,0
input,1438,31,0.124959,0.327167,3.605292,5.3535,100,0
input,1439,31,0.133292,0.359917,3.78325,5.614333,100,0
input,1440,31,0.122875,0.039375,1.9935,3.869917,0,
input,1441,31,0.159458,0.032791,1.561,2.222958,0,
input,1442,31,0.1455,0.033375,1.470625,2.088583,0,
input,1443,31,1.552708,55.045083,58.876958,59.455042,0,
input,1444,31,0.097083,49.081083,53.760583,54.239167,0,
input,1445,31,0.674084,51.545542,55.835875,56.280959,0,
input,1446,31,1.509459,51.564459,57.390459,57.925125,0,
input,1447,31,0.078083,51.721791,53.053167,53.694833,0,
input,1448,31,0.094208,50.959667,52.117666,52.572458,0,
input,1449,31,0.120833,52.138042,53.783417,54.231583,0,
input,1450,31,0.10675,52.016625,53.368333,53.830375,0,
selection,1451,31,0.104541,0.030708,2.341541,3.972625,100,1
selection,1452,31,0.115291,0.024041,1.781,3.096333,100,2
selection,1453,31,0.133042,0.032666,2.044,3.620125,100,3
selection,1454,31,0.613959,0.035,2.319917,3.802875,100,4
selection,1455,31,0.166,0.031667,2.081667,3.732792,100,5
selection,1456,31,0.137209,0.029417,2.347167,5.930584,100,6
selection,1457,31,0.104417,0.024583,2.203375,6.041708,100,7
selection,1458,31,0.152459,0.033375,2.654709,6.628125,100,8
selection,1459,31,0.181083,0.044917,2.688833,7.059583,100,9
selection,1460,31,1.21775,0.040417,3.981958,8.26475,100,10
selection,1461,31,0.156,0.034583,3.012542,7.162042,100,11
selection,1462,31,0.186417,0.03575,3.129334,6.937292,100,12
selection,1463,31,0.132209,0.032666,3.385917,7.84275,100,13
selection,1464,31,0.212666,0.0485,3.362708,7.998125,100,14
selection,1465,31,0.168541,0.038375,3.582208,8.215041,100,15
selection,1466,31,2.126917,0.070166,5.76275,10.021417,100,16
selection,1467,31,7.273209,0.077125,11.558959,16.014792,100,17
selection,1468,31,0.194,0.047292,3.885958,8.587458,100,18
selection,1469,31,0.215792,0.045958,3.792875,7.897792,100,19
selection,1470,31,1.958667,0.049084,5.83525,10.162292,100,20
empty,1471,31,0.1425,0.032834,3.6385,5.57125,0,
invoke,1472,32,,,3.698583,5.640458,0,
input,1473,32,0.172333,0.13825,5.08475,7.144333,3,0
input,1474,32,4.253583,0.173333,9.636875,11.684333,2,0
input,1475,32,0.128875,0.122583,4.197833,6.206792,1,0
input,1476,32,0.562083,0.162041,5.694708,7.000125,1,0
input,1477,32,0.193709,0.13225,4.28325,5.495125,1,0
input,1478,32,0.797,0.142792,4.431333,5.702291,1,0
input,1479,32,1.168875,0.03175,4.219417,5.869833,0,
input,1480,32,6.581625,0.032708,8.061125,8.803916,0,
input,1481,32,1.1605,0.034417,3.918875,4.526375,0,
input,1482,32,0.126708,0.313875,3.959833,6.434458,100,0
input,1483,32,0.138209,0.331917,3.974792,6.271667,100,0
input,1484,32,0.134916,0.360667,4.729541,6.524166,100,0
input,1485,32,0.13325,0.37525,3.597,5.289792,100,0
input,1486,32,0.202084,0.037667,3.172625,5.281625,0,
input,1487,32,4.113791,0.034958,5.677666,6.354916,0,
input,1488,32,1.9355,0.037625,5.103334,5.797125,0,
input,1489,32,0.133541,53.000375,54.653541,55.3475,0,
input,1490,32,0.093125,50.846667,52.166833,52.745791,0,
input,1491,32,0.086583,49.257,52.460375,52.975916,0,
input,1492,32,2.1735,48.750541,54.936625,55.494042,0,
input,1493,32,0.105,48.927459,50.197,50.715167,0,
input,1494,32,0.378958,48.775209,52.616458,53.199458,0,
input,1495,32,0.095916,50.000792,51.159916,51.673791,0,
input,1496,32,0.096416,51.848,57.436708,58.0115,0,
selection,1497,32,0.529541,0.039375,2.762875,4.242541,100,1
selection,1498,32,0.1125,0.025291,1.748667,2.9975,100,2
selection,1499,32,0.09175,0.019459,1.567083,2.908041,100,3
selection,1500,32,1.498958,0.035291,3.494375,5.120625,100,4
selection,1501,32,0.147583,0.033459,2.026708,3.55725,100,5
selection,1502,32,0.114667,0.02625,2.093458,5.761583,100,6
selection,1503,32,0.162875,0.0345,2.302292,6.00125,100,7
selection,1504,32,0.170291,0.045458,2.797583,6.947,100,8
selection,1505,32,0.145166,0.036334,2.556,6.74675,100,9
selection,1506,32,0.207792,0.047875,3.04675,7.546709,100,10
selection,1507,32,0.151167,0.036125,2.810084,6.721417,100,11
selection,1508,32,0.1545,0.031083,2.89975,6.863833,100,12
selection,1509,32,0.16275,0.04175,3.162792,7.510875,100,13
selection,1510,32,0.173167,0.062666,3.389667,8.031709,100,14
selection,1511,32,1.292084,0.041625,4.545334,8.731417,100,15
selection,1512,32,0.239625,0.117667,3.577583,7.8365,100,16
selection,1513,32,0.211667,0.05025,3.696334,7.665042,100,17
selection,1514,32,0.169417,0.033708,3.141667,6.913917,100,18
selection,1515,32,0.234792,0.043333,3.731083,8.551625,100,19
selection,1516,32,0.240792,0.052,4.376292,8.680084,100,20
empty,1517,32,0.153333,0.037167,3.380167,5.396792,0,
invoke,1518,33,,,4.606875,5.299375,0,
input,1519,33,2.918708,0.221167,10.155458,12.293125,3,0
input,1520,33,0.173375,0.186791,3.361916,5.501958,2,0
input,1521,33,5.61975,0.1875,12.822042,14.573125,1,0
input,1522,33,0.160208,0.100625,2.435333,3.656833,1,0
input,1523,33,0.196167,0.146292,4.025667,5.399458,1,0
input,1524,33,0.9815,0.14375,5.1605,6.5115,1,0
input,1525,33,0.423167,0.031666,3.767042,5.585583,0,
input,1526,33,0.194833,0.031708,1.745667,2.526,0,
input,1527,33,0.526458,0.042708,4.229,5.009375,0,
input,1528,33,1.805917,0.338916,8.133917,11.054375,100,0
input,1529,33,0.116792,0.347542,3.757583,5.989708,100,0
input,1530,33,0.129583,0.338958,4.092625,6.183125,100,0
input,1531,33,0.204792,0.364041,5.814208,8.028833,100,0
input,1532,33,0.127875,0.043917,2.321,4.739458,0,
input,1533,33,0.185917,0.037333,1.768083,2.615,0,
input,1534,33,1.823875,0.033,5.398125,6.082,0,
input,1535,33,2.037542,52.534292,57.782417,58.572334,0,
input,1536,33,0.191167,48.883541,51.233917,51.863583,0,
input,1537,33,0.123875,50.296292,51.85275,52.45125,0,
input,1538,33,1.205209,51.763334,55.589417,56.180167,0,
input,1539,33,1.415708,50.940375,55.270167,55.778125,0,
input,1540,33,2.089875,51.437791,54.700125,55.254875,0,
input,1541,33,0.095208,52.1955,53.351583,53.838792,0,
input,1542,33,0.081292,54.784375,58.272417,58.84825,0,
selection,1543,33,0.108958,0.02925,2.268458,3.691542,100,1
selection,1544,33,1.972541,0.025334,3.423291,4.642333,100,2
selection,1545,33,0.094042,0.020625,1.603,2.86775,100,3
selection,1546,33,0.128416,0.031042,1.883375,3.393666,100,4
selection,1547,33,2.061125,0.027708,3.842125,5.455958,100,5
selection,1548,33,0.133708,0.031792,2.072583,5.603292,100,6
selection,1549,33,0.117,0.027417,1.920375,5.502666,100,7
selection,1550,33,0.15575,0.036,2.502208,6.850375,100,8
selection,1551,33,0.179458,0.040375,2.904416,7.6835,100,9
selection,1552,33,0.172166,0.04675,2.888125,7.481375,100,10
selection,1553,33,0.160208,0.0345,2.970083,7.291708,100,11
selection,1554,33,1.410958,0.030791,4.167417,8.596958,100,12
selection,1555,33,0.168042,0.029625,2.813792,6.80775,100,13
selection,1556,33,0.18825,0.044042,3.375459,7.970334,100,14
selection,1557,33,0.170292,0.032417,3.231792,7.110958,100,15
selection,1558,33,0.209083,0.047959,3.7095,8.544542,100,16
selection,1559,33,2.291208,0.052542,6.200792,10.728667,100,17
selection,1560,33,0.158583,0.034666,3.546375,7.611208,100,18
selection,1561,33,0.2055,0.041166,3.897709,8.223834,100,19
selection,1562,33,0.22375,0.047792,4.062917,8.630084,100,20
empty,1563,33,0.257209,0.039,1.911417,4.171875,0,
invoke,1564,34,,,5.864833,6.541333,0,
input,1565,34,0.186,0.225042,8.44675,10.846042,3,0
input,1566,34,2.888875,0.126333,9.161667,11.265459,2,0
input,1567,34,0.188542,0.172875,5.531667,7.414917,1,0
input,1568,34,0.142,0.17775,2.791584,4.011459,1,0
input,1569,34,0.179625,0.206375,2.825958,4.203792,1,0
input,1570,34,0.602583,0.122459,4.442458,5.664917,1,0
input,1571,34,0.934792,0.037084,4.528792,6.598709,0,
input,1572,34,5.674292,0.041625,7.276167,8.013875,0,
input,1573,34,0.187417,0.038209,3.297333,4.037583,0,
input,1574,34,0.156291,0.34675,4.91675,7.892875,100,0
input,1575,34,1.754917,0.3395,7.517208,9.749583,100,0
input,1576,34,0.157375,0.369042,4.399625,6.559041,100,0
input,1577,34,0.195625,0.345583,4.7855,6.503584,100,0
input,1578,34,0.139042,0.033083,1.989292,3.993708,0,
input,1579,34,3.467708,0.034666,4.981,5.66975,0,
input,1580,34,1.987417,0.035833,4.832125,5.569417,0,
input,1581,34,0.128708,51.507542,53.260166,54.00925,0,
input,1582,34,0.115,49.265875,51.423625,52.015417,0,
input,1583,34,0.100291,50.9005,52.193625,52.741875,0,
input,1584,34,0.078166,49.8,52.394,52.887125,0,
input,1585,34,1.601834,51.094875,53.978375,54.582625,0,
input,1586,34,0.093292,51.634166,52.784417,53.291834,0,
input,1587,34,0.090666,50.892667,52.855541,53.418458,0,
input,1588,34,1.035792,54.792125,60.028459,60.647334,0,
selection,1589,34,0.137709,0.036041,2.468334,3.915917,100,1
selection,1590,34,0.104583,0.025959,1.634541,2.898541,100,2
selection,1591,34,0.10675,0.024667,1.723875,3.130375,100,3
selection,1592,34,0.113292,0.028542,1.666334,2.998167,100,4
selection,1593,34,0.138417,0.03825,2.103709,3.818334,100,5
selection,1594,34,0.970584,0.0395,3.273584,7.2055,100,6
selection,1595,34,0.168667,0.04075,2.333792,6.153375,100,7
selection,1596,34,0.507833,0.041791,2.626042,6.548875,100,8
selection,1597,34,0.320125,0.034208,2.624042,6.471125,100,9
selection,1598,34,0.223542,0.038958,2.709417,7.003,100,10
selection,1599,34,0.204,0.047167,3.069792,6.972875,100,11
selection,1600,34,0.122042,0.025459,2.447959,6.229375,100,12
selection,1601,34,0.158541,0.03575,2.979458,7.034125,100,13
selection,1602,34,0.213416,0.056083,3.513916,7.802375,100,14
selection,1603,34,0.170459,0.042417,3.348459,7.407334,100,15
selection,1604,34,0.204958,0.047542,3.448833,8.121083,100,16
selection,1605,34,2.278208,0.047041,5.966875,10.175958,100,17
selection,1606,34,0.263125,0.040625,3.439166,7.523791,100,18
selection,1607,34,0.172292,0.043583,3.862334,8.001167,100,19
selection,1608,34,0.129583,0.02525,3.051125,6.456375,100,20
empty,1609,34,0.118042,0.036042,2.044625,4.09275,0,
invoke,1610,35,,,6.179917,6.77175,0,
input,1611,35,6.504416,0.203375,12.967291,15.259041,3,0
input,1612,35,0.138,0.145292,3.084708,5.232375,2,0
input,1613,35,6.673625,0.141625,12.383042,14.420375,1,0
input,1614,35,0.205625,0.116792,5.788334,6.873125,1,0
input,1615,35,0.149084,0.147458,2.598459,3.887167,1,0
input,1616,35,0.424167,0.144834,4.10525,5.155,1,0
input,1617,35,1.311417,0.032958,4.662084,6.051625,0,
input,1618,35,0.113917,0.030375,1.440709,2.105459,0,
input,1619,35,0.757125,0.036083,5.325,5.987541,0,
input,1620,35,1.10475,0.350917,6.353625,8.752833,100,0
input,1621,35,0.487083,0.321125,5.009958,7.007833,100,0
input,1622,35,0.118458,0.326917,4.646625,6.415125,100,0
input,1623,35,0.133084,0.351625,4.793167,6.692042,100,0
input,1624,35,0.105959,0.052917,2.547792,4.427709,0,
input,1625,35,0.140334,0.029458,1.394084,2.029625,0,
input,1626,35,0.117875,0.026458,1.209042,1.778417,0,
input,1627,35,0.102,51.758708,53.445792,53.980375,0,
input,1628,35,1.466166,48.628625,53.225791,53.739875,0,
input,1629,35,0.078417,48.978709,50.023375,50.509417,0,
input,1630,35,1.739334,49.837167,56.224709,56.757417,0,
input,1631,35,1.338666,49.129917,54.694291,55.180958,0,
input,1632,35,0.083458,50.780125,51.94525,52.436458,0,
input,1633,35,0.072792,51.42425,54.249375,54.773709,0,
input,1634,35,0.085,51.211208,55.067166,55.59675,0,
selection,1635,35,1.401292,0.039375,3.769209,5.324875,100,1
selection,1636,35,0.107333,0.023417,1.545125,2.674708,100,2
selection,1637,35,0.084167,0.01975,1.506542,2.774,100,3
selection,1638,35,1.55475,0.021959,3.089875,4.624375,100,4
selection,1639,35,0.13575,0.026958,1.698709,3.089209,100,5
selection,1640,35,0.144625,0.037042,2.348666,6.018541,100,6
selection,1641,35,0.186625,0.043334,2.640292,6.566167,100,7
selection,1642,35,0.144792,0.036458,2.767833,6.721167,100,8
selection,1643,35,0.192125,0.04975,2.719458,6.65675,100,9
selection,1644,35,0.112625,0.028542,2.845875,6.910459,100,10
selection,1645,35,0.144417,0.0325,2.848417,6.485709,100,11
selection,1646,35,0.210958,0.055125,3.16925,7.534708,100,12
selection,1647,35,0.164917,0.054666,3.1,7.658292,100,13
selection,1648,35,0.175,0.0325,3.055416,7.030125,100,14
selection,1649,35,0.138625,0.032209,3.350125,7.913375,100,15
selection,1650,35,0.684667,0.048208,4.228917,8.807042,100,16
selection,1651,35,6.542083,0.044708,10.22725,14.418,100,17
selection,1652,35,0.239959,0.08775,3.85525,8.4295,100,18
selection,1653,35,0.1595,0.03225,3.419791,7.444125,100,19
selection,1654,35,0.20775,0.070042,3.7695,8.4545,100,20
empty,1655,35,0.769584,0.040292,3.797792,5.843917,0,
invoke,1656,36,,,5.175584,6.500709,0,
input,1657,36,0.139166,0.205292,5.792833,7.871541,3,0
input,1658,36,3.317625,0.132375,9.245625,11.175959,2,0
input,1659,36,6.827125,0.178625,11.750083,13.913583,1,0
input,1660,36,0.50075,0.17025,6.622375,7.85975,1,0
input,1661,36,0.165083,0.180875,3.266958,4.549833,1,0
input,1662,36,0.884084,0.141,4.716875,5.991417,1,0
input,1663,36,0.945041,0.034458,4.309958,6.126583,0,
input,1664,36,4.98525,0.043083,6.697208,7.393916,0,
input,1665,36,1.309625,0.03875,6.197542,6.939792,0,
input,1666,36,0.722292,0.381792,6.712583,9.571042,100,0
input,1667,36,0.165542,0.318916,4.110167,6.599334,100,0
input,1668,36,0.143375,0.325583,3.63625,5.649958,100,0
input,1669,36,0.193583,0.36275,4.23725,6.138042,100,0
input,1670,36,0.146084,0.039375,2.932417,5.19275,0,
input,1671,36,0.513375,0.052417,3.681959,4.269834,0,
input,1672,36,0.1585,0.038417,1.709208,2.451041,0,
input,1673,36,0.233166,53.439625,55.531791,56.212458,0,
input,1674,36,0.171167,48.887167,50.808042,51.425667,0,
input,1675,36,0.106667,50.58625,51.934084,52.522084,0,
input,1676,36,0.1015,50.720334,53.918083,54.501208,0,
input,1677,36,1.550667,51.189708,56.005875,56.543125,0,
input,1678,36,1.420042,50.930459,53.509167,54.105542,0,
input,1679,36,0.081542,49.973833,51.166375,51.684708,0,
input,1680,36,0.107375,52.11925,54.517917,55.069292,0,
selection,1681,36,0.137792,0.033292,2.280667,3.631334,100,1
selection,1682,36,1.889292,0.025167,3.653834,5.080667,100,2
selection,1683,36,0.122167,0.025458,1.855709,3.17575,100,3
selection,1684,36,0.09225,0.021834,1.53275,3.08725,100,4
selection,1685,36,0.145208,0.029958,2.007,3.473083,100,5
selection,1686,36,0.148,0.033458,2.265834,5.858334,100,6
selection,1687,36,0.131792,0.033,2.233792,5.820667,100,7
selection,1688,36,0.150917,0.036542,2.329584,6.155459,100,8
selection,1689,36,0.163542,0.038833,2.810167,7.030834,100,9
selection,1690,36,0.155,0.032958,2.765625,6.775292,100,10
selection,1691,36,0.141292,0.044375,3.06,7.265708,100,11
selection,1692,36,0.163208,0.040208,2.897708,6.905583,100,12
selection,1693,36,0.168667,0.034292,2.991792,7.460459,100,13
selection,1694,36,0.209542,0.041667,3.568667,8.125583,100,14
selection,1695,36,1.354875,0.031667,4.751541,9.258,100,15
selection,1696,36,0.207583,0.053,3.571541,8.05,100,16
selection,1697,36,5.02175,0.040667,8.595042,12.84025,100,17
selection,1698,36,0.154333,0.034,3.610541,7.731625,100,18
selection,1699,36,0.174084,0.039667,3.689,8.0965,100,19
selection,1700,36,0.242875,0.047417,3.975666,8.358833,100,20
empty,1701,36,0.141084,0.042292,1.915167,4.118709,0,
invoke,1702,37,,,4.137041,4.827208,0,
input,1703,37,1.001666,0.178208,8.697166,10.751208,3,0
input,1704,37,2.850292,0.162416,9.13975,11.225458,2,0
input,1705,37,9.272417,0.185958,12.285209,14.273792,1,0
input,1706,37,0.149167,0.184375,6.227084,7.457542,1,0
input,1707,37,0.145375,0.208125,2.605917,3.994542,1,0
input,1708,37,0.183917,0.149459,4.501125,5.887834,1,0
input,1709,37,0.203583,0.034292,3.481917,5.306792,0,
input,1710,37,5.348916,0.035958,6.994208,7.821875,0,
input,1711,37,1.202,0.0475,6.700167,7.432625,0,
input,1712,37,0.194083,0.354083,6.951333,10.103291,100,0
input,1713,37,0.132708,0.35825,4.3755,6.974083,100,0
input,1714,37,0.205416,0.340917,4.183375,6.548875,100,0
input,1715,37,0.1625,0.364917,4.262166,6.668291,100,0
input,1716,37,0.121167,0.035416,2.0385,4.216375,0,
input,1717,37,0.188166,0.036458,3.632333,4.276416,0,
input,1718,37,0.18925,0.047375,3.423291,4.028125,0,
input,1719,37,0.134167,50.498625,52.472542,53.415334,0,
input,1720,37,0.135875,51.041667,52.711834,53.342334,0,
input,1721,37,0.73525,49.740125,54.844333,55.415916,0,
input,1722,37,0.119,51.652833,53.2985,53.912417,0,
input,1723,37,0.128333,50.250708,51.562125,52.06825,0,
input,1724,37,1.628334,51.835667,54.670792,55.269667,0,
input,1725,37,0.08875,52.394375,53.586709,54.134209,0,
input,1726,37,0.1085,50.99875,52.290042,52.81625,0,
selection,1727,37,0.125125,0.035084,2.311291,3.8335,100,1
selection,1728,37,0.108667,0.0265,1.792083,3.169083,100,2
selection,1729,37,0.116167,0.028958,2.065667,3.650667,100,3
selection,1730,37,1.973375,0.046708,3.906583,5.364042,100,4
selection,1731,37,0.112208,0.026125,1.76875,3.082,100,5
selection,1732,37,0.15525,0.040375,2.21475,5.756292,100,6
selection,1733,37,0.155458,0.043042,2.281417,5.983792,100,7
selection,1734,37,0.154958,0.040292,2.182625,5.740833,100,8
selection,1735,37,0.282208,0.0315,2.431708,6.168041,100,9
selection,1736,37,0.442833,0.039292,2.86075,6.729375,100,10
selection,1737,37,0.149,0.037292,2.702834,6.416459,100,11
selection,1738,37,0.17525,0.0465,2.974417,6.946375,100,12
selection,1739,37,0.126333,0.030709,2.537083,6.305,100,13
selection,1740,37,0.145042,0.03275,2.83175,6.554542,100,14
selection,1741,37,0.120958,0.026,2.7625,6.213625,100,15
selection,1742,37,0.14075,0.0335,3.163792,7.276292,100,16
selection,1743,37,0.1515,0.037875,3.272,7.173959,100,17
selection,1744,37,0.109042,0.023958,2.88475,6.451042,100,18
selection,1745,37,0.148875,0.033292,3.500458,7.568417,100,19
selection,1746,37,0.213042,0.051834,3.631584,7.344834,100,20
empty,1747,37,0.118042,0.035958,1.753167,3.840417,0,
invoke,1748,38,,,4.5455,5.477,0,
input,1749,38,0.168083,0.184583,6.614667,8.5,3,0
input,1750,38,0.52675,0.150833,9.550791,11.623583,2,0
input,1751,38,4.977625,0.139625,9.242333,11.02425,1,0
input,1752,38,0.494583,0.1395,5.3915,6.693042,1,0
input,1753,38,0.206333,0.150083,5.072375,6.387583,1,0
input,1754,38,1.15875,0.1605,5.446292,6.713708,1,0
input,1755,38,0.328916,0.040375,3.866708,5.383291,0,
input,1756,38,0.803542,0.030334,3.589,4.199083,0,
input,1757,38,0.139291,0.029584,1.377125,1.94475,0,
input,1758,38,1.025375,0.329917,6.115875,8.520375,100,0
input,1759,38,0.494375,0.333417,5.520416,7.638458,100,0
input,1760,38,0.127416,0.333958,5.508166,7.299583,100,0
input,1761,38,0.163584,0.379584,3.834959,5.630292,100,0
input,1762,38,0.106792,0.031833,2.220167,4.169584,0,
input,1763,38,3.600875,0.038,4.944042,5.56475,0,
input,1764,38,0.117292,0.027584,1.290542,1.897875,0,
input,1765,38,0.125708,51.898792,53.529458,54.144792,0,
input,1766,38,0.704,49.513042,54.30025,54.847583,0,
input,1767,38,0.0815,49.427791,50.601542,51.107417,0,
input,1768,38,0.093875,49.088709,53.054792,53.654584,0,
input,1769,38,0.086709,50.439791,51.630084,52.120167,0,
input,1770,38,0.096583,50.029583,51.196708,51.715416,0,
input,1771,38,0.093666,52.051458,53.472166,54.08925,0,
input,1772,38,0.0935,52.92425,54.207125,54.754791,0,
selection,1773,38,0.489875,0.036125,2.75325,4.29275,100,1
selection,1774,38,0.100708,0.021375,1.553666,2.733,100,2
selection,1775,38,0.090666,0.023459,1.6015,2.812541,100,3
selection,1776,38,1.545042,0.02725,3.040875,4.316875,100,4
selection,1777,38,0.116625,0.026667,1.814459,3.324084,100,5
selection,1778,38,0.13575,0.034042,2.489291,6.160125,100,6
selection,1779,38,0.783375,0.039375,2.955167,6.629792,100,7
selection,1780,38,0.522333,0.033333,2.974875,7.251333,100,8
selection,1781,38,0.162792,0.030375,2.432875,6.357875,100,9
selection,1782,38,0.171333,0.044417,2.473042,6.545167,100,10
selection,1783,38,0.147959,0.031125,2.552542,6.169875,100,11
selection,1784,38,0.111417,0.027125,2.593958,6.662208,100,12
selection,1785,38,0.120791,0.02575,2.610208,6.480333,100,13
selection,1786,38,0.145292,0.027917,2.706667,6.267375,100,14
selection,1787,38,0.164666,0.04575,3.452958,7.565291,100,15
selection,1788,38,0.2085,0.044417,3.873333,8.301708,100,16
selection,1789,38,0.147458,0.03025,3.155792,6.86275,100,17
selection,1790,38,0.134958,0.028875,3.245583,7.003708,100,18
selection,1791,38,0.205833,0.052125,3.692958,8.002333,100,19
selection,1792,38,0.159334,0.042667,3.583,7.629375,100,20
empty,1793,38,1.852416,0.034625,5.514208,7.6655,0,
invoke,1794,39,,,6.731916,8.438041,0,
input,1795,39,0.147041,0.165,5.671166,7.831625,3,0
input,1796,39,3.4135,0.1255,9.115,11.170375,2,0
input,1797,39,7.267875,0.189083,12.258916,14.087791,1,0
input,1798,39,0.153833,0.1265,2.40975,3.713708,1,0
input,1799,39,1.433084,0.218125,6.208542,7.6665,1,0
input,1800,39,0.180208,0.142167,3.88825,5.210458,1,0
input,1801,39,0.968917,0.036917,4.215,6.008,0,
input,1802,39,5.467083,0.058375,7.103292,7.862,0,
input,1803,39,1.123667,0.036375,4.813,5.488709,0,
input,1804,39,1.954041,0.366167,8.145083,11.145458,100,0
input,1805,39,0.131,0.358792,4.23,6.781375,100,0
input,1806,39,0.161166,0.3525,4.04,6.150791,100,0
input,1807,39,0.151125,0.385709,4.315958,6.623792,100,0
input,1808,39,0.144166,0.047125,2.46575,4.771458,0,
input,1809,39,0.184125,0.034583,2.2625,2.972208,0,
input,1810,39,1.975792,0.04875,5.34675,6.09575,0,
input,1811,39,2.17625,52.89275,58.470417,59.279917,0,
input,1812,39,0.150292,50.177959,52.844333,53.468792,0,
input,1813,39,0.098084,48.707792,50.141417,50.755,0,
input,1814,39,0.110958,50.549583,55.427208,55.99775,0,
input,1815,39,0.387708,50.440416,53.877041,54.387083,0,
input,1816,39,0.1,52.573042,53.788084,54.256,0,
input,1817,39,0.110625,52.526667,53.917542,54.451583,0,
input,1818,39,0.0905,49.719416,50.923125,51.423416,0,
selection,1819,39,0.171209,0.05325,2.447209,3.824,100,1
selection,1820,39,1.782833,0.028333,3.343958,4.563291,100,2
selection,1821,39,0.125417,0.02825,1.735792,3.132417,100,3
selection,1822,39,0.902625,0.032958,2.374125,3.633083,100,4
selection,1823,39,0.096083,0.01975,1.393417,2.594583,100,5
selection,1824,39,0.688958,0.026875,2.240542,5.103083,100,6
selection,1825,39,1.954667,0.032833,3.684334,6.857375,100,7
selection,1826,39,1.458958,0.032125,3.332625,6.7095,100,8
selection,1827,39,1.087583,0.025875,2.933416,6.323375,100,9
selection,1828,39,1.080625,0.023417,3.101542,7.128792,100,10
selection,1829,39,0.269292,0.039125,2.711417,6.52575,100,11
selection,1830,39,0.140292,0.031834,2.746583,6.37375,100,12
selection,1831,39,0.111333,0.025708,2.515375,6.237292,100,13
selection,1832,39,0.2015,0.024792,2.632291,6.139375,100,14
selection,1833,39,0.417125,0.023417,2.880208,6.475875,100,15
selection,1834,39,0.321833,0.034459,3.159375,7.042833,100,16
selection,1835,39,0.174125,0.043,3.371458,7.169917,100,17
selection,1836,39,0.123417,0.025958,2.93575,6.386334,100,18
selection,1837,39,0.132625,0.026916,3.338958,7.141625,100,19
selection,1838,39,0.142708,0.031875,3.465625,7.299291,100,20
empty,1839,39,0.1285,0.04175,2.300625,4.210041,0,
invoke,1840,40,,,4.051,4.856792,0,
input,1841,40,0.205792,0.176375,6.648,9.107,3,0
input,1842,40,0.546208,0.158708,7.292458,9.6895,2,0
input,1843,40,6.114458,0.146916,11.704583,13.92675,1,0
input,1844,40,0.2055,0.120416,4.124167,5.384667,1,0
input,1845,40,1.323625,0.124375,5.290541,6.811083,1,0
input,1846,40,0.845791,0.1455,6.512458,7.849375,1,0
input,1847,40,0.179125,0.035167,2.382,4.247,0,
input,1848,40,0.633875,0.034,3.645167,4.320875,0,
input,1849,40,0.140959,0.032125,1.483125,2.14375,0,
input,1850,40,0.576625,0.348333,6.228667,8.795167,100,0
input,1851,40,0.100125,0.365125,4.889917,7.029333,100,0
input,1852,40,0.126,0.36225,3.998041,5.814625,100,0
input,1853,40,0.167,0.360333,3.78,5.592084,100,0
input,1854,40,0.097459,0.03375,2.835709,4.782625,0,
input,1855,40,0.138042,0.033209,1.546334,2.176625,0,
input,1856,40,2.084084,0.034917,6.429834,7.11775,0,
input,1857,40,1.316875,52.358125,56.534708,57.167125,0,
input,1858,40,0.522834,50.589458,55.095417,55.706792,0,
input,1859,40,1.196417,51.140208,55.897292,56.423459,0,
input,1860,40,1.194042,49.851083,54.776917,55.347792,0,
input,1861,40,0.080292,50.889625,52.110209,52.667667,0,
input,1862,40,0.094417,50.77,51.948042,52.419667,0,
input,1863,40,1.514333,52.982667,58.980416,59.525625,0,
input,1864,40,0.102292,53.146166,54.292125,54.773875,0,
selection,1865,40,0.186208,0.0435,2.754583,4.430333,100,1
selection,1866,40,0.392042,0.049167,2.543833,3.984542,100,2
selection,1867,40,0.130542,0.031458,1.795542,3.219625,100,3
selection,1868,40,0.12175,0.029292,2.02175,3.341083,100,4
selection,1869,40,2.105708,0.028291,3.640958,5.211125,100,5
selection,1870,40,0.17625,0.03475,2.344667,6.476292,100,6
selection,1871,40,0.171417,0.037,2.534083,6.50175,100,7
selection,1872,40,0.186041,0.035,2.44125,6.998416,100,8
selection,1873,40,0.14975,0.033666,2.624542,6.990709,100,9
selection,1874,40,1.745666,0.042291,4.841875,9.368166,100,10
selection,1875,40,0.462584,0.052916,3.585084,7.924417,100,11
selection,1876,40,0.215708,0.048667,3.716833,8.369041,100,12
selection,1877,40,0.183666,0.044334,3.468125,8.24325,100,13
selection,1878,40,0.1875,0.064917,3.768334,8.169375,100,14
selection,1879,40,1.256542,0.058541,4.920583,9.640625,100,15
selection,1880,40,0.22775,0.049583,3.832875,8.184541,100,16
selection,1881,40,0.204667,0.045042,3.53825,8.033417,100,17
selection,1882,40,0.19375,0.046125,3.924958,8.486542,100,18
selection,1883,40,0.363375,0.038875,3.9855,8.159542,100,19
selection,1884,40,0.226458,0.062458,4.222292,9.0065,100,20
empty,1885,40,0.122166,0.042041,1.904166,4.060833,0,
invoke,1886,41,,,5.010459,5.738917,0,
input,1887,41,0.203292,0.171125,7.368417,9.396083,3,0
input,1888,41,2.356375,0.115625,8.587333,10.589917,2,0
input,1889,41,0.171958,0.186958,5.155416,7.207458,1,0
input,1890,41,0.789334,0.138458,4.935709,6.203834,1,0
input,1891,41,0.974958,0.119416,4.731708,5.934292,1,0
input,1892,41,1.439208,0.164458,7.107292,8.2785,1,0
input,1893,41,0.143417,0.033125,4.359625,5.9405,0,
input,1894,41,0.180083,0.034833,1.694667,2.452375,0,
input,1895,41,1.512333,0.039542,5.262166,6.0375,0,
input,1896,41,1.783375,0.346833,8.0215,10.719542,100,0
input,1897,41,0.246958,0.3295,4.684292,7.058292,100,0
input,1898,41,0.143833,0.354208,3.984875,6.042167,100,0
input,1899,41,0.1375,0.337209,3.739542,5.823625,100,0
input,1900,41,0.112541,0.038375,1.990708,4.095333,0,
input,1901,41,3.984875,0.036292,5.522833,6.23725,0,
input,1902,41,1.460959,0.039,5.01275,5.70775,0,
input,1903,41,2.050083,51.464833,56.79825,57.437583,0,
input,1904,41,1.002584,49.38875,52.830917,53.568042,0,
input,1905,41,0.100625,49.637917,51.02375,51.638708,0,
input,1906,41,0.466,50.282041,55.736625,56.249834,0,
input,1907,41,0.582875,51.365833,55.581417,56.133792,0,
input,1908,41,0.871875,50.801791,55.520792,56.086959,0,
input,1909,41,1.155875,51.267292,54.6525,55.162041,0,
input,1910,41,0.093459,52.114417,53.477417,54.062375,0,
selection,1911,41,0.151584,0.038625,2.518375,4.039834,100,1
selection,1912,41,2.104083,0.0325,3.817708,5.144167,100,2
selection,1913,41,0.128375,0.026083,1.869292,3.215708,100,3
selection,1914,41,0.111708,0.029042,1.841417,3.245875,100,4
selection,1915,41,1.575834,0.038167,3.423917,5.05625,100,5
selection,1916,41,0.117584,0.028042,2.001375,5.593459,100,6
selection,1917,41,0.159875,0.037416,2.398708,5.991542,100,7
selection,1918,41,0.172917,0.042875,2.465708,6.310333,100,8
selection,1919,41,0.163584,0.035459,2.52175,6.219334,100,9
selection,1920,41,0.135375,0.027042,2.393834,5.951625,100,10
selection,1921,41,0.207417,0.050792,3.006708,6.9775,100,11
selection,1922,41,0.188125,0.04825,3.0425,7.19275,100,12
selection,1923,41,0.1845,0.049334,2.9635,7.420166,100,13
selection,1924,41,0.230584,0.051625,3.546084,8.412417,100,14
selection,1925,41,1.066084,0.064958,4.7145,8.959959,100,15
selection,1926,41,0.1555,0.031875,3.082959,6.995834,100,16
selection,1927,41,6.028791,0.058958,9.965583,14.410333,100,17
selection,1928,41,0.172625,0.040625,3.608958,8.168,100,18
selection,1929,41,0.17575,0.046667,3.984333,8.367375,100,19
selection,1930,41,0.117333,0.024208,3.293958,7.010958,100,20
empty,1931,41,1.258042,0.059208,9.934042,11.885292,0,
invoke,1932,42,,,4.255291,5.502416,0,
input,1933,42,0.173208,0.212584,6.007666,8.074833,3,0
input,1934,42,3.248959,0.135208,8.595,10.512834,2,0
input,1935,42,0.471583,0.13975,5.267083,7.070583,1,0
input,1936,42,8.293834,0.193041,12.985459,14.476209,1,0
input,1937,42,0.152875,0.149209,4.371958,5.774541,1,0
input,1938,42,0.702542,0.142334,4.540417,5.894167,1,0
input,1939,42,0.834458,0.034084,4.171208,5.907791,0,
input,1940,42,4.690917,0.033875,6.24775,7.01775,0,
input,1941,42,1.482708,0.043875,4.766791,5.606583,0,
input,1942,42,0.125,0.381208,5.558709,8.727209,100,0
input,1943,42,6.812667,0.338708,11.24225,13.306334,100,0
input,1944,42,2.048834,0.349334,7.974584,10.043667,100,0
input,1945,42,0.2605,0.376416,4.195417,6.364667,100,0
input,1946,42,0.148708,0.040667,3.316416,5.440708,0,
input,1947,42,0.926875,0.035166,3.892292,4.486208,0,
input,1948,42,0.170167,0.036833,1.769208,2.511,0,
input,1949,42,0.140542,52.300417,54.204583,55.012667,0,
input,1950,42,0.16975,49.422292,51.983625,52.632208,0,
input,1951,42,0.11075,49.419292,50.915875,51.533958,0,
input,1952,42,0.109292,50.962209,55.544125,56.12525,0,
input,1953,42,0.099833,51.42625,55.21375,55.704208,0,
input,1954,42,1.325791,50.951333,55.510875,56.085666,0,
input,1955,42,1.585542,52.705,56.294167,56.819167,0,
input,1956,42,1.163167,50.993709,57.95825,58.529625,0,
selection,1957,42,0.10875,0.027083,2.122792,3.420417,100,1
selection,1958,42,0.069166,0.01725,1.261833,2.376875,100,2
selection,1959,42,0.057334,0.016041,1.364334,2.509292,100,3
selection,1960,42,2.049542,0.021459,3.420834,4.729042,100,4
selection,1961,42,0.08175,0.020666,1.537333,2.860625,100,5
selection,1962,42,0.09075,0.024208,1.806584,5.545459,100,6
selection,1963,42,0.141708,0.036416,2.214125,5.893583,100,7
selection,1964,42,0.285417,0.033541,2.317333,6.421625,100,8
selection,1965,42,0.221542,0.029167,2.373375,6.12625,100,9
selection,1966,42,0.419334,0.038875,2.829584,6.911417,100,10
selection,1967,42,0.439041,0.030584,2.882083,7.173041,100,11
selection,1968,42,0.170334,0.041917,3.300584,7.646375,100,12
selection,1969,42,0.165917,0.040458,3.2405,7.420458,100,13
selection,1970,42,0.165417,0.036875,3.01175,7.004459,100,14
selection,1971,42,0.141709,0.030958,3.120625,7.280542,100,15
selection,1972,42,0.181,0.0435,3.56325,8.181083,100,16
selection,1973,42,0.280541,0.053,3.545458,7.773833,100,17
selection,1974,42,0.194375,0.043167,4.019958,8.690667,100,18
selection,1975,42,0.330375,0.035791,3.868667,8.036709,100,19
selection,1976,42,0.252292,0.075458,4.037292,8.618542,100,20
empty,1977,42,0.120083,0.03975,1.78575,3.806125,0,
invoke,1978,43,,,4.110208,4.891958,0,
input,1979,43,0.203833,0.1645,5.6195,7.717458,3,0
input,1980,43,2.656834,0.125042,8.756292,10.678625,2,0
input,1981,43,0.183042,0.1885,3.78025,5.899834,1,0
input,1982,43,7.78125,0.147083,12.579416,13.907125,1,0
input,1983,43,0.244125,0.153791,4.543333,5.847125,1,0
input,1984,43,0.655042,0.135209,4.164875,5.431375,1,0
input,1985,43,1.205791,0.033042,4.703791,6.475916,0,
input,1986,43,4.459458,0.049958,6.042125,6.823416,0,
input,1987,43,1.68025,0.034917,5.30825,6.087125,0,
input,1988,43,0.184334,0.377667,5.160292,8.207292,100,0
input,1989,43,11.228,0.314834,14.906625,16.79675,100,0
input,1990,43,0.207875,0.368791,4.408333,6.522208,100,0
input,1991,43,0.217625,0.374458,4.918583,6.991792,100,0
input,1992,43,0.116292,0.042541,2.351709,4.549625,0,
input,1993,43,0.950709,0.034084,4.059625,4.655625,0,
input,1994,43,0.168458,0.040084,1.77375,2.516083,0,
input,1995,43,1.683584,51.380792,56.48525,57.201667,0,
input,1996,43,0.748333,48.623958,51.491166,52.038125,0,
input,1997,43,0.12475,51.4365,53.105,53.655291,0,
input,1998,43,1.418708,49.603875,55.359458,55.91475,0,
input,1999,43,1.954709,50.815125,53.876,54.455834,0,
input,2000,43,0.102042,51.120291,52.304208,52.783708,0,
input,2001,43,0.10525,50.952041,53.08675,53.562417,0,
input,2002,43,0.093667,53.263541,54.713792,55.286708,0,
selection,2003,43,0.123084,0.045791,2.550125,4.074959,100,1
selection,2004,43,0.8785,0.032709,2.672125,4.307042,100,2
selection,2005,43,0.13925,0.036,2.133,3.503542,100,3
selection,2006,43,0.163333,0.038209,2.335375,3.922791,100,4
selection,2007,43,0.136333,0.033417,1.921792,3.459875,100,5
selection,2008,43,0.136958,0.032625,2.171083,5.742125,100,6
selection,2009,43,0.111625,0.024625,1.996208,5.981708,100,7
selection,2010,43,0.116,0.025292,2.042,6.129042,100,8
selection,2011,43,0.1585,0.0305,2.583584,6.465209,100,9
selection,2012,43,1.429167,0.04175,4.2365,8.843125,100,10
selection,2013,43,0.201833,0.050375,3.197791,7.477791,100,11
selection,2014,43,0.233209,0.048125,3.213125,7.599417,100,12
selection,2015,43,0.16425,0.052666,3.313458,7.735208,100,13
selection,2016,43,0.182958,0.052334,3.227833,7.626833,100,14
selection,2017,43,0.14025,0.032333,3.352709,7.916667,100,15
selection,2018,43,1.500167,0.063667,5.083583,9.233042,100,16
selection,2019,43,6.8245,0.039708,10.100209,14.38,100,17
selection,2020,43,0.802375,0.050708,4.570583,9.14775,100,18
selection,2021,43,0.267083,0.056958,3.7115,7.928416,100,19
selection,2022,43,0.133917,0.035125,3.7935,8.203834,100,20
empty,2023,43,0.153625,0.043916,2.063875,4.318834,0,
invoke,2024,44,,,4.035375,4.718958,0,
input,2025,44,0.185917,0.164916,7.239208,9.545333,3,0
input,2026,44,1.81775,0.136375,8.984417,11.162083,2,0
input,2027,44,0.12425,0.131542,2.514916,4.317666,1,0
input,2028,44,0.162375,0.135958,5.008167,6.539417,1,0
input,2029,44,1.346875,0.216042,6.136708,7.488583,1,0
input,2030,44,0.175583,0.1455,4.319458,5.659,1,0
input,2031,44,0.547584,0.04525,4.027709,5.777542,0,
input,2032,44,3.691958,0.037542,5.216166,5.941583,0,
input,2033,44,1.690875,0.044875,5.577291,6.297583,0,
input,2034,44,1.690542,0.337084,7.699375,10.601667,100,0
input,2035,44,0.129041,0.358042,4.355333,6.805875,100,0
input,2036,44,0.150458,0.324791,4.045416,5.921625,100,0
input,2037,44,0.169875,0.36875,4.010416,6.067291,100,0
input,2038,44,0.116333,0.036291,2.04075,4.29825,0,
input,2039,44,0.960833,0.050125,4.306917,5.015958,0,
input,2040,44,0.184334,0.029708,1.510834,2.183834,0,
input,2041,44,0.181625,51.536875,54.564667,55.227417,0,
input,2042,44,0.136,49.452125,51.971583,52.543292,0,
input,2043,44,0.092583,50.71875,51.959875,52.4665,0,
input,2044,44,0.082666,50.234125,54.037166,54.647583,0,
input,2045,44,1.013292,51.366958,53.629375,54.192083,0,
input,2046,44,0.089667,51.34775,52.589375,53.143417,0,
input,2047,44,0.111416,51.368375,52.594375,53.102125,0,
input,2048,44,1.4025,53.303208,58.457333,58.976292,0,
selection,2049,44,0.129375,0.033583,2.314917,3.700417,100,1
selection,2050,44,0.126625,0.032375,1.9765,3.422666,100,2
selection,2051,44,0.111042,0.024833,1.61775,2.788583,100,3
selection,2052,44,0.146584,0.030834,1.752542,3.034709,100,4
selection,2053,44,1.303875,0.022334,2.778125,4.329083,100,5
selection,2054,44,0.12075,0.028625,2.10325,5.865917,100,6
selection,2055,44,0.153375,0.032083,2.262917,6.097792,100,7
selection,2056,44,0.16325,0.0405,2.502542,7.161375,100,8
selection,2057,44,0.135584,0.037292,2.7135,7.677625,100,9
selection,2058,44,0.145042,0.03275,2.647667,7.165125,100,10
selection,2059,44,0.152041,0.029416,2.755625,6.774208,100,11
selection,2060,44,2.15775,0.029083,4.842333,9.011125,100,12
selection,2061,44,0.141,0.030209,3.040917,7.255958,100,13
selection,2062,44,0.293625,0.062625,3.577875,8.038792,100,14
selection,2063,44,0.1825,0.057125,3.575917,8.349917,100,15
selection,2064,44,0.211708,0.052083,3.469541,7.856083,100,16
selection,2065,44,1.546792,0.04825,5.465792,9.979417,100,17
selection,2066,44,0.162541,0.033042,3.37075,7.727166,100,18
selection,2067,44,0.145166,0.036958,3.7365,8.317458,100,19
selection,2068,44,0.140542,0.029291,3.560375,7.733667,100,20
empty,2069,44,0.923,0.038167,2.57575,4.925542,0,
invoke,2070,45,,,5.290125,7.580209,0,
input,2071,45,0.408709,0.215084,5.99,8.190959,3,0
input,2072,45,4.364291,0.1865,11.806166,13.648291,2,0
input,2073,45,6.141208,0.152709,11.288625,13.35225,1,0
input,2074,45,0.42175,0.128791,4.140125,5.287709,1,0
input,2075,45,1.562834,0.117083,5.143209,6.38325,1,0
input,2076,45,0.154125,0.155833,3.012583,4.690833,1,0
input,2077,45,0.142208,0.033417,2.051458,3.803917,0,
input,2078,45,0.161667,0.055916,4.183333,4.840833,0,
input,2079,45,1.746667,0.045291,5.467792,6.192875,0,
input,2080,45,1.852875,0.320292,7.325041,9.975125,100,0
input,2081,45,0.240125,0.367208,4.568625,7.136583,100,0
input,2082,45,0.161666,0.35075,3.863,5.691333,100,0
input,2083,45,0.191,0.3555,3.932667,5.791458,100,0
input,2084,45,0.123125,0.036334,2.035708,3.874,0,
input,2085,45,0.154042,0.031667,1.556834,2.164292,0,
input,2086,45,0.129375,0.028166,1.324333,1.930333,0,
input,2087,45,0.158542,50.80875,53.389542,53.966292,0,
input,2088,45,0.733667,48.998458,53.996959,54.57,0,
input,2089,45,0.0935,49.431917,50.611458,51.147167,0,
input,2090,45,0.08425,51.0885,54.714875,55.248167,0,
input,2091,45,1.315167,50.925292,53.338583,53.962875,0,
input,2092,45,0.121,51.14275,52.431,52.975875,0,
input,2093,45,0.116791,51.808166,53.778708,54.317416,0,
input,2094,45,0.911625,54.649208,59.517125,60.13425,0,
selection,2095,45,0.133375,0.037708,2.470542,4.063709,100,1
selection,2096,45,1.409584,0.033792,3.112209,4.415917,100,2
selection,2097,45,0.133167,0.032625,1.956458,3.362125,100,3
selection,2098,45,0.0885,0.021875,1.749042,3.229709,100,4
selection,2099,45,1.416208,0.031459,3.387625,5.107708,100,5
selection,2100,45,0.131625,0.030583,2.000584,5.862292,100,6
selection,2101,45,0.138791,0.033792,2.394666,6.230666,100,7
selection,2102,45,0.134292,0.033417,2.374125,6.605709,100,8
selection,2103,45,0.164708,0.047333,2.72275,7.49975,100,9
selection,2104,45,1.87275,0.041459,4.92725,9.16,100,10
selection,2105,45,0.192083,0.046459,3.011625,7.28275,100,11
selection,2106,45,0.161125,0.036208,3.06075,7.368666,100,12
selection,2107,45,0.18075,0.043875,3.256334,8.263209,100,13
selection,2108,45,0.220292,0.05225,3.58875,8.117333,100,14
selection,2109,45,1.515167,0.045292,4.984542,9.296125,100,15
selection,2110,45,0.250167,0.059,3.887042,8.22325,100,16
selection,2111,45,0.148875,0.040625,3.556042,7.915,100,17
selection,2112,45,0.186542,0.041792,3.737792,8.711709,100,18
selection,2113,45,0.190416,0.042375,3.825541,8.209416,100,19
selection,2114,45,0.608916,0.040209,4.399333,8.332041,100,20
empty,2115,45,0.130667,0.038,1.836792,3.924334,0,
invoke,2116,46,,,4.282333,5.100375,0,
input,2117,46,0.132875,0.225833,6.164875,8.418625,3,0
input,2118,46,3.303208,0.124958,9.41425,11.260916,2,0
input,2119,46,0.199042,0.174833,5.5555,7.382708,1,0
input,2120,46,0.167,0.162417,2.918291,4.243083,1,0
input,2121,46,0.149208,0.148625,2.782417,4.119708,1,0
input,2122,46,0.197708,0.13575,4.330208,5.604791,1,0
input,2123,46,0.611084,0.0345,4.25975,6.283542,0,
input,2124,46,0.202167,0.0315,1.688125,2.444542,0,
input,2125,46,1.22125,0.047041,4.554667,5.32625,0,
input,2126,46,0.140584,0.3505,5.338959,8.558375,100,0
input,2127,46,7.589833,0.364875,12.195166,14.343958,100,0
input,2128,46,1.052541,0.337,8.340708,10.275208,100,0
input,2129,46,0.188667,0.348417,3.973375,6.292459,100,0
input,2130,46,0.1035,0.035833,2.111084,4.369,0,
input,2131,46,0.214667,0.039459,3.151625,3.91875,0,
input,2132,46,1.887083,0.037666,5.355833,6.05325,0,
input,2133,46,0.170917,52.477708,54.781125,55.478792,0,
input,2134,46,0.121667,49.075792,50.767875,51.405958,0,
input,2135,46,1.197667,50.119792,55.670792,56.268292,0,
input,2136,46,1.303667,50.569125,54.77975,55.386167,0,
input,2137,46,0.105917,51.835042,53.066834,53.692959,0,
input,2138,46,0.110083,50.765625,52.236083,52.793583,0,
input,2139,46,1.018542,52.43925,55.53925,56.071333,0,
input,2140,46,1.317458,53.342875,57.945458,58.472458,0,
selection,2141,46,7.694833,0.0335,9.97125,11.479041,100,1
selection,2142,46,0.077708,0.01875,1.293,2.3605,100,2
selection,2143,46,0.106042,0.029208,1.808375,3.194708,100,3
selection,2144,46,1.607334,0.03825,3.60925,5.241584,100,4
selection,2145,46,0.118458,0.02575,1.710708,3.089958,100,5
selection,2146,46,0.130125,0.033083,2.329875,6.281166,100,6
selection,2147,46,0.114125,0.025667,1.982292,5.781375,100,7
selection,2148,46,0.137334,0.027625,2.423875,6.963042,100,8
selection,2149,46,0.186625,0.044375,3.109959,7.319292,100,9
selection,2150,46,0.156333,0.035166,2.923833,6.961166,100,10
selection,2151,46,0.182208,0.044167,3.104583,7.203792,100,11
selection,2152,46,0.155458,0.037709,2.930708,7.023333,100,12
selection,2153,46,0.176583,0.03925,3.190292,7.565333,100,13
selection,2154,46,0.214084,0.044291,3.436125,8.284959,100,14
selection,2155,46,1.639042,0.072917,5.35575,9.675958,100,15
selection,2156,46,0.158541,0.033959,3.280083,7.146875,100,16
selection,2157,46,0.168,0.052541,3.533959,7.991084,100,17
selection,2158,46,0.265125,0.042917,3.960709,8.712584,100,18
selection,2159,46,1.614167,0.045792,5.515833,9.771583,100,19
selection,2160,46,0.207208,0.046125,3.863166,8.270125,100,20
empty,2161,46,0.1235,0.04225,1.812916,4.032833,0,
invoke,2162,47,,,5.164709,5.879875,0,
input,2163,47,0.179292,0.232791,5.844667,7.928542,3,0
input,2164,47,0.896833,0.173542,5.9925,7.951125,2,0
input,2165,47,1.087958,0.167458,6.713875,8.66025,1,0
input,2166,47,0.1885,0.18,4.544125,5.874083,1,0
input,2167,47,0.976542,0.201959,5.408042,6.795125,1,0
input,2168,47,0.548708,0.152542,6.781125,8.046291,1,0
input,2169,47,0.118792,0.038833,1.978833,3.679458,0,
input,2170,47,3.638833,0.039,5.252333,6.032542,0,
input,2171,47,1.493125,0.043584,4.768042,5.475167,0,
input,2172,47,0.137208,0.336958,5.08125,8.104375,100,0
input,2173,47,11.596125,0.328458,15.583459,17.774792,100,0
input,2174,47,0.270708,0.346542,4.545958,6.697125,100,0
input,2175,47,0.29525,0.367583,4.145917,6.1865,100,0
input,2176,47,0.112375,0.032875,1.928916,4.121916,0,
input,2177,47,0.46275,0.038208,3.98225,4.715625,0,
input,2178,47,2.167083,0.041959,6.145666,6.83325,0,
input,2179,47,1.629959,51.39375,56.304667,56.951292,0,
input,2180,47,0.938792,49.007208,52.884042,53.481375,0,
input,2181,47,0.144667,52.201791,53.804667,54.383084,0,
input,2182,47,0.115125,49.259292,53.499708,54.024541,0,
input,2183,47,1.791375,50.172084,53.193708,53.7565,0,
input,2184,47,0.087916,50.586959,51.850208,52.4095,0,
input,2185,47,0.103666,51.445125,55.056875,55.570666,0,
input,2186,47,0.792834,52.795083,57.671084,58.211792,0,
selection,2187,47,0.091584,0.022875,1.922417,3.257292,100,1
selection,2188,47,0.1285,0.032292,1.886583,3.271917,100,2
selection,2189,47,0.152333,0.0325,1.94825,3.264208,100,3
selection,2190,47,1.405959,0.029416,3.175917,4.677459,100,4
selection,2191,47,0.117792,0.024667,1.819375,3.333375,100,5
selection,2192,47,0.105542,0.026833,1.919625,5.617958,100,6
selection,2193,47,0.184125,0.05125,2.587584,6.564042,100,7
selection,2194,47,0.167833,0.04025,2.49775,6.470625,100,8
selection,2195,47,0.14525,0.035416,2.764292,6.805084,100,9
selection,2196,47,0.132458,0.032041,2.61675,6.649208,100,10
selection,2197,47,0.145417,0.035084,2.830833,6.749792,100,11
selection,2198,47,0.1515,0.033125,2.992458,7.119625,100,12
selection,2199,47,0.184708,0.048417,3.2685,8.132208,100,13
selection,2200,47,0.192792,0.033,3.167,7.386917,100,14
selection,2201,47,0.191666,0.039375,3.394458,7.688416,100,15
selection,2202,47,1.400542,0.04775,5.135875,9.607834,100,16
selection,2203,47,0.227875,0.056042,3.970791,8.288166,100,17
selection,2204,47,0.142625,0.033417,3.386667,7.467542,100,18
selection,2205,47,0.261791,0.038,3.814833,8.103916,100,19
selection,2206,47,0.154209,0.051958,3.602417,8.008209,100,20
empty,2207,47,1.198375,0.039125,4.749791,7.0825,0,
invoke,2208,48,,,4.282042,5.036708,0,
input,2209,48,0.160666,0.190083,7.632541,9.778375,3,0
input,2210,48,0.749958,0.175542,6.552416,8.448458,2,0
input,2211,48,0.138667,0.148083,3.243709,4.988667,1,0
input,2212,48,0.161625,0.16275,5.216291,6.669041,1,0
input,2213,48,0.156209,0.185167,3.059584,4.4375,1,0
input,2214,48,0.460625,0.164417,7.261875,8.644334,1,0
input,2215,48,0.115208,0.038125,1.913041,3.712666,0,
input,2216,48,3.587208,0.032875,5.208042,5.980542,0,
input,2217,48,1.333333,0.034833,5.287,5.99425,0,
input,2218,48,1.628542,0.308708,7.587167,10.4175,100,0
input,2219,48,0.150708,0.339416,5.108,7.924333,100,0
input,2220,48,0.122666,0.371334,4.063291,6.290458,100,0
input,2221,48,0.179041,0.387,4.304375,6.705958,100,0
input,2222,48,0.128208,0.040291,2.120208,4.399791,0,
input,2223,48,0.148417,0.038167,1.938375,2.671083,0,
input,2224,48,1.428792,0.033208,6.611542,7.285709,0,
input,2225,48,0.49375,50.650875,54.229125,54.905083,0,
input,2226,48,1.862625,50.181042,56.769458,57.362416,0,
input,2227,48,0.836459,50.434,55.231542,55.825334,0,
input,2228,48,0.104875,49.847,51.396042,51.938917,0,
input,2229,48,0.077167,51.348708,52.620667,53.247542,0,
input,2230,48,0.0855,51.011667,52.105708,52.601208,0,
input,2231,48,0.104541,50.927417,55.090625,55.590583,0,
input,2232,48,0.689209,51.392583,55.736417,56.248459,0,
selection,2233,48,0.131375,0.03325,2.482167,3.948875,100,1
selection,2234,48,0.137791,0.033709,1.99025,3.386958,100,2
selection,2235,48,0.116667,0.026792,1.991709,3.422334,100,3
selection,2236,48,0.736833,0.035,2.880083,4.353708,100,4
selection,2237,48,0.124459,0.028208,1.731792,3.143875,100,5
selection,2238,48,0.434042,0.033791,2.488792,6.698334,100,6
selection,2239,48,0.172042,0.043708,2.664542,6.526417,100,7
selection,2240,48,0.17675,0.045291,2.517458,6.536,100,8
selection,2241,48,0.157417,0.036917,2.592917,6.898417,100,9
selection,2242,48,0.15225,0.037292,2.907334,6.985167,100,10
selection,2243,48,0.180083,0.044625,3.295542,7.971792,100,11
selection,2244,48,0.161958,0.035125,3.174292,7.861167,100,12
selection,2245,48,0.187125,0.037041,3.145417,7.489958,100,13
selection,2246,48,0.193333,0.044125,3.344708,7.527167,100,14
selection,2247,48,1.129917,0.03475,4.402834,8.324167,100,15
selection,2248,48,1.134625,0.051959,4.903167,9.445792,100,16
selection,2249,48,6.390375,0.072334,10.35375,14.654584,100,17
selection,2250,48,0.192917,0.044125,3.54875,7.816709,100,18
selection,2251,48,0.152459,0.03425,3.490875,7.351042,100,19
selection,2252,48,0.184584,0.042833,3.7405,7.853084,100,20
empty,2253,48,1.989625,0.036583,3.69875,5.758625,0,
invoke,2254,49,,,6.154625,6.821,0,
input,2255,49,0.1695,0.21325,7.954166,10.089958,3,0
input,2256,49,5.114583,0.143042,10.976792,12.865625,2,0
input,2257,49,0.443083,0.151084,6.01175,8.026875,1,0
input,2258,49,6.79975,0.180166,11.508125,12.877875,1,0
input,2259,49,0.466708,0.164584,6.513125,7.792708,1,0
input,2260,49,0.173459,0.166834,3.257292,4.584459,1,0
input,2261,49,0.528291,0.036375,4.257041,6.119791,0,
input,2262,49,5.279541,0.041584,7.056291,7.803875,0,
input,2263,49,0.18675,0.043042,3.029875,3.705959,0,
input,2264,49,0.152291,0.362292,5.620458,8.506458,100,0
input,2265,49,11.014,0.339875,14.942083,16.997708,100,0
input,2266,49,0.206166,0.357125,4.514,6.73425,100,0
input,2267,49,0.305625,0.362958,4.250334,6.447625,100,0
input,2268,49,0.111708,0.037875,2.037042,4.2845,0,
input,2269,49,0.4075,0.037458,3.693458,4.383416,0,
input,2270,49,0.179667,0.04025,1.73475,2.455875,0,
input,2271,49,0.216125,52.188666,54.83575,55.543125,0,
input,2272,49,0.430791,50.461959,53.986208,54.635583,0,
input,2273,49,2.091458,50.68475,56.949416,57.567125,0,
input,2274,49,0.880083,51.754541,56.015791,56.549208,0,
input,2275,49,0.758667,51.236833,53.228167,53.826333,0,
input,2276,49,0.091833,51.939834,53.26025,53.950708,0,
input,2277,49,0.10375,52.690042,55.175,55.696334,0,
input,2278,49,0.1105,53.483083,55.123917,55.617292,0,
selection,2279,49,0.103625,0.0305,2.133875,3.571834,100,1
selection,2280,49,1.572833,0.034875,3.347833,4.729875,100,2
selection,2281,49,0.105166,0.02475,1.653625,2.930791,100,3
selection,2282,49,0.075167,0.018375,1.541625,2.933542,100,4
selection,2283,49,1.90275,0.026125,3.543334,5.190334,100,5
selection,2284,49,0.138125,0.030083,1.954875,5.386459,100,6
selection,2285,49,0.146375,0.031041,2.119083,5.84425,100,7
selection,2286,49,0.132458,0.032208,2.237625,6.139791,100,8
selection,2287,49,0.165625,0.0415,2.643333,6.487875,100,9
selection,2288,49,0.170916,0.042208,2.903458,7.124625,100,10
selection,2289,49,0.174084,0.042791,3.052334,7.670084,100,11
selection,2290,49,0.160417,0.04575,3.026042,7.015083,100,12
selection,2291,49,0.162583,0.037542,3.200833,7.6005,100,13
selection,2292,49,0.196125,0.041959,3.544666,8.306916,100,14
selection,2293,49,0.424875,0.04275,4.071458,8.372917,100,15
selection,2294,49,0.198083,0.047,3.862708,8.699708,100,16
selection,2295,49,4.2205,0.069625,8.345583,13.022792,100,17
selection,2296,49,0.156833,0.032375,3.190083,6.655291,100,18
selection,2297,49,0.259709,0.033166,3.64275,7.945459,100,19
selection,2298,49,0.170291,0.045834,3.895583,8.766166,100,20
empty,2299,49,0.108208,0.044041,1.718875,3.764625,0,
invoke,2300,50,,,4.34675,7.088291,0,
input,2301,50,0.166833,0.18425,5.4355,7.409208,3,0
input,2302,50,3.428167,0.144542,9.289708,11.2545,2,0
input,2303,50,3.128333,0.142791,7.559875,9.623958,1,0
input,2304,50,0.249959,0.141084,4.70875,6.157834,1,0
input,2305,50,0.258667,0.145334,5.934375,7.135167,1,0
input,2306,50,0.483291,0.179917,4.9665,6.434375,1,0
input,2307,50,0.176375,0.0645,3.871625,5.80325,0,
input,2308,50,4.75475,0.045375,6.542916,7.295541,0,
input,2309,50,0.460333,0.036625,4.279291,4.983666,0,
input,2310,50,1.809584,0.328167,7.809709,10.748167,100,0
input,2311,50,0.1375,0.313958,4.017875,6.489708,100,0
input,2312,50,0.248875,0.353083,4.62725,6.388125,100,0
input,2313,50,0.152,0.358167,3.718209,5.421125,100,0
input,2314,50,1.340334,0.058833,5.203417,7.1435,0,
input,2315,50,3.712625,0.039417,5.216208,5.860083,0,
input,2316,50,2.009625,0.040167,4.934375,5.554541,0,
input,2317,50,0.108208,52.840167,54.510166,55.378416,0,
input,2318,50,0.137375,48.998291,50.60475,51.231083,0,
input,2319,50,0.939917,49.279334,57.349875,57.904292,0,
input,2320,50,0.079416,49.619209,53.417291,53.932666,0,
input,2321,50,1.838708,51.202958,57.263583,57.827292,0,
input,2322,50,0.365375,49.814334,54.113708,54.673833,0,
input,2323,50,2.124209,53.351959,59.423,59.924917,0,
input,2324,50,0.1035,53.755333,56.903917,57.522667,0,
selection,2325,50,0.407458,0.037625,2.702417,4.307,100,1
selection,2326,50,0.130709,0.027959,1.82475,3.08525,100,2
selection,2327,50,0.12125,0.029542,2.048334,3.625959,100,3
selection,2328,50,0.492167,0.036125,2.522667,4.17225,100,4
selection,2329,50,0.139875,0.025833,1.716041,3.150875,100,5
selection,2330,50,0.14125,0.043416,2.413834,6.112292,100,6
selection,2331,50,0.179,0.040917,2.488917,6.202792,100,7
selection,2332,50,0.188584,0.040917,2.582709,6.235334,100,8
selection,2333,50,0.129,0.030834,2.317417,6.452667,100,9
selection,2334,50,0.174542,0.037333,3.09375,7.364417,100,10
selection,2335,50,0.22625,0.062792,3.499375,7.616333,100,11
selection,2336,50,0.197167,0.050292,3.18425,7.512083,100,12
selection,2337,50,0.231959,0.031667,3.14625,7.544792,100,13
selection,2338,50,0.184584,0.045334,3.423084,7.936459,100,14
selection,2339,50,1.4845,0.045208,4.895833,9.184125,100,15
selection,2340,50,0.2245,0.054625,3.562375,7.889917,100,16
selection,2341,50,5.370333,0.046666,8.874875,13.001833,100,17
selection,2342,50,0.145708,0.029292,3.198125,7.012625,100,18
selection,2343,50,0.242458,0.056667,4.038708,8.449625,100,19
selection,2344,50,0.191125,0.04625,3.912875,7.766667,100,20
empty,2345,50,0.136917,0.038875,1.779334,3.859292,0,
invoke,2346,51,,,4.430333,5.145916,0,
input,2347,51,1.698875,0.247833,9.637542,11.76275,3,0
input,2348,51,0.942375,0.17075,7.943917,10.052292,2,0
input,2349,51,0.135584,0.178834,2.7395,4.370417,1,0
input,2350,51,0.255791,0.216792,3.729583,5.35025,1,0
input,2351,51,0.158667,0.174,2.7835,4.265417,1,0
input,2352,51,0.209958,0.141458,3.060208,4.314833,1,0
input,2353,51,0.148792,0.034666,3.284917,5.183125,0,
input,2354,51,4.559,0.043833,6.205083,6.941542,0,
input,2355,51,1.603875,0.037084,5.710834,6.566125,0,
input,2356,51,1.344209,0.346083,9.202334,12.5475,100,0
input,2357,51,0.138875,0.343666,4.199292,6.891292,100,0
input,2358,51,0.192625,0.363833,4.302208,6.554292,100,0
input,2359,51,0.127792,0.4155,3.986833,6.356958,100,0
input,2360,51,0.117625,0.038625,2.222542,4.829209,0,
input,2361,51,0.149708,0.039166,2.093417,2.800625,0,
input,2362,51,0.404291,0.037041,4.010958,4.681708,0,
input,2363,51,2.038125,53.338333,58.738584,59.615834,0,
input,2364,51,0.225292,50.182417,52.490709,53.204292,0,
input,2365,51,1.809709,51.004125,55.556,56.183417,0,
input,2366,51,1.959,50.538209,56.776584,57.378792,0,
input,2367,51,0.968667,50.538542,53.731333,54.32875,0,
input,2368,51,0.094208,50.243167,51.484583,51.996375,0,
input,2369,51,0.582375,51.318958,53.223959,53.818042,0,
input,2370,51,0.100708,57.036833,58.349417,58.904417,0,
selection,2371,51,0.139084,0.04,2.527875,3.948709,100,1
selection,2372,51,1.951042,0.030917,3.74425,5.103958,100,2
selection,2373,51,0.126667,0.025667,1.761333,3.117375,100,3
selection,2374,51,0.154375,0.035,2.140333,3.60125,100,4
selection,2375,51,1.55325,0.024625,3.107792,4.666917,100,5
selection,2376,51,0.125209,0.030666,2.122,5.941042,100,6
selection,2377,51,0.183667,0.040084,2.412542,6.534084,100,7
selection,2378,51,0.141833,0.031708,2.392083,5.896292,100,8
selection,2379,51,0.15425,0.037292,2.755,6.642375,100,9
selection,2380,51,0.185917,0.047625,2.9265,7.341583,100,10
selection,2381,51,0.184708,0.049375,2.907708,7.282791,100,11
selection,2382,51,1.74975,0.035792,4.592791,8.891333,100,12
selection,2383,51,0.182208,0.041708,3.073417,7.211042,100,13
selection,2384,51,0.168,0.035833,3.326167,7.498625,100,14
selection,2385,51,0.163833,0.040083,3.333708,7.913333,100,15
selection,2386,51,0.156958,0.036958,3.193458,7.204167,100,16
selection,2387,51,2.981208,0.050916,6.76525,10.964875,100,17
selection,2388,51,0.27825,0.048083,3.893208,8.27625,100,18
selection,2389,51,0.135209,0.031458,3.546625,7.589375,100,19
selection,2390,51,0.158917,0.039292,3.601792,7.460958,100,20
empty,2391,51,0.099292,0.03025,1.705125,4.01325,0,
invoke,2392,52,,,4.762333,6.127333,0,
input,2393,52,1.8555,0.155791,7.772625,9.723917,3,0
input,2394,52,3.355708,0.13325,9.024333,11.084416,2,0
input,2395,52,0.816334,0.11325,5.938292,7.859542,1,0
input,2396,52,7.949084,0.219208,13.022417,14.361209,1,0
input,2397,52,0.208625,0.126292,4.364167,5.623792,1,0
input,2398,52,0.604916,0.126,4.286,5.475666,1,0
input,2399,52,1.083417,0.031833,4.650583,6.489417,0,
input,2400,52,5.597667,0.032917,7.277917,8.079292,0,
input,2401,52,0.873875,0.035541,4.171875,4.959084,0,
input,2402,52,2.203667,0.359167,8.4655,11.463125,100,0
input,2403,52,0.161417,0.346375,4.052792,6.418042,100,0
input,2404,52,0.1305,0.347458,4.0035,6.150417,100,0
input,2405,52,0.130083,0.366417,3.967292,6.261625,100,0
input,2406,52,0.178875,0.036541,2.694666,4.669125,0,
input,2407,52,0.1155,0.037708,1.789458,2.570125,0,
input,2408,52,0.113958,0.030667,1.360291,1.995958,0,
input,2409,52,0.326375,51.010625,54.126625,54.748625,0,
input,2410,52,1.936125,50.476041,55.026792,55.679959,0,
input,2411,52,0.145833,51.320875,52.774083,53.311542,0,
input,2412,52,0.10575,51.022625,53.330541,53.859416,0,
input,2413,52,0.096459,49.932125,53.643209,54.171125,0,
input,2414,52,2.045791,51.415583,55.920208,56.520375,0,
input,2415,52,1.870708,52.590334,58.41075,58.957958,0,
input,2416,52,0.110791,57.145541,59.807125,60.402291,0,
selection,2417,52,0.130542,0.039041,2.463,4.081459,100,1
selection,2418,52,1.273333,0.027,2.867208,4.185375,100,2
selection,2419,52,0.098667,0.022958,1.697875,3.093459,100,3
selection,2420,52,0.068041,0.017292,1.335375,2.491125,100,4
selection,2421,52,0.16625,0.033834,1.89825,3.529708,100,5
selection,2422,52,0.105333,0.028125,1.918167,5.311708,100,6
selection,2423,52,0.159333,0.041334,2.240417,5.74525,100,7
selection,2424,52,0.307041,0.033416,2.295875,5.936375,100,8
selection,2425,52,0.752125,0.032875,3.111667,7.083042,100,9
selection,2426,52,0.136959,0.030083,2.29,5.757417,100,10
selection,2427,52,0.700625,0.051125,3.39575,7.41625,100,11
selection,2428,52,0.1965,0.048458,3.307208,7.242791,100,12
selection,2429,52,0.16175,0.042334,3.116125,7.128625,100,13
selection,2430,52,0.139,0.0295,2.99925,6.61175,100,14
selection,2431,52,0.144208,0.03475,2.929791,6.501,100,15
selection,2432,52,0.152541,0.038708,3.299166,6.992541,100,16
selection,2433,52,0.143209,0.046333,3.511,7.853167,100,17
selection,2434,52,0.162709,0.033292,3.702917,7.987167,100,18
selection,2435,52,1.925417,0.042875,5.636375,9.781167,100,19
selection,2436,52,0.244666,0.058958,4.178416,9.071708,100,20
empty,2437,52,0.157416,0.034167,2.023708,4.14975,0,
invoke,2438,53,,,3.960791,4.775333,0,
input,2439,53,5.512125,0.150167,11.968834,13.799542,3,0
input,2440,53,3.637833,0.132666,8.997125,10.780916,2,0
input,2441,53,0.219625,0.144125,5.122709,6.959584,1,0
input,2442,53,8.241709,0.163667,16.051875,17.565834,1,0
input,2443,53,0.152375,0.141375,2.658666,3.909416,1,0
input,2444,53,0.432125,0.175458,4.437333,5.676333,1,0
input,2445,53,1.009458,0.045,4.763208,6.546417,0,
input,2446,53,5.769375,0.040625,7.425042,8.151542,0,
input,2447,53,0.401125,0.037042,5.491958,6.130417,0,
input,2448,53,0.694959,0.348084,6.193959,8.500209,100,0
input,2449,53,0.143416,0.402084,4.258333,6.417916,100,0
input,2450,53,0.147,0.3735,4.241584,5.915959,100,0
input,2451,53,0.144958,0.378375,4.16325,5.95375,100,0
input,2452,53,0.107,0.038959,4.131333,6.018083,0,
input,2453,53,0.378042,0.037791,2.848458,3.520875,0,
input,2454,53,0.115375,0.02675,1.244833,1.804958,0,
input,2455,53,0.390792,51.775,55.021834,55.649542,0,
input,2456,53,1.073333,50.297958,53.763583,54.293666,0,
input,2457,53,0.106333,51.880292,53.095458,53.568875,0,
input,2458,53,0.103917,50.348041,53.137958,53.690542,0,
input,2459,53,0.470667,52.228375,53.795292,54.340167,0,
input,2460,53,0.092125,52.092042,53.306,53.835209,0,
input,2461,53,0.105,53.3125,54.619542,55.131583,0,
input,2462,53,0.11325,50.236833,55.754833,56.315792,0,
selection,2463,53,0.119834,0.033042,2.29475,3.844959,100,1
selection,2464,53,2.095375,0.029541,3.655208,5.004875,100,2
selection,2465,53,0.11825,0.028792,1.763125,2.989875,100,3
selection,2466,53,0.352375,0.020084,1.745375,3.061167,100,4
selection,2467,53,0.13875,0.026833,1.959708,3.543333,100,5
selection,2468,53,0.14775,0.038,2.380708,6.489083,100,6
selection,2469,53,0.205166,0.046625,2.710166,6.38425,100,7
selection,2470,53,0.399167,0.045625,2.815375,6.600458,100,8
selection,2471,53,0.153917,0.034208,2.613167,6.720875,100,9
selection,2472,53,0.196,0.047584,2.948916,6.703625,100,10
selection,2473,53,1.354917,0.034583,3.907958,7.894083,100,11
selection,2474,53,0.1805,0.045541,3.252209,7.470292,100,12
selection,2475,53,0.17025,0.03875,3.216125,7.361667,100,13
selection,2476,53,0.173541,0.031834,3.295583,7.507541,100,14
selection,2477,53,0.153667,0.035125,3.131292,7.369333,100,15
selection,2478,53,0.18825,0.046833,3.451667,8.021334,100,16
selection,2479,53,0.206542,0.050625,3.982333,8.673542,100,17
selection,2480,53,1.408708,0.048792,5.274417,9.577583,100,18
selection,2481,53,0.209667,0.04625,3.977167,8.560958,100,19
selection,2482,53,0.258875,0.037125,4.160708,8.436083,100,20
empty,2483,53,1.774708,0.037875,4.208417,6.174333,0,
invoke,2484,54,,,5.303916,6.18025,0,
input,2485,54,1.841583,0.177042,11.839417,14.027208,3,0
input,2486,54,1.791916,0.215167,7.688958,9.558333,2,0
input,2487,54,0.159167,0.145667,4.63525,6.365209,1,0
input,2488,54,0.197416,0.149167,4.606083,6.092625,1,0
input,2489,54,0.224875,0.135834,6.072917,7.316292,1,0
input,2490,54,0.174042,0.155209,3.250083,4.555458,1,0
input,2491,54,1.186625,0.035625,4.415334,6.13275,0,
input,2492,54,0.562125,0.030667,4.230417,4.942459,0,
input,2493,54,1.64725,0.034791,4.621625,5.27625,0,
input,2494,54,0.138458,0.358958,5.228458,8.107542,100,0
input,2495,54,0.48825,0.322084,7.023458,9.333875,100,0
input,2496,54,0.157875,0.332125,3.733167,5.676125,100,0
input,2497,54,0.206167,0.351041,3.886125,5.960667,100,0
input,2498,54,0.138541,0.035958,2.166666,4.440708,0,
input,2499,54,5.20975,0.037334,6.672791,7.294583,0,
input,2500,54,0.184209,0.02925,3.204542,3.806667,0,
input,2501,54,0.19575,50.494416,52.355334,52.988667,0,
input,2502,54,0.140042,49.700792,51.265625,51.873,0,
input,2503,54,0.122791,49.615917,51.059375,51.667583,0,
input,2504,54,0.091667,52.062875,56.256625,56.795667,0,
input,2505,54,0.115417,50.282875,53.566542,54.117958,0,
input,2506,54,1.794125,51.706416,56.983167,57.488458,0,
input,2507,54,0.676333,55.301834,58.057333,58.650208,0,
input,2508,54,0.108708,53.281917,54.895125,55.425041,0,
selection,2509,54,0.110792,0.031375,2.298042,3.836542,100,1
selection,2510,54,1.245458,0.038083,3.004833,4.2945,100,2
selection,2511,54,0.116375,0.025541,1.659834,2.937834,100,3
selection,2512,54,0.091459,0.023708,1.678417,3.049334,100,4
selection,2513,54,1.942667,0.030125,3.731125,5.434042,100,5
selection,2514,54,0.125083,0.028333,2.050166,5.945583,100,6
selection,2515,54,0.150334,0.036375,2.313959,6.488667,100,7
selection,2516,54,0.172417,0.042708,2.68025,6.911209,100,8
selection,2517,54,0.152083,0.031959,2.668917,7.535417,100,9
selection,2518,54,0.1545,0.033167,2.876709,7.482334,100,10
selection,2519,54,0.143,0.030041,2.603708,6.656458,100,11
selection,2520,54,2.140375,0.053667,5.417334,10.044042,100,12
selection,2521,54,0.167125,0.039459,3.257875,7.739042,100,13
selection,2522,54,0.159875,0.032167,3.36575,8.174416,100,14
selection,2523,54,0.187916,0.058375,3.575166,8.204666,100,15
selection,2524,54,0.226667,0.058791,3.73375,8.12725,100,16
selection,2525,54,1.196,0.061208,5.260833,9.942916,100,17
selection,2526,54,0.182958,0.041041,3.636833,7.713583,100,18
selection,2527,54,0.145583,0.032625,3.513333,7.699125,100,19
selection,2528,54,0.145791,0.034208,4.076625,8.81225,100,20
empty,2529,54,1.761167,0.040125,3.461625,5.264458,0,
invoke,2530,55,,,6.442292,7.139834,0,
input,2531,55,0.191708,0.131375,9.826666,11.9975,3,0
input,2532,55,1.952541,0.136625,9.315041,11.539833,2,0
input,2533,55,0.153583,0.159916,3.239375,5.208958,1,0
input,2534,55,8.382417,0.129083,13.912792,15.289292,1,0
input,2535,55,0.1975,0.142292,5.29425,6.409875,1,0
input,2536,55,0.197125,0.158333,3.243958,4.426542,1,0
input,2537,55,0.811959,0.032667,4.224334,5.966084,0,
input,2538,55,4.929208,0.041291,6.578958,7.35125,0,
input,2539,55,1.284583,0.032708,4.109833,4.7395,0,
input,2540,55,0.145625,0.317542,4.312417,7.012959,100,0
input,2541,55,1.576833,0.369333,6.586833,8.341708,100,0
input,2542,55,0.137542,0.336792,4.512459,6.151667,100,0
input,2543,55,0.158083,0.357542,4.483917,6.175708,100,0
input,2544,55,0.084958,0.036167,2.633375,4.695041,0,
input,2545,55,4.021375,0.028458,5.272375,5.893625,0,
input,2546,55,0.115625,0.029708,1.320584,1.915709,0,
input,2547,55,0.132542,51.544666,53.134125,53.790792,0,
input,2548,55,1.253709,49.014917,52.62925,53.168167,0,
input,2549,55,0.09975,51.496584,52.724834,53.309334,0,
input,2550,55,0.100541,50.194833,53.678041,54.196958,0,
input,2551,55,1.428375,52.514041,58.039417,58.573,0,
input,2552,55,0.088416,52.040584,56.307458,56.84625,0,
input,2553,55,0.109584,53.780208,55.190917,55.69175,0,
input,2554,55,0.100709,51.868125,56.906667,57.477834,0,
selection,2555,55,0.10825,0.029667,2.229042,3.616875,100,1
selection,2556,55,0.119959,0.024958,1.580375,2.74425,100,2
selection,2557,55,0.087417,0.022792,1.887542,3.315042,100,3
selection,2558,55,0.099,0.020875,1.527958,2.861208,100,4
selection,2559,55,0.075917,0.019542,1.6455,3.221459,100,5
selection,2560,55,0.923541,0.03275,2.781833,6.7475,100,6
selection,2561,55,0.5545,0.05,3.051625,7.491916,100,7
selection,2562,55,0.157,0.035,2.520666,6.632208,100,8
selection,2563,55,0.169625,0.044166,2.762666,7.051333,100,9
selection,2564,55,0.148083,0.033291,2.802167,6.802417,100,10
selection,2565,55,0.208833,0.045625,3.261875,7.969583,100,11
selection,2566,55,0.160916,0.040917,3.403666,8.686333,100,12
selection,2567,55,2.161875,0.034375,5.335791,9.752708,100,13
selection,2568,55,0.749416,0.05225,4.505708,9.330041,100,14
selection,2569,55,0.156083,0.035416,3.420667,7.679667,100,15
selection,2570,55,0.185416,0.040042,3.782125,8.232791,100,16
selection,2571,55,2.765458,0.066417,6.870583,11.45025,100,17
selection,2572,55,0.168167,0.033667,3.542125,7.705417,100,18
selection,2573,55,0.14975,0.033916,3.514,8.090042,100,19
selection,2574,55,0.15525,0.052584,4.093709,8.732042,100,20
empty,2575,55,0.154625,0.044833,1.91375,3.911042,0,
invoke,2576,56,,,6.251291,6.9315,0,
input,2577,56,0.179875,0.188916,7.142375,9.471291,3,0
input,2578,56,2.408917,0.126791,8.633917,10.550959,2,0
input,2579,56,0.215416,0.161708,4.183291,6.111875,1,0
input,2580,56,8.313875,0.159167,13.173667,14.686875,1,0
input,2581,56,0.206833,0.162125,4.705083,6.067917,1,0
input,2582,56,0.366375,0.142875,4.659417,6.000625,1,0
input,2583,56,0.397542,0.033458,3.982875,5.819459,0,
input,2584,56,5.149083,0.043958,6.842083,7.62425,0,
input,2585,56,1.295,0.035375,6.214,6.902292,0,
input,2586,56,0.770875,0.326167,7.029791,10.047208,100,0
input,2587,56,0.14775,0.334625,4.303667,7.137417,100,0
input,2588,56,0.134875,0.358916,4.14075,6.81925,100,0
input,2589,56,0.174125,0.38625,4.32425,6.937625,100,0
input,2590,56,0.124083,0.034792,1.931291,3.774708,0,
input,2591,56,0.204333,0.039542,2.067166,2.870208,0,
input,2592,56,1.740375,0.034208,5.251416,5.979958,0,
input,2593,56,2.040791,53.599209,58.957666,59.743666,0,
input,2594,56,0.215083,50.194125,52.552375,53.242458,0,
input,2595,56,1.640083,51.531125,56.704583,57.35325,0,
input,2596,56,0.583416,51.29425,56.214291,56.705125,0,
input,2597,56,0.309083,52.197875,54.872833,55.403458,0,
input,2598,56,1.304625,51.91125,57.062541,57.613916,0,
input,2599,56,0.088542,52.713458,56.16925,56.664125,0,
input,2600,56,0.090542,53.2605,57.062125,57.54225,0,
selection,2601,56,0.119083,0.033417,2.357875,3.780667,100,1
selection,2602,56,1.108125,0.029125,2.72175,4.059292,100,2
selection,2603,56,0.100709,0.022416,1.791,3.07625,100,3
selection,2604,56,0.086917,0.02125,1.497458,2.766792,100,4
selection,2605,56,0.113041,0.021708,1.6385,3.059208,100,5
selection,2606,56,0.132458,0.035375,2.543041,6.53975,100,6
selection,2607,56,0.172958,0.03575,2.52,6.434417,100,7
selection,2608,56,0.137,0.032417,2.497083,6.430791,100,8
selection,2609,56,0.154833,0.034125,2.658083,6.989208,100,9
selection,2610,56,0.194292,0.046292,2.974,7.533583,100,10
selection,2611,56,0.167583,0.035792,2.871916,7.076416,100,11
selection,2612,56,0.141125,0.02775,2.882833,7.356292,100,12
selection,2613,56,1.45425,0.046084,4.687,8.857042,100,13
selection,2614,56,0.175042,0.031084,3.079917,7.390875,100,14
selection,2615,56,0.2525,0.061541,3.856084,7.9145,100,15
selection,2616,56,0.189542,0.044458,3.554917,7.916125,100,16
selection,2617,56,4.339084,0.038791,7.783792,11.987709,100,17
selection,2618,56,0.191042,0.045208,4.065792,8.82475,100,18
selection,2619,56,0.207083,0.048958,3.979875,8.445,100,19
selection,2620,56,0.182041,0.03875,3.995208,8.239083,100,20
empty,2621,56,0.147375,0.083666,1.835916,3.836666,0,
invoke,2622,57,,,5.642542,8.110125,0,
input,2623,57,0.19875,0.195333,7.10975,9.363583,3,0
input,2624,57,8.109542,0.150416,13.556417,15.55625,2,0
input,2625,57,0.156417,0.153417,2.951333,5.217292,1,0
input,2626,57,0.142125,0.193792,3.136417,4.480542,1,0
input,2627,57,0.1395,0.193,3.0395,4.408,1,0
input,2628,57,0.192292,0.141875,4.365292,5.686083,1,0
input,2629,57,0.163916,0.037292,3.237541,5.112666,0,
input,2630,57,8.317916,0.043625,10.133166,11.061583,0,
input,2631,57,0.137375,0.037083,1.762209,2.56275,0,
input,2632,57,1.49375,0.367167,9.453834,13.000167,100,0
input,2633,57,0.110041,0.342791,3.808791,5.928375,100,0
input,2634,57,0.148708,0.349167,4.149458,6.712875,100,0
input,2635,57,0.168875,0.361709,4.942833,7.166916,100,0
input,2636,57,0.148833,0.044,2.353916,4.471291,0,
input,2637,57,0.138125,0.045375,1.930083,2.678667,0,
input,2638,57,0.753667,0.0335,3.867792,4.618125,0,
input,2639,57,0.154292,51.821667,53.992709,54.727042,0,
input,2640,57,0.151958,49.686458,51.380958,52.022291,0,
input,2641,57,0.14225,49.549834,52.473333,53.086625,0,
input,2642,57,0.125458,50.832917,52.39775,52.976916,0,
input,2643,57,0.115166,49.401125,52.439958,52.954416,0,
input,2644,57,0.104167,49.759583,51.125792,51.691,0,
input,2645,57,0.256792,53.153666,54.646167,55.225917,0,
input,2646,57,1.481375,53.537125,56.217541,56.744041,0,
selection,2647,57,0.123291,0.034583,2.173833,3.536416,100,1
selection,2648,57,0.114208,0.029083,1.663042,2.853583,100,2
selection,2649,57,0.163125,0.033958,1.733792,3.041083,100,3
selection,2650,57,1.492042,0.02525,3.211334,4.676542,100,4
selection,2651,57,0.137541,0.025125,1.789458,3.28025,100,5
selection,2652,57,0.135708,0.035541,2.251667,6.085417,100,6
selection,2653,57,0.176709,0.0375,2.327084,5.938875,100,7
selection,2654,57,0.347291,0.030917,2.329875,5.932583,100,8
selection,2655,57,0.766458,0.024666,2.695375,6.52275,100,9
selection,2656,57,0.852375,0.032291,3.32225,7.2935,100,10
selection,2657,57,0.147041,0.033917,2.755791,6.65725,100,11
selection,2658,57,0.137333,0.031167,2.764125,7.015792,100,12
selection,2659,57,0.141916,0.031625,2.700208,6.415,100,13
selection,2660,57,0.143167,0.02975,3.076875,7.000417,100,14
selection,2661,57,0.160875,0.032125,3.209,7.691166,100,15
selection,2662,57,0.169375,0.037708,3.48525,7.427042,100,16
selection,2663,57,0.185959,0.043333,3.643917,7.971792,100,17
selection,2664,57,0.175875,0.039,4.177167,8.851125,100,18
selection,2665,57,0.194042,0.044916,3.830792,7.895,100,19
selection,2666,57,0.196875,0.050125,3.931583,8.303083,100,20
empty,2667,57,0.117959,0.032208,1.96925,4.1845,0,
invoke,2668,58,,,3.891916,4.9995,0,
input,2669,58,0.117084,0.170625,4.796167,6.661334,3,0
input,2670,58,3.017708,0.131291,8.176,10.334333,2,0
input,2671,58,0.374,0.102,4.780083,6.547292,1,0
input,2672,58,0.809125,0.156208,5.659333,6.949958,1,0
input,2673,58,1.436042,0.149291,7.821458,9.138125,1,0
input,2674,58,0.170375,0.163334,2.699416,3.908916,1,0
input,2675,58,0.793042,0.032,4.012375,5.681584,0,
input,2676,58,1.235416,0.039292,4.897125,5.60175,0,
input,2677,58,2.006584,0.033625,5.852542,6.587042,0,
input,2678,58,1.726292,0.32425,9.38925,12.4815,100,0
input,2679,58,0.114583,0.3265,4.17825,6.594208,100,0
input,2680,58,0.133542,0.342834,4.084458,6.090458,100,0
input,2681,58,0.141584,0.354667,3.53175,5.270709,100,0
input,2682,58,0.122042,0.0375,2.216625,4.081042,0,
input,2683,58,1.969542,0.043875,6.7075,7.377625,0,
input,2684,58,0.994292,0.050833,3.831625,4.503667,0,
input,2685,58,0.09275,52.261042,53.842708,54.483333,0,
input,2686,58,0.115125,49.182208,50.530416,51.147041,0,
input,2687,58,0.116666,50.608625,51.82925,52.296291,0,
input,2688,58,0.091,50.166375,53.660834,54.19775,0,
input,2689,58,1.248917,51.43025,53.900375,54.459917,0,
input,2690,58,0.097375,51.003458,52.260292,52.796458,0,
input,2691,58,0.111709,52.758584,56.052667,56.572917,0,
input,2692,58,0.100666,54.388458,57.076375,57.676958,0,
selection,2693,58,0.366625,0.030959,2.608584,4.158417,100,1
selection,2694,58,0.141334,0.038333,1.904542,3.260667,100,2
selection,2695,58,0.134458,0.035709,2.08125,3.499583,100,3
selection,2696,58,0.539834,0.027,2.435167,4.129792,100,4
selection,2697,58,0.12425,0.034584,1.781125,3.261083,100,5
selection,2698,58,0.116125,0.029375,2.178542,6.145667,100,6
selection,2699,58,0.180959,0.041083,2.42225,6.2765,100,7
selection,2700,58,0.17425,0.040083,2.620417,6.717,100,8
selection,2701,58,0.193666,0.04175,2.692666,6.640416,100,9
selection,2702,58,0.1435,0.036084,2.822917,7.20025,100,10
selection,2703,58,0.155208,0.033958,2.8535,7.429375,100,11
selection,2704,58,0.164583,0.0335,3.079333,7.481125,100,12
selection,2705,58,0.167125,0.035833,3.402667,7.813875,100,13
selection,2706,58,1.2735,0.0455,4.850625,9.362708,100,14
selection,2707,58,0.168917,0.040334,3.516792,7.886167,100,15
selection,2708,58,0.238458,0.0775,3.685708,8.037208,100,16
selection,2709,58,3.188958,0.040958,6.67725,11.033208,100,17
selection,2710,58,0.176166,0.037167,3.751791,8.353166,100,18
selection,2711,58,0.163583,0.033458,3.697958,8.269666,100,19
selection,2712,58,0.269625,0.07075,4.750333,9.374833,100,20
empty,2713,58,0.970541,0.03575,2.635541,4.373333,0,
invoke,2714,59,,,4.967791,5.684833,0,
input,2715,59,0.845042,0.170208,11.125834,13.348792,3,0
input,2716,59,0.159084,0.197,7.761,9.57825,2,0
input,2717,59,0.145416,0.143584,2.667875,4.302708,1,0
input,2718,59,0.366,0.137,5.273334,6.563042,1,0
input,2719,59,1.938542,0.173166,7.895125,9.118833,1,0
input,2720,59,0.195958,0.135792,3.158833,4.414708,1,0
input,2721,59,0.774208,0.035833,4.449208,6.334958,0,
input,2722,59,1.384167,0.044875,5.061958,5.802125,0,
input,2723,59,2.002375,0.040958,5.467542,6.157584,0,
input,2724,59,2.139208,0.325125,8.351708,11.176417,100,0
input,2725,59,0.185458,0.338333,6.107791,8.464916,100,0
input,2726,59,0.148334,0.329958,4.035,6.117042,100,0
input,2727,59,0.154375,0.331584,3.459875,5.067416,100,0
input,2728,59,0.428416,0.035625,3.590125,5.4075,0,
input,2729,59,5.671458,0.032125,7.146916,7.792333,0,
input,2730,59,0.268208,0.037,3.441875,4.074458,0,
input,2731,59,0.11425,51.656667,53.401375,54.294209,0,
input,2732,59,0.117292,49.243375,50.734459,51.351209,0,
input,2733,59,1.317208,51.554333,57.0005,57.513041,0,
input,2734,59,0.127083,49.262375,53.787833,54.3445,0,
input,2735,59,0.100542,50.997875,52.38975,52.991625,0,
input,2736,59,0.139416,51.795084,53.322333,53.940125,0,
input,2737,59,0.708417,51.606625,53.491709,54.049625,0,
input,2738,59,0.084208,51.769,53.04475,53.658208,0,
selection,2739,59,0.155625,0.052791,2.447708,3.937666,100,1
selection,2740,59,1.527583,0.04175,3.612166,5.24225,100,2
selection,2741,59,0.146458,0.035875,2.017333,3.480375,100,3
selection,2742,59,0.131917,0.032875,2.11825,3.600083,100,4
selection,2743,59,1.983167,0.03,3.730584,5.511,100,5
selection,2744,59,0.159917,0.027875,1.885917,5.449375,100,6
selection,2745,59,0.147959,0.032083,2.264292,6.452209,100,7
selection,2746,59,0.137084,0.034042,2.482834,6.715375,100,8
selection,2747,59,0.152583,0.034292,2.762083,7.358416,100,9
selection,2748,59,0.155875,0.029834,2.741125,7.456625,100,10
selection,2749,59,0.153167,0.030417,2.830209,7.158042,100,11
selection,2750,59,1.815333,0.040125,4.857791,9.437708,100,12
selection,2751,59,0.218459,0.048292,3.368459,7.833,100,13
selection,2752,59,0.16325,0.051334,3.372166,8.03725,100,14
selection,2753,59,0.15775,0.034167,3.441541,7.820208,100,15
selection,2754,59,0.161916,0.035042,3.252041,7.58625,100,16
selection,2755,59,3.012292,0.063417,7.117875,11.439083,100,17
selection,2756,59,0.161125,0.033042,3.445417,8.170833,100,18
selection,2757,59,0.141666,0.028833,3.813958,8.260791,100,19
selection,2758,59,0.180334,0.039792,3.969709,8.344334,100,20
empty,2759,59,0.189792,0.041167,5.237417,7.179875,0,
