operation,sample,cycle,dispatch_ms,controller_ms,graph_ms,draw_proxy_ms,results,selected
invoke,0,0,,,5.31225,6.339584,0,
input,1,0,0.955834,0.29275,27.05175,32.427959,3,0
input,2,0,0.56525,0.134208,6.951375,8.796167,2,0
input,3,0,0.171083,0.132084,5.6475,7.105083,1,0
input,4,0,0.515458,0.137083,5.637125,6.502083,1,0
input,5,0,0.342,0.151084,4.585125,5.518375,1,0
input,6,0,1.120625,0.196333,5.950083,6.873875,1,0
input,7,0,0.208958,0.0335,6.53725,8.878292,0,
input,8,0,0.266666,0.064292,2.541,3.267875,0,
input,9,0,0.707792,0.0535,4.648167,5.286542,0,
input,10,0,1.637417,0.424833,8.820625,12.606417,100,0
input,11,0,0.1615,0.349542,3.104333,4.053417,100,0
input,12,0,0.146584,0.348083,7.258334,8.263292,100,0
input,13,0,0.192208,0.349625,4.901042,5.917083,100,0
input,14,0,0.127667,0.034458,1.9695,4.041334,0,
input,15,0,1.057416,0.035208,4.886875,5.511958,0,
input,16,0,1.907625,0.051042,5.959041,6.643958,0,
input,17,0,1.609125,53.047666,59.800375,60.466833,0,
input,18,0,0.136709,49.997625,51.572667,52.10175,0,
input,19,0,1.687042,50.189708,54.952792,55.613542,0,
input,20,0,0.106875,52.372625,53.922667,54.535125,0,
input,21,0,4.408334,51.581625,57.4555,58.0165,0,
input,22,0,0.1065,51.732833,53.020792,53.554792,0,
input,23,0,0.116375,51.883167,53.279542,53.810084,0,
input,24,0,0.967541,51.93125,55.833333,56.41125,0,
selection,25,0,1.615542,0.02775,2.92575,3.958667,100,1
selection,26,0,0.128291,0.031041,1.170291,1.977125,100,2
selection,27,0,0.110959,0.027292,1.233084,2.126875,100,3
selection,28,0,0.134208,0.04125,1.341792,2.23825,100,4
selection,29,0,0.439208,0.033459,1.633833,2.8365,100,5
selection,30,0,0.143458,0.031583,1.463083,4.816708,100,6
selection,31,0,0.10675,0.025,1.303709,4.716875,100,7
selection,32,0,0.15025,0.033667,1.711042,5.591875,100,8
selection,33,0,0.156291,0.049959,1.715541,5.802791,100,9
selection,34,0,1.847375,0.036542,3.605708,7.498833,100,10
selection,35,0,0.631833,0.037583,2.498875,6.099208,100,11
selection,36,0,0.855959,0.032417,2.528792,6.636959,100,12
selection,37,0,0.512875,0.034917,2.368167,6.730542,100,13
selection,38,0,0.225,0.056375,2.558958,6.877708,100,14
selection,39,0,0.191875,0.041959,2.347708,6.540958,100,15
selection,40,0,0.147042,0.030792,1.987667,5.967833,100,16
selection,41,0,0.194125,0.042458,2.452125,7.13975,100,17
selection,42,0,7.105875,0.050875,9.490291,13.953625,100,18
selection,43,0,0.308,0.079458,2.937292,6.977167,100,19
selection,44,0,0.2075,0.048042,2.616417,6.461125,100,20
empty,45,0,0.160916,0.03625,3.034708,5.266375,0,
invoke,46,1,,,4.458458,5.26875,0,
input,47,1,7.622541,0.159833,15.432541,17.896541,3,0
input,48,1,0.135541,0.19975,2.739083,4.357625,2,0
input,49,1,6.151166,0.167667,12.520916,13.714958,1,0
input,50,1,0.17625,0.192584,4.847792,5.702667,1,0
input,51,1,0.585583,0.148416,4.374708,5.1825,1,0
input,52,1,0.157875,0.177417,2.32725,3.245542,1,0
input,53,1,0.103708,0.031875,2.014333,3.836,0,
input,54,1,0.653084,0.038375,7.02,7.635542,0,
input,55,1,0.194459,0.02975,3.811417,4.38475,0,
input,56,1,1.878875,0.328875,7.805958,10.427292,100,0
input,57,1,0.204875,0.323875,2.938584,3.869542,100,0
input,58,1,0.180083,0.350917,5.75675,6.69775,100,0
input,59,1,0.219083,0.365458,6.686166,7.787625,100,0
input,60,1,0.1035,0.031708,2.156041,4.2185,0,
input,61,1,0.812334,0.035542,4.943625,5.576167,0,
input,62,1,1.592584,0.033667,5.67425,6.467709,0,
input,63,1,1.422958,52.002042,57.576667,58.372167,0,
input,64,1,0.216,50.235375,53.629291,54.248333,0,
input,65,1,1.950959,51.467667,58.616375,59.188084,0,
input,66,1,0.133875,50.810167,55.208458,55.779625,0,
input,67,1,0.13175,50.820667,55.198417,55.651833,0,
input,68,1,0.608917,53.2925,56.448583,56.983208,0,
input,69,1,0.088208,53.60275,58.063416,58.638083,0,
input,70,1,0.100083,53.134875,55.115583,55.647375,0,
selection,71,1,0.112292,0.031208,1.355334,2.315875,100,1
selection,72,1,0.102417,0.025625,1.181292,2.244375,100,2
selection,73,1,0.13475,0.03,1.156792,1.963125,100,3
selection,74,1,0.109333,0.031042,1.094458,1.85,100,4
selection,75,1,0.102709,0.028541,1.05075,1.888959,100,5
selection,76,1,0.086459,0.021208,1.094042,3.84425,100,6
selection,77,1,0.090209,0.021,1.09875,3.507,100,7
selection,78,1,0.098541,0.0275,1.363458,4.244125,100,8
selection,79,1,0.155667,0.037,1.634875,4.851417,100,9
selection,80,1,0.149916,0.037959,1.658625,4.864125,100,10
selection,81,1,0.183334,0.049,2.002834,5.176959,100,11
selection,82,1,0.147375,0.036167,1.915625,5.32125,100,12
selection,83,1,0.146417,0.031416,1.839458,5.304917,100,13
selection,84,1,0.110459,0.023375,1.670792,4.639792,100,14
selection,85,1,1.529042,0.035208,3.415125,7.11275,100,15
selection,86,1,0.746708,0.044709,2.975625,7.020416,100,16
selection,87,1,0.174084,0.04175,2.4595,6.56675,100,17
selection,88,1,0.195125,0.040958,2.500834,6.4165,100,18
selection,89,1,0.15725,0.032917,2.322083,6.172416,100,19
selection,90,1,0.913292,0.056209,3.67675,8.0755,100,20
empty,91,1,0.11625,0.041833,1.970459,3.843709,0,
invoke,92,2,,,6.860208,8.950708,0,
input,93,2,0.180917,0.308708,10.975875,13.307167,3,0
input,94,2,0.171667,0.185708,6.94175,8.946,2,0
input,95,2,5.914459,0.160292,11.309959,12.88525,1,0
input,96,2,0.202916,0.133833,4.561833,5.499083,1,0
input,97,2,0.729,0.15,6.999709,7.7955,1,0
input,98,2,0.189791,0.178958,3.4265,4.286416,1,0
input,99,2,0.8855,0.03375,4.991416,6.678791,0,
input,100,2,0.147459,0.027833,1.38975,2.065542,0,
input,101,2,1.07575,0.039042,5.312167,6.114125,0,
input,102,2,0.199959,0.35275,4.846375,7.706125,100,0
input,103,2,1.458333,0.342417,6.839583,7.831958,100,0
input,104,2,0.430667,0.347875,5.367917,6.331709,100,0
input,105,2,0.382167,0.343708,5.617917,6.709542,100,0
input,106,2,0.137541,0.0405,3.944208,5.972541,0,
input,107,2,0.159042,0.026583,1.530583,2.230458,0,
input,108,2,0.189584,0.04075,1.868042,2.570167,0,
input,109,2,0.15475,52.644916,55.038083,55.67375,0,
input,110,2,0.1355,50.051792,52.504083,53.118583,0,
input,111,2,0.119792,50.217042,51.598625,52.173458,0,
input,112,2,0.093958,51.601083,54.755833,55.303458,0,
input,113,2,0.092042,51.7925,55.747792,56.3015,0,
input,114,2,0.080833,52.043708,55.813166,56.327541,0,
input,115,2,0.111708,51.996625,56.071125,56.605333,0,
input,116,2,0.094125,54.905834,59.7655,60.281584,0,
selection,117,2,2.136167,0.033166,3.524917,4.670917,100,1
selection,118,2,0.1195,0.029917,1.27075,2.301042,100,2
selection,119,2,0.831167,0.021958,1.80175,2.615875,100,3
selection,120,2,0.077125,0.021667,1.076333,1.928875,100,4
selection,121,2,0.705167,0.021459,1.744375,2.815042,100,5
selection,122,2,0.1325,0.032584,1.436667,4.728709,100,6
selection,123,2,0.118333,0.027083,1.399875,4.801458,100,7
selection,124,2,0.119667,0.034834,1.565584,5.293792,100,8
selection,125,2,0.422459,0.036875,2.107875,6.350709,100,9
selection,126,2,0.394167,0.037917,2.226792,6.557958,100,10
selection,127,2,0.197833,0.036875,2.08525,6.71725,100,11
selection,128,2,0.277833,0.056167,2.61875,7.041583,100,12
selection,129,2,0.204167,0.044541,2.510625,6.317125,100,13
selection,130,2,0.163209,0.032125,1.938334,5.436667,100,14
selection,131,2,0.183833,0.035666,2.150833,6.176208,100,15
selection,132,2,0.202542,0.043833,2.493,6.606084,100,16
selection,133,2,0.23125,0.057375,2.77725,6.995334,100,17
selection,134,2,0.202417,0.046167,2.927834,7.051084,100,18
selection,135,2,0.180875,0.03575,2.72275,6.908625,100,19
selection,136,2,0.221792,0.045083,2.739958,6.600583,100,20
empty,137,2,0.194958,0.04025,3.888708,6.335,0,
invoke,138,3,,,4.679875,5.463417,0,
input,139,3,0.167834,0.234709,5.929125,8.180917,3,0
input,140,3,1.811167,0.146958,6.572458,8.1915,2,0
input,141,3,0.197625,0.140084,4.716333,6.283167,1,0
input,142,3,1.661167,0.154333,6.706125,7.776292,1,0
input,143,3,0.175125,0.147166,4.632333,5.487833,1,0
input,144,3,0.9725,0.179625,7.129542,8.077792,1,0
input,145,3,0.142667,0.043,3.058417,4.877,0,
input,146,3,0.19125,0.033625,4.120833,4.851,0,
input,147,3,1.259792,0.03575,5.669542,6.429875,0,
input,148,3,1.09725,0.345125,7.86575,10.608417,100,0
input,149,3,0.147209,0.316292,5.030375,6.024917,100,0
input,150,3,0.180833,0.309791,2.993667,3.872917,100,0
input,151,3,0.597,0.367208,5.632084,6.674209,100,0
input,152,3,0.145375,0.034666,3.895834,6.0935,0,
input,153,3,4.123916,0.041333,5.734125,6.478083,0,
input,154,3,0.699125,0.03875,6.774291,7.518875,0,
input,155,3,0.218833,51.077375,54.773208,55.56,0,
input,156,3,0.23125,50.087291,54.414583,54.981292,0,
input,157,3,1.614709,50.84475,55.450542,56.039792,0,
input,158,3,0.114709,51.173834,52.590459,53.112417,0,
input,159,3,0.088791,51.699875,52.901958,53.440583,0,
input,160,3,1.263208,50.807416,53.306458,53.944,0,
input,161,3,0.112541,52.146916,53.355333,53.865291,0,
input,162,3,0.087625,53.152167,56.543166,57.098416,0,
selection,163,3,0.558958,0.038042,2.202667,3.414667,100,1
selection,164,3,0.151958,0.030375,1.371625,2.379208,100,2
selection,165,3,0.088416,0.022833,1.127458,1.993166,100,3
selection,166,3,0.161125,0.0405,1.479541,2.409916,100,4
selection,167,3,0.130208,0.033459,1.488666,2.87125,100,5
selection,168,3,0.112541,0.027625,1.356041,4.484291,100,6
selection,169,3,0.139208,0.032417,1.691125,4.907041,100,7
selection,170,3,0.1645,0.034208,1.775917,5.995459,100,8
selection,171,3,0.167334,0.03525,1.906459,5.460792,100,9
selection,172,3,0.249875,0.042875,2.113041,6.245083,100,10
selection,173,3,0.269208,0.045,2.346625,6.578791,100,11
selection,174,3,0.191292,0.040542,2.082334,5.93375,100,12
selection,175,3,1.978083,0.045958,3.959167,7.810417,100,13
selection,176,3,0.465084,0.035875,2.330292,6.353,100,14
selection,177,3,0.421041,0.038167,2.497375,6.601375,100,15
selection,178,3,0.162375,0.0325,2.109459,5.711417,100,16
selection,179,3,0.802833,0.041875,2.980875,6.818083,100,17
selection,180,3,0.367125,0.046083,2.44725,6.119417,100,18
selection,181,3,1.570833,0.041667,3.911792,8.274667,100,19
selection,182,3,0.188417,0.040959,2.557208,6.511583,100,20
empty,183,3,0.136625,0.041916,2.087208,4.317208,0,
invoke,184,4,,,5.660958,6.286541,0,
input,185,4,0.18975,0.22,5.728417,7.704875,3,0
input,186,4,7.442916,0.185375,12.531875,14.30125,2,0
input,187,4,0.154,0.139125,5.21475,6.741958,1,0
input,188,4,8.342833,0.156708,12.903791,13.829208,1,0
input,189,4,0.767459,0.157709,5.724667,6.710667,1,0
input,190,4,0.330459,0.167792,5.260625,6.250875,1,0
input,191,4,0.116334,0.035875,4.505667,6.630959,0,
input,192,4,0.432125,0.043958,7.156125,7.863917,0,
input,193,4,0.195833,0.036625,3.415167,4.14875,0,
input,194,4,1.093083,0.345625,7.510583,10.174291,100,0
input,195,4,0.169792,0.342,3.024542,3.954042,100,0
input,196,4,0.221542,0.351833,5.417667,6.394042,100,0
input,197,4,0.154167,0.357417,6.271417,7.378542,100,0
input,198,4,0.158417,0.057792,2.46575,4.521209,0,
input,199,4,4.980833,0.041459,6.593791,7.32675,0,
input,200,4,0.844,0.036,4.931166,5.653083,0,
input,201,4,1.477709,52.424125,57.871959,58.637209,0,
input,202,4,0.207708,50.751375,53.507708,54.082125,0,
input,203,4,1.3775,50.827667,55.22825,55.75475,0,
input,204,4,1.972625,51.671709,58.975541,59.540083,0,
input,205,4,0.1145,51.777459,53.887916,54.442541,0,
input,206,4,0.797541,52.849541,56.559583,57.124958,0,
input,207,4,0.091542,53.885083,58.10475,58.693708,0,
input,208,4,0.096541,55.680334,57.529041,58.088416,0,
selection,209,4,1.170291,0.035333,2.794958,4.01475,100,1
selection,210,4,0.152791,0.031625,1.36825,2.367458,100,2
selection,211,4,0.15,0.042834,1.526875,2.835292,100,3
selection,212,4,0.135166,0.027958,1.27575,2.135791,100,4
selection,213,4,0.450541,0.043708,1.836708,3.038125,100,5
selection,214,4,0.129084,0.029125,1.607375,4.899292,100,6
selection,215,4,0.136833,0.033834,1.928666,5.4795,100,7
selection,216,4,0.140292,0.030084,1.690167,5.493333,100,8
selection,217,4,0.155125,0.050375,1.757583,6.038625,100,9
selection,218,4,0.283042,0.046583,2.400292,6.425875,100,10
selection,219,4,0.189875,0.043333,2.215166,5.980458,100,11
selection,220,4,0.41325,0.0545,2.565333,6.744458,100,12
selection,221,4,0.198875,0.04175,2.131,5.918792,100,13
selection,222,4,0.388084,0.064292,2.972292,7.514625,100,14
selection,223,4,0.19525,0.04325,2.423791,5.827333,100,15
selection,224,4,0.170459,0.035959,2.175542,5.938917,100,16
selection,225,4,0.164125,0.035875,2.203917,5.895083,100,17
selection,226,4,0.45475,0.036292,2.770708,6.862833,100,18
selection,227,4,0.225875,0.056167,2.921167,7.248292,100,19
selection,228,4,0.221208,0.055042,2.798375,6.811042,100,20
empty,229,4,0.147792,0.044167,2.310292,4.644542,0,
invoke,230,5,,,6.173917,8.812833,0,
input,231,5,0.17775,0.2295,6.239333,8.325708,3,0
input,232,5,0.170916,0.162875,5.077875,6.802583,2,0
input,233,5,8.273833,0.175792,13.78225,15.364042,1,0
input,234,5,0.2485,0.139958,5.066334,5.976375,1,0
input,235,5,0.594667,0.136625,4.866292,5.75775,1,0
input,236,5,1.14225,0.146375,5.728375,6.687709,1,0
input,237,5,0.25125,0.038084,4.817458,6.676125,0,
input,238,5,1.497417,0.039625,6.562917,7.396542,0,
input,239,5,0.459791,0.04175,4.628416,5.358458,0,
input,240,5,1.389209,0.348125,7.677875,10.310917,100,0
input,241,5,0.208,0.328417,3.226167,4.264333,100,0
input,242,5,0.218708,0.353709,5.537041,6.700708,100,0
input,243,5,0.216542,0.383208,5.863167,6.927125,100,0
input,244,5,0.164583,0.036625,2.443375,4.607542,0,
input,245,5,1.125375,0.03725,5.472916,6.131958,0,
input,246,5,1.300875,0.047375,5.150458,5.872292,0,
input,247,5,1.705875,52.852375,58.463667,59.133459,0,
input,248,5,0.137458,50.291875,52.529208,53.123792,0,
input,249,5,0.099333,51.036125,52.31125,52.849083,0,
input,250,5,0.110166,51.629834,54.679791,55.207166,0,
input,251,5,0.094375,53.322916,54.464542,54.957292,0,
input,252,5,0.133792,52.430417,53.619625,54.083083,0,
input,253,5,0.099791,52.333625,53.477291,53.995583,0,
input,254,5,0.077125,52.152959,53.993708,54.441625,0,
selection,255,5,2.15325,0.036875,3.720292,4.820584,100,1
selection,256,5,0.088959,0.022334,1.054625,1.9905,100,2
selection,257,5,0.067375,0.018542,0.979209,1.740792,100,3
selection,258,5,0.072209,0.017875,0.955792,1.693375,100,4
selection,259,5,0.689209,0.0395,2.041625,3.321167,100,5
selection,260,5,0.106042,0.026167,1.44475,5.044875,100,6
selection,261,5,0.183541,0.040625,1.7475,5.09325,100,7
selection,262,5,0.096041,0.023291,1.42725,5.066958,100,8
selection,263,5,1.315666,0.040166,3.191041,6.977333,100,9
selection,264,5,0.635917,0.038666,2.514292,6.506458,100,10
selection,265,5,0.373542,0.045542,2.379834,6.452875,100,11
selection,266,5,0.245583,0.048083,2.346583,6.354833,100,12
selection,267,5,0.206,0.040917,2.099,5.898958,100,13
selection,268,5,0.608541,0.038083,2.585333,6.689083,100,14
selection,269,5,0.264333,0.040084,2.49675,7.021792,100,15
selection,270,5,0.203875,0.044625,2.198708,5.396167,100,16
selection,271,5,0.764459,0.04675,3.170792,7.516709,100,17
selection,272,5,0.139625,0.030083,2.227542,6.135542,100,18
selection,273,5,0.189208,0.03725,2.468375,6.139541,100,19
selection,274,5,0.192,0.042416,2.537333,6.987167,100,20
empty,275,5,0.144833,0.042166,2.095042,4.538,0,
invoke,276,6,,,5.666083,8.328166,0,
input,277,6,0.176542,0.221334,9.295459,11.5105,3,0
input,278,6,3.823375,0.128875,8.867334,10.44675,2,0
input,279,6,0.702375,0.145542,6.064625,7.639167,1,0
input,280,6,0.223917,0.151417,4.995209,6.009792,1,0
input,281,6,0.3755,0.134459,6.633458,7.405708,1,0
input,282,6,0.198458,0.164833,4.106417,5.062792,1,0
input,283,6,0.418209,0.037792,4.765209,6.541542,0,
input,284,6,1.143875,0.037666,5.316083,6.084125,0,
input,285,6,1.409958,0.043,5.9465,6.7105,0,
input,286,6,0.176792,0.358375,4.984209,7.962042,100,0
input,287,6,0.1435,0.330208,2.8985,3.869125,100,0
input,288,6,0.14825,0.345292,2.829,3.758583,100,0
input,289,6,0.17225,0.359208,4.285583,5.378791,100,0
input,290,6,0.125667,0.039916,4.43725,6.694667,0,
input,291,6,4.838875,0.039166,6.25825,6.889333,0,
input,292,6,0.22675,0.052834,3.835,4.569458,0,
input,293,6,1.572542,53.434583,58.903084,59.692084,0,
input,294,6,0.210834,49.866041,53.02475,53.656834,0,
input,295,6,0.121792,50.539,51.921125,52.442959,0,
input,296,6,0.128709,50.473834,54.026042,54.608,0,
input,297,6,0.084667,51.274459,55.709459,56.26175,0,
input,298,6,0.090708,51.792083,52.977125,53.4855,0,
input,299,6,0.120417,53.641,55.071958,55.672042,0,
input,300,6,0.097166,53.897875,55.275958,55.787458,0,
selection,301,6,0.098333,0.025084,1.42475,2.358458,100,1
selection,302,6,0.119209,0.022708,1.386667,2.38975,100,2
selection,303,6,0.113,0.019167,1.08425,1.851,100,3
selection,304,6,0.148542,0.032375,1.432708,2.470833,100,4
selection,305,6,0.118125,0.029167,1.303917,2.340792,100,5
selection,306,6,0.089542,0.022542,1.274875,4.409709,100,6
selection,307,6,0.217709,0.048916,1.817417,5.065792,100,7
selection,308,6,0.136792,0.039,1.816583,5.31075,100,8
selection,309,6,1.035125,0.032541,2.663458,6.052708,100,9
selection,310,6,1.305542,0.033709,3.12275,6.996583,100,10
selection,311,6,0.580625,0.054875,2.765084,6.678709,100,11
selection,312,6,0.216,0.032,2.00675,5.770083,100,12
selection,313,6,0.837,0.047333,3.016917,6.85875,100,13
selection,314,6,0.351042,0.03975,2.568334,6.382209,100,14
selection,315,6,0.321791,0.042458,2.484791,5.8545,100,15
selection,316,6,0.788834,0.037708,2.917625,6.311125,100,16
selection,317,6,0.823916,0.044875,3.340291,7.31525,100,17
selection,318,6,0.305125,0.035292,2.548,6.18475,100,18
selection,319,6,0.147833,0.03375,2.544583,6.577583,100,19
selection,320,6,0.203167,0.043208,2.769917,6.4215,100,20
empty,321,6,0.142333,0.068167,2.061208,4.306917,0,
invoke,322,7,,,5.709,8.368625,0,
input,323,7,0.189667,0.206583,6.57525,8.785708,3,0
input,324,7,0.189125,0.213625,3.513125,5.314667,2,0
input,325,7,5.897458,0.1735,11.661875,13.475167,1,0
input,326,7,8.291583,0.209042,13.617833,14.647708,1,0
input,327,7,0.225083,0.152,4.4135,5.409042,1,0
input,328,7,0.684292,0.158916,5.282209,6.262334,1,0
input,329,7,1.979542,0.0355,7.477292,9.345334,0,
input,330,7,0.198083,0.046667,4.209792,5.084333,0,
input,331,7,1.067958,0.041375,5.588792,6.36025,0,
input,332,7,0.989333,0.371,7.610916,10.365166,100,0
input,333,7,0.165166,0.370208,3.403916,4.529791,100,0
input,334,7,0.216834,0.350084,6.95875,7.829209,100,0
input,335,7,0.16525,0.368792,4.770833,5.7495,100,0
input,336,7,0.125708,0.04075,3.028167,5.343,0,
input,337,7,0.212209,0.035041,4.321167,5.090417,0,
input,338,7,1.218583,0.033166,5.251667,5.985333,0,
input,339,7,1.518834,51.280167,58.196042,59.01625,0,
input,340,7,0.203167,51.553666,53.622625,54.351417,0,
input,341,7,0.692083,52.825416,59.915417,60.541417,0,
input,342,7,0.1515,53.616542,56.975583,57.664042,0,
input,343,7,0.1535,53.927625,56.167834,56.830959,0,
input,344,7,0.131375,54.311834,55.953375,56.587292,0,
input,345,7,0.1705,55.340291,57.784625,58.497,0,
input,346,7,0.14225,57.383125,59.956875,60.538833,0,
selection,347,7,0.14,0.03575,1.540834,2.695667,100,1
selection,348,7,1.299125,0.0355,2.491959,3.386375,100,2
selection,349,7,0.14325,0.036125,1.408042,2.489125,100,3
selection,350,7,0.127875,0.03625,1.23,2.056417,100,4
selection,351,7,0.162,0.048,1.541042,2.6615,100,5
selection,352,7,0.138333,0.036333,1.491416,4.394,100,6
selection,353,7,0.142042,0.041167,1.309208,3.584917,100,7
selection,354,7,0.151667,0.038791,1.5525,4.665792,100,8
selection,355,7,0.1345,0.033708,1.351,4.317875,100,9
selection,356,7,1.309667,0.034583,2.602667,5.158959,100,10
selection,357,7,0.160791,0.045875,1.683916,4.356791,100,11
selection,358,7,0.157208,0.040416,1.723417,4.616958,100,12
selection,359,7,0.150541,0.040291,1.620666,4.581333,100,13
selection,360,7,1.081125,0.045625,2.749083,5.530125,100,14
selection,361,7,0.12475,0.031875,1.513917,4.294792,100,15
selection,362,7,0.180667,0.043792,2.023792,4.6305,100,16
selection,363,7,0.122333,0.034208,1.739958,4.654167,100,17
selection,364,7,0.130458,0.034958,1.7335,4.792292,100,18
selection,365,7,0.165917,0.042583,2.016792,4.600667,100,19
selection,366,7,0.147875,0.036958,2.083708,4.995166,100,20
empty,367,7,0.098958,0.031,5.179125,6.700375,0,
invoke,368,8,,,4.782791,5.52475,0,
input,369,8,0.125333,0.102209,3.306125,4.844416,3,0
input,370,8,4.354709,0.115,11.144375,12.658042,2,0
input,371,8,7.681167,0.1105,9.31675,10.511625,1,0
input,372,8,4.91925,0.097375,6.392167,7.143917,1,0
input,373,8,0.131666,0.116917,3.200541,3.860791,1,0
input,374,8,0.122125,0.109917,4.934167,5.569,1,0
input,375,8,0.097833,0.033334,5.588708,6.875291,0,
input,376,8,0.116541,0.02525,5.66325,6.289875,0,
input,377,8,1.271875,0.033542,2.607875,3.209625,0,
input,378,8,0.122209,0.310792,4.4425,6.508459,100,0
input,379,8,0.112625,0.3215,4.857125,5.804334,100,0
input,380,8,0.121708,0.335792,4.904083,5.674541,100,0
input,381,8,0.115959,0.381458,4.974625,5.71675,100,0
input,382,8,0.092625,0.037209,5.265459,6.914292,0,
input,383,8,0.113958,0.0305,5.780291,6.44625,0,
input,384,8,0.106291,0.033958,4.818875,5.494958,0,
input,385,8,0.238042,52.644834,58.334375,58.90525,0,
input,386,8,0.121375,52.715167,56.142583,56.735042,0,
input,387,8,0.131042,53.6235,57.045958,57.697667,0,
input,388,8,0.151083,54.119584,56.503375,57.1175,0,
input,389,8,3.509333,53.303584,58.297583,58.925875,0,
input,390,8,0.133416,54.499292,56.031666,56.723166,0,
input,391,8,0.148916,54.275333,56.197583,56.78775,0,
input,392,8,0.108,54.310583,56.708375,57.431625,0,
selection,393,8,0.153042,0.044875,1.764084,2.781459,100,1
selection,394,8,0.122917,0.032833,1.237459,2.209209,100,2
selection,395,8,0.141042,0.037916,1.405042,2.265417,100,3
selection,396,8,0.338083,0.031833,1.385208,2.150333,100,4
selection,397,8,0.153833,0.043584,1.537917,2.727625,100,5
selection,398,8,0.135833,0.034541,1.499291,4.552541,100,6
selection,399,8,1.864125,0.040375,3.106666,5.559708,100,7
selection,400,8,0.142542,0.036417,1.502417,3.971042,100,8
selection,401,8,0.125791,0.035041,1.35775,4.12225,100,9
selection,402,8,0.946625,0.040959,2.201667,4.851083,100,10
selection,403,8,0.149583,0.042208,1.433,3.977583,100,11
selection,404,8,0.147625,0.042042,1.637209,4.259334,100,12
selection,405,8,0.129958,0.036709,1.626375,4.496,100,13
selection,406,8,1.212083,0.033833,2.785041,5.606125,100,14
selection,407,8,0.132292,0.034959,1.489,4.1905,100,15
selection,408,8,4.831833,0.035834,6.476875,9.330667,100,16
selection,409,8,1.882666,0.039708,3.624125,6.436708,100,17
selection,410,8,1.821333,0.030208,3.421167,5.940167,100,18
selection,411,8,2.271792,0.023458,3.96625,6.820917,100,19
selection,412,8,1.842,0.02275,3.5795,6.458958,100,20
empty,413,8,1.591916,0.026708,2.7505,4.297958,0,
invoke,414,9,,,3.240542,3.795958,0,
input,415,9,0.126084,0.168083,4.445209,6.367542,3,0
input,416,9,0.135375,0.154083,2.803833,4.34975,2,0
input,417,9,0.138084,0.145125,2.143375,3.523917,1,0
input,418,9,5.626625,0.1385,9.774625,10.63775,1,0
input,419,9,1.362083,0.147834,5.132458,5.981791,1,0
input,420,9,1.686667,0.1255,3.348625,4.182709,1,0
input,421,9,0.109959,0.030166,1.75925,3.431084,0,
input,422,9,0.139166,0.038542,6.044625,6.85175,0,
input,423,9,0.149959,0.038875,3.528917,4.229417,0,
input,424,9,1.741792,0.415542,6.406792,9.300417,100,0
input,425,9,0.3405,0.395375,3.400125,4.447666,100,0
input,426,9,0.147792,0.385042,2.86625,4.09475,100,0
input,427,9,0.148417,0.437625,3.323125,4.418042,100,0
input,428,9,0.146334,0.037917,2.318917,4.739292,0,
input,429,9,0.35675,0.033416,4.370542,5.103167,0,
input,430,9,1.571666,0.034417,5.620208,6.325875,0,
input,431,9,0.18875,54.488541,56.595625,57.265333,0,
input,432,9,0.131333,51.141541,52.73175,53.426042,0,
input,433,9,0.1235,50.264875,51.716333,52.328667,0,
input,434,9,0.07925,49.954125,52.12375,52.685792,0,
input,435,9,0.113334,51.152916,53.737334,54.293625,0,
input,436,9,0.097417,52.85775,57.347042,57.879042,0,
input,437,9,0.0975,53.301541,55.107291,55.695541,0,
input,438,9,0.126,53.184333,56.670083,57.208375,0,
selection,439,9,0.172292,0.040583,1.701709,2.743459,100,1
selection,440,9,0.372333,0.027833,1.64325,2.777833,100,2
selection,441,9,0.126042,0.027042,1.25375,2.220958,100,3
selection,442,9,0.119,0.03075,1.244917,2.116042,100,4
selection,443,9,0.121375,0.038375,1.38175,2.473625,100,5
selection,444,9,0.119291,0.037833,1.640416,5.592083,100,6
selection,445,9,0.784542,0.034875,2.567792,6.090625,100,7
selection,446,9,1.028709,0.034917,2.773709,6.466417,100,8
selection,447,9,0.895958,0.032541,2.758458,7.0615,100,9
selection,448,9,0.179167,0.044083,2.258958,6.277417,100,10
selection,449,9,0.201625,0.050875,2.622333,6.894166,100,11
selection,450,9,0.231417,0.043625,2.368459,6.137209,100,12
selection,451,9,0.175,0.037375,2.277583,6.092125,100,13
selection,452,9,0.194375,0.043417,2.376209,5.999875,100,14
selection,453,9,0.316833,0.038375,2.497542,5.933,100,15
selection,454,9,0.695416,0.050042,3.2225,7.257916,100,16
selection,455,9,0.226541,0.051542,2.770458,6.571833,100,17
selection,456,9,0.192125,0.039125,2.633042,6.4435,100,18
selection,457,9,0.195166,0.041333,2.657416,6.595541,100,19
selection,458,9,0.189625,0.039875,2.705584,6.557459,100,20
empty,459,9,0.158084,0.041917,4.409834,6.562542,0,
invoke,460,10,,,3.929791,4.834958,0,
input,461,10,0.166084,0.176875,7.228917,9.233792,3,0
input,462,10,0.246917,0.138792,5.894459,7.457542,2,0
input,463,10,8.244083,0.172583,13.394125,14.905916,1,0
input,464,10,0.209708,0.165083,5.066375,6.011958,1,0
input,465,10,0.176917,0.153333,6.051333,6.953708,1,0
input,466,10,0.199625,0.16725,3.665208,4.488041,1,0
input,467,10,1.046542,0.040042,3.235875,5.017667,0,
input,468,10,9.139792,0.044417,11.079209,12.064792,0,
input,469,10,0.2865,0.037209,2.0875,2.858667,0,
input,470,10,0.879666,0.352875,9.076666,12.393041,100,0
input,471,10,0.115042,0.337417,3.020458,3.938958,100,0
input,472,10,0.144542,0.33875,4.364458,5.338375,100,0
input,473,10,0.178834,0.3545,5.041292,6.110625,100,0
input,474,10,0.156583,0.036,3.718166,6.063625,0,
input,475,10,6.627333,0.03825,8.161416,8.823166,0,
input,476,10,0.194625,0.031958,4.014291,4.726416,0,
input,477,10,1.418375,53.855375,59.050375,59.794,0,
input,478,10,0.210375,51.173125,53.403083,54.101667,0,
input,479,10,0.134292,51.350958,55.668667,56.233833,0,
input,480,10,0.297458,51.12725,52.825625,53.41975,0,
input,481,10,0.09675,51.850958,53.085542,53.602334,0,
input,482,10,0.081209,52.925958,54.085667,54.596292,0,
input,483,10,1.247542,52.757041,55.293792,55.873458,0,
input,484,10,0.119917,53.633417,55.02975,55.58925,0,
selection,485,10,0.170417,0.046791,1.764792,2.999958,100,1
selection,486,10,0.137375,0.037792,1.57025,2.715917,100,2
selection,487,10,0.129917,0.028667,1.418833,2.366458,100,3
selection,488,10,0.12875,0.030958,1.355584,2.440875,100,4
selection,489,10,0.166833,0.040542,1.62775,2.968417,100,5
selection,490,10,0.312375,0.0415,1.926292,5.551709,100,6
selection,491,10,1.117834,0.027958,2.519125,6.527584,100,7
selection,492,10,1.01475,0.039,2.889917,6.889792,100,8
selection,493,10,0.409167,0.040125,2.312959,5.926084,100,9
selection,494,10,0.822458,0.033166,2.525792,6.322708,100,10
selection,495,10,0.805334,0.039959,2.939209,6.779125,100,11
selection,496,10,0.285583,0.036125,2.251917,5.951208,100,12
selection,497,10,0.689459,0.051666,2.8215,6.659959,100,13
selection,498,10,0.338375,0.040334,2.537833,6.552458,100,14
selection,499,10,0.199166,0.046542,2.527791,6.165125,100,15
selection,500,10,0.308875,0.0395,2.531791,6.081791,100,16
selection,501,10,0.598666,0.038333,3.084458,7.48175,100,17
selection,502,10,0.367667,0.046834,2.947417,7.181917,100,18
selection,503,10,0.17975,0.042416,2.673833,6.302042,100,19
selection,504,10,0.169459,0.038084,2.504709,6.260625,100,20
empty,505,10,0.144333,0.0525,1.993791,4.168791,0,
invoke,506,11,,,6.454917,8.392959,0,
input,507,11,0.177208,0.212375,7.180417,9.597,3,0
input,508,11,3.702542,0.152834,10.687292,12.384542,2,0
input,509,11,0.238334,0.172833,3.23975,5.086709,1,0
input,510,11,0.214042,0.122334,4.830917,5.70825,1,0
input,511,11,0.504583,0.109083,4.797875,5.564583,1,0
input,512,11,1.294958,0.173,5.788125,6.7205,1,0
input,513,11,0.113125,0.034916,2.120417,4.136167,0,
input,514,11,0.166125,0.038875,2.322667,3.15125,0,
input,515,11,0.929084,0.037417,5.246792,6.08825,0,
input,516,11,1.127542,0.361167,9.569334,12.578542,100,0
input,517,11,0.127958,0.342208,3.130167,4.022583,100,0
input,518,11,0.14925,0.338333,5.317417,6.144334,100,0
input,519,11,0.218834,0.364333,3.801292,5.021542,100,0
input,520,11,0.81475,0.050667,3.200792,5.331625,0,
input,521,11,0.198458,0.036375,3.883041,4.585833,0,
input,522,11,1.665583,0.051833,6.003375,6.783083,0,
input,523,11,1.177958,51.823542,58.374416,59.030291,0,
input,524,11,0.131833,49.95125,51.542416,52.153875,0,
input,525,11,0.109083,51.043083,52.34725,52.920708,0,
input,526,11,0.092292,51.509083,54.387167,54.950709,0,
input,527,11,0.113959,51.888709,53.853042,54.354167,0,
input,528,11,1.213125,52.996375,55.720667,56.283584,0,
input,529,11,1.281708,52.882792,55.404166,55.946708,0,
input,530,11,1.679375,52.546459,55.381167,55.907417,0,
selection,531,11,0.130083,0.032958,1.657958,2.676166,100,1
selection,532,11,0.120125,0.028458,1.446209,2.333625,100,2
selection,533,11,0.098083,0.026667,1.156625,2.123583,100,3
selection,534,11,0.169833,0.041459,1.588291,2.726666,100,4
selection,535,11,0.160209,0.037292,1.474417,2.731167,100,5
selection,536,11,2.005958,0.029959,3.494333,7.412667,100,6
selection,537,11,0.925,0.026083,2.242417,5.871167,100,7
selection,538,11,1.444541,0.030459,3.089166,6.853916,100,8
selection,539,11,1.005625,0.041209,2.770833,6.500792,100,9
selection,540,11,0.773042,0.046084,3.057417,7.16275,100,10
selection,541,11,0.237917,0.05025,2.438917,6.349792,100,11
selection,542,11,0.230417,0.046667,2.305458,5.820458,100,12
selection,543,11,0.420583,0.02475,2.204208,5.661291,100,13
selection,544,11,1.170666,0.047125,3.673958,7.665291,100,14
selection,545,11,0.23575,0.04425,2.530625,6.218666,100,15
selection,546,11,0.206916,0.036542,2.494291,5.909541,100,16
selection,547,11,0.349458,0.040583,2.800541,6.641,100,17
selection,548,11,0.22325,0.067583,3.210792,7.586833,100,18
selection,549,11,0.339166,0.075791,2.705291,6.558291,100,19
selection,550,11,0.180375,0.041375,2.353375,6.153709,100,20
empty,551,11,0.108542,0.034,1.777334,3.989584,0,
invoke,552,12,,,5.476292,6.216917,0,
input,553,12,0.1875,0.245667,6.026209,8.186042,3,0
input,554,12,2.077708,0.138125,9.330417,11.028833,2,0
input,555,12,5.714125,0.235,11.874208,13.679125,1,0
input,556,12,0.158958,0.1425,4.166458,5.083292,1,0
input,557,12,0.912416,0.138917,5.319416,6.152666,1,0
input,558,12,1.079583,0.163542,5.6115,6.572833,1,0
input,559,12,0.44925,0.03825,2.635875,4.421875,0,
input,560,12,4.186041,0.040333,10.389791,11.185,0,
input,561,12,0.193042,0.035042,3.426584,4.1345,0,
input,562,12,1.228208,0.345167,7.824458,10.657708,100,0
input,563,12,0.131542,0.339,2.980542,3.925792,100,0
input,564,12,0.202875,0.338333,6.192541,7.164625,100,0
input,565,12,0.234084,0.373166,5.810917,6.786834,100,0
input,566,12,0.154917,0.0395,2.506167,4.608333,0,
input,567,12,0.439375,0.03675,4.641417,5.381334,0,
input,568,12,1.423208,0.05225,5.726292,6.442917,0,
input,569,12,1.28075,51.371208,56.406083,57.058875,0,
input,570,12,0.495959,50.897583,52.701959,53.292875,0,
input,571,12,0.118791,52.256666,53.700125,54.266833,0,
input,572,12,0.13625,51.1035,52.479167,53.011958,0,
input,573,12,0.8095,51.65225,53.778458,54.339083,0,
input,574,12,0.099042,51.725292,52.9695,53.601958,0,
input,575,12,0.102584,52.341792,53.598084,54.146792,0,
input,576,12,0.090791,53.052417,57.174166,57.736208,0,
selection,577,12,0.158625,0.03275,1.607416,2.688416,100,1
selection,578,12,0.097125,0.02175,0.983333,1.821167,100,2
selection,579,12,0.201375,0.023709,1.197667,1.976167,100,3
selection,580,12,0.08975,0.024416,1.238458,2.201333,100,4
selection,581,12,0.629791,0.023334,1.736458,2.843916,100,5
selection,582,12,0.133541,0.030209,1.564291,4.923541,100,6
selection,583,12,0.148042,0.033125,1.595125,4.901083,100,7
selection,584,12,0.148625,0.038084,1.525208,4.717708,100,8
selection,585,12,0.115375,0.026833,1.430458,4.20075,100,9
selection,586,12,0.162459,0.0465,1.884834,5.148,100,10
selection,587,12,0.159333,0.032666,1.99025,5.441708,100,11
selection,588,12,0.191417,0.045209,2.267209,6.22625,100,12
selection,589,12,0.199417,0.049458,2.430417,5.995125,100,13
selection,590,12,1.693125,0.038,3.866375,7.435833,100,14
selection,591,12,0.534625,0.041625,2.807625,6.17975,100,15
selection,592,12,0.6875,0.034417,2.903917,6.69025,100,16
selection,593,12,0.330917,0.048084,2.643042,6.40825,100,17
selection,594,12,0.231,0.041,2.844667,6.790292,100,18
selection,595,12,0.189958,0.040958,2.698916,6.393208,100,19
selection,596,12,0.195417,0.041542,2.737625,6.626,100,20
empty,597,12,0.152916,0.041417,2.025583,4.532291,0,
invoke,598,13,,,5.716833,8.051208,0,
input,599,13,0.167083,0.233792,6.445666,8.991708,3,0
input,600,13,7.375209,0.161125,12.704625,14.369584,2,0
input,601,13,0.207125,0.159583,5.748667,7.517084,1,0
input,602,13,0.18,0.216084,5.294916,6.28025,1,0
input,603,13,1.823084,0.175916,6.8225,7.745292,1,0
input,604,13,0.43125,0.147666,5.708583,6.756333,1,0
input,605,13,0.155416,0.037833,4.707,6.635,0,
input,606,13,0.987916,0.051542,3.011875,3.855958,0,
input,607,13,0.218959,0.046291,2.123,2.962667,0,
input,608,13,0.224917,0.34125,6.352792,9.452417,100,0
input,609,13,0.146958,0.341209,3.916875,4.827416,100,0
input,610,13,0.205917,0.336417,5.4695,6.342833,100,0
input,611,13,0.248458,0.36225,4.989958,6.108541,100,0
input,612,13,0.138209,0.035416,4.19175,6.388792,0,
input,613,13,0.189875,0.036583,4.277834,5.056459,0,
input,614,13,1.124042,0.035958,7.330042,8.027375,0,
input,615,13,0.192416,51.855875,54.970583,55.595791,0,
input,616,13,0.289834,50.985834,54.810667,55.440959,0,
input,617,13,1.101375,50.968917,53.415542,54.020583,0,
input,618,13,0.105167,50.978541,52.610792,53.192625,0,
input,619,13,0.085917,51.66225,52.90775,53.451084,0,
input,620,13,1.279375,51.206375,53.642458,54.168417,0,
input,621,13,0.112791,53.3785,54.753041,55.358666,0,
input,622,13,0.118667,53.266791,54.490625,55.008917,0,
selection,623,13,0.136208,0.03525,1.68025,2.860791,100,1
selection,624,13,0.12,0.029458,1.416375,2.677916,100,2
selection,625,13,1.591916,0.043792,3.343708,4.673333,100,3
selection,626,13,0.157667,0.033542,1.534417,2.616083,100,4
selection,627,13,0.144625,0.0345,1.651042,3.065833,100,5
selection,628,13,0.137042,0.032083,1.580125,5.003583,100,6
selection,629,13,0.140959,0.032792,1.542875,4.805375,100,7
selection,630,13,0.274833,0.05525,2.429,6.320625,100,8
selection,631,13,0.181833,0.057041,2.017833,5.547375,100,9
selection,632,13,0.171292,0.039209,2.103667,5.859042,100,10
selection,633,13,0.178125,0.041,2.30675,6.155291,100,11
selection,634,13,0.259542,0.040375,2.45325,6.280958,100,12
selection,635,13,0.324875,0.039083,2.550625,6.467917,100,13
selection,636,13,0.159125,0.038,2.246875,5.947083,100,14
selection,637,13,0.546208,0.038625,2.812083,6.339333,100,15
selection,638,13,0.527208,0.042333,2.916625,6.507417,100,16
selection,639,13,0.32375,0.036667,2.779167,6.605167,100,17
selection,640,13,0.275833,0.041666,2.688375,6.962958,100,18
selection,641,13,0.237459,0.080833,2.858834,7.140584,100,19
selection,642,13,0.364125,0.042541,2.854917,6.449042,100,20
empty,643,13,0.148625,0.041292,2.135666,4.489833,0,
invoke,644,14,,,5.877917,6.502167,0,
input,645,14,1.863958,0.245167,10.17025,12.636375,3,0
input,646,14,1.217666,0.142958,6.481875,8.159791,2,0
input,647,14,0.132958,0.147208,4.583041,6.067458,1,0
input,648,14,1.5315,0.14625,6.146459,7.101584,1,0
input,649,14,0.740791,0.149625,5.419375,6.467083,1,0
input,650,14,0.509334,0.198833,4.6095,5.437917,1,0
input,651,14,1.098792,0.041791,3.302584,5.341459,0,
input,652,14,0.226625,0.040541,2.32625,3.10475,0,
input,653,14,0.208958,0.042084,2.012,2.787958,0,
input,654,14,0.193417,0.353625,5.871792,8.948042,100,0
input,655,14,0.153042,0.335083,3.028042,3.91175,100,0
input,656,14,0.208,0.324375,5.851458,6.772958,100,0
input,657,14,0.20725,0.37575,5.091708,6.116291,100,0
input,658,14,0.155708,0.03725,3.814875,5.953167,0,
input,659,14,5.325166,0.032833,6.8225,7.568916,0,
input,660,14,0.344959,0.04025,1.977875,2.733084,0,
input,661,14,0.192542,52.374833,54.767625,55.711792,0,
input,662,14,0.145333,49.827708,51.510083,52.265041,0,
input,663,14,1.029417,51.063458,53.52825,54.169584,0,
input,664,14,0.105708,51.503041,54.723375,55.225083,0,
input,665,14,0.094417,51.287458,52.421375,52.930167,0,
input,666,14,0.112166,52.400875,55.179916,55.734458,0,
input,667,14,0.454458,51.949334,53.630833,54.208083,0,
input,668,14,0.091,53.554042,54.683958,55.196417,0,
selection,669,14,0.125959,0.033209,1.467792,2.526834,100,1
selection,670,14,0.4635,0.034458,1.693458,2.793125,100,2
selection,671,14,0.150292,0.040333,1.445833,2.462375,100,3
selection,672,14,0.120416,0.030042,1.497458,2.737333,100,4
selection,673,14,0.131,0.027416,1.267167,2.26025,100,5
selection,674,14,0.118459,0.031208,1.473125,4.829959,100,6
selection,675,14,0.175208,0.04325,1.684792,4.89325,100,7
selection,676,14,0.196291,0.044458,1.9355,5.489541,100,8
selection,677,14,0.20925,0.042375,1.935125,5.4525,100,9
selection,678,14,0.181333,0.049,2.142166,5.898333,100,10
selection,679,14,0.16025,0.036167,2.148041,5.705041,100,11
selection,680,14,1.72125,0.051167,3.734541,8.0255,100,12
selection,681,14,0.138708,0.037709,2.047166,5.880041,100,13
selection,682,14,0.4025,0.04875,2.631292,6.275959,100,14
selection,683,14,0.467209,0.040667,2.704834,6.439959,100,15
selection,684,14,0.348708,0.041292,2.693167,6.154792,100,16
selection,685,14,0.524166,0.05925,3.401625,7.507208,100,17
selection,686,14,0.22975,0.052,2.652375,6.590959,100,18
selection,687,14,0.162375,0.025083,1.810625,5.122042,100,19
selection,688,14,0.285666,0.040541,2.821291,6.428791,100,20
empty,689,14,0.139709,0.048875,2.023792,4.080459,0,
invoke,690,15,,,4.653583,6.815792,0,
input,691,15,0.180458,0.2395,5.935417,8.699542,3,0
input,692,15,0.486375,0.14275,8.178417,9.750875,2,0
input,693,15,0.16725,0.155083,3.402542,4.892209,1,0
input,694,15,8.214583,0.151167,13.081875,14.185292,1,0
input,695,15,0.288291,0.153875,7.113083,7.99725,1,0
input,696,15,0.182833,0.198542,3.008625,3.938,1,0
input,697,15,0.107125,0.039167,2.129167,4.05675,0,
input,698,15,0.168167,0.039875,2.317709,3.162834,0,
input,699,15,0.91375,0.035667,5.108625,5.871791,0,
input,700,15,1.369042,0.350541,8.19175,10.914,100,0
input,701,15,0.172292,0.340917,3.808334,5.331375,100,0
input,702,15,0.249125,0.355833,6.070791,6.909,100,0
input,703,15,0.199375,0.362,4.184583,5.267791,100,0
input,704,15,0.10825,0.050375,2.56825,5.468584,0,
input,705,15,0.190583,0.039958,2.049,2.927916,0,
input,706,15,0.232416,0.042291,4.941416,5.8225,0,
input,707,15,0.228375,53.603333,55.806583,56.588458,0,
input,708,15,0.171834,50.901,54.700417,55.499917,0,
input,709,15,0.718167,51.741125,53.933417,54.611959,0,
input,710,15,0.10825,51.349917,52.926125,53.6115,0,
input,711,15,0.115958,54.325125,55.853125,56.554416,0,
input,712,15,0.114,52.22575,53.805125,54.366833,0,
input,713,15,0.121917,54.4535,56.391042,56.954125,0,
input,714,15,0.108625,52.530125,54.4825,55.028583,0,
selection,715,15,0.124625,0.033542,1.633,2.699792,100,1
selection,716,15,1.861959,0.026625,3.4765,4.76675,100,2
selection,717,15,0.162458,0.032834,1.438125,2.431,100,3
selection,718,15,0.157708,0.036625,1.448125,2.413083,100,4
selection,719,15,0.173042,0.035458,1.467208,2.543292,100,5
selection,720,15,0.118625,0.02975,1.469833,4.811375,100,6
selection,721,15,1.12825,0.022584,2.30125,5.712625,100,7
selection,722,15,1.814,0.035792,3.565959,7.3955,100,8
selection,723,15,0.809792,0.051917,2.91325,6.798667,100,9
selection,724,15,0.267125,0.043417,2.484791,6.620333,100,10
selection,725,15,0.208333,0.047708,2.377958,5.90625,100,11
selection,726,15,1.778417,0.035708,3.733375,7.208542,100,12
selection,727,15,1.763125,0.049584,3.706625,7.165375,100,13
selection,728,15,1.343,0.037041,3.290709,6.88225,100,14
selection,729,15,0.836541,0.05625,3.403333,7.393833,100,15
selection,730,15,0.200708,0.045667,2.459291,6.343583,100,16
selection,731,15,0.419166,0.039208,2.826166,6.365625,100,17
selection,732,15,0.375709,0.036542,2.739459,6.414709,100,18
selection,733,15,0.326917,0.039333,2.834459,6.677292,100,19
selection,734,15,0.190292,0.044625,2.720792,6.452,100,20
empty,735,15,0.142292,0.039834,1.942917,4.122667,0,
invoke,736,16,,,8.142958,8.921416,0,
input,737,16,0.1445,0.190083,5.466292,7.895417,3,0
input,738,16,0.18175,0.216334,6.552458,8.268542,2,0
input,739,16,0.165167,0.188625,5.161167,6.804084,1,0
input,740,16,8.170166,0.170292,13.218583,14.236541,1,0
input,741,16,0.293,0.145333,5.102375,6.061958,1,0
input,742,16,1.592541,0.142167,5.982458,6.946083,1,0
input,743,16,0.603,0.039042,2.953833,4.69,0,
input,744,16,3.389667,0.05025,5.344875,6.203958,0,
input,745,16,0.130375,0.034583,1.635,2.453208,0,
input,746,16,0.385917,0.416083,5.269542,8.230792,100,0
input,747,16,0.137583,0.375,3.5495,4.651792,100,0
input,748,16,0.157917,0.369583,5.25025,6.349708,100,0
input,749,16,0.17425,0.446084,5.411375,6.525916,100,0
input,750,16,0.158333,0.038,3.6785,5.879667,0,
input,751,16,0.53375,0.057333,2.598458,3.402583,0,
input,752,16,0.198292,0.04075,1.859584,2.595584,0,
input,753,16,0.209042,52.4715,55.843167,56.618042,0,
input,754,16,0.18,51.1945,54.114125,55.021708,0,
input,755,16,0.133,50.6275,54.414791,55.124875,0,
input,756,16,1.092334,51.097667,53.632875,54.262334,0,
input,757,16,0.096375,53.469583,54.813125,55.391667,0,
input,758,16,0.109958,52.996667,54.289125,54.814292,0,
input,759,16,0.076334,53.893334,56.640834,57.118167,0,
input,760,16,0.073041,54.510958,57.265833,57.763916,0,
selection,761,16,0.172583,0.041291,1.725583,2.880875,100,1
selection,762,16,0.122667,0.031459,1.241875,2.141708,100,2
selection,763,16,0.1035,0.025167,1.305542,2.303292,100,3
selection,764,16,0.124916,0.0245,1.340916,2.488583,100,4
selection,765,16,0.178833,0.043167,1.606958,2.886875,100,5
selection,766,16,0.552542,0.04325,2.197334,6.213917,100,6
selection,767,16,0.656916,0.045583,2.187541,5.599666,100,7
selection,768,16,1.423958,0.030959,2.785292,5.809708,100,8
selection,769,16,1.981917,0.039417,3.756,7.709333,100,9
selection,770,16,0.624333,0.04825,2.782333,6.839875,100,10
selection,771,16,0.193,0.057,2.248375,6.210875,100,11
selection,772,16,0.221708,0.051833,2.277125,6.213,100,12
selection,773,16,0.253333,0.041167,2.095125,5.56175,100,13
selection,774,16,1.022375,0.032792,2.764625,6.264708,100,14
selection,775,16,1.068125,0.036083,2.941625,6.585666,100,15
selection,776,16,0.738709,0.057542,3.18325,7.069625,100,16
selection,777,16,0.21625,0.057958,2.395667,5.99775,100,17
selection,778,16,0.201416,0.045208,2.659041,6.634791,100,18
selection,779,16,0.229042,0.057417,2.652083,6.185,100,19
selection,780,16,0.162708,0.035167,2.155916,5.492541,100,20
empty,781,16,1.996792,0.052542,4.142958,6.532042,0,
invoke,782,17,,,3.968042,4.68625,0,
input,783,17,0.856292,0.345542,6.014167,8.063959,3,0
input,784,17,0.212291,0.151334,6.270208,8.019583,2,0
input,785,17,8.110375,0.158041,12.907375,14.5715,1,0
input,786,17,1.229333,0.146125,6.456666,7.358458,1,0
input,787,17,0.314875,0.149208,4.555084,5.557292,1,0
input,788,17,1.131167,0.171708,6.97075,7.857375,1,0
input,789,17,0.137917,0.039459,3.4125,5.236,0,
input,790,17,5.898125,0.045083,7.622333,8.407333,0,
input,791,17,0.1915,0.03375,3.900083,4.664958,0,
input,792,17,1.564208,0.336875,7.869208,10.595125,100,0
input,793,17,0.149875,0.33125,2.790083,3.701541,100,0
input,794,17,0.312833,0.340792,5.473833,6.430875,100,0
input,795,17,0.22225,0.391667,3.379416,4.426833,100,0
input,796,17,1.762333,0.05075,4.175917,6.3385,0,
input,797,17,5.573333,0.040583,7.282542,8.088625,0,
input,798,17,0.70475,0.030458,2.328,3.066833,0,
input,799,17,0.144292,51.774417,53.590459,54.30125,0,
input,800,17,0.186708,50.498833,53.581083,54.198792,0,
input,801,17,0.792,51.022084,53.112042,53.717584,0,
input,802,17,0.09425,51.453375,52.752833,53.3345,0,
input,803,17,0.107084,51.672875,56.919,57.575167,0,
input,804,17,0.102875,52.441167,53.722625,54.293,0,
input,805,17,0.112042,53.327041,56.664625,57.201917,0,
input,806,17,0.109833,55.709042,57.385541,57.973125,0,
selection,807,17,0.138833,0.0335,1.628833,2.783166,100,1
selection,808,17,0.210792,0.022209,1.294458,2.237542,100,2
selection,809,17,0.086625,0.022709,1.110625,2.007125,100,3
selection,810,17,0.16725,0.039167,1.501458,2.52925,100,4
selection,811,17,0.166917,0.041917,1.523375,2.69625,100,5
selection,812,17,1.835625,0.024542,3.156167,6.737292,100,6
selection,813,17,1.463042,0.025333,2.769625,6.859209,100,7
selection,814,17,1.012625,0.04425,2.843666,6.787791,100,8
selection,815,17,0.506584,0.040084,2.436792,6.501792,100,9
selection,816,17,0.302,0.040416,2.426375,6.385958,100,10
selection,817,17,0.194,0.042333,2.483917,6.395209,100,11
selection,818,17,0.19825,0.049791,2.391709,6.215792,100,12
selection,819,17,0.195833,0.038375,2.208458,6.073791,100,13
selection,820,17,0.442667,0.038583,2.638667,6.245584,100,14
selection,821,17,0.543334,0.043666,2.872625,6.547084,100,15
selection,822,17,0.312833,0.038959,2.583458,6.20975,100,16
selection,823,17,0.473375,0.058458,3.165459,7.013209,100,17
selection,824,17,0.213708,0.047042,2.772542,6.588583,100,18
selection,825,17,0.224208,0.04825,2.658375,6.539791,100,19
selection,826,17,0.18025,0.040375,2.181292,5.456792,100,20
empty,827,17,0.140334,0.042875,2.128875,4.234167,0,
invoke,828,18,,,4.961042,5.637833,0,
input,829,18,0.195542,0.214833,6.254125,8.269459,3,0
input,830,18,2.246334,0.162292,8.637209,10.4965,2,0
input,831,18,8.189584,0.194417,13.73,15.418792,1,0
input,832,18,0.1975,0.14525,4.676459,5.614459,1,0
input,833,18,0.554875,0.139833,4.594041,5.436,1,0
input,834,18,1.438958,0.162125,6.247,7.199958,1,0
input,835,18,1.91725,0.038833,3.949916,5.703541,0,
input,836,18,8.181958,0.035458,9.894,10.757083,0,
input,837,18,0.193292,0.036083,4.534875,5.280709,0,
input,838,18,1.06375,0.357167,7.37225,10.109791,100,0
input,839,18,0.17975,0.346583,3.059,4.019458,100,0
input,840,18,0.154291,0.337625,6.846625,7.700208,100,0
input,841,18,0.163125,0.348167,3.200708,4.292,100,0
input,842,18,0.146875,0.044666,2.488,4.416167,0,
input,843,18,3.615542,0.042042,9.952167,10.611959,0,
input,844,18,0.225792,0.047167,3.329667,3.974333,0,
input,845,18,1.700084,50.444459,57.591375,58.188959,0,
input,846,18,0.145125,50.549458,53.702959,54.332084,0,
input,847,18,1.915125,50.467834,53.649208,54.244542,0,
input,848,18,0.10925,52.563042,54.942708,55.548667,0,
input,849,18,0.117375,51.188541,52.615208,53.174083,0,
input,850,18,1.61825,51.857625,54.620792,55.121542,0,
input,851,18,0.103791,53.380042,54.681583,55.207541,0,
input,852,18,0.112209,52.453292,53.683209,54.245959,0,
selection,853,18,0.164292,0.045708,1.729584,2.846417,100,1
selection,854,18,1.936834,0.024625,3.187417,4.449459,100,2
selection,855,18,0.133292,0.026375,1.379042,2.3925,100,3
selection,856,18,2.0125,0.037166,3.45025,4.485125,100,4
selection,857,18,0.120958,0.028584,1.354041,2.752875,100,5
selection,858,18,0.148375,0.034708,1.827084,5.7655,100,6
selection,859,18,0.77775,0.030791,2.250834,5.758459,100,7
selection,860,18,1.391417,0.029417,2.873209,6.44425,100,8
selection,861,18,1.284709,0.037333,3.256375,7.521042,100,9
selection,862,18,0.163917,0.037709,2.210833,5.80725,100,10
selection,863,18,0.522791,0.04325,2.79225,7.246125,100,11
selection,864,18,0.217125,0.05875,2.436042,6.156375,100,12
selection,865,18,0.156666,0.037625,2.122,5.647958,100,13
selection,866,18,0.793708,0.02925,2.699208,6.408917,100,14
selection,867,18,0.75425,0.038292,2.963125,6.790958,100,15
selection,868,18,0.263958,0.049041,2.773958,6.863,100,16
selection,869,18,0.188167,0.043083,2.584709,6.536167,100,17
selection,870,18,0.171458,0.0405,2.693541,6.431958,100,18
selection,871,18,0.993,0.05675,3.595792,7.886958,100,19
selection,872,18,0.192583,0.03525,2.045833,5.588125,100,20
empty,873,18,0.158458,0.048708,2.266541,4.781625,0,
invoke,874,19,,,4.835084,5.554542,0,
input,875,19,0.189417,0.223541,6.655292,8.833875,3,0
input,876,19,2.422959,0.167583,9.710834,11.523375,2,0
input,877,19,0.196166,0.156792,4.310458,5.873625,1,0
input,878,19,0.230917,0.171916,6.932917,7.793417,1,0
input,879,19,0.2115,0.163542,3.26625,4.171709,1,0
input,880,19,0.848792,0.157209,5.703667,6.685042,1,0
input,881,19,0.125125,0.043125,2.475625,4.395791,0,
input,882,19,5.748333,0.043541,7.404167,8.154333,0,
input,883,19,0.554083,0.052709,2.692416,3.470833,0,
input,884,19,0.186916,0.381916,5.345125,8.472625,100,0
input,885,19,0.72425,0.403541,4.083959,5.217459,100,0
input,886,19,1.987291,0.368125,7.64375,8.702166,100,0
input,887,19,0.187125,0.38,4.597167,5.826667,100,0
input,888,19,0.156583,0.045083,5.904791,8.192708,0,
input,889,19,0.244,0.038125,2.793667,3.467584,0,
input,890,19,1.115,0.0465,3.114791,3.904916,0,
input,891,19,0.200209,53.9235,56.195667,56.927875,0,
input,892,19,0.143916,50.292333,52.0205,52.686333,0,
input,893,19,0.194958,50.832417,54.214083,54.792583,0,
input,894,19,1.334375,51.336917,54.075167,54.621542,0,
input,895,19,0.107916,52.100084,53.555416,54.175333,0,
input,896,19,0.103709,51.66275,52.992584,53.5545,0,
input,897,19,0.1035,52.702875,53.936792,54.467792,0,
input,898,19,1.693959,52.956667,55.789709,56.309959,0,
selection,899,19,0.147458,0.035541,1.704875,2.747166,100,1
selection,900,19,0.148542,0.034667,1.701833,2.693417,100,2
selection,901,19,0.122625,0.035333,1.290875,2.205792,100,3
selection,902,19,0.145375,0.046667,1.476292,2.652125,100,4
selection,903,19,0.160417,0.03225,1.365209,2.426334,100,5
selection,904,19,0.113208,0.026416,1.502666,5.273,100,6
selection,905,19,0.162333,0.033917,1.546708,4.800625,100,7
selection,906,19,0.18625,0.048959,1.921667,5.384875,100,8
selection,907,19,0.165125,0.036875,1.790208,5.255958,100,9
selection,908,19,0.195791,0.044125,2.192958,5.740875,100,10
selection,909,19,0.141875,0.034333,1.6635,5.239583,100,11
selection,910,19,0.245375,0.060667,2.549,6.232542,100,12
selection,911,19,0.15,0.038958,1.909791,5.459708,100,13
selection,912,19,0.894917,0.0495,3.23925,6.673333,100,14
selection,913,19,0.518334,0.039708,2.646875,6.010334,100,15
selection,914,19,0.852625,0.034541,2.710667,6.201333,100,16
selection,915,19,2.014708,0.05725,4.558791,8.261875,100,17
selection,916,19,0.225958,0.057916,2.45975,6.234333,100,18
selection,917,19,0.181458,0.041583,2.336083,5.868917,100,19
selection,918,19,0.499458,0.049833,3.057625,6.801291,100,20
empty,919,19,0.1585,0.034375,3.712,5.89725,0,
invoke,920,20,,,4.123375,4.798625,0,
input,921,20,0.172833,0.226584,6.116208,8.634791,3,0
input,922,20,8.041166,0.197584,14.9985,16.491583,2,0
input,923,20,0.156916,0.151125,2.517083,4.127333,1,0
input,924,20,0.198,0.138625,2.603458,3.507,1,0
input,925,20,0.466459,0.127333,4.805334,5.661334,1,0
input,926,20,1.071166,0.148833,5.737666,6.681458,1,0
input,927,20,0.186542,0.045375,2.628,4.747334,0,
input,928,20,6.852917,0.03325,8.4685,9.296958,0,
input,929,20,0.3705,0.0435,2.1405,3.041583,0,
input,930,20,0.154625,0.386,4.711,7.685209,100,0
input,931,20,0.154292,0.36025,3.255875,4.233,100,0
input,932,20,0.156125,0.359416,3.894292,4.851792,100,0
input,933,20,0.153792,0.377167,6.152875,7.328125,100,0
input,934,20,0.166208,0.049625,2.648708,4.937666,0,
input,935,20,0.181584,0.035375,3.291542,4.018542,0,
input,936,20,1.795084,0.039417,6.675542,7.591584,0,
input,937,20,0.453625,54.156625,59.338958,60.277333,0,
input,938,20,0.158792,50.709292,52.938042,53.742792,0,
input,939,20,0.197375,50.820041,53.52825,54.1865,0,
input,940,20,0.124833,51.672125,53.260167,53.971458,0,
input,941,20,0.10975,52.933042,55.054417,55.576625,0,
input,942,20,0.118083,51.102083,52.44725,53.013458,0,
input,943,20,1.063042,51.414083,53.676292,54.233417,0,
input,944,20,0.123708,52.1365,53.430125,54.008625,0,
selection,945,20,0.152875,0.036,1.644959,2.724709,100,1
selection,946,20,0.216083,0.021125,1.175416,2.191,100,2
selection,947,20,0.104417,0.025125,1.2525,2.244375,100,3
selection,948,20,0.7125,0.028208,2.006916,3.151125,100,4
selection,949,20,0.157792,0.040334,1.4615,2.512333,100,5
selection,950,20,0.124208,0.028458,1.445,5.266083,100,6
selection,951,20,0.71825,0.048625,2.368125,5.964167,100,7
selection,952,20,1.112416,0.0375,2.594375,5.975083,100,8
selection,953,20,1.415792,0.032042,3.005125,6.835917,100,9
selection,954,20,0.238042,0.054125,2.362417,6.577875,100,10
selection,955,20,2.162708,0.043417,4.082292,7.9645,100,11
selection,956,20,0.470875,0.055417,2.715125,6.671917,100,12
selection,957,20,0.202375,0.053583,2.345042,6.382042,100,13
selection,958,20,0.185875,0.049917,2.284125,5.871375,100,14
selection,959,20,0.465542,0.056792,2.822958,6.444,100,15
selection,960,20,0.274375,0.0535,2.506791,6.025958,100,16
selection,961,20,0.483708,0.042125,2.708958,6.317,100,17
selection,962,20,0.419709,0.038458,2.565375,6.05775,100,18
selection,963,20,0.667416,0.047584,3.108,6.896375,100,19
selection,964,20,0.179166,0.045166,2.280291,6.113416,100,20
empty,965,20,1.566667,0.037041,3.311459,5.500875,0,
invoke,966,21,,,4.588833,5.294792,0,
input,967,21,0.93775,0.215583,6.425042,8.729708,3,0
input,968,21,4.768791,0.156042,10.1175,11.78075,2,0
input,969,21,8.203458,0.169292,13.180333,14.728042,1,0
input,970,21,0.776167,0.210416,3.581167,4.718875,1,0
input,971,21,0.22525,0.156375,2.5365,3.569417,1,0
input,972,21,0.180875,0.11475,3.195458,4.123791,1,0
input,973,21,0.135167,0.034958,4.27425,6.203167,0,
input,974,21,4.689708,0.041833,6.376875,7.156792,0,
input,975,21,0.605458,0.042208,2.358458,3.227208,0,
input,976,21,0.192709,0.370042,5.139709,8.125292,100,0
input,977,21,0.169834,0.355083,3.106417,4.122792,100,0
input,978,21,0.147334,0.353459,3.233084,4.265625,100,0
input,979,21,0.177375,0.362375,3.182667,4.170542,100,0
input,980,21,0.356042,0.043542,2.667583,4.961208,0,
input,981,21,0.193209,0.034416,1.783959,2.477209,0,
input,982,21,0.159541,0.0385,3.6915,4.4595,0,
input,983,21,1.0615,54.211375,56.9295,57.621042,0,
input,984,21,0.187333,49.993333,53.302542,54.13725,0,
input,985,21,1.948792,50.693375,57.583584,58.176667,0,
input,986,21,0.149834,50.782958,54.29175,54.909834,0,
input,987,21,0.111583,51.627958,52.998042,53.59075,0,
input,988,21,0.091291,52.025709,55.267458,55.7795,0,
input,989,21,0.111208,52.196125,54.018875,54.54725,0,
input,990,21,0.257875,51.397458,52.92325,53.554666,0,
selection,991,21,0.112834,0.026708,1.428084,2.467125,100,1
selection,992,21,0.123458,0.033041,1.254208,2.231333,100,2
selection,993,21,0.144083,0.030583,1.27525,2.19625,100,3
selection,994,21,0.138875,0.030791,1.419792,2.420584,100,4
selection,995,21,0.176209,0.038083,1.633542,2.934459,100,5
selection,996,21,0.120417,0.0275,1.44025,4.770459,100,6
selection,997,21,0.163666,0.041875,1.645916,4.79825,100,7
selection,998,21,0.13975,0.031375,1.862625,5.639208,100,8
selection,999,21,0.518625,0.038208,2.36625,6.554333,100,9
selection,1000,21,0.258041,0.032958,2.034333,6.002125,100,10
selection,1001,21,0.55375,0.031084,2.330542,6.314792,100,11
selection,1002,21,0.60525,0.041959,2.970625,7.344,100,12
selection,1003,21,0.2465,0.061917,2.534,6.545916,100,13
selection,1004,21,0.178334,0.043667,2.227584,5.945959,100,14
selection,1005,21,0.180709,0.03975,2.375417,5.871459,100,15
selection,1006,21,1.340958,0.045958,3.85725,7.8335,100,16
selection,1007,21,0.2245,0.046333,2.59875,6.237709,100,17
selection,1008,21,0.938625,0.059958,3.343125,7.468958,100,18
selection,1009,21,0.176375,0.047708,2.687666,6.895291,100,19
selection,1010,21,0.250791,0.042875,2.824791,6.655125,100,20
empty,1011,21,0.156167,0.078458,2.123667,4.362042,0,
invoke,1012,22,,,5.967042,8.512375,0,
input,1013,22,0.178959,0.231916,5.69,7.799375,3,0
input,1014,22,1.875958,0.295166,5.305958,7.227375,2,0
input,1015,22,1.11175,0.199083,6.873708,8.306708,1,0
input,1016,22,8.123167,0.207333,12.7505,13.784708,1,0
input,1017,22,0.628042,0.185875,3.077042,4.160583,1,0
input,1018,22,0.175583,0.188833,2.457208,3.40425,1,0
input,1019,22,0.111042,0.03625,2.152875,4.062459,0,
input,1020,22,0.256042,0.052833,5.616375,6.349833,0,
input,1021,22,0.173959,0.037792,3.792584,4.610042,0,
input,1022,22,1.5,0.39175,6.255083,9.204916,100,0
input,1023,22,0.262125,0.406166,3.42475,4.561375,100,0
input,1024,22,1.983375,0.418791,5.283416,6.33125,100,0
input,1025,22,1.947375,0.413417,5.023042,6.160042,100,0
input,1026,22,1.862792,0.0535,4.497709,6.937709,0,
input,1027,22,5.63125,0.036333,7.414084,8.2055,0,
input,1028,22,0.470375,0.050958,2.399041,3.28675,0,
input,1029,22,0.178542,57.712541,59.987417,60.764792,0,
input,1030,22,0.162125,50.5815,53.235875,53.852375,0,
input,1031,22,1.548125,50.988334,54.184917,54.961667,0,
input,1032,22,0.13275,51.2355,52.946917,53.529125,0,
input,1033,22,0.13825,52.021792,55.525958,56.063666,0,
input,1034,22,0.094417,51.675791,53.148209,53.647834,0,
input,1035,22,1.026709,53.994083,56.093625,56.576792,0,
input,1036,22,0.838167,54.479542,56.434458,57.012167,0,
selection,1037,22,0.125917,0.035084,1.589083,2.671042,100,1
selection,1038,22,0.279666,0.022166,1.285333,2.456041,100,2
selection,1039,22,0.108708,0.024625,1.227666,2.121916,100,3
selection,1040,22,0.132417,0.030459,1.35475,2.347292,100,4
selection,1041,22,0.149583,0.038167,1.647,2.948708,100,5
selection,1042,22,0.12225,0.025459,1.352041,4.799583,100,6
selection,1043,22,0.147042,0.037125,1.640792,4.949375,100,7
selection,1044,22,0.132125,0.032,1.473375,4.83025,100,8
selection,1045,22,0.18175,0.040417,1.942625,5.6865,100,9
selection,1046,22,0.153917,0.040416,1.747459,5.337834,100,10
selection,1047,22,0.166791,0.039084,2.052833,5.624125,100,11
selection,1048,22,0.209958,0.061,2.392041,6.496875,100,12
selection,1049,22,0.267083,0.066875,2.605041,6.756375,100,13
selection,1050,22,0.178916,0.043084,2.528958,6.589708,100,14
selection,1051,22,0.160542,0.040084,2.292459,5.910792,100,15
selection,1052,22,0.262917,0.074583,2.362042,5.943042,100,16
selection,1053,22,0.148625,0.037917,2.047833,5.48225,100,17
selection,1054,22,0.128667,0.033375,2.2065,5.434959,100,18
selection,1055,22,0.139375,0.0375,2.241542,5.841583,100,19
selection,1056,22,0.178667,0.059333,2.392625,6.2455,100,20
empty,1057,22,0.162791,0.038041,3.659958,5.737458,0,
invoke,1058,23,,,4.232084,6.117917,0,
input,1059,23,0.163167,0.191208,5.597334,7.880834,3,0
input,1060,23,2.162667,0.134542,8.494584,10.10975,2,0
input,1061,23,0.189334,0.124417,5.167417,6.574125,1,0
input,1062,23,1.405542,0.173792,3.972833,4.838167,1,0
input,1063,23,0.193667,0.147666,2.4,3.227917,1,0
input,1064,23,0.141625,0.134458,4.105334,5.034084,1,0
input,1065,23,0.26125,0.035208,3.05225,4.920958,0,
input,1066,23,0.680709,0.047041,2.5825,3.37925,0,
input,1067,23,0.159333,0.039375,1.869125,2.61825,0,
input,1068,23,0.217084,0.368791,6.756792,9.745292,100,0
input,1069,23,0.155709,0.349375,3.632417,4.497959,100,0
input,1070,23,0.285209,0.356291,4.087792,5.061209,100,0
input,1071,23,0.189333,0.365875,4.255458,5.307375,100,0
input,1072,23,1.145708,0.043292,3.615416,5.549166,0,
input,1073,23,6.3835,0.031708,7.773625,8.500625,0,
input,1074,23,1.125709,0.046708,3.006584,3.782584,0,
input,1075,23,0.155792,51.294,53.537458,54.306,0,
input,1076,23,0.19675,51.622666,54.950209,55.599334,0,
input,1077,23,0.570167,51.982792,54.148042,54.724584,0,
input,1078,23,0.09425,51.4085,52.740208,53.386875,0,
input,1079,23,0.111875,50.935042,52.296625,52.870667,0,
input,1080,23,0.266958,52.671417,54.169375,54.718583,0,
input,1081,23,1.957542,53.01675,56.073459,56.571542,0,
input,1082,23,1.76875,55.331042,58.314167,58.864,0,
selection,1083,23,0.172125,0.041584,1.869041,3.080333,100,1
selection,1084,23,0.096667,0.023584,1.178375,2.225459,100,2
selection,1085,23,0.133792,0.032,1.355459,2.289042,100,3
selection,1086,23,0.186916,0.051083,1.765833,3.090541,100,4
selection,1087,23,0.152125,0.041834,1.485583,2.775916,100,5
selection,1088,23,0.153,0.037916,1.754042,5.153917,100,6
selection,1089,23,0.143083,0.030042,1.635833,4.843,100,7
selection,1090,23,1.312667,0.030667,2.816667,6.642583,100,8
selection,1091,23,1.015916,0.041334,2.983791,6.576416,100,9
selection,1092,23,0.676,0.037541,2.806042,6.927125,100,10
selection,1093,23,0.176333,0.045334,2.265917,5.764,100,11
selection,1094,23,0.503125,0.037334,2.507875,6.101875,100,12
selection,1095,23,0.678792,0.026125,2.354708,5.494917,100,13
selection,1096,23,0.214416,0.055625,2.383541,6.232875,100,14
selection,1097,23,0.161875,0.035041,2.15125,5.847167,100,15
selection,1098,23,0.185959,0.03475,2.109459,5.534917,100,16
selection,1099,23,0.240833,0.044166,2.325583,5.911833,100,17
selection,1100,23,0.207459,0.05375,2.550375,6.549875,100,18
selection,1101,23,0.234709,0.050583,2.727542,7.139542,100,19
selection,1102,23,0.196042,0.0505,2.643542,6.871208,100,20
empty,1103,23,0.128542,0.033458,1.717,3.858917,0,
invoke,1104,24,,,7.606333,8.3605,0,
input,1105,24,0.181375,0.233209,5.698333,8.033875,3,0
input,1106,24,2.697917,0.133625,8.983667,10.637208,2,0
input,1107,24,0.189416,0.152541,4.76375,6.462916,1,0
input,1108,24,8.130417,0.186292,10.276042,11.259417,1,0
input,1109,24,0.115084,0.120667,2.030459,2.863334,1,0
input,1110,24,0.171208,0.162042,3.657833,4.522833,1,0
input,1111,24,1.891291,0.043208,4.155666,5.859416,0,
input,1112,24,0.330666,0.041667,2.073791,2.901541,0,
input,1113,24,0.246375,0.040417,1.9195,2.686875,0,
input,1114,24,0.151791,0.354667,4.753916,7.786291,100,0
input,1115,24,0.174416,0.355709,3.2665,4.498916,100,0
input,1116,24,0.148292,0.338208,2.88325,3.814084,100,0
input,1117,24,0.176292,0.375084,3.830792,4.949792,100,0
input,1118,24,0.104916,0.042625,2.4685,4.720125,0,
input,1119,24,0.165625,0.031375,1.734125,2.529291,0,
input,1120,24,1.009333,0.045334,2.883583,3.675666,0,
input,1121,24,0.186625,54.350042,56.38975,57.111125,0,
input,1122,24,0.147125,50.820791,52.773834,53.609042,0,
input,1123,24,0.14225,51.381292,54.721541,55.347291,0,
input,1124,24,0.114375,51.092667,54.803458,55.347625,0,
input,1125,24,0.111042,52.403708,54.866625,55.442625,0,
input,1126,24,0.224041,52.053917,53.37075,53.87,0,
input,1127,24,0.092459,52.156042,53.476125,54.078625,0,
input,1128,24,0.128,53.35525,54.6445,55.163125,0,
selection,1129,24,0.167459,0.047958,1.736375,2.871459,100,1
selection,1130,24,0.121333,0.031583,1.333583,2.397375,100,2
selection,1131,24,0.127916,0.030875,1.450375,2.503333,100,3
selection,1132,24,2.018916,0.023709,3.155875,4.079125,100,4
selection,1133,24,0.109833,0.023625,1.228583,2.25175,100,5
selection,1134,24,0.224417,0.036375,1.6135,5.2515,100,6
selection,1135,24,1.4175,0.042417,2.924167,6.095667,100,7
selection,1136,24,1.668333,0.052208,3.577875,7.645,100,8
selection,1137,24,0.303625,0.043792,2.177667,6.242667,100,9
selection,1138,24,0.42275,0.051959,2.393375,6.299875,100,10
selection,1139,24,0.421666,0.039208,2.333958,6.393375,100,11
selection,1140,24,0.323041,0.065708,2.742625,7.099,100,12
selection,1141,24,0.209292,0.050458,2.323875,6.275,100,13
selection,1142,24,0.238292,0.054875,2.509375,6.479667,100,14
selection,1143,24,0.160542,0.039167,2.101583,5.682542,100,15
selection,1144,24,0.21825,0.057,2.59125,6.211375,100,16
selection,1145,24,0.203625,0.054792,2.554542,6.568584,100,17
selection,1146,24,0.177209,0.047667,2.5195,6.408667,100,18
selection,1147,24,0.2415,0.053042,2.7435,6.496125,100,19
selection,1148,24,0.21925,0.044292,2.605167,6.271958,100,20
empty,1149,24,0.142709,0.036792,3.983709,6.5315,0,
invoke,1150,25,,,4.29925,5.038667,0,
input,1151,25,0.124459,0.233417,5.588584,7.9475,3,0
input,1152,25,7.841208,0.154583,10.345833,12.1305,2,0
input,1153,25,1.976375,0.241417,4.781375,6.421875,1,0
input,1154,25,3.076,0.238417,5.405333,6.283208,1,0
input,1155,25,0.159708,0.185625,2.452791,3.476416,1,0
input,1156,25,0.173458,0.178542,2.763583,3.772458,1,0
input,1157,25,0.172,0.039208,4.271834,6.327459,0,
input,1158,25,0.234208,0.0445,2.153125,3.043708,0,
input,1159,25,0.190125,0.044375,1.88225,2.59025,0,
input,1160,25,0.186208,0.377833,6.145042,8.859333,100,0
input,1161,25,0.153125,0.36725,3.226542,4.278875,100,0
input,1162,25,0.293625,0.361625,6.333666,7.210625,100,0
input,1163,25,0.134667,0.370209,2.956292,4.013042,100,0
input,1164,25,0.1105,0.048125,2.272084,4.588375,0,
input,1165,25,0.1745,0.039958,1.707958,2.482,0,
input,1166,25,0.663167,0.045041,2.434625,3.223542,0,
input,1167,25,0.159333,54.9135,56.858458,57.57,0,
input,1168,25,0.148,51.023375,53.159083,54.211375,0,
input,1169,25,0.131167,51.290542,53.602584,54.256042,0,
input,1170,25,0.132709,51.372959,53.547209,54.149209,0,
input,1171,25,0.465958,51.91375,53.6135,54.123583,0,
input,1172,25,0.105541,53.165334,54.528625,55.17,0,
input,1173,25,0.101042,51.224,52.459333,52.980083,0,
input,1174,25,0.147542,53.401375,54.662167,55.167125,0,
selection,1175,25,0.421792,0.035708,1.945084,3.07625,100,1
selection,1176,25,0.142375,0.035791,1.54525,2.583708,100,2
selection,1177,25,1.214208,0.022208,2.322708,3.39775,100,3
selection,1178,25,0.150458,0.030375,1.335583,2.17775,100,4
selection,1179,25,0.168166,0.043416,1.629416,2.933458,100,5
selection,1180,25,0.151708,0.054209,1.63925,4.9375,100,6
selection,1181,25,0.145875,0.036667,1.521459,4.819334,100,7
selection,1182,25,0.127458,0.030625,1.489416,4.731916,100,8
selection,1183,25,0.136583,0.030625,1.561625,5.012791,100,9
selection,1184,25,0.130042,0.028208,1.69125,5.168084,100,10
selection,1185,25,0.252708,0.0615,2.4985,6.424417,100,11
selection,1186,25,0.24925,0.059291,2.426792,6.143459,100,12
selection,1187,25,0.161667,0.047375,2.17625,5.870375,100,13
selection,1188,25,0.177042,0.041291,2.240917,6.033875,100,14
selection,1189,25,0.183167,0.038375,2.186417,6.178042,100,15
selection,1190,25,0.290792,0.075125,2.807917,6.375292,100,16
selection,1191,25,0.244334,0.060583,2.520709,5.96425,100,17
selection,1192,25,0.190042,0.04425,2.3515,5.875625,100,18
selection,1193,25,0.501541,0.055375,2.894625,6.733666,100,19
selection,1194,25,0.181583,0.044417,2.431208,6.013875,100,20
empty,1195,25,0.115625,0.037291,1.764584,3.862084,0,
invoke,1196,26,,,4.545333,5.252291,0,
input,1197,26,0.170916,0.252916,5.403291,7.712625,3,0
input,1198,26,4.641375,0.188709,7.018458,8.728875,2,0
input,1199,26,0.158125,0.193959,2.979333,4.546208,1,0
input,1200,26,5.381791,0.213708,8.193541,9.275666,1,0
input,1201,26,2.424625,0.12225,4.374375,5.213417,1,0
input,1202,26,0.1985,0.14725,2.773625,3.677875,1,0
input,1203,26,0.125708,0.046292,3.838625,5.695541,0,
input,1204,26,0.151292,0.044,1.888,2.643292,0,
input,1205,26,0.326083,0.042,2.231916,3.081125,0,
input,1206,26,3.642875,0.433416,8.718334,11.552709,100,0
input,1207,26,0.166542,0.377291,5.562417,6.714042,100,0
input,1208,26,0.207459,0.386542,5.008917,6.017417,100,0
input,1209,26,0.173792,0.37825,4.724625,5.869542,100,0
input,1210,26,0.143958,0.03775,4.3415,6.688292,0,
input,1211,26,0.279042,0.051292,2.321917,3.234292,0,
input,1212,26,0.183541,0.03575,1.653166,2.41275,0,
input,1213,26,0.232459,53.578542,56.687542,57.515209,0,
input,1214,26,0.174792,50.530666,54.424,55.212834,0,
input,1215,26,0.134,51.34775,55.726458,56.346083,0,
input,1216,26,0.113459,50.025209,54.003584,54.575917,0,
input,1217,26,0.501541,51.172958,52.872208,53.419541,0,
input,1218,26,0.099334,51.807917,53.532459,54.076875,0,
input,1219,26,0.120625,51.575417,54.277292,54.800959,0,
input,1220,26,0.268041,52.278167,53.666708,54.211333,0,
selection,1221,26,0.168875,0.043958,1.726375,2.864959,100,1
selection,1222,26,0.08625,0.020834,0.993666,1.855,100,2
selection,1223,26,0.121333,0.028291,1.261167,2.219417,100,3
selection,1224,26,1.934667,0.023417,2.937833,3.882958,100,4
selection,1225,26,0.158583,0.041958,1.472958,2.611833,100,5
selection,1226,26,0.164416,0.025333,1.437125,4.916625,100,6
selection,1227,26,1.671958,0.034834,3.111875,6.257208,100,7
selection,1228,26,1.819584,0.031375,3.291167,7.336417,100,8
selection,1229,26,0.787417,0.049084,2.920167,7.314333,100,9
selection,1230,26,0.189958,0.041334,2.119667,5.878208,100,10
selection,1231,26,0.203833,0.040417,2.385333,6.197833,100,11
selection,1232,26,0.3185,0.052542,2.644542,6.78775,100,12
selection,1233,26,0.237041,0.048542,2.624708,6.786875,100,13
selection,1234,26,1.138208,0.043125,3.468666,7.683416,100,14
selection,1235,26,0.232583,0.0495,2.587416,6.336125,100,15
selection,1236,26,0.182083,0.036958,2.319041,5.7925,100,16
selection,1237,26,0.329125,0.040542,2.725666,6.359,100,17
selection,1238,26,1.0635,0.034291,3.505042,7.601792,100,18
selection,1239,26,0.172834,0.0675,2.709292,6.921084,100,19
selection,1240,26,0.243334,0.059875,2.47,6.519375,100,20
empty,1241,26,0.127083,0.03625,1.764083,4.189708,0,
invoke,1242,27,,,5.094,5.7945,0,
input,1243,27,1.940542,0.22025,7.291042,9.443667,3,0
input,1244,27,7.538083,0.2115,10.319666,12.049375,2,0
input,1245,27,3.648875,0.16775,8.891584,10.378334,1,0
input,1246,27,0.199333,0.1555,4.487875,5.431708,1,0
input,1247,27,0.6555,0.187041,3.099375,4.027125,1,0
input,1248,27,0.174459,0.189458,2.381625,3.229,1,0
input,1249,27,0.115791,0.034,2.153166,4.015,0,
input,1250,27,0.833417,0.049833,2.857333,3.790083,0,
input,1251,27,0.191666,0.042417,1.921708,2.6185,0,
input,1252,27,0.245917,0.389708,4.731459,7.329459,100,0
input,1253,27,0.142875,0.34175,3.145791,4.304125,100,0
input,1254,27,0.214458,0.370583,5.080458,6.110417,100,0
input,1255,27,0.193458,0.381375,4.246166,5.317666,100,0
input,1256,27,0.12875,0.045334,4.522458,6.791542,0,
input,1257,27,0.234958,0.039792,1.947833,2.750041,0,
input,1258,27,0.148625,0.032291,1.696875,2.420291,0,
input,1259,27,0.165042,52.800334,56.849958,57.650583,0,
input,1260,27,0.202291,50.45625,52.720125,53.435958,0,
input,1261,27,1.59525,50.751375,53.774458,54.337583,0,
input,1262,27,0.098833,51.178542,52.495458,53.041875,0,
input,1263,27,0.118625,50.995958,52.318459,52.860667,0,
input,1264,27,0.084709,52.386042,53.750709,54.347542,0,
input,1265,27,0.130833,53.634042,55.02075,55.607333,0,
input,1266,27,0.1055,51.540125,53.368959,53.944459,0,
selection,1267,27,0.379583,0.029666,1.886875,3.010375,100,1
selection,1268,27,0.135417,0.035375,1.59075,2.579833,100,2
selection,1269,27,0.145166,0.040625,1.379791,2.457375,100,3
selection,1270,27,0.124125,0.035459,1.353,2.377042,100,4
selection,1271,27,0.139375,0.029792,1.546334,2.917875,100,5
selection,1272,27,0.133916,0.025125,1.481666,4.544833,100,6
selection,1273,27,0.187166,0.053541,1.78925,4.901916,100,7
selection,1274,27,0.149625,0.041792,1.585375,5.022542,100,8
selection,1275,27,0.312708,0.031792,1.80375,5.130958,100,9
selection,1276,27,1.561875,0.034875,3.144083,6.59,100,10
selection,1277,27,1.295459,0.029459,2.77225,5.793959,100,11
selection,1278,27,1.862292,0.039917,3.804167,7.536667,100,12
selection,1279,27,0.167417,0.044625,2.141875,5.591584,100,13
selection,1280,27,0.166042,0.052833,2.34,6.32975,100,14
selection,1281,27,0.142583,0.037833,2.228125,5.763458,100,15
selection,1282,27,0.22075,0.052667,2.355833,5.715416,100,16
selection,1283,27,0.154708,0.031667,2.184917,5.581,100,17
selection,1284,27,0.175583,0.044084,2.188375,5.645041,100,18
selection,1285,27,0.167,0.052209,2.392167,6.215458,100,19
selection,1286,27,0.141,0.031875,2.247041,5.907083,100,20
empty,1287,27,7.030625,0.036875,11.246334,13.469959,0,
invoke,1288,28,,,3.938333,4.653916,0,
input,1289,28,0.663,0.333875,6.426333,8.764,3,0
input,1290,28,2.510625,0.222792,5.985583,7.958792,2,0
input,1291,28,2.077917,0.197958,4.722792,6.425625,1,0
input,1292,28,1.843833,0.219209,4.529625,5.53,1,0
input,1293,28,0.19175,0.200959,2.492791,3.485041,1,0
input,1294,28,0.176125,0.14175,2.659042,3.68625,1,0
input,1295,28,0.123541,0.038041,4.209333,6.180333,0,
input,1296,28,0.455333,0.0525,2.617541,3.400916,0,
input,1297,28,0.160625,0.041333,1.795709,2.524959,0,
input,1298,28,0.2005,0.361417,7.082291,10.200583,100,0
input,1299,28,0.140875,0.333208,2.848833,3.756375,100,0
input,1300,28,0.211667,0.334667,4.6375,5.632375,100,0
input,1301,28,1.293875,0.385667,4.319125,5.408375,100,0
input,1302,28,2.094416,0.03625,4.750625,6.767,0,
input,1303,28,5.787333,0.046334,7.381875,8.112083,0,
input,1304,28,0.455791,0.042041,2.153666,2.966166,0,
input,1305,28,0.185584,53.456334,55.73625,56.55725,0,
input,1306,28,0.178166,50.401584,52.265083,52.9255,0,
input,1307,28,0.123792,51.145875,55.692417,56.279708,0,
input,1308,28,0.195875,51.145333,52.812625,53.430667,0,
input,1309,28,0.109667,52.795917,54.137834,54.692667,0,
input,1310,28,0.111167,51.825875,53.052375,53.571583,0,
input,1311,28,0.124375,52.104958,54.742042,55.230125,0,
input,1312,28,0.484416,54.598,56.159333,56.674333,0,
selection,1313,28,0.136459,0.036042,1.630375,2.621959,100,1
selection,1314,28,0.129958,0.0245,1.41675,2.357125,100,2
selection,1315,28,0.497833,0.028791,1.601708,2.465417,100,3
selection,1316,28,0.10475,0.02225,1.085208,1.891625,100,4
selection,1317,28,0.555291,0.019916,1.524416,2.514083,100,5
selection,1318,28,0.097916,0.023292,1.201708,4.373625,100,6
selection,1319,28,0.209417,0.0515,1.789709,5.175625,100,7
selection,1320,28,0.156792,0.042,1.734625,5.2265,100,8
selection,1321,28,0.823042,0.033333,2.275833,5.377292,100,9
selection,1322,28,0.123625,0.027208,1.528208,4.384792,100,10
selection,1323,28,0.164166,0.039625,1.838666,5.320708,100,11
selection,1324,28,0.175542,0.039333,2.01725,5.605792,100,12
selection,1325,28,0.231041,0.034,1.960541,5.488458,100,13
selection,1326,28,0.156875,0.036917,1.9315,5.278583,100,14
selection,1327,28,0.611166,0.04,2.79775,6.338625,100,15
selection,1328,28,0.611333,0.039292,2.814625,6.57225,100,16
selection,1329,28,0.30275,0.050208,3.138042,7.0605,100,17
selection,1330,28,0.239459,0.049625,2.743375,6.61975,100,18
selection,1331,28,0.14725,0.0405,2.144833,5.557666,100,19
selection,1332,28,0.209792,0.044708,2.846125,6.658833,100,20
empty,1333,28,0.1505,0.037208,1.988584,4.411,0,
invoke,1334,29,,,4.300792,7.044625,0,
input,1335,29,0.206792,0.212041,6.376417,8.803417,3,0
input,1336,29,0.13925,0.211833,3.425,5.249208,2,0
input,1337,29,5.907,0.220375,8.866417,10.521792,1,0
input,1338,29,3.34375,0.210333,5.857958,6.927458,1,0
input,1339,29,3.374625,0.189958,6.000458,6.984333,1,0
input,1340,29,0.195625,0.172834,2.776042,3.883792,1,0
input,1341,29,0.125458,0.045834,2.435541,4.422,0,
input,1342,29,0.191166,0.042,4.383416,5.289583,0,
input,1343,29,0.736125,0.044875,2.80025,3.713791,0,
input,1344,29,0.228459,0.402291,5.687167,8.876667,100,0
input,1345,29,0.948209,0.387875,4.26925,5.538917,100,0
input,1346,29,1.768083,0.401709,4.908708,5.994666,100,0
input,1347,29,0.166625,0.420875,3.348042,4.805125,100,0
input,1348,29,0.11275,0.034417,2.26175,4.493833,0,
input,1349,29,0.158792,0.040875,1.905083,2.668333,0,
input,1350,29,0.788333,0.045334,2.645417,3.508917,0,
input,1351,29,0.211667,53.78625,56.206792,56.86375,0,
input,1352,29,0.185375,49.946084,51.991125,52.6985,0,
input,1353,29,0.172167,50.096834,54.42975,55.134709,0,
input,1354,29,0.853584,51.127125,53.445459,54.110125,0,
input,1355,29,0.116042,52.541208,53.899125,54.461667,0,
input,1356,29,0.105291,52.079667,53.426,53.89825,0,
input,1357,29,0.397959,52.95,54.500875,54.9705,0,
input,1358,29,1.859792,53.146167,56.160292,56.694084,0,
selection,1359,29,0.147208,0.029167,1.701708,2.801083,100,1
selection,1360,29,0.132542,0.028458,1.5515,2.585958,100,2
selection,1361,29,0.129583,0.032792,1.262458,2.107333,100,3
selection,1362,29,0.120958,0.035083,1.275875,2.160125,100,4
selection,1363,29,0.113625,0.029875,1.316625,2.379875,100,5
selection,1364,29,0.156709,0.034042,1.593417,5.253167,100,6
selection,1365,29,0.168792,0.03725,1.612834,4.551834,100,7
selection,1366,29,0.153459,0.04975,1.831542,5.672792,100,8
selection,1367,29,0.20575,0.045208,2.112875,5.931208,100,9
selection,1368,29,0.27025,0.072666,2.57025,6.597834,100,10
selection,1369,29,0.245666,0.059875,2.439375,5.932791,100,11
selection,1370,29,0.217042,0.054709,2.252208,6.177042,100,12
selection,1371,29,0.235666,0.044959,2.33625,5.901916,100,13
selection,1372,29,0.166166,0.03725,1.969958,5.817833,100,14
selection,1373,29,0.333125,0.067375,2.828209,6.632334,100,15
selection,1374,29,0.214125,0.053084,2.406084,6.314917,100,16
selection,1375,29,0.178458,0.041292,2.28075,5.741791,100,17
selection,1376,29,0.347083,0.043375,2.586917,5.994917,100,18
selection,1377,29,0.174292,0.048125,2.417417,6.022584,100,19
selection,1378,29,2.15125,0.0705,4.83175,9.165,100,20
empty,1379,29,0.15,0.036584,2.854334,4.947667,0,
invoke,1380,30,,,4.708,5.48475,0,
input,1381,30,0.179625,0.237167,5.882583,8.165333,3,0
input,1382,30,0.200958,0.202541,3.832416,5.672833,2,0
input,1383,30,2.071667,0.216833,5.009875,6.792959,1,0
input,1384,30,3.255625,0.166583,5.917291,7.128666,1,0
input,1385,30,0.1595,0.150625,2.11175,3.00875,1,0
input,1386,30,0.250833,0.146916,2.471625,3.4265,1,0
input,1387,30,0.131333,0.0345,4.803916,6.707166,0,
input,1388,30,0.177209,0.041416,4.173042,5.09525,0,
input,1389,30,0.1915,0.041208,1.862542,2.607667,0,
input,1390,30,0.174,0.335875,6.165916,9.103416,100,0
input,1391,30,0.125917,0.3305,3.830584,4.824042,100,0
input,1392,30,0.150458,0.322959,3.851958,4.917667,100,0
input,1393,30,0.138708,0.3455,4.998458,6.052708,100,0
input,1394,30,0.112708,0.043666,2.247042,4.319375,0,
input,1395,30,0.162167,0.033167,1.489667,2.2145,0,
input,1396,30,0.213416,0.037125,3.631625,4.372625,0,
input,1397,30,1.168333,52.760833,55.596541,56.297875,0,
input,1398,30,1.20475,50.16675,53.255041,53.902041,0,
input,1399,30,0.131542,50.870959,52.472834,53.089792,0,
input,1400,30,0.114084,51.100209,55.857834,56.467459,0,
input,1401,30,0.09725,51.525958,55.458333,56.018583,0,
input,1402,30,0.0975,52.579875,57.112583,57.666291,0,
input,1403,30,0.107834,52.889791,54.709625,55.23275,0,
input,1404,30,0.092708,53.263584,58.7925,59.385166,0,
selection,1405,30,0.130958,0.033583,1.65675,2.86975,100,1
selection,1406,30,0.404167,0.035583,1.895458,3.126375,100,2
selection,1407,30,0.141541,0.031,1.497208,2.475208,100,3
selection,1408,30,0.206167,0.047708,1.76,3.051083,100,4
selection,1409,30,0.134375,0.029166,1.384625,2.448917,100,5
selection,1410,30,0.46525,0.03175,1.950083,5.74775,100,6
selection,1411,30,0.14,0.035208,1.512209,4.991167,100,7
selection,1412,30,0.184625,0.041417,1.932875,5.679917,100,8
selection,1413,30,0.178708,0.042292,1.985917,5.519833,100,9
selection,1414,30,0.134833,0.0325,1.770291,5.279708,100,10
selection,1415,30,0.2255,0.050167,2.165333,5.671916,100,11
selection,1416,30,0.216875,0.053708,2.330542,5.798667,100,12
selection,1417,30,0.166875,0.043542,2.2,6.162334,100,13
selection,1418,30,0.21575,0.04925,2.374167,5.972583,100,14
selection,1419,30,0.498292,0.059584,2.918875,6.861708,100,15
selection,1420,30,0.164584,0.036542,2.155959,6.016042,100,16
selection,1421,30,0.178292,0.038083,2.460917,6.208834,100,17
selection,1422,30,2.108209,0.058208,4.347,8.122167,100,18
selection,1423,30,0.214834,0.047333,2.677709,6.098209,100,19
selection,1424,30,0.42225,0.069875,3.183625,7.048833,100,20
empty,1425,30,0.146208,0.035333,5.360167,7.604542,0,
invoke,1426,31,,,3.976,5.924875,0,
input,1427,31,0.143333,0.231375,5.645625,7.739375,3,0
input,1428,31,2.678458,0.183083,5.241666,7.085291,2,0
input,1429,31,0.184084,0.163292,2.456334,3.841459,1,0
input,1430,31,0.160958,0.107708,2.634041,3.543416,1,0
input,1431,31,0.694084,0.220084,3.197625,4.189417,1,0
input,1432,31,0.126667,0.125833,2.091709,2.958875,1,0
input,1433,31,0.133708,0.031709,3.301083,5.117292,0,
input,1434,31,0.168791,0.036375,1.741541,2.45,0,
input,1435,31,0.163625,0.039958,1.774625,2.454292,0,
input,1436,31,0.131125,0.358208,6.518083,9.313083,100,0
input,1437,31,0.139167,0.344625,3.198667,4.338042,100,0
input,1438,31,0.199875,0.3615,4.807542,5.825917,100,0
input,1439,31,0.20175,0.383333,4.585541,5.651666,100,0
input,1440,31,0.104375,0.032333,4.968667,7.240875,0,
input,1441,31,0.181167,0.035334,4.432792,5.2225,0,
input,1442,31,1.058667,0.049666,3.086709,3.85175,0,
input,1443,31,0.150583,54.7315,56.605125,57.311541,0,
input,1444,31,0.154917,52.798541,54.968167,56.083917,0,
input,1445,31,0.157042,51.091625,52.916875,53.546083,0,
input,1446,31,0.123167,51.362083,56.556625,57.171334,0,
input,1447,31,0.135083,50.959709,53.034083,53.6055,0,
input,1448,31,0.711125,51.668917,53.681875,54.26225,0,
input,1449,31,0.105958,55.252792,56.548667,57.1245,0,
input,1450,31,2.029625,54.03125,57.291166,57.846583,0,
selection,1451,31,0.152417,0.040583,1.846084,3.05725,100,1
selection,1452,31,0.129125,0.027875,1.320042,2.545084,100,2
selection,1453,31,0.124917,0.027333,1.349334,2.356667,100,3
selection,1454,31,0.135209,0.035542,1.446375,2.544292,100,4
selection,1455,31,0.196709,0.044917,1.791792,3.364,100,5
selection,1456,31,0.14525,0.058917,1.887083,5.741125,100,6
selection,1457,31,0.16675,0.037833,1.948125,5.612875,100,7
selection,1458,31,2.059708,0.030958,3.687667,7.495208,100,8
selection,1459,31,0.882041,0.036416,2.636833,6.784916,100,9
selection,1460,31,0.365625,0.033208,2.205209,5.867667,100,10
selection,1461,31,0.195583,0.060416,2.551541,7.366083,100,11
selection,1462,31,1.565208,0.053958,4.087667,7.978875,100,12
selection,1463,31,0.172958,0.036125,2.231708,5.641,100,13
selection,1464,31,0.57175,0.034334,2.754083,6.291875,100,14
selection,1465,31,0.676459,0.040833,3.04825,7.024459,100,15
selection,1466,31,0.270417,0.077792,2.478209,5.935,100,16
selection,1467,31,0.36925,0.049166,2.842833,6.632625,100,17
selection,1468,31,0.170041,0.04125,2.680833,6.681458,100,18
selection,1469,31,0.202416,0.043208,2.703833,6.345,100,19
selection,1470,31,0.200667,0.037625,2.783083,6.985583,100,20
empty,1471,31,0.128041,0.030875,3.256208,5.190375,0,
invoke,1472,32,,,4.094208,4.852542,0,
input,1473,32,0.172541,0.173375,7.183041,9.3275,3,0
input,1474,32,0.468042,0.212834,3.299084,4.96925,2,0
input,1475,32,0.207875,0.228791,2.888167,4.418917,1,0
input,1476,32,2.628,0.229,5.440209,6.483292,1,0
input,1477,32,0.210958,0.190959,2.635333,3.662,1,0
input,1478,32,0.204708,0.171583,3.737041,4.614666,1,0
input,1479,32,0.138792,0.050666,2.153167,4.070833,0,
input,1480,32,4.955875,0.043083,6.626583,7.394,0,
input,1481,32,0.184667,0.043208,1.884625,2.668708,0,
input,1482,32,0.196833,0.3685,5.075125,8.19325,100,0
input,1483,32,0.149625,0.381417,3.128666,4.172416,100,0
input,1484,32,0.173833,0.359084,2.899292,3.831375,100,0
input,1485,32,0.191667,0.391166,5.345542,6.46775,100,0
input,1486,32,0.150792,0.042708,3.744334,6.324542,0,
input,1487,32,0.471542,0.059,2.659709,3.461959,0,
input,1488,32,0.143875,0.037792,1.642167,2.325042,0,
input,1489,32,0.197584,53.307792,57.750209,58.535459,0,
input,1490,32,0.202875,50.917334,53.114541,53.914541,0,
input,1491,32,0.350458,51.389292,53.227541,53.860708,0,
input,1492,32,0.097291,52.24875,53.587666,54.173916,0,
input,1493,32,0.117375,51.509125,54.502667,55.08075,0,
input,1494,32,0.12775,52.01,55.28525,55.825458,0,
input,1495,32,0.09875,52.988958,54.243541,54.809166,0,
input,1496,32,1.539292,53.749666,56.431917,56.986667,0,
selection,1497,32,0.112292,0.027,1.489917,2.460792,100,1
selection,1498,32,0.092542,0.022,1.251458,2.131625,100,2
selection,1499,32,0.196292,0.021375,1.18725,2.118625,100,3
selection,1500,32,0.086666,0.021625,1.008958,1.780041,100,4
selection,1501,32,0.656542,0.0405,2.059333,3.35675,100,5
selection,1502,32,0.126375,0.0315,1.417875,4.461708,100,6
selection,1503,32,0.142792,0.037291,1.5215,4.515875,100,7
selection,1504,32,0.103125,0.024042,1.413,4.762375,100,8
selection,1505,32,1.876667,0.034584,3.537333,7.310583,100,9
selection,1506,32,1.769542,0.040333,3.755292,7.642042,100,10
selection,1507,32,0.383916,0.034875,2.183083,6.190166,100,11
selection,1508,32,0.454584,0.046667,2.801459,6.528125,100,12
selection,1509,32,0.209958,0.042792,2.203292,5.530083,100,13
selection,1510,32,1.998417,0.050291,4.203917,8.178917,100,14
selection,1511,32,0.139875,0.035458,2.31925,6.063583,100,15
selection,1512,32,0.380125,0.038333,2.660125,6.092958,100,16
selection,1513,32,0.614917,0.040542,3.097667,7.092208,100,17
selection,1514,32,0.206666,0.049708,2.699416,6.377916,100,18
selection,1515,32,0.210083,0.051875,2.957625,6.908833,100,19
selection,1516,32,0.204625,0.050375,2.487333,6.3635,100,20
empty,1517,32,0.149209,0.036584,1.956459,4.106375,0,
invoke,1518,33,,,9.102333,9.745583,0,
input,1519,33,0.185125,0.208917,6.324958,8.537542,3,0
input,1520,33,0.303791,0.207416,5.408833,7.103375,2,0
input,1521,33,5.957542,0.22525,9.043208,10.961417,1,0
input,1522,33,1.557125,0.16375,3.97675,5.090208,1,0
input,1523,33,0.164333,0.116417,2.110542,2.946292,1,0
input,1524,33,0.198083,0.170875,4.211458,5.225625,1,0
input,1525,33,0.119333,0.047042,2.432375,4.620917,0,
input,1526,33,0.49125,0.046708,2.523459,3.438334,0,
input,1527,33,0.13925,0.043292,2.0825,2.907917,0,
input,1528,33,0.177125,0.405875,5.119292,8.228458,100,0
input,1529,33,0.147458,0.40175,3.718125,5.084708,100,0
input,1530,33,0.156291,0.341125,3.362916,4.294625,100,0
input,1531,33,0.201625,0.38225,4.456458,5.554875,100,0
input,1532,33,0.154,0.0405,4.521542,6.826333,0,
input,1533,33,1.403667,0.0345,2.849083,3.663917,0,
input,1534,33,0.137583,0.042375,1.702,2.377542,0,
input,1535,33,0.114167,53.943208,55.894667,56.662792,0,
input,1536,33,0.173583,51.90975,55.455667,56.196375,0,
input,1537,33,0.125834,51.474916,55.919334,56.489209,0,
input,1538,33,0.151541,51.117,52.5475,53.080875,0,
input,1539,33,0.111958,51.411667,52.676,53.214542,0,
input,1540,33,0.094542,51.977792,54.062708,54.594708,0,
input,1541,33,0.707,54.915708,56.751375,57.269084,0,
input,1542,33,0.114666,53.526166,57.654458,58.20625,0,
selection,1543,33,0.127334,0.033959,1.570167,2.722959,100,1
selection,1544,33,0.27625,0.024792,1.464709,2.64925,100,2
selection,1545,33,0.117875,0.026334,1.218875,2.180458,100,3
selection,1546,33,1.419542,0.035583,2.793542,3.908875,100,4
selection,1547,33,0.1335,0.027791,1.405333,2.57625,100,5
selection,1548,33,0.116833,0.030917,1.609333,5.170667,100,6
selection,1549,33,0.137458,0.030792,1.533875,5.141083,100,7
selection,1550,33,0.190375,0.051042,1.896042,5.832375,100,8
selection,1551,33,0.15575,0.040084,1.887667,5.973833,100,9
selection,1552,33,0.152834,0.040709,1.854084,5.929,100,10
selection,1553,33,0.172666,0.042291,1.980583,5.719875,100,11
selection,1554,33,0.208584,0.04875,2.176792,6.084542,100,12
selection,1555,33,0.239167,0.071542,2.313583,6.255542,100,13
selection,1556,33,0.164792,0.037084,2.101417,5.8925,100,14
selection,1557,33,0.184416,0.0375,2.272125,5.873583,100,15
selection,1558,33,0.1955,0.038292,2.300459,5.944834,100,16
selection,1559,33,0.163292,0.039292,2.202042,5.753625,100,17
selection,1560,33,0.406416,0.060375,2.803166,6.504791,100,18
selection,1561,33,0.221667,0.053625,2.625875,6.311708,100,19
selection,1562,33,1.55225,0.049666,3.779125,7.272708,100,20
empty,1563,33,0.227125,0.032042,1.687166,3.770375,0,
invoke,1564,34,,,4.1025,4.924209,0,
input,1565,34,0.142708,0.213083,5.407875,7.52825,3,0
input,1566,34,0.183708,0.191125,3.139083,5.037541,2,0
input,1567,34,2.686334,0.193584,5.253667,6.9535,1,0
input,1568,34,1.918875,0.223708,4.91825,6.022166,1,0
input,1569,34,2.243666,0.187833,4.636333,5.7255,1,0
input,1570,34,0.182125,0.2065,2.535542,3.503917,1,0
input,1571,34,0.132333,0.043417,2.530625,4.534416,0,
input,1572,34,0.151917,0.040167,2.106417,3.028917,0,
input,1573,34,0.181916,0.040417,1.856375,2.625958,0,
input,1574,34,0.170625,0.340833,6.17075,8.925292,100,0
input,1575,34,0.192833,0.330792,3.591292,4.556208,100,0
input,1576,34,0.157708,0.33475,4.087583,5.03475,100,0
input,1577,34,0.28775,0.3885,3.714125,4.892958,100,0
input,1578,34,0.143958,0.039875,2.254125,4.561125,0,
input,1579,34,0.139417,0.035042,1.5575,2.162875,0,
input,1580,34,1.101,0.048042,3.029416,3.829541,0,
input,1581,34,0.160958,52.617292,55.010417,55.958125,0,
input,1582,34,0.129625,50.429667,52.030333,52.662917,0,
input,1583,34,0.128833,50.464042,54.074458,54.703292,0,
input,1584,34,1.369666,50.77325,53.4335,54.082166,0,
input,1585,34,0.120833,50.504709,51.880792,52.497875,0,
input,1586,34,1.0605,52.559917,54.80675,55.381584,0,
input,1587,34,2.072667,53.914084,57.109,57.639959,0,
input,1588,34,0.779792,52.091833,54.008417,54.564292,0,
selection,1589,34,0.130584,0.0395,1.715042,2.971417,100,1
selection,1590,34,0.187083,0.027125,1.462,2.756166,100,2
selection,1591,34,0.1345,0.024584,1.209417,2.035792,100,3
selection,1592,34,0.110917,0.026208,1.187,2.108542,100,4
selection,1593,34,0.14375,0.030209,1.282917,2.41975,100,5
selection,1594,34,0.106875,0.025959,1.423958,5.44325,100,6
selection,1595,34,0.917208,0.049667,2.698417,6.442042,100,7
selection,1596,34,0.8555,0.064,3.333417,7.19125,100,8
selection,1597,34,0.1985,0.053083,2.457584,6.46525,100,9
selection,1598,34,0.211,0.048792,2.203209,5.907375,100,10
selection,1599,34,0.194834,0.038541,2.554667,6.747834,100,11
selection,1600,34,0.212417,0.0495,2.376083,6.283083,100,12
selection,1601,34,0.21975,0.06475,2.576833,6.728792,100,13
selection,1602,34,0.201708,0.049917,2.578958,6.497167,100,14
selection,1603,34,0.2145,0.046125,2.570958,6.444667,100,15
selection,1604,34,0.19725,0.046375,2.484958,6.076417,100,16
selection,1605,34,0.157584,0.037291,2.427084,6.126542,100,17
selection,1606,34,0.18325,0.040709,2.598417,5.921875,100,18
selection,1607,34,0.525125,0.034792,2.913833,6.429083,100,19
selection,1608,34,0.455625,0.04925,3.250458,7.93425,100,20
empty,1609,34,0.114917,0.03875,1.73875,4.029958,0,
invoke,1610,35,,,4.7295,6.659333,0,
input,1611,35,0.219167,0.250791,6.149792,8.312,3,0
input,1612,35,0.178375,0.208,3.139584,5.432459,2,0
input,1613,35,1.838333,0.213083,4.469333,5.926292,1,0
input,1614,35,2.400875,0.262041,5.391208,6.614458,1,0
input,1615,35,2.089208,0.244042,4.906,5.99975,1,0
input,1616,35,0.148125,0.146875,2.362583,3.572583,1,0
input,1617,35,0.1575,0.036125,2.333292,4.396459,0,
input,1618,35,0.169083,0.037833,4.259292,5.091792,0,
input,1619,35,0.659292,0.049583,2.661167,3.587875,0,
input,1620,35,0.198416,0.455125,5.747083,9.0165,100,0
input,1621,35,0.131209,0.366708,3.263917,4.45525,100,0
input,1622,35,0.154791,0.375792,3.110958,4.099541,100,0
input,1623,35,0.162167,0.391584,3.659833,4.931542,100,0
input,1624,35,0.148666,0.039625,3.479916,5.826125,0,
input,1625,35,0.362875,0.054166,2.463416,3.345375,0,
input,1626,35,0.177583,0.034542,1.67975,2.403375,0,
input,1627,35,0.21625,54.572834,58.891375,59.689375,0,
input,1628,35,0.212333,50.8,53.178666,54.00175,0,
input,1629,35,0.174125,51.17925,53.25775,53.900125,0,
input,1630,35,0.2845,51.876667,53.597833,54.203375,0,
input,1631,35,0.110041,52.984334,54.326791,54.900625,0,
input,1632,35,0.111916,52.34125,53.681916,54.268916,0,
input,1633,35,0.114416,52.107042,53.691458,54.286208,0,
input,1634,35,0.896375,54.234166,56.334917,56.892959,0,
selection,1635,35,0.120583,0.034208,1.516708,2.435166,100,1
selection,1636,35,0.112375,0.028166,1.585542,2.842542,100,2
selection,1637,35,0.134583,0.028125,1.281041,2.170916,100,3
selection,1638,35,0.19,0.055459,1.727083,2.955125,100,4
selection,1639,35,0.166958,0.046458,1.576542,2.795792,100,5
selection,1640,35,0.148125,0.039417,1.800708,5.642583,100,6
selection,1641,35,0.383375,0.028208,1.708125,5.349042,100,7
selection,1642,35,1.454833,0.033083,3.070167,7.002958,100,8
selection,1643,35,0.78325,0.036334,2.590791,6.235333,100,9
selection,1644,35,0.88125,0.038417,2.929625,6.99325,100,10
selection,1645,35,0.15525,0.03625,2.060959,5.661,100,11
selection,1646,35,0.901667,0.052041,3.349459,7.287875,100,12
selection,1647,35,0.201792,0.04325,2.304959,6.048542,100,13
selection,1648,35,0.202875,0.04675,2.743083,6.902,100,14
selection,1649,35,0.211,0.047334,2.304084,6.019542,100,15
selection,1650,35,0.169709,0.040834,2.3925,6.435,100,16
selection,1651,35,0.201667,0.039583,2.513209,5.982209,100,17
selection,1652,35,0.172625,0.037083,2.411792,5.895459,100,18
selection,1653,35,0.687167,0.061209,3.504625,7.623458,100,19
selection,1654,35,0.18475,0.03325,2.29575,5.542416,100,20
empty,1655,35,0.147208,0.040333,2.014667,4.068792,0,
invoke,1656,36,,,4.18725,4.895083,0,
input,1657,36,0.757417,0.230917,6.611709,8.75475,3,0
input,1658,36,3.610875,0.168125,6.189333,8.021917,2,0
input,1659,36,0.197666,0.19725,3.049291,4.939625,1,0
input,1660,36,5.306791,0.162875,7.554416,8.641833,1,0
input,1661,36,4.338625,0.15125,6.680125,7.742042,1,0
input,1662,36,0.157208,0.18675,2.432833,3.401833,1,0
input,1663,36,0.102708,0.035625,2.304125,4.204208,0,
input,1664,36,0.21375,0.041917,4.035834,4.871042,0,
input,1665,36,1.14525,0.038042,2.85175,3.714875,0,
input,1666,36,0.224458,0.399209,5.666625,8.96125,100,0
input,1667,36,2.033625,0.395417,5.259959,6.387375,100,0
input,1668,36,2.0145,0.382917,5.143375,6.027167,100,0
input,1669,36,0.166209,0.402167,3.275959,4.457625,100,0
input,1670,36,0.119,0.039125,2.175584,4.581709,0,
input,1671,36,0.14,0.036083,2.168583,2.975083,0,
input,1672,36,0.19025,0.050209,2.123917,2.852334,0,
input,1673,36,0.17525,52.902875,55.288834,56.066667,0,
input,1674,36,0.141625,50.720709,52.798875,53.814959,0,
input,1675,36,0.208042,50.647625,55.505709,56.1445,0,
input,1676,36,0.123791,51.431708,55.843333,56.487166,0,
input,1677,36,0.1115,51.72975,54.104125,54.651666,0,
input,1678,36,0.792375,52.37425,54.442583,55.113667,0,
input,1679,36,2.085292,52.849084,56.234542,56.872833,0,
input,1680,36,1.526709,52.764916,55.48725,55.984125,0,
selection,1681,36,0.411417,0.026667,1.833542,2.87875,100,1
selection,1682,36,0.131375,0.02575,1.521667,2.460209,100,2
selection,1683,36,0.158417,0.041083,1.417209,2.378792,100,3
selection,1684,36,0.129541,0.026875,1.207708,2.032916,100,4
selection,1685,36,0.115708,0.025,1.359833,2.80925,100,5
selection,1686,36,0.115458,0.025792,1.379125,4.748666,100,6
selection,1687,36,0.160583,0.043125,1.783041,5.0585,100,7
selection,1688,36,0.163375,0.038958,1.764625,5.346417,100,8
selection,1689,36,0.153667,0.039417,1.681834,5.206125,100,9
selection,1690,36,0.173333,0.045667,1.807083,5.285375,100,10
selection,1691,36,1.247666,0.04,3.012833,6.408833,100,11
selection,1692,36,1.176,0.040958,3.01,6.706459,100,12
selection,1693,36,0.845208,0.049833,2.893375,6.633667,100,13
selection,1694,36,0.434292,0.052875,2.778333,6.539125,100,14
selection,1695,36,0.182708,0.041125,2.263791,6.001125,100,15
selection,1696,36,2.183792,0.047459,4.535458,8.169708,100,16
selection,1697,36,0.274167,0.037792,2.274375,6.13775,100,17
selection,1698,36,1.25925,0.037292,3.453459,7.0545,100,18
selection,1699,36,0.515792,0.059334,3.17625,6.871292,100,19
selection,1700,36,0.171458,0.038417,2.366958,6.047958,100,20
empty,1701,36,0.157375,0.038541,4.012666,6.230125,0,
invoke,1702,37,,,3.575541,4.278625,0,
input,1703,37,0.194,0.207583,5.996459,8.378417,3,0
input,1704,37,1.704375,0.235875,4.837208,6.73625,2,0
input,1705,37,0.119208,0.158166,2.476208,4.039416,1,0
input,1706,37,3.859708,0.233416,6.708375,7.716375,1,0
input,1707,37,0.17175,0.135708,2.121833,2.996458,1,0
input,1708,37,0.192583,0.164375,4.372292,5.386583,1,0
input,1709,37,1.674125,0.047375,4.152042,6.099208,0,
input,1710,37,0.180209,0.044917,1.770292,2.508375,0,
input,1711,37,0.202125,0.035709,2.390125,3.145416,0,
input,1712,37,1.83825,0.401125,6.604208,9.487333,100,0
input,1713,37,0.156083,0.359541,4.016958,4.966458,100,0
input,1714,37,0.133083,0.346667,2.7845,3.736458,100,0
input,1715,37,0.158625,0.356833,3.351375,4.523458,100,0
input,1716,37,0.127917,0.037417,2.36425,4.849167,0,
input,1717,37,0.17,0.053375,2.241791,3.061208,0,
input,1718,37,0.148833,0.039792,1.697333,2.3285,0,
input,1719,37,0.171792,53.472459,58.215875,59.070333,0,
input,1720,37,0.218667,51.046958,53.699417,54.496375,0,
input,1721,37,0.129875,50.770792,53.762542,54.372708,0,
input,1722,37,0.1565,51.03225,52.45475,53.003042,0,
input,1723,37,0.151209,51.434,52.8185,53.332334,0,
input,1724,37,1.069375,52.665125,54.87775,55.436291,0,
input,1725,37,1.983834,52.870667,56.133167,56.766792,0,
input,1726,37,1.545209,54.570458,57.374417,57.920542,0,
selection,1727,37,0.174166,0.058917,1.823125,2.959916,100,1
selection,1728,37,0.116583,0.027292,1.327375,2.456792,100,2
selection,1729,37,0.161791,0.034042,1.475041,2.53275,100,3
selection,1730,37,0.109459,0.022041,1.214667,2.365292,100,4
selection,1731,37,0.129541,0.029167,1.463416,2.69175,100,5
selection,1732,37,0.767791,0.040208,2.308541,6.256375,100,6
selection,1733,37,0.864,0.045083,2.485334,6.239667,100,7
selection,1734,37,1.948375,0.03125,3.352375,6.389917,100,8
selection,1735,37,1.955166,0.063333,4.278666,8.5765,100,9
selection,1736,37,0.228333,0.058,2.265291,6.292375,100,10
selection,1737,37,0.268958,0.075125,2.6225,6.675792,100,11
selection,1738,37,0.213459,0.05325,2.214917,5.756917,100,12
selection,1739,37,0.203125,0.045292,2.20125,6.199375,100,13
selection,1740,37,0.199291,0.04625,2.383458,5.792666,100,14
selection,1741,37,0.282,0.034541,2.1375,5.741125,100,15
selection,1742,37,0.298917,0.073334,2.711917,7.036917,100,16
selection,1743,37,1.824084,0.057542,4.426917,8.284125,100,17
selection,1744,37,0.192209,0.04325,2.559875,6.073042,100,18
selection,1745,37,0.219458,0.053541,2.544042,6.305,100,19
selection,1746,37,0.178917,0.037417,2.463375,6.242292,100,20
empty,1747,37,0.134833,0.04325,6.202458,8.172708,0,
invoke,1748,38,,,4.358416,5.424208,0,
input,1749,38,0.145334,0.174875,6.617167,8.799709,3,0
input,1750,38,8.38475,0.20475,11.384291,13.322125,2,0
input,1751,38,0.202167,0.216292,3.279458,5.204083,1,0
input,1752,38,0.2255,0.208167,3.286958,4.594875,1,0
input,1753,38,0.175833,0.16875,2.483,3.6155,1,0
input,1754,38,0.18725,0.144667,2.998084,3.944167,1,0
input,1755,38,0.149334,0.034917,4.150125,5.964167,0,
input,1756,38,0.157375,0.04475,1.900291,2.719583,0,
input,1757,38,0.179583,0.047625,1.949708,2.735791,0,
input,1758,38,0.159875,0.334916,4.520416,7.372333,100,0
input,1759,38,0.123708,0.343292,4.7125,5.944042,100,0
input,1760,38,8.015666,0.354917,11.270625,12.175375,100,0
input,1761,38,2.150292,0.37275,5.164167,6.16775,100,0
input,1762,38,2.008042,0.040291,4.157167,6.226417,0,
input,1763,38,3.257417,0.035416,7.541125,8.217542,0,
input,1764,38,0.895667,0.042625,2.515209,3.243625,0,
input,1765,38,0.127917,54.359459,56.525917,57.509042,0,
input,1766,38,0.159792,50.355792,52.015,52.62275,0,
input,1767,38,0.150125,52.925292,54.720416,55.348083,0,
input,1768,38,0.115792,50.665667,55.738167,56.295292,0,
input,1769,38,0.107541,52.551375,53.856375,54.405041,0,
input,1770,38,1.301334,52.406917,54.851959,55.396417,0,
input,1771,38,0.089333,52.917708,54.15925,54.718,0,
input,1772,38,0.106083,53.028,54.394458,54.994917,0,
selection,1773,38,0.148875,0.037916,1.629333,2.805291,100,1
selection,1774,38,0.117875,0.029958,1.360834,2.405167,100,2
selection,1775,38,0.138459,0.03,1.341875,2.365584,100,3
selection,1776,38,0.143,0.037083,1.422791,2.622416,100,4
selection,1777,38,0.144042,0.035417,1.441959,2.567417,100,5
selection,1778,38,0.101791,0.024875,1.390833,4.724541,100,6
selection,1779,38,0.8515,0.027583,2.153375,5.841,100,7
selection,1780,38,1.438625,0.049291,3.372625,7.334917,100,8
selection,1781,38,0.358209,0.038375,2.197667,5.9345,100,9
selection,1782,38,0.810208,0.04475,3.045,7.079542,100,10
selection,1783,38,0.177208,0.040541,2.309542,6.266708,100,11
selection,1784,38,0.227542,0.055625,2.428917,6.001042,100,12
selection,1785,38,0.282666,0.042459,2.590541,6.318958,100,13
selection,1786,38,0.305959,0.045792,2.514417,6.300875,100,14
selection,1787,38,0.315958,0.0545,2.756666,6.540916,100,15
selection,1788,38,0.303875,0.070167,3.069667,7.61225,100,16
selection,1789,38,0.294459,0.063125,2.787917,7.044625,100,17
selection,1790,38,0.171208,0.041167,2.021916,5.673958,100,18
selection,1791,38,0.20275,0.04575,2.25,5.995167,100,19
selection,1792,38,0.163834,0.036,2.50375,5.969334,100,20
empty,1793,38,0.159375,0.037292,1.984959,4.137375,0,
invoke,1794,39,,,6.302209,8.577292,0,
input,1795,39,0.186625,0.20975,5.779625,7.898833,3,0
input,1796,39,0.321833,0.190417,5.034708,6.73175,2,0
input,1797,39,0.184583,0.130708,6.351917,7.885,1,0
input,1798,39,8.083833,0.205917,10.820167,11.777542,1,0
input,1799,39,0.189083,0.16425,2.345917,3.28425,1,0
input,1800,39,0.144417,0.143166,2.293042,3.208625,1,0
input,1801,39,0.148625,0.035125,2.484459,4.668834,0,
input,1802,39,2.211541,0.043667,4.256375,5.107583,0,
input,1803,39,0.141334,0.039709,1.740542,2.423792,0,
input,1804,39,0.154875,0.407875,5.705458,8.591291,100,0
input,1805,39,0.119958,0.388709,3.1445,4.127917,100,0
input,1806,39,0.140834,0.390875,4.944625,6.096834,100,0
input,1807,39,0.166,0.396041,6.139625,7.164208,100,0
input,1808,39,0.19525,0.045583,3.471458,5.883583,0,
input,1809,39,0.198,0.038833,4.5575,5.350125,0,
input,1810,39,0.629708,0.045917,2.605375,3.511833,0,
input,1811,39,0.172292,55.551791,58.110458,58.97725,0,
input,1812,39,2.055334,50.889917,54.810125,55.467792,0,
input,1813,39,0.11975,51.149791,52.612,53.200583,0,
input,1814,39,0.136333,50.388167,52.191208,52.849708,0,
input,1815,39,1.291958,51.270667,53.748791,54.270291,0,
input,1816,39,0.1015,51.598375,52.872584,53.484417,0,
input,1817,39,0.114875,53.552583,55.411458,55.922166,0,
input,1818,39,0.103084,53.086458,56.24125,56.761584,0,
selection,1819,39,0.136042,0.035625,1.553417,2.56525,100,1
selection,1820,39,0.732875,0.024084,1.890291,2.945166,100,2
selection,1821,39,0.110375,0.024625,1.254,2.2145,100,3
selection,1822,39,0.150917,0.034583,1.457125,2.587833,100,4
selection,1823,39,0.168416,0.037416,1.538333,2.780875,100,5
selection,1824,39,0.131333,0.028583,1.672708,5.524833,100,6
selection,1825,39,0.507333,0.032542,1.832416,5.203041,100,7
selection,1826,39,1.719917,0.038542,3.4275,7.228875,100,8
selection,1827,39,0.815958,0.030083,2.358166,6.082291,100,9
selection,1828,39,1.107334,0.058834,3.304334,7.650042,100,10
selection,1829,39,0.202833,0.04375,2.346042,6.440333,100,11
selection,1830,39,0.199416,0.046417,2.181291,5.722875,100,12
selection,1831,39,0.178583,0.038583,2.1485,5.6685,100,13
selection,1832,39,0.876,0.042333,3.279166,7.235875,100,14
selection,1833,39,0.207875,0.052125,2.515584,6.639417,100,15
selection,1834,39,0.193292,0.039667,2.343667,6.186667,100,16
selection,1835,39,0.190375,0.044625,2.538792,6.101292,100,17
selection,1836,39,0.161375,0.040375,2.447625,5.964333,100,18
selection,1837,39,0.46125,0.034375,2.813292,6.529417,100,19
selection,1838,39,0.297375,0.056125,3.215541,7.340875,100,20
empty,1839,39,0.125875,0.037667,1.781416,4.052833,0,
invoke,1840,40,,,5.771083,6.446291,0,
input,1841,40,0.201792,0.192666,9.173917,11.609334,3,0
input,1842,40,0.149042,0.221334,2.872959,4.483292,2,0
input,1843,40,2.46725,0.210875,5.120292,6.833583,1,0
input,1844,40,2.553084,0.248375,5.491792,6.566292,1,0
input,1845,40,0.194292,0.171625,2.355958,3.4115,1,0
input,1846,40,0.177083,0.156292,2.500208,3.514583,1,0
input,1847,40,0.157833,0.036167,4.123875,6.010625,0,
input,1848,40,0.726375,0.053667,2.789542,3.797792,0,
input,1849,40,0.193375,0.043209,1.959792,2.73325,0,
input,1850,40,0.157166,0.386542,6.719375,9.943041,100,0
input,1851,40,0.211333,0.352959,3.38575,4.394875,100,0
input,1852,40,0.166458,0.358542,3.625833,4.598875,100,0
input,1853,40,0.181417,0.373209,5.046625,6.210959,100,0
input,1854,40,0.182666,0.037958,4.419166,6.605666,0,
input,1855,40,0.178875,0.051875,2.177041,2.976833,0,
input,1856,40,0.1925,0.042042,1.804209,2.504209,0,
input,1857,40,0.256333,51.499334,55.681333,56.413708,0,
input,1858,40,0.203458,50.671875,55.205917,55.818125,0,
input,1859,40,0.120042,50.8625,52.513792,53.193125,0,
input,1860,40,0.115167,51.66325,53.102292,53.694,0,
input,1861,40,0.148,51.4555,52.810208,53.305041,0,
input,1862,40,0.710541,51.193042,53.093916,53.657416,0,
input,1863,40,0.085167,54.735792,56.032833,56.611583,0,
input,1864,40,0.094208,53.207417,54.518292,55.101167,0,
selection,1865,40,0.171625,0.045458,1.764292,2.922333,100,1
selection,1866,40,0.09075,0.0205,1.073875,2.044875,100,2
selection,1867,40,0.137042,0.028708,1.339792,2.343042,100,3
selection,1868,40,0.132417,0.033875,1.36475,2.299625,100,4
selection,1869,40,0.168958,0.038333,1.5555,2.738458,100,5
selection,1870,40,0.125833,0.032875,1.800625,5.565958,100,6
selection,1871,40,0.134792,0.030333,1.50775,5.160667,100,7
selection,1872,40,1.275542,0.036167,2.954333,6.77425,100,8
selection,1873,40,0.888542,0.047583,3.183583,7.436375,100,9
selection,1874,40,0.222709,0.050125,2.228875,6.24,100,10
selection,1875,40,0.228042,0.051541,2.474125,6.568834,100,11
selection,1876,40,0.222208,0.043917,2.231583,5.765916,100,12
selection,1877,40,0.156292,0.033667,2.201833,5.978292,100,13
selection,1878,40,0.379333,0.061667,3.087416,7.086041,100,14
selection,1879,40,0.270667,0.056583,2.666042,6.753375,100,15
selection,1880,40,0.176791,0.048666,2.185791,6.2895,100,16
selection,1881,40,0.264833,0.087875,2.497958,6.128292,100,17
selection,1882,40,0.161125,0.036416,2.5065,6.270833,100,18
selection,1883,40,0.25,0.061959,3.208917,7.506917,100,19
selection,1884,40,0.178,0.0415,2.442583,6.269042,100,20
empty,1885,40,0.09325,0.032875,1.607666,3.850791,0,
invoke,1886,41,,,4.949042,5.637833,0,
input,1887,41,0.187333,0.228875,6.84875,8.9735,3,0
input,1888,41,2.067375,0.139584,9.160209,10.829084,2,0
input,1889,41,5.797167,0.226041,8.796375,10.676042,1,0
input,1890,41,2.027125,0.193208,4.495125,5.588541,1,0
input,1891,41,0.190333,0.170417,2.309291,3.145208,1,0
input,1892,41,0.215792,0.141041,2.988667,3.952,1,0
input,1893,41,0.373416,0.041167,2.563541,4.654708,0,
input,1894,41,0.406667,0.035833,2.023792,2.884375,0,
input,1895,41,0.181667,0.048875,2.20275,2.9865,0,
input,1896,41,0.195458,0.3805,5.206875,8.243708,100,0
input,1897,41,1.1715,0.405167,4.506708,5.810333,100,0
input,1898,41,1.672041,0.416625,5.151916,6.130708,100,0
input,1899,41,1.880167,0.470125,5.076875,6.100958,100,0
input,1900,41,1.887417,0.038459,4.229167,6.695083,0,
input,1901,41,4.81275,0.051417,6.663625,7.577875,0,
input,1902,41,0.18975,0.051416,2.223042,3.027167,0,
input,1903,41,0.174958,57.436708,59.677333,60.459625,0,
input,1904,41,0.159125,51.629375,53.511958,54.141042,0,
input,1905,41,0.169083,50.915333,52.793917,53.435292,0,
input,1906,41,0.159708,51.613458,55.40975,56.002583,0,
input,1907,41,0.111875,51.999625,54.074708,54.718417,0,
input,1908,41,0.398708,50.571083,52.0775,52.562,0,
input,1909,41,0.097834,55.167833,56.41675,56.993125,0,
input,1910,41,0.078792,54.297542,55.663333,56.26975,0,
selection,1911,41,0.142333,0.04,1.721083,2.885833,100,1
selection,1912,41,0.119583,0.026458,1.227958,2.2,100,2
selection,1913,41,0.098417,0.023458,1.172625,2.137875,100,3
selection,1914,41,0.248417,0.0225,1.381792,2.668792,100,4
selection,1915,41,0.154834,0.030375,1.422084,2.546792,100,5
selection,1916,41,0.167458,0.04475,1.814458,5.735333,100,6
selection,1917,41,1.4915,0.03775,3.061917,6.61525,100,7
selection,1918,41,1.211333,0.037416,2.845458,6.74325,100,8
selection,1919,41,0.839167,0.044291,2.582084,6.456167,100,9
selection,1920,41,0.639167,0.042791,2.448542,6.428709,100,10
selection,1921,41,0.501167,0.046083,2.339458,6.413167,100,11
selection,1922,41,1.959708,0.051917,4.113375,8.243625,100,12
selection,1923,41,0.205791,0.045958,2.434958,6.04775,100,13
selection,1924,41,0.284208,0.041125,2.325542,6.488625,100,14
selection,1925,41,2.055875,0.069875,4.517416,8.484291,100,15
selection,1926,41,0.242583,0.060208,2.712833,6.882083,100,16
selection,1927,41,0.281,0.068667,2.811167,6.489209,100,17
selection,1928,41,0.218791,0.050417,2.528541,5.926583,100,18
selection,1929,41,0.211083,0.041375,2.47525,6.136291,100,19
selection,1930,41,0.215708,0.055833,2.576791,6.0635,100,20
empty,1931,41,0.179084,0.039375,6.358792,8.7715,0,
invoke,1932,42,,,4.189334,5.341084,0,
input,1933,42,0.164709,0.180958,5.193,7.242042,3,0
input,1934,42,2.417459,0.156959,5.307709,7.18025,2,0
input,1935,42,0.210041,0.229125,3.04325,4.695,1,0
input,1936,42,0.17175,0.186667,2.500042,3.464875,1,0
input,1937,42,0.16225,0.153958,2.898625,3.945625,1,0
input,1938,42,0.187666,0.154417,5.933666,6.754333,1,0
input,1939,42,0.183125,0.038417,5.001791,6.641625,0,
input,1940,42,0.22475,0.034959,4.170084,4.95425,0,
input,1941,42,0.970417,0.052167,2.833375,3.580583,0,
input,1942,42,0.171291,0.364541,4.7555,7.916208,100,0
input,1943,42,1.630291,0.4105,5.01425,6.166708,100,0
input,1944,42,0.175125,0.327459,2.867334,3.754584,100,0
input,1945,42,0.185125,0.341958,3.028167,4.099959,100,0
input,1946,42,0.117208,0.034917,4.088083,6.224708,0,
input,1947,42,0.1385,0.033083,1.575375,2.321208,0,
input,1948,42,0.888209,0.044166,2.649334,3.500792,0,
input,1949,42,0.157417,52.476333,54.735917,55.717792,0,
input,1950,42,0.127416,50.640292,52.407583,53.108916,0,
input,1951,42,0.778959,50.252584,52.312875,52.897125,0,
input,1952,42,0.110916,51.358542,52.990458,53.547166,0,
input,1953,42,0.137833,52.325,54.862666,55.4195,0,
input,1954,42,0.097792,53.534042,59.266583,59.774167,0,
input,1955,42,0.095417,53.381375,54.577792,55.175458,0,
input,1956,42,0.099333,52.961125,54.837458,55.392708,0,
selection,1957,42,0.160083,0.04375,1.794708,3.004167,100,1
selection,1958,42,1.457916,0.029125,2.571416,3.598208,100,2
selection,1959,42,0.091375,0.021666,1.122375,1.944125,100,3
selection,1960,42,0.448459,0.033416,1.710459,2.773834,100,4
selection,1961,42,0.163583,0.042708,1.660291,3.002875,100,5
selection,1962,42,0.106917,0.02775,1.49025,5.148083,100,6
selection,1963,42,0.471417,0.028375,1.831708,5.41775,100,7
selection,1964,42,1.40725,0.033333,2.943834,6.729375,100,8
selection,1965,42,1.058917,0.056333,3.2245,7.322417,100,9
selection,1966,42,0.172666,0.036959,2.106958,5.623291,100,10
selection,1967,42,0.616875,0.039292,2.742958,6.6395,100,11
selection,1968,42,0.230792,0.053208,2.545292,6.385917,100,12
selection,1969,42,0.194458,0.042375,2.268791,5.869166,100,13
selection,1970,42,0.691083,0.042084,2.876542,6.890125,100,14
selection,1971,42,0.211459,0.052,2.470084,6.271917,100,15
selection,1972,42,1.847875,0.038667,4.032208,7.608292,100,16
selection,1973,42,0.573042,0.03575,2.60025,5.727959,100,17
selection,1974,42,1.132333,0.036333,3.45,7.002208,100,18
selection,1975,42,0.4545,0.048458,3.132667,6.984209,100,19
selection,1976,42,1.551125,0.038333,3.926875,7.972666,100,20
empty,1977,42,0.154625,0.051416,2.117,4.501125,0,
invoke,1978,43,,,4.228333,4.899542,0,
input,1979,43,0.558625,0.24275,6.655709,8.919792,3,0
input,1980,43,3.285875,0.181917,5.980292,7.847792,2,0
input,1981,43,0.205125,0.229667,3.630625,5.33125,1,0
input,1982,43,1.939917,0.223917,4.611875,5.708583,1,0
input,1983,43,2.505083,0.231166,5.267625,6.369333,1,0
input,1984,43,0.172666,0.174625,2.410166,3.497041,1,0
input,1985,43,0.123167,0.043333,2.442708,4.495458,0,
input,1986,43,0.193708,0.038708,2.729833,3.519291,0,
input,1987,43,0.189208,0.056417,1.905583,2.667583,0,
input,1988,43,0.18675,0.367209,6.464375,9.526708,100,0
input,1989,43,0.170583,0.380166,3.661375,4.93875,100,0
input,1990,43,0.135334,0.348958,2.900125,3.822792,100,0
input,1991,43,0.176458,0.348334,3.279958,4.252416,100,0
input,1992,43,0.442583,0.041208,2.623625,5.147542,0,
input,1993,43,0.195667,0.035083,1.696375,2.482417,0,
input,1994,43,0.2035,0.035792,3.521667,4.257167,0,
input,1995,43,1.338917,53.318917,56.628958,57.408333,0,
input,1996,43,0.182834,50.787083,52.721667,53.457834,0,
input,1997,43,0.210459,51.090875,52.949792,53.578875,0,
input,1998,43,0.107708,51.293958,54.213291,54.808916,0,
input,1999,43,0.113334,51.565542,53.784334,54.343667,0,
input,2000,43,1.091959,53.318167,55.601,56.14375,0,
input,2001,43,1.327208,51.503125,54.066125,54.662667,0,
input,2002,43,0.11875,51.388666,52.61175,53.155791,0,
selection,2003,43,0.144583,0.039,1.774792,3.009292,100,1
selection,2004,43,1.322875,0.032625,2.517458,3.554167,100,2
selection,2005,43,0.099375,0.025667,1.296458,2.304583,100,3
selection,2006,43,0.083625,0.021709,1.148083,2.11675,100,4
selection,2007,43,0.129667,0.030458,1.460292,2.649375,100,5
selection,2008,43,0.144584,0.036875,1.696209,5.54675,100,6
selection,2009,43,0.583334,0.038583,2.089959,5.516709,100,7
selection,2010,43,1.467625,0.062209,3.597042,7.493292,100,8
selection,2011,43,0.241083,0.042959,2.10175,6.048292,100,9
selection,2012,43,0.497583,0.056,2.693917,6.588,100,10
selection,2013,43,1.8045,0.052334,3.732125,7.714875,100,11
selection,2014,43,0.304625,0.060833,2.379917,6.328125,100,12
selection,2015,43,0.260208,0.048667,2.326375,6.144416,100,13
selection,2016,43,0.375958,0.05375,2.676333,6.240167,100,14
selection,2017,43,0.428083,0.04125,2.564125,6.308666,100,15
selection,2018,43,0.352792,0.03575,2.301333,6.073833,100,16
selection,2019,43,0.665292,0.071708,3.326208,7.002875,100,17
selection,2020,43,0.147916,0.036542,2.26575,5.925291,100,18
selection,2021,43,0.280167,0.052125,2.884792,6.718875,100,19
selection,2022,43,0.199125,0.0475,2.402125,5.903333,100,20
empty,2023,43,0.133458,0.036792,5.004833,7.332333,0,
invoke,2024,44,,,4.410833,6.557,0,
input,2025,44,0.1195,0.17875,5.15,7.162875,3,0
input,2026,44,6.17625,0.207334,9.520875,11.476667,2,0
input,2027,44,2.10225,0.176875,4.710792,6.309292,1,0
input,2028,44,3.83075,0.173916,6.714208,7.937708,1,0
input,2029,44,3.89475,0.175875,6.243541,7.378916,1,0
input,2030,44,0.174416,0.171,2.42925,3.373625,1,0
input,2031,44,0.132458,0.037708,2.39825,4.505875,0,
input,2032,44,0.256,0.038041,4.483125,5.343584,0,
input,2033,44,0.712917,0.051625,2.576209,3.497417,0,
input,2034,44,0.22325,0.406917,5.685167,9.067583,100,0
input,2035,44,7.272125,0.363958,10.469708,11.599667,100,0
input,2036,44,0.1845,0.3695,3.410042,4.397542,100,0
input,2037,44,0.179667,0.408042,3.35225,4.462125,100,0
input,2038,44,0.148292,0.036625,3.985833,6.185958,0,
input,2039,44,0.91425,0.054625,2.902042,3.664333,0,
input,2040,44,0.168458,0.04125,1.830042,2.565792,0,
input,2041,44,0.249167,54.094417,58.619417,59.663,0,
input,2042,44,0.137375,51.135833,53.21125,53.960291,0,
input,2043,44,0.173333,50.919625,55.622292,56.230583,0,
input,2044,44,0.12075,52.606166,57.082709,57.688959,0,
input,2045,44,0.1415,51.731958,53.147542,53.679875,0,
input,2046,44,0.183542,51.705417,53.170542,53.743042,0,
input,2047,44,0.109709,52.739625,54.055459,54.603209,0,
input,2048,44,0.1135,52.793375,54.106167,54.663375,0,
selection,2049,44,0.135625,0.039041,1.745042,2.918417,100,1
selection,2050,44,0.123583,0.030792,1.322375,2.33225,100,2
selection,2051,44,0.090333,0.022709,1.198,2.090708,100,3
selection,2052,44,0.139875,0.034083,1.495916,2.621833,100,4
selection,2053,44,0.164375,0.047042,1.585792,2.950833,100,5
selection,2054,44,1.326833,0.037959,2.922542,6.901458,100,6
selection,2055,44,2.314958,0.034334,3.649916,6.793958,100,7
selection,2056,44,1.866,0.030042,3.353458,7.446208,100,8
selection,2057,44,0.685208,0.051375,2.825125,6.926041,100,9
selection,2058,44,0.204417,0.048708,2.099959,5.761834,100,10
selection,2059,44,0.657167,0.051875,2.875333,6.723458,100,11
selection,2060,44,0.219792,0.052875,2.513708,6.655042,100,12
selection,2061,44,0.228167,0.057917,2.511333,6.3615,100,13
selection,2062,44,0.225291,0.050292,2.521541,6.512625,100,14
selection,2063,44,0.170167,0.042,2.085958,5.4575,100,15
selection,2064,44,2.039417,0.075875,4.272292,7.85875,100,16
selection,2065,44,0.404292,0.051667,2.934625,6.970584,100,17
selection,2066,44,0.194625,0.046542,2.599292,6.542208,100,18
selection,2067,44,0.21925,0.074083,2.691375,6.378792,100,19
selection,2068,44,0.188792,0.047083,2.410292,5.996959,100,20
empty,2069,44,0.147625,0.037875,5.159875,7.20625,0,
invoke,2070,45,,,7.027292,7.940834,0,
input,2071,45,0.1555,0.229291,4.9915,7.055709,3,0
input,2072,45,3.845667,0.148417,6.053542,7.674042,2,0
input,2073,45,3.952917,0.210833,6.710292,8.332334,1,0
input,2074,45,2.319875,0.169916,4.37925,5.40475,1,0
input,2075,45,0.158417,0.140167,2.063792,3.012625,1,0
input,2076,45,0.210333,0.180875,2.973625,4.117916,1,0
input,2077,45,0.151,0.052583,2.646292,4.666917,0,
input,2078,45,2.091875,0.043583,3.94875,4.868541,0,
input,2079,45,0.181583,0.0425,1.903417,2.616167,0,
input,2080,45,0.229,0.375416,7.615833,10.854458,100,0
input,2081,45,0.11775,0.355541,2.959375,3.828708,100,0
input,2082,45,0.211833,0.346917,4.930125,5.87175,100,0
input,2083,45,0.17875,0.347291,4.379458,5.479666,100,0
input,2084,45,0.134166,0.03525,3.621,5.800791,0,
input,2085,45,0.178084,0.032792,1.655125,2.361375,0,
input,2086,45,0.190917,0.032208,2.952209,3.564459,0,
input,2087,45,1.645542,52.304708,55.969583,56.725917,0,
input,2088,45,1.220583,50.416416,53.144791,53.728083,0,
input,2089,45,0.147959,50.699375,52.219042,52.810042,0,
input,2090,45,0.098042,52.202209,56.3605,56.945583,0,
input,2091,45,0.099333,51.802583,53.071375,53.605708,0,
input,2092,45,0.097958,51.545416,52.6735,53.173333,0,
input,2093,45,0.11175,51.753875,55.043833,55.583333,0,
input,2094,45,0.103334,52.67,54.53575,55.056667,0,
selection,2095,45,0.103041,0.023416,1.438791,2.524541,100,1
selection,2096,45,0.640542,0.021125,1.745583,2.773125,100,2
selection,2097,45,0.102792,0.023917,0.99825,1.7195,100,3
selection,2098,45,0.099459,0.024833,1.080167,1.94225,100,4
selection,2099,45,0.153167,0.052334,1.568459,2.811417,100,5
selection,2100,45,1.946083,0.025791,3.306208,7.019792,100,6
selection,2101,45,1.29325,0.034167,2.752542,6.416375,100,7
selection,2102,45,1.303584,0.038375,3.042834,7.010375,100,8
selection,2103,45,0.565833,0.035333,2.218416,6.111958,100,9
selection,2104,45,0.796958,0.038083,2.682083,6.638041,100,10
selection,2105,45,0.399875,0.035791,2.350666,6.293625,100,11
selection,2106,45,0.439458,0.04175,2.584125,6.273333,100,12
selection,2107,45,0.473292,0.042541,2.458,6.282708,100,13
selection,2108,45,0.529458,0.043,2.765167,6.596458,100,14
selection,2109,45,0.179667,0.03625,2.395458,5.920667,100,15
selection,2110,45,0.588333,0.051,3.218625,7.249875,100,16
selection,2111,45,0.27825,0.038916,2.408334,6.226334,100,17
selection,2112,45,0.153,0.034458,2.4565,6.256333,100,18
selection,2113,45,0.198917,0.042959,2.669,6.337083,100,19
selection,2114,45,0.166542,0.034042,2.637167,6.44425,100,20
empty,2115,45,0.144167,0.047792,2.250125,4.657333,0,
invoke,2116,46,,,5.1915,5.916458,0,
input,2117,46,0.188042,0.213458,6.027333,8.174458,3,0
input,2118,46,0.166875,0.220458,6.580875,8.292083,2,0
input,2119,46,0.223958,0.145583,4.352291,5.873541,1,0
input,2120,46,1.401875,0.314,4.0695,5.008708,1,0
input,2121,46,0.178042,0.211541,2.462542,3.509209,1,0
input,2122,46,0.153708,0.12825,2.110791,2.980958,1,0
input,2123,46,0.147083,0.049625,2.765083,4.781541,0,
input,2124,46,1.999583,0.041375,4.043916,5.001,0,
input,2125,46,0.215,0.037125,2.018875,2.926791,0,
input,2126,46,0.174209,0.389708,6.811042,9.715334,100,0
input,2127,46,0.114167,0.381208,3.255042,4.25825,100,0
input,2128,46,0.170417,0.366084,4.900792,5.968625,100,0
input,2129,46,0.245333,0.360541,5.045708,5.983167,100,0
input,2130,46,0.110292,0.03575,2.959334,5.06975,0,
input,2131,46,4.215041,0.044375,5.942125,6.71825,0,
input,2132,46,0.357625,0.048667,2.137625,3.020333,0,
input,2133,46,0.149042,52.937333,55.18625,55.951917,0,
input,2134,46,0.16575,51.160333,52.875042,53.529417,0,
input,2135,46,0.127833,50.337334,51.802792,52.373458,0,
input,2136,46,0.09375,50.769125,54.463208,55.054417,0,
input,2137,46,0.095625,52.463458,53.619834,54.127459,0,
input,2138,46,0.099375,51.71025,52.98175,53.5695,0,
input,2139,46,0.0925,53.453334,54.650459,55.178959,0,
input,2140,46,0.10025,55.817459,57.043333,57.566458,0,
selection,2141,46,0.122875,0.030667,1.599042,2.693167,100,1
selection,2142,46,0.413417,0.020875,1.324292,2.090958,100,2
selection,2143,46,0.086708,0.019416,1.019583,1.793083,100,3
selection,2144,46,0.926875,0.034625,2.177875,3.267417,100,4
selection,2145,46,0.138709,0.040625,1.430084,2.590417,100,5
selection,2146,46,0.133417,0.037166,1.911167,5.763667,100,6
selection,2147,46,0.22825,0.048416,1.97075,5.534,100,7
selection,2148,46,1.080542,0.035375,2.73225,6.612334,100,8
selection,2149,46,0.768917,0.031083,2.402375,6.127792,100,9
selection,2150,46,1.035875,0.051666,3.418417,7.34025,100,10
selection,2151,46,0.163791,0.038417,2.190166,5.893625,100,11
selection,2152,46,0.421916,0.046625,2.777166,6.739083,100,12
selection,2153,46,0.210084,0.045542,2.398417,6.162917,100,13
selection,2154,46,0.211708,0.0475,2.56375,6.582542,100,14
selection,2155,46,0.203,0.044375,2.372291,5.85575,100,15
selection,2156,46,0.273167,0.056166,3.167542,7.105209,100,16
selection,2157,46,0.199166,0.047708,2.249541,5.767958,100,17
selection,2158,46,0.167875,0.0405,2.528792,5.9125,100,18
selection,2159,46,0.433125,0.042958,2.921083,6.670291,100,19
selection,2160,46,0.205208,0.043042,2.741125,6.615666,100,20
empty,2161,46,0.162916,0.050459,2.083375,4.299458,0,
invoke,2162,47,,,6.015583,6.718333,0,
input,2163,47,1.099333,0.248625,7.24575,9.3855,3,0
input,2164,47,3.075458,0.180208,5.725541,7.577583,2,0
input,2165,47,2.387375,0.225583,5.159875,6.711959,1,0
input,2166,47,2.716666,0.213958,5.351416,6.319666,1,0
input,2167,47,0.204667,0.147292,2.287459,3.16625,1,0
input,2168,47,0.19375,0.165542,3.889625,4.894042,1,0
input,2169,47,0.171791,0.042417,4.067041,5.958458,0,
input,2170,47,0.671667,0.048666,2.521334,3.431667,0,
input,2171,47,0.169083,0.041375,2.029292,2.87875,0,
input,2172,47,0.223041,0.365541,6.652083,9.5275,100,0
input,2173,47,0.152917,0.385125,3.918042,5.255125,100,0
input,2174,47,0.164125,0.377625,5.533958,6.616083,100,0
input,2175,47,0.196667,0.355875,3.469792,4.536833,100,0
input,2176,47,0.237792,0.03775,4.634667,6.808584,0,
input,2177,47,0.327542,0.037916,3.823334,4.574959,0,
input,2178,47,1.297292,0.050625,3.258834,4.10825,0,
input,2179,47,0.167375,53.079583,55.133541,55.885541,0,
input,2180,47,0.135667,50.671958,52.220583,52.841875,0,
input,2181,47,0.408625,51.010334,52.6265,53.186917,0,
input,2182,47,0.086958,51.83025,52.961875,53.4795,0,
input,2183,47,0.098,50.955875,52.109583,52.604166,0,
input,2184,47,0.1065,53.1515,54.384084,54.894,0,
input,2185,47,0.112209,51.564708,52.860084,53.414,0,
input,2186,47,0.086792,51.293208,52.581,53.128167,0,
selection,2187,47,0.156042,0.035,1.561709,2.632167,100,1
selection,2188,47,0.101584,0.024833,1.132084,2.029584,100,2
selection,2189,47,0.090458,0.023541,1.094417,1.97575,100,3
selection,2190,47,0.648833,0.025917,1.80025,2.830625,100,4
selection,2191,47,0.160125,0.041833,1.517542,2.710583,100,5
selection,2192,47,0.166041,0.04275,1.681125,5.172833,100,6
selection,2193,47,1.341125,0.047083,2.858833,5.985583,100,7
selection,2194,47,1.740708,0.031042,3.105958,6.774041,100,8
selection,2195,47,0.163958,0.04075,1.732083,4.890333,100,9
selection,2196,47,0.112125,0.025666,1.525541,5.260083,100,10
selection,2197,47,0.16025,0.038833,1.927292,5.412125,100,11
selection,2198,47,0.2015,0.05675,2.165708,5.705666,100,12
selection,2199,47,0.276625,0.066584,2.15275,5.781458,100,13
selection,2200,47,0.175667,0.031458,2.083667,5.612167,100,14
selection,2201,47,0.233208,0.037916,2.371166,5.96375,100,15
selection,2202,47,0.499333,0.042583,2.567792,5.966958,100,16
selection,2203,47,0.889625,0.057916,3.589875,7.545,100,17
selection,2204,47,0.188083,0.040416,2.536083,6.121667,100,18
selection,2205,47,0.1805,0.040083,2.552125,6.110042,100,19
selection,2206,47,0.249375,0.055,3.073084,7.349459,100,20
empty,2207,47,0.112916,0.027416,1.526666,3.472083,0,
invoke,2208,48,,,4.947125,5.650375,0,
input,2209,48,0.180625,0.235208,5.953,8.228667,3,0
input,2210,48,1.207209,0.191,4.095834,5.900375,2,0
input,2211,48,2.889417,0.187209,6.099667,7.957708,1,0
input,2212,48,0.20975,0.162875,3.105583,4.332,1,0
input,2213,48,0.159375,0.177041,2.610375,3.65925,1,0
input,2214,48,0.147375,0.144375,4.87825,5.826917,1,0
input,2215,48,0.131167,0.034875,2.404542,4.31375,0,
input,2216,48,0.928709,0.042791,2.934875,3.712667,0,
input,2217,48,0.125708,0.041291,1.805,2.514958,0,
input,2218,48,0.216333,0.351292,5.934625,9.100333,100,0
input,2219,48,0.24275,0.346916,3.5265,4.634583,100,0
input,2220,48,0.151083,0.350708,4.025375,4.948042,100,0
input,2221,48,0.211375,0.351125,4.349917,5.412417,100,0
input,2222,48,0.134666,0.0355,4.135583,6.290041,0,
input,2223,48,3.820084,0.033583,5.251625,6.012084,0,
input,2224,48,0.80075,0.046333,2.538167,3.319667,0,
input,2225,48,0.16975,52.729459,55.093791,56.032375,0,
input,2226,48,0.238667,50.800584,52.902667,53.50875,0,
input,2227,48,0.140042,51.054292,53.704958,54.38875,0,
input,2228,48,0.505625,51.523542,53.3645,53.911875,0,
input,2229,48,0.100083,51.460625,52.642458,53.14925,0,
input,2230,48,0.119583,53.168542,54.481916,55.029083,0,
input,2231,48,0.098208,52.838917,55.785292,56.339417,0,
input,2232,48,0.105833,53.710041,57.908667,58.530708,0,
selection,2233,48,0.13475,0.03225,1.695084,2.898584,100,1
selection,2234,48,0.446167,0.028666,1.742875,3.125959,100,2
selection,2235,48,0.148667,0.033083,1.585667,2.635125,100,3
selection,2236,48,0.161167,0.036041,1.454708,2.513583,100,4
selection,2237,48,0.12175,0.03825,1.340167,2.446333,100,5
selection,2238,48,0.121416,0.028125,1.678916,5.246666,100,6
selection,2239,48,0.60225,0.034167,2.203833,5.54525,100,7
selection,2240,48,1.472625,0.040208,3.195458,7.017291,100,8
selection,2241,48,0.827041,0.032792,2.670333,6.555541,100,9
selection,2242,48,0.528791,0.055042,2.664041,6.579375,100,10
selection,2243,48,0.215375,0.057833,2.410417,6.522167,100,11
selection,2244,48,0.203458,0.044541,2.083125,5.553041,100,12
selection,2245,48,1.974084,0.046666,3.93425,7.742709,100,13
selection,2246,48,0.5615,0.045875,2.519209,5.986917,100,14
selection,2247,48,0.911542,0.045208,3.313,7.257667,100,15
selection,2248,48,0.209333,0.040834,2.566291,6.035125,100,16
selection,2249,48,0.250167,0.043958,2.680875,6.634792,100,17
selection,2250,48,0.1565,0.037875,2.480667,6.552792,100,18
selection,2251,48,0.160791,0.052875,2.568083,6.425708,100,19
selection,2252,48,0.17925,0.040709,2.712708,6.543208,100,20
empty,2253,48,0.171792,0.037458,1.883542,4.188625,0,
invoke,2254,49,,,6.183833,6.816625,0,
input,2255,49,0.840667,0.223458,6.4655,8.673792,3,0
input,2256,49,2.202042,0.125375,8.354417,9.974125,2,0
input,2257,49,0.206459,0.173375,6.45975,7.806834,1,0
input,2258,49,0.147208,0.196542,2.485458,3.398458,1,0
input,2259,49,0.227584,0.136875,4.574625,5.560417,1,0
input,2260,49,0.394542,0.158083,2.5565,3.411417,1,0
input,2261,49,0.134458,0.039792,2.231625,4.151292,0,
input,2262,49,0.1645,0.042584,2.3715,3.01125,0,
input,2263,49,0.141375,0.031375,1.464459,2.1545,0,
input,2264,49,0.180875,0.32075,5.513917,8.046875,100,0
input,2265,49,0.169792,0.378792,3.40175,4.497334,100,0
input,2266,49,0.167417,0.341041,3.610959,4.584334,100,0
input,2267,49,0.242041,0.440541,3.419416,4.416291,100,0
input,2268,49,1.769208,0.052875,4.257291,6.44225,0,
input,2269,49,0.185958,0.036042,1.753417,2.526833,0,
input,2270,49,0.559584,0.04375,2.424042,3.210167,0,
input,2271,49,0.146166,51.806,53.572333,54.347416,0,
input,2272,49,0.1445,50.918542,52.73725,53.426,0,
input,2273,49,0.254917,51.745584,53.301292,53.865333,0,
input,2274,49,0.100292,51.163916,52.466958,53.073917,0,
input,2275,49,0.101,51.621333,54.584167,55.124417,0,
input,2276,49,0.871375,51.952708,53.899208,54.405667,0,
input,2277,49,0.116333,52.649958,53.999333,54.556667,0,
input,2278,49,0.103584,52.526833,54.704875,55.199667,0,
selection,2279,49,0.705458,0.028959,2.181167,3.21025,100,1
selection,2280,49,0.097709,0.024833,1.352917,2.323875,100,2
selection,2281,49,0.141833,0.036,1.410833,2.664417,100,3
selection,2282,49,0.130167,0.027042,1.288375,2.165375,100,4
selection,2283,49,0.105917,0.025917,1.290167,2.690292,100,5
selection,2284,49,0.1155,0.029209,1.3685,4.608209,100,6
selection,2285,49,0.183834,0.04975,1.950292,5.251917,100,7
selection,2286,49,0.179875,0.043125,1.881291,5.243041,100,8
selection,2287,49,0.15275,0.03225,1.701125,5.194958,100,9
selection,2288,49,0.222,0.058291,2.347583,6.196375,100,10
selection,2289,49,0.199542,0.043375,2.090542,5.749042,100,11
selection,2290,49,1.824583,0.057333,4.190958,8.057541,100,12
selection,2291,49,0.217125,0.052292,2.343292,6.309709,100,13
selection,2292,49,0.217458,0.053375,2.375208,6.461791,100,14
selection,2293,49,0.182833,0.042459,2.322708,6.013417,100,15
selection,2294,49,0.225875,0.058667,2.7265,6.44575,100,16
selection,2295,49,0.703917,0.058041,3.148833,6.927667,100,17
selection,2296,49,0.531917,0.037458,2.723959,6.536459,100,18
selection,2297,49,1.790167,0.053417,4.331583,8.226708,100,19
selection,2298,49,0.203583,0.059417,2.894208,6.830417,100,20
empty,2299,49,0.143625,0.036,3.912834,6.224542,0,
invoke,2300,50,,,4.338666,5.085833,0,
input,2301,50,0.293417,0.192875,5.931375,8.134,3,0
input,2302,50,3.918125,0.159917,6.294834,8.1525,2,0
input,2303,50,3.357292,0.16175,5.701708,7.466,1,0
input,2304,50,3.167625,0.172833,5.7855,7.029875,1,0
input,2305,50,0.172917,0.128334,1.975292,2.767917,1,0
input,2306,50,0.196291,0.133416,2.761375,3.695166,1,0
input,2307,50,0.131792,0.043375,2.569667,4.62925,0,
input,2308,50,2.565916,0.038459,6.65,7.456041,0,
input,2309,50,1.103208,0.044875,3.160791,3.984583,0,
input,2310,50,0.240709,0.38375,5.72175,8.912042,100,0
input,2311,50,8.424041,0.398625,11.892875,13.254875,100,0
input,2312,50,0.141542,0.375,3.003209,3.86075,100,0
input,2313,50,0.136541,0.365958,5.400083,6.43,100,0
input,2314,50,0.132,0.0355,3.065917,5.359292,0,
input,2315,50,0.296583,0.05125,2.445708,3.1195,0,
input,2316,50,0.184709,0.039792,1.787334,2.498042,0,
input,2317,50,0.1715,52.5945,56.789333,57.559625,0,
input,2318,50,0.218209,51.262583,53.744209,54.476875,0,
input,2319,50,2.177834,50.226584,54.001334,54.613292,0,
input,2320,50,0.174209,52.039291,53.705292,54.3365,0,
input,2321,50,0.127625,51.577083,53.802167,54.323125,0,
input,2322,50,0.085166,51.394916,52.621666,53.155375,0,
input,2323,50,0.121333,53.675292,55.060333,55.588917,0,
input,2324,50,0.078208,53.260542,55.501041,56.145125,0,
selection,2325,50,0.131541,0.042416,1.629583,2.812625,100,1
selection,2326,50,1.918625,0.025042,3.046917,4.088709,100,2
selection,2327,50,0.123583,0.025334,1.241458,2.11275,100,3
selection,2328,50,0.210708,0.028209,1.334416,2.248791,100,4
selection,2329,50,0.123917,0.026833,1.335042,2.458375,100,5
selection,2330,50,0.178959,0.043584,1.974,6.038209,100,6
selection,2331,50,0.327,0.034416,1.881791,5.38375,100,7
selection,2332,50,1.286625,0.031792,2.852209,6.505834,100,8
selection,2333,50,1.140042,0.033125,2.720084,6.390292,100,9
selection,2334,50,1.056333,0.0445,3.365875,7.870583,100,10
selection,2335,50,0.217,0.045875,2.273292,6.161083,100,11
selection,2336,50,0.219833,0.047,2.415625,6.283833,100,12
selection,2337,50,0.192542,0.04,2.36775,6.150875,100,13
selection,2338,50,0.257375,0.063041,2.776083,6.863292,100,14
selection,2339,50,0.338208,0.069875,2.535041,7.04775,100,15
selection,2340,50,0.230541,0.0555,2.658291,6.609041,100,16
selection,2341,50,0.122916,0.03125,2.035583,5.416541,100,17
selection,2342,50,0.163625,0.038916,2.492959,6.406542,100,18
selection,2343,50,0.217625,0.090875,2.565833,6.336375,100,19
selection,2344,50,0.222667,0.093542,2.766125,6.5085,100,20
empty,2345,50,0.111542,0.034958,1.472,3.403792,0,
invoke,2346,51,,,5.330833,6.0435,0,
input,2347,51,0.17525,0.219083,5.520375,7.848125,3,0
input,2348,51,1.822583,0.17,8.70125,10.450333,2,0
input,2349,51,0.171958,0.182459,4.381958,5.829833,1,0
input,2350,51,0.901,0.22375,3.728791,4.670833,1,0
input,2351,51,0.187375,0.183208,2.571167,3.861667,1,0
input,2352,51,0.202625,0.149333,3.567208,4.427708,1,0
input,2353,51,0.149541,0.035791,2.442333,4.399541,0,
input,2354,51,0.397041,0.048125,2.343125,3.193833,0,
input,2355,51,0.182417,0.04325,1.937,2.675792,0,
input,2356,51,0.16525,0.368375,6.305042,9.250583,100,0
input,2357,51,0.141125,0.379541,3.510667,4.618,100,0
input,2358,51,0.167,0.353916,4.411666,5.488166,100,0
input,2359,51,0.188167,0.365125,5.044583,6.106833,100,0
input,2360,51,0.146292,0.036958,3.424875,5.649459,0,
input,2361,51,0.166125,0.044667,1.892333,2.70475,0,
input,2362,51,0.498625,0.048959,2.4345,3.093875,0,
input,2363,51,0.224458,52.719708,55.114416,55.941791,0,
input,2364,51,0.127833,50.448375,52.34775,53.087583,0,
input,2365,51,0.157416,51.149125,52.714875,53.305125,0,
input,2366,51,0.120292,51.491792,52.956458,53.583,0,
input,2367,51,1.896125,50.901875,54.092917,54.6145,0,
input,2368,51,0.093917,52.32525,53.539875,54.070292,0,
input,2369,51,0.108542,54.452416,55.858209,56.409875,0,
input,2370,51,0.098541,54.564416,55.818958,56.391666,0,
selection,2371,51,0.126209,0.033625,1.486042,2.536417,100,1
selection,2372,51,0.489125,0.022791,1.55775,2.529208,100,2
selection,2373,51,0.089209,0.020541,0.986625,1.702875,100,3
selection,2374,51,0.997041,0.029916,2.110208,2.976708,100,4
selection,2375,51,0.151083,0.042167,1.688375,3.007041,100,5
selection,2376,51,0.140542,0.034958,1.724667,5.333708,100,6
selection,2377,51,0.674458,0.030291,2.149166,5.65225,100,7
selection,2378,51,1.391375,0.032208,2.926542,6.570834,100,8
selection,2379,51,1.104959,0.046083,2.851792,7.138459,100,9
selection,2380,51,1.142208,0.039459,3.184417,6.823542,100,10
selection,2381,51,0.589291,0.047958,2.93725,6.990833,100,11
selection,2382,51,0.197916,0.045125,2.30425,6.241083,100,12
selection,2383,51,0.18825,0.039791,2.273625,5.658292,100,13
selection,2384,51,0.775583,0.037167,2.735833,6.39625,100,14
selection,2385,51,0.760333,0.046792,2.862958,6.828666,100,15
selection,2386,51,0.213625,0.048417,2.741791,6.751083,100,16
selection,2387,51,0.185666,0.038209,2.416958,5.861041,100,17
selection,2388,51,0.236625,0.040083,2.597625,6.531792,100,18
selection,2389,51,0.187958,0.046792,2.660458,6.757083,100,19
selection,2390,51,0.206625,0.053625,2.660083,6.643458,100,20
empty,2391,51,0.14225,0.032333,1.609042,3.71425,0,
invoke,2392,52,,,8.879416,9.541541,0,
input,2393,52,0.139,0.203792,6.169,8.300417,3,0
input,2394,52,2.27275,0.134334,9.699625,11.58025,2,0
input,2395,52,0.168459,0.163542,3.185542,4.775667,1,0
input,2396,52,7.98325,0.216791,10.859334,12.030709,1,0
input,2397,52,0.173375,0.178292,2.426791,3.330166,1,0
input,2398,52,0.271125,0.148166,3.470375,4.385791,1,0
input,2399,52,0.447542,0.03825,2.530583,4.414167,0,
input,2400,52,0.431833,0.042875,2.195208,3.012875,0,
input,2401,52,0.236458,0.041375,5.856083,6.55125,0,
input,2402,52,0.201083,0.361375,6.303916,9.112833,100,0
input,2403,52,0.152542,0.360208,3.367375,4.384583,100,0
input,2404,52,0.18225,0.333125,4.978416,5.939333,100,0
input,2405,52,0.186208,0.3615,4.996541,6.074708,100,0
input,2406,52,0.158083,0.041791,5.346833,7.501958,0,
input,2407,52,0.185375,0.035375,3.749458,4.452375,0,
input,2408,52,1.530209,0.047583,3.488667,4.23425,0,
input,2409,52,0.1475,52.460791,54.788791,55.649291,0,
input,2410,52,0.180875,50.318959,51.935833,52.659208,0,
input,2411,52,0.503833,50.664625,52.609667,53.217042,0,
input,2412,52,0.13125,50.43675,52.774791,53.347791,0,
input,2413,52,0.090667,51.504583,52.862625,53.481042,0,
input,2414,52,1.311417,51.354042,53.956125,54.491833,0,
input,2415,52,0.103917,52.239958,53.58625,54.168125,0,
input,2416,52,0.104042,55.623875,59.244417,59.831709,0,
selection,2417,52,0.125125,0.0295,1.468833,2.550666,100,1
selection,2418,52,1.903041,0.0355,2.999458,3.918708,100,2
selection,2419,52,0.130625,0.033375,1.373667,2.334167,100,3
selection,2420,52,0.1315,0.032792,1.354375,2.350416,100,4
selection,2421,52,0.132166,0.028084,1.485208,2.8745,100,5
selection,2422,52,0.118,0.026667,1.415125,4.89475,100,6
selection,2423,52,1.522666,0.0465,3.345,7.391458,100,7
selection,2424,52,0.426167,0.037333,2.136417,6.100375,100,8
selection,2425,52,0.655916,0.039958,2.509666,6.538583,100,9
selection,2426,52,0.406125,0.047834,2.610792,6.999667,100,10
selection,2427,52,0.224,0.0495,2.341166,6.466083,100,11
selection,2428,52,0.220709,0.056708,2.415542,6.60025,100,12
selection,2429,52,0.219667,0.044375,2.339917,6.035458,100,13
selection,2430,52,0.180958,0.039958,2.330666,6.251916,100,14
selection,2431,52,0.208791,0.051042,2.665041,6.523166,100,15
selection,2432,52,0.173875,0.038833,2.391416,6.2625,100,16
selection,2433,52,0.229916,0.054417,2.80775,6.777958,100,17
selection,2434,52,0.205709,0.0455,2.602959,6.257709,100,18
selection,2435,52,0.179083,0.033584,2.239666,5.700375,100,19
selection,2436,52,0.185709,0.039916,2.698625,6.433709,100,20
empty,2437,52,0.143417,0.090083,2.033917,4.416042,0,
invoke,2438,53,,,6.438625,8.324708,0,
input,2439,53,0.184708,0.195042,5.92825,8.374958,3,0
input,2440,53,0.165958,0.217459,3.638291,5.358916,2,0
input,2441,53,1.330458,0.191333,3.743792,5.419625,1,0
input,2442,53,3.927583,0.231084,6.887083,7.945667,1,0
input,2443,53,0.188,0.172791,2.363375,3.33025,1,0
input,2444,53,0.194875,0.155375,2.572375,3.562834,1,0
input,2445,53,0.162042,0.0395,4.117958,6.146958,0,
input,2446,53,0.1865,0.062667,2.352834,3.110459,0,
input,2447,53,0.184125,0.03925,1.865125,2.5995,0,
input,2448,53,0.20975,0.414875,7.054583,10.228291,100,0
input,2449,53,0.159,0.342292,3.271042,4.195833,100,0
input,2450,53,0.195291,0.341667,7.146541,8.027583,100,0
input,2451,53,0.186916,0.353334,4.837333,5.970875,100,0
input,2452,53,0.159167,0.039291,4.378042,6.656333,0,
input,2453,53,0.206708,0.045958,2.221791,3.059708,0,
input,2454,53,0.182167,0.038959,1.722292,2.391625,0,
input,2455,53,0.16925,53.367083,57.578375,58.344834,0,
input,2456,53,0.182333,50.664042,52.598625,53.225375,0,
input,2457,53,0.974167,51.058917,53.4285,54.088042,0,
input,2458,53,0.108833,52.922375,54.286167,54.828333,0,
input,2459,53,0.113833,50.756291,52.137375,52.707792,0,
input,2460,53,1.973208,54.57775,57.769417,58.310667,0,
input,2461,53,0.094083,53.579125,54.743458,55.221083,0,
input,2462,53,1.23,53.040083,55.478958,55.999417,0,
selection,2463,53,0.330375,0.029,1.782708,2.852458,100,1
selection,2464,53,0.1155,0.023167,1.405875,2.347625,100,2
selection,2465,53,0.738667,0.035,1.9615,3.101625,100,3
selection,2466,53,0.110209,0.025334,1.22525,2.323042,100,4
selection,2467,53,1.751,0.044625,3.350625,4.705834,100,5
selection,2468,53,0.145459,0.032333,1.434834,4.70175,100,6
selection,2469,53,0.138334,0.033042,1.483709,4.275792,100,7
selection,2470,53,0.1435,0.035167,1.576167,5.113,100,8
selection,2471,53,0.86275,0.038167,2.603208,6.33875,100,9
selection,2472,53,0.791875,0.040541,2.51175,5.999417,100,10
selection,2473,53,1.664458,0.0445,3.3255,7.324083,100,11
selection,2474,53,0.651292,0.063542,2.934208,6.711875,100,12
selection,2475,53,0.214334,0.052958,2.444167,6.13925,100,13
selection,2476,53,0.300625,0.046333,2.282,5.917125,100,14
selection,2477,53,0.686125,0.067375,3.19925,7.370458,100,15
selection,2478,53,0.222,0.053834,2.478041,5.97575,100,16
selection,2479,53,0.202708,0.04675,2.533291,5.999416,100,17
selection,2480,53,0.216125,0.043375,2.335459,5.993417,100,18
selection,2481,53,0.250625,0.039458,2.542833,6.28925,100,19
selection,2482,53,0.269,0.066875,2.786875,6.862917,100,20
empty,2483,53,0.148458,0.032875,5.323708,7.518416,0,
invoke,2484,54,,,3.962625,4.624292,0,
input,2485,54,0.184667,0.170958,5.559875,7.674459,3,0
input,2486,54,2.284042,0.212083,5.161167,7.013792,2,0
input,2487,54,1.750625,0.168125,4.147417,5.729917,1,0
input,2488,54,2.666708,0.155416,5.071916,6.158041,1,0
input,2489,54,0.229833,0.173667,2.660708,3.667708,1,0
input,2490,54,0.22525,0.134167,2.160791,3.136083,1,0
input,2491,54,0.350375,0.036041,2.54,4.30575,0,
input,2492,54,0.239375,0.038833,4.149875,4.910375,0,
input,2493,54,1.394333,0.045375,3.282291,4.134541,0,
input,2494,54,0.195583,0.34925,4.907292,7.847583,100,0
input,2495,54,1.532083,0.419875,4.833625,5.969458,100,0
input,2496,54,0.18025,0.393792,3.139875,4.258916,100,0
input,2497,54,0.124291,0.382833,2.76475,3.717708,100,0
input,2498,54,0.149708,0.037958,3.606458,5.931583,0,
input,2499,54,0.721584,0.053625,2.777667,3.703292,0,
input,2500,54,0.17225,0.034458,1.624,2.358875,0,
input,2501,54,0.307542,54.712166,58.3715,59.221417,0,
input,2502,54,0.162792,50.723709,52.840084,53.620292,0,
input,2503,54,0.192666,50.671875,52.979708,53.606541,0,
input,2504,54,1.521458,51.49975,54.421458,55.047625,0,
input,2505,54,0.119167,52.571875,53.912959,54.4465,0,
input,2506,54,0.090666,52.027458,53.275333,53.842833,0,
input,2507,54,0.107084,53.100959,56.811042,57.345834,0,
input,2508,54,0.101416,52.426958,53.961333,54.496541,0,
selection,2509,54,0.134667,0.0355,1.661917,2.82425,100,1
selection,2510,54,0.355458,0.029333,1.622083,2.61625,100,2
selection,2511,54,0.078917,0.020333,0.997292,1.832625,100,3
selection,2512,54,0.172834,0.043541,1.501417,2.493875,100,4
selection,2513,54,0.123458,0.031958,1.581417,2.997583,100,5
selection,2514,54,0.117,0.028458,1.419541,4.825041,100,6
selection,2515,54,0.141959,0.030584,1.629584,4.987042,100,7
selection,2516,54,0.193708,0.048166,2.073667,5.79375,100,8
selection,2517,54,0.23075,0.052958,2.112333,5.815792,100,9
selection,2518,54,0.163458,0.049541,1.914916,5.376458,100,10
selection,2519,54,0.260625,0.041792,2.261584,6.167667,100,11
selection,2520,54,1.353125,0.042833,3.297541,7.02225,100,12
selection,2521,54,0.62625,0.052958,2.750125,6.414959,100,13
selection,2522,54,0.511875,0.05075,2.577333,6.44875,100,14
selection,2523,54,0.390458,0.051209,2.690291,6.413375,100,15
selection,2524,54,0.28625,0.073083,2.736708,6.630916,100,16
selection,2525,54,0.229083,0.063,2.798875,6.203417,100,17
selection,2526,54,0.196083,0.050375,2.305541,6.042791,100,18
selection,2527,54,0.167709,0.042541,2.304417,5.861334,100,19
selection,2528,54,0.590416,0.058459,3.11725,6.710333,100,20
empty,2529,54,0.143417,0.035583,5.581208,7.787292,0,
invoke,2530,55,,,4.1255,4.835416,0,
input,2531,55,0.169959,0.221416,5.721375,8.052292,3,0
input,2532,55,0.193125,0.2255,3.160125,5.520541,2,0
input,2533,55,0.165042,0.151458,2.331209,4.099084,1,0
input,2534,55,0.199916,0.156959,2.73075,3.845416,1,0
input,2535,55,0.224125,0.13575,3.395125,4.319125,1,0
input,2536,55,0.313083,0.185416,2.764708,3.627041,1,0
input,2537,55,0.148,0.044709,2.309625,4.108375,0,
input,2538,55,0.181792,0.041125,2.063125,2.81875,0,
input,2539,55,0.956375,0.04725,2.941125,3.710209,0,
input,2540,55,0.176417,0.375083,5.010834,7.928125,100,0
input,2541,55,1.498167,0.397792,5.076583,6.179667,100,0
input,2542,55,1.649333,0.421583,5.269833,6.277125,100,0
input,2543,55,0.123709,0.359833,2.868,3.98675,100,0
input,2544,55,0.168291,0.035834,5.654791,7.611625,0,
input,2545,55,0.171417,0.032333,4.262167,5.003458,0,
input,2546,55,0.946083,0.045125,2.563583,3.334625,0,
input,2547,55,0.148667,51.361875,53.647458,54.427417,0,
input,2548,55,0.181959,50.40325,52.811917,53.478959,0,
input,2549,55,2.206917,51.040666,54.774875,55.396042,0,
input,2550,55,0.095958,51.790083,53.01375,53.634583,0,
input,2551,55,0.115375,51.985167,54.339625,54.929792,0,
input,2552,55,0.104708,51.842916,53.217083,53.79,0,
input,2553,55,1.5645,54.026167,56.7855,57.339875,0,
input,2554,55,0.507375,52.932166,54.648833,55.181541,0,
selection,2555,55,0.503666,0.039541,2.038541,3.089875,100,1
selection,2556,55,0.128125,0.026375,1.411834,2.280709,100,2
selection,2557,55,0.102459,0.026959,1.20025,2.164875,100,3
selection,2558,55,0.123459,0.04075,1.2805,2.150042,100,4
selection,2559,55,0.438417,0.025417,1.634458,2.822625,100,5
selection,2560,55,0.118125,0.028542,1.372833,4.76075,100,6
selection,2561,55,0.146834,0.033916,1.4675,4.784917,100,7
selection,2562,55,0.148709,0.038542,1.563167,5.006167,100,8
selection,2563,55,0.283708,0.041083,2.017583,5.717833,100,9
selection,2564,55,0.933708,0.031416,2.467042,5.985167,100,10
selection,2565,55,2.206417,0.048,4.014375,7.726125,100,11
selection,2566,55,0.811125,0.047291,2.895291,6.797166,100,12
selection,2567,55,0.308916,0.050917,2.483166,6.126375,100,13
selection,2568,55,0.430208,0.048459,2.59875,6.531083,100,14
selection,2569,55,0.225041,0.046917,2.482791,5.812,100,15
selection,2570,55,0.661875,0.036208,2.660125,6.322583,100,16
selection,2571,55,0.668209,0.0515,2.875167,6.74975,100,17
selection,2572,55,0.211792,0.056542,2.597917,6.055458,100,18
selection,2573,55,0.221709,0.048,2.590625,6.349875,100,19
selection,2574,55,0.160042,0.04475,2.415,6.109084,100,20
empty,2575,55,0.163541,0.043917,2.314375,4.436625,0,
invoke,2576,56,,,4.479083,7.225041,0,
input,2577,56,0.154334,0.231875,5.796959,8.009417,3,0
input,2578,56,1.506417,0.2055,4.090875,6.004209,2,0
input,2579,56,0.180625,0.196125,2.869209,4.50775,1,0
input,2580,56,5.390083,0.211584,8.246083,9.410417,1,0
input,2581,56,3.745958,0.179708,5.9555,7.077458,1,0
input,2582,56,0.220375,0.192791,2.702917,3.653708,1,0
input,2583,56,0.155583,0.039875,2.88,4.792,0,
input,2584,56,0.194292,0.039125,3.978334,4.814375,0,
input,2585,56,1.098667,0.047333,2.916125,3.719917,0,
input,2586,56,0.163459,0.388459,5.205209,8.362459,100,0
input,2587,56,1.6675,0.429875,5.050875,6.234459,100,0
input,2588,56,1.783125,0.4245,4.950834,6.005209,100,0
input,2589,56,2.1125,0.469792,5.354458,6.46025,100,0
input,2590,56,0.109125,0.041583,2.186459,4.64,0,
input,2591,56,0.190041,0.03975,2.105333,2.96175,0,
input,2592,56,0.746292,0.039083,2.3325,3.025,0,
input,2593,56,0.179667,56.927,59.1355,59.9385,0,
input,2594,56,0.169542,50.965208,53.104667,53.903209,0,
input,2595,56,0.111084,50.788333,54.319542,54.925334,0,
input,2596,56,0.104292,52.26975,54.873875,55.51275,0,
input,2597,56,0.110708,51.780333,53.059208,53.589208,0,
input,2598,56,0.092083,52.216125,53.499292,54.059125,0,
input,2599,56,0.093834,52.452084,53.703,54.254334,0,
input,2600,56,0.096292,54.070042,55.475917,56.061417,0,
selection,2601,56,0.170959,0.051833,1.67375,2.820084,100,1
selection,2602,56,0.108791,0.0285,1.308875,2.386666,100,2
selection,2603,56,0.127083,0.027,1.321833,2.296625,100,3
selection,2604,56,1.2105,0.044416,2.8245,4.242583,100,4
selection,2605,56,0.171875,0.04525,1.678583,2.929708,100,5
selection,2606,56,0.177125,0.049583,1.946916,5.653333,100,6
selection,2607,56,0.141125,0.033417,1.578791,5.001208,100,7
selection,2608,56,0.633334,0.031125,2.268417,5.88925,100,8
selection,2609,56,1.110583,0.047166,3.14025,7.339625,100,9
selection,2610,56,0.222708,0.053666,2.396583,6.56575,100,10
selection,2611,56,0.233584,0.06,2.560292,6.743459,100,11
selection,2612,56,0.212375,0.047334,2.319417,6.000833,100,12
selection,2613,56,0.432792,0.028667,2.099583,5.393083,100,13
selection,2614,56,1.375292,0.049792,3.651959,7.454417,100,14
selection,2615,56,0.241833,0.038916,2.318125,5.314,100,15
selection,2616,56,1.286791,0.051208,3.721875,7.546208,100,16
selection,2617,56,0.213709,0.04225,2.517042,5.905334,100,17
selection,2618,56,0.469167,0.039042,2.788875,6.276208,100,18
selection,2619,56,0.535333,0.040375,2.846333,6.622375,100,19
selection,2620,56,0.170208,0.042208,2.505958,6.146166,100,20
empty,2621,56,0.15725,0.042292,2.071208,4.113333,0,
invoke,2622,57,,,13.770333,14.54625,0,
input,2623,57,0.560583,0.233042,9.897083,12.10425,3,0
input,2624,57,0.158125,0.172625,6.342375,8.039167,2,0
input,2625,57,0.207875,0.142666,5.303666,6.852625,1,0
input,2626,57,7.927,0.209458,10.24475,11.184959,1,0
input,2627,57,0.214333,0.173083,2.39675,3.297666,1,0
input,2628,57,0.194959,0.195042,3.906125,4.891417,1,0
input,2629,57,0.111958,0.036083,3.752625,5.669583,0,
input,2630,57,2.011708,0.045083,3.92,4.860166,0,
input,2631,57,0.214333,0.0445,2.041125,2.808958,0,
input,2632,57,0.145916,0.354625,5.460458,8.1445,100,0
input,2633,57,0.171,0.344542,3.319083,4.589625,100,0
input,2634,57,0.175375,0.389875,4.728125,5.791208,100,0
input,2635,57,0.177167,0.344125,3.050792,4.100458,100,0
input,2636,57,0.222958,0.037375,2.318708,4.672333,0,
input,2637,57,0.154417,0.0335,1.632417,2.382958,0,
input,2638,57,0.565125,0.050375,2.370083,3.05475,0,
input,2639,57,0.159916,52.729083,55.221791,56.072916,0,
input,2640,57,0.124208,51.089417,52.681041,53.312958,0,
input,2641,57,0.153416,50.865958,55.97725,56.679833,0,
input,2642,57,0.409292,51.303042,52.938875,53.503709,0,
input,2643,57,0.102625,51.262834,52.539292,53.097,0,
input,2644,57,0.101833,51.768208,53.312583,53.925875,0,
input,2645,57,0.644417,52.247042,54.107167,54.703625,0,
input,2646,57,0.112958,55.46125,56.727375,57.251958,0,
selection,2647,57,0.11025,0.029167,1.378584,2.367584,100,1
selection,2648,57,0.121833,0.033958,1.282458,2.342583,100,2
selection,2649,57,0.113958,0.028416,1.144,1.957708,100,3
selection,2650,57,0.135625,0.030708,1.27025,2.283834,100,4
selection,2651,57,0.131125,0.033458,1.311458,2.432625,100,5
selection,2652,57,0.108,0.028,1.357375,4.473292,100,6
selection,2653,57,1.5505,0.035042,2.999625,6.319542,100,7
selection,2654,57,1.704833,0.064917,3.474208,7.068708,100,8
selection,2655,57,0.843167,0.036292,2.585709,6.209125,100,9
selection,2656,57,0.971542,0.038583,2.578542,6.2125,100,10
selection,2657,57,1.583375,0.041084,3.368542,6.730542,100,11
selection,2658,57,1.377,0.038917,3.101083,7.031625,100,12
selection,2659,57,0.672125,0.0585,2.640792,6.275959,100,13
selection,2660,57,0.715041,0.035583,2.679458,6.648208,100,14
selection,2661,57,0.459792,0.0435,2.582333,6.158375,100,15
selection,2662,57,0.598458,0.038958,2.687833,6.255083,100,16
selection,2663,57,0.718334,0.04575,2.898125,6.37775,100,17
selection,2664,57,0.628292,0.036375,2.8595,6.0815,100,18
selection,2665,57,0.927833,0.048666,3.514,7.347291,100,19
selection,2666,57,0.170458,0.038208,2.57225,6.0015,100,20
empty,2667,57,0.197667,0.035667,1.876375,4.234917,0,
invoke,2668,58,,,5.799333,8.189125,0,
input,2669,58,0.178667,0.239667,5.871125,8.23275,3,0
input,2670,58,1.61375,0.204459,5.066083,7.102125,2,0
input,2671,58,0.850666,0.154417,3.128,4.613458,1,0
input,2672,58,2.826875,0.301792,5.404041,6.328541,1,0
input,2673,58,0.188667,0.141042,2.122417,2.902042,1,0
input,2674,58,0.221917,0.156125,4.665958,5.681125,1,0
input,2675,58,0.126666,0.041416,4.861708,7.160875,0,
input,2676,58,0.191875,0.047959,2.169792,2.999334,0,
input,2677,58,0.124083,0.046125,1.920666,2.722458,0,
input,2678,58,0.193084,0.364042,6.512292,9.392959,100,0
input,2679,58,0.131959,0.330834,3.111209,4.043875,100,0
input,2680,58,0.149416,0.356792,5.5715,6.759333,100,0
input,2681,58,0.165083,0.366708,6.269958,7.177333,100,0
input,2682,58,0.108,0.037042,2.493084,4.711459,0,
input,2683,58,3.974208,0.034459,5.491667,6.341542,0,
input,2684,58,0.502791,0.050416,2.244416,2.970666,0,
input,2685,58,0.170042,54.605209,56.555625,57.278833,0,
input,2686,58,0.160167,50.558375,52.381625,53.191834,0,
input,2687,58,0.165084,52.002958,56.835625,57.436959,0,
input,2688,58,0.149459,51.020291,53.556375,54.134875,0,
input,2689,58,0.120083,52.365125,53.647375,54.129292,0,
input,2690,58,1.15925,53.064416,55.346958,55.917417,0,
input,2691,58,1.596375,53.0115,55.694625,56.2105,0,
input,2692,58,1.76,53.911583,56.899792,57.494125,0,
selection,2693,58,0.225042,0.028666,1.572542,2.593417,100,1
selection,2694,58,0.138708,0.032625,1.667208,2.76,100,2
selection,2695,58,0.148666,0.03425,1.417166,2.365916,100,3
selection,2696,58,0.159792,0.032792,1.403375,2.372959,100,4
selection,2697,58,0.135667,0.041041,1.687708,3.004958,100,5
selection,2698,58,0.132875,0.028333,1.358166,4.860541,100,6
selection,2699,58,0.141125,0.033792,1.522,4.532542,100,7
selection,2700,58,0.14675,0.040833,1.80975,5.555417,100,8
selection,2701,58,0.1115,0.028541,1.567209,5.188625,100,9
selection,2702,58,0.150917,0.040417,1.8405,5.472,100,10
selection,2703,58,0.840667,0.049542,2.717458,6.331667,100,11
selection,2704,58,0.181042,0.049625,2.237209,6.178875,100,12
selection,2705,58,0.206041,0.05075,2.216916,5.69275,100,13
selection,2706,58,0.210875,0.058875,2.3805,6.348167,100,14
selection,2707,58,0.225042,0.054084,2.481,6.115459,100,15
selection,2708,58,0.234167,0.057167,2.297375,5.739083,100,16
selection,2709,58,0.168584,0.051917,2.266084,6.105834,100,17
selection,2710,58,0.186583,0.046958,2.343583,6.221333,100,18
selection,2711,58,0.141083,0.03775,2.329583,5.746917,100,19
selection,2712,58,0.163542,0.044083,2.367208,6.1295,100,20
empty,2713,58,0.092667,0.027542,1.566417,3.785459,0,
invoke,2714,59,,,3.899167,4.564833,0,
input,2715,59,1.081833,0.237333,7.099708,9.182958,3,0
input,2716,59,0.146125,0.150959,6.809875,8.539459,2,0
input,2717,59,7.1395,0.224042,10.110291,12.017875,1,0
input,2718,59,3.352417,0.210084,5.9965,7.098959,1,0
input,2719,59,0.198791,0.16,2.475541,3.50975,1,0
input,2720,59,0.146417,0.175291,3.349292,4.311042,1,0
input,2721,59,0.149667,0.039334,3.509625,5.527209,0,
input,2722,59,0.169958,0.037458,2.2755,2.933416,0,
input,2723,59,0.190458,0.041666,1.8025,2.545917,0,
input,2724,59,0.178,0.384583,6.039125,8.912917,100,0
input,2725,59,0.132458,0.369792,3.152666,4.132375,100,0
input,2726,59,0.135875,0.345291,5.549208,6.483875,100,0
input,2727,59,0.16675,0.3515,4.450875,5.559166,100,0
input,2728,59,0.108333,0.034416,4.194833,6.387792,0,
input,2729,59,0.18925,0.032708,4.075,4.831166,0,
input,2730,59,1.058208,0.032042,2.412791,3.09525,0,
input,2731,59,0.194291,51.688125,53.873791,54.676875,0,
input,2732,59,0.150583,50.781917,52.54375,53.163125,0,
input,2733,59,0.656375,52.315333,54.4915,55.1025,0,
input,2734,59,1.878875,52.276917,55.55775,56.164458,0,
input,2735,59,2.075625,50.812833,54.066625,54.635083,0,
input,2736,59,0.090375,51.53375,53.030125,53.573792,0,
input,2737,59,0.101125,54.167708,56.382291,56.905583,0,
input,2738,59,0.10025,51.292875,52.526333,53.111583,0,
selection,2739,59,0.122833,0.034042,1.58525,2.665417,100,1
selection,2740,59,1.534208,0.033292,3.009916,4.183833,100,2
selection,2741,59,0.109292,0.0255,1.233792,2.170375,100,3
selection,2742,59,1.559917,0.027334,2.634875,3.51225,100,4
selection,2743,59,0.182542,0.048333,1.717375,3.01675,100,5
selection,2744,59,0.130875,0.036167,1.569375,4.889708,100,6
selection,2745,59,1.24625,0.032833,2.476958,5.37375,100,7
selection,2746,59,0.121375,0.028083,1.461042,4.773417,100,8
selection,2747,59,0.210333,0.044416,1.999375,5.635208,100,9
selection,2748,59,0.162458,0.037083,1.949625,5.848333,100,10
selection,2749,59,0.191958,0.043625,1.971917,5.581667,100,11
selection,2750,59,0.264958,0.05775,2.202291,5.819875,100,12
selection,2751,59,0.1555,0.0365,1.91975,5.596125,100,13
selection,2752,59,0.269334,0.065833,2.501917,6.296375,100,14
selection,2753,59,0.191959,0.052375,2.344334,6.23525,100,15
selection,2754,59,0.223291,0.053584,2.376583,5.821375,100,16
selection,2755,59,0.156792,0.037334,2.149417,5.443167,100,17
selection,2756,59,0.551791,0.064709,3.027958,6.692458,100,18
selection,2757,59,0.628292,0.061291,3.262667,7.065334,100,19
selection,2758,59,0.176375,0.07725,2.518667,6.211334,100,20
empty,2759,59,0.170375,0.036209,3.74125,5.869375,0,
