operation,sample,cycle,dispatch_ms,controller_ms,graph_ms,draw_proxy_ms,results,selected
invoke,0,0,,,6.867167,7.949042,0,
input,1,0,10.470667,0.294,36.272792,41.33475,3,0
input,2,0,0.140958,0.108959,3.098833,5.129458,2,0
input,3,0,0.125958,0.13325,2.022208,3.239125,1,0
input,4,0,0.130167,0.151333,3.7005,4.419792,1,0
input,5,0,2.004792,0.145959,5.950958,6.867208,1,0
input,6,0,1.479875,0.162417,5.063625,5.837916,1,0
input,7,0,1.576417,0.038875,5.440625,7.453042,0,
input,8,0,2.413625,0.047167,6.927709,7.726792,0,
input,9,0,1.075833,0.040458,4.93525,5.681708,0,
input,10,0,1.707125,0.38825,7.94125,11.907167,100,0
input,11,0,0.118083,0.309417,2.611916,3.37525,100,0
input,12,0,0.438667,0.383958,6.646917,7.589583,100,0
input,13,0,0.182459,0.37425,4.266125,5.315375,100,0
input,14,0,0.0945,0.0335,3.236125,5.135708,0,
input,15,0,3.663584,0.039417,4.996584,5.616459,0,
input,16,0,2.085041,0.036833,5.189666,5.794666,0,
input,17,0,0.162083,53.254208,54.965958,55.582083,0,
input,18,0,0.154833,50.828709,52.407333,52.980541,0,
input,19,0,0.113959,49.913084,55.043292,55.642834,0,
input,20,0,0.123625,50.05175,54.22675,54.811959,0,
input,21,0,0.794084,51.821333,53.775667,54.259625,0,
input,22,0,0.088084,51.385208,52.610917,53.187125,0,
input,23,0,0.102917,51.329083,53.324917,53.862833,0,
input,24,0,0.203375,53.585292,57.6175,58.177291,0,
selection,25,0,0.302125,0.035209,1.720042,2.896709,100,1
selection,26,0,0.133458,0.033709,1.319792,2.301042,100,2
selection,27,0,1.4315,0.032875,2.696791,3.721041,100,3
selection,28,0,0.121208,0.026375,1.205542,2.0085,100,4
selection,29,0,1.005292,0.030875,2.161667,3.225,100,5
selection,30,0,0.135458,0.033667,1.535708,4.895083,100,6
selection,31,0,0.118125,0.027,1.327417,4.185,100,7
selection,32,0,0.368,0.036667,1.849917,5.384709,100,8
selection,33,0,1.319417,0.039666,3.057459,6.519834,100,9
selection,34,0,1.138,0.037834,2.94575,6.534042,100,10
selection,35,0,1.009417,0.034416,2.825625,6.607875,100,11
selection,36,0,1.481458,0.043375,3.582208,7.483083,100,12
selection,37,0,0.371375,0.062667,2.760708,7.111208,100,13
selection,38,0,0.219042,0.076958,2.148333,5.820458,100,14
selection,39,0,0.344459,0.042542,2.511834,6.510875,100,15
selection,40,0,0.178375,0.03925,2.225083,5.755958,100,16
selection,41,0,0.814375,0.037708,3.02725,7.018417,100,17
selection,42,0,1.083917,0.060333,3.954125,7.996667,100,18
selection,43,0,0.297291,0.057833,2.542583,6.5145,100,19
selection,44,0,0.13575,0.022375,1.970542,5.25375,100,20
empty,45,0,0.157958,0.042708,2.194,4.471875,0,
invoke,46,1,,,5.05925,5.787584,0,
input,47,1,0.182917,0.259583,7.507125,9.89775,3,0
input,48,1,2.357417,0.145208,9.04525,10.621,2,0
input,49,1,0.165125,0.156292,4.629208,6.230458,1,0
input,50,1,7.594,0.162,12.151333,13.330375,1,0
input,51,1,0.562,0.174917,5.104708,6.034583,1,0
input,52,1,0.809375,0.152833,4.536667,5.487083,1,0
input,53,1,1.23325,0.037333,6.976625,8.878125,0,
input,54,1,0.174542,0.0385,4.110917,4.963333,0,
input,55,1,1.380542,0.035834,5.202167,5.983792,0,
input,56,1,1.681584,0.387459,7.420584,10.319417,100,0
input,57,1,0.13375,0.360292,3.064167,3.999,100,0
input,58,1,0.339959,0.344167,7.045875,7.89675,100,0
input,59,1,0.260209,0.351375,3.229584,4.399625,100,0
input,60,1,0.217833,0.037667,4.328708,6.56175,0,
input,61,1,0.810333,0.036583,4.5705,5.337458,0,
input,62,1,1.808084,0.03325,5.433834,6.160875,0,
input,63,1,1.965834,50.764833,58.0485,58.794834,0,
input,64,1,0.131708,49.8765,51.904542,52.570958,0,
input,65,1,0.112042,50.810375,53.590958,54.177333,0,
input,66,1,0.247041,51.99775,55.75075,56.313958,0,
input,67,1,0.319541,49.452792,51.014125,51.556,0,
input,68,1,0.113584,53.705625,54.953917,55.461417,0,
input,69,1,0.094958,52.120667,55.661,56.210542,0,
input,70,1,0.097792,53.772834,57.789625,58.421667,0,
selection,71,1,1.225875,0.028583,2.546333,3.579416,100,1
selection,72,1,0.11375,0.023875,1.11625,1.996666,100,2
selection,73,1,0.260084,0.029084,1.421042,2.459375,100,3
selection,74,1,0.147625,0.032333,1.311833,2.145333,100,4
selection,75,1,0.190416,0.03775,1.567125,2.895375,100,5
selection,76,1,0.114333,0.024917,1.338583,4.462458,100,6
selection,77,1,0.182167,0.057709,1.675667,4.756833,100,7
selection,78,1,0.949875,0.027541,2.2765,5.517916,100,8
selection,79,1,1.7515,0.03475,3.401875,6.988333,100,9
selection,80,1,0.196375,0.052583,1.924916,5.628708,100,10
selection,81,1,0.1565,0.036042,1.98575,6.1435,100,11
selection,82,1,0.256625,0.062333,2.136625,5.985208,100,12
selection,83,1,0.206958,0.03375,2.128083,6.261541,100,13
selection,84,1,0.313625,0.04175,2.2875,6.460584,100,14
selection,85,1,0.216708,0.056166,2.47,6.141166,100,15
selection,86,1,0.1735,0.032875,1.864042,5.334334,100,16
selection,87,1,0.23325,0.052625,2.648333,6.357667,100,17
selection,88,1,0.192375,0.046917,2.516292,6.292084,100,18
selection,89,1,0.191541,0.043583,2.66625,6.398916,100,19
selection,90,1,0.249792,0.058167,2.872333,6.633,100,20
empty,91,1,0.133041,0.035458,2.832125,4.988458,0,
invoke,92,2,,,4.215416,4.853708,0,
input,93,2,1.070167,0.137458,5.413875,7.387042,3,0
input,94,2,1.322042,0.159125,6.673167,8.531958,2,0
input,95,2,0.19625,0.188167,2.680042,4.167292,1,0
input,96,2,5.400667,0.157875,10.156375,11.1455,1,0
input,97,2,0.588542,0.1645,7.2195,8.170958,1,0
input,98,2,0.217666,0.173125,2.708833,3.653375,1,0
input,99,2,0.884542,0.037584,4.659625,6.5955,0,
input,100,2,0.992167,0.047542,5.187917,5.996833,0,
input,101,2,1.330917,0.036292,5.023417,5.809917,0,
input,102,2,1.758792,0.342,9.010542,12.159917,100,0
input,103,2,0.1215,0.315208,2.759583,3.612041,100,0
input,104,2,1.751708,0.339125,6.60075,7.537583,100,0
input,105,2,0.79225,0.35075,5.066583,6.089667,100,0
input,106,2,0.65125,0.034,4.071875,6.287,0,
input,107,2,1.401292,0.040792,6.963792,7.633542,0,
input,108,2,0.184125,0.0405,3.9045,4.614416,0,
input,109,2,1.897041,51.7065,57.391083,58.134458,0,
input,110,2,0.1745,50.818417,54.072666,54.8055,0,
input,111,2,0.149625,49.85475,51.646125,52.205791,0,
input,112,2,0.118541,50.331125,53.453916,53.9975,0,
input,113,2,0.759459,50.875166,52.813459,53.354209,0,
input,114,2,0.101375,52.021541,53.226542,53.847875,0,
input,115,2,0.115041,52.418083,53.877208,54.421583,0,
input,116,2,0.458333,52.528417,58.208,58.784458,0,
selection,117,2,0.842375,0.044708,2.375625,3.674542,100,1
selection,118,2,0.1425,0.029459,1.300166,2.239875,100,2
selection,119,2,0.116708,0.030916,1.397041,2.318666,100,3
selection,120,2,0.109625,0.020708,1.105917,1.879084,100,4
selection,121,2,0.803,0.032,2.077416,3.387708,100,5
selection,122,2,0.1415,0.035375,1.558375,4.739167,100,6
selection,123,2,0.157042,0.041167,1.626458,5.020583,100,7
selection,124,2,0.171416,0.036,1.859583,5.30925,100,8
selection,125,2,0.951208,0.037333,2.675625,6.245167,100,9
selection,126,2,1.01975,0.034958,2.699417,6.577834,100,10
selection,127,2,0.176375,0.034417,1.84225,5.74775,100,11
selection,128,2,0.180375,0.042583,2.022875,6.000375,100,12
selection,129,2,0.198583,0.050584,2.296375,6.497042,100,13
selection,130,2,0.193833,0.04275,2.216292,5.673625,100,14
selection,131,2,0.239042,0.060583,2.702334,6.395125,100,15
selection,132,2,0.221042,0.054333,2.348292,6.148375,100,16
selection,133,2,0.342667,0.070791,2.804334,6.431542,100,17
selection,134,2,0.294375,0.07625,2.806708,6.231,100,18
selection,135,2,0.306458,0.073416,2.877625,6.173708,100,19
selection,136,2,0.366209,0.053708,2.643084,6.449209,100,20
empty,137,2,0.193209,0.03825,3.4415,5.571667,0,
invoke,138,3,,,3.785792,4.455792,0,
input,139,3,0.157417,0.206375,5.752,7.747083,3,0
input,140,3,2.865042,0.126084,7.742083,9.344292,2,0
input,141,3,0.298375,0.161416,4.360209,5.866125,1,0
input,142,3,4.199792,0.191209,6.470709,7.357125,1,0
input,143,3,0.185875,0.143542,2.161875,3.095167,1,0
input,144,3,0.215042,0.143875,3.17675,4.052833,1,0
input,145,3,1.10725,0.03525,4.771583,6.650708,0,
input,146,3,1.053166,0.030917,6.408625,7.051083,0,
input,147,3,0.4565,0.037875,4.143625,4.905709,0,
input,148,3,1.839292,0.387292,7.275209,9.861375,100,0
input,149,3,0.165875,0.330416,3.20175,4.243375,100,0
input,150,3,0.582834,0.3465,5.872042,6.807292,100,0
input,151,3,0.165416,0.3835,6.153083,7.227041,100,0
input,152,3,0.148542,0.042458,3.795583,5.836958,0,
input,153,3,0.320125,0.037,3.9615,4.614,0,
input,154,3,2.098708,0.037167,5.851375,6.642958,0,
input,155,3,1.734417,52.710792,58.196417,58.99575,0,
input,156,3,0.187666,50.3105,53.594791,54.207625,0,
input,157,3,0.109542,50.911666,52.355125,53.015459,0,
input,158,3,0.098,51.158666,54.538583,55.152458,0,
input,159,3,0.094083,50.836042,55.658792,56.175583,0,
input,160,3,0.100666,51.911,55.274583,55.839291,0,
input,161,3,0.086042,52.573417,56.515958,57.174333,0,
input,162,3,0.114,55.132,58.71975,59.253458,0,
selection,163,3,1.638667,0.048125,3.285167,4.449042,100,1
selection,164,3,0.14475,0.029792,1.290875,2.251958,100,2
selection,165,3,0.591792,0.024084,1.746542,2.760708,100,3
selection,166,3,0.134042,0.030583,1.222417,2.13675,100,4
selection,167,3,1.798708,0.045583,3.278708,4.738458,100,5
selection,168,3,3.426042,0.034417,4.875417,8.575958,100,6
selection,169,3,1.187458,0.032959,2.575083,6.078833,100,7
selection,170,3,1.466833,0.03225,2.848667,6.549292,100,8
selection,171,3,0.231708,0.0535,2.292792,6.4325,100,9
selection,172,3,0.224125,0.053583,2.11775,5.963833,100,10
selection,173,3,0.247416,0.059333,2.314,6.373791,100,11
selection,174,3,0.136166,0.02775,1.794583,4.982416,100,12
selection,175,3,0.20975,0.057375,2.333083,5.893,100,13
selection,176,3,0.206708,0.05575,2.268041,5.938541,100,14
selection,177,3,0.213916,0.047541,2.192375,5.458833,100,15
selection,178,3,0.164875,0.039917,2.346791,6.135583,100,16
selection,179,3,0.235375,0.062917,2.352625,6.092166,100,17
selection,180,3,6.331042,0.043708,8.657167,12.507959,100,18
selection,181,3,0.27675,0.065917,2.84675,6.784709,100,19
selection,182,3,0.293833,0.073333,2.983916,6.560541,100,20
empty,183,3,0.163208,0.042125,2.861291,5.089666,0,
invoke,184,4,,,3.887292,4.576375,0,
input,185,4,0.172083,0.237833,6.104583,8.60225,3,0
input,186,4,0.546958,0.174292,5.918667,7.788583,2,0
input,187,4,0.205459,0.166416,4.640167,6.066209,1,0
input,188,4,1.344709,0.176541,6.490667,7.505334,1,0
input,189,4,0.324916,0.130833,4.218458,5.1315,1,0
input,190,4,1.536833,0.129166,5.461208,6.37275,1,0
input,191,4,0.117083,0.032958,1.957042,4.510542,0,
input,192,4,0.1885,0.045167,2.207542,3.029792,0,
input,193,4,0.204625,0.035958,3.649875,4.426917,0,
input,194,4,1.833625,0.378792,9.106542,12.403167,100,0
input,195,4,0.15325,0.362417,3.105375,4.056834,100,0
input,196,4,0.221625,0.350042,3.382916,4.342875,100,0
input,197,4,0.391959,0.372542,4.702667,5.779334,100,0
input,198,4,0.516459,0.036375,4.423625,6.918084,0,
input,199,4,0.978208,0.0405,6.367375,7.046541,0,
input,200,4,0.777375,0.042834,4.019417,4.741209,0,
input,201,4,0.201,52.37825,54.492792,55.177375,0,
input,202,4,0.159959,49.8815,51.956625,52.757667,0,
input,203,4,0.156209,49.119833,52.566417,53.188959,0,
input,204,4,1.815334,51.0425,56.925792,57.527792,0,
input,205,4,0.681542,50.308666,52.106417,52.60075,0,
input,206,4,0.089542,51.382875,53.256375,53.71475,0,
input,207,4,0.1025,52.921791,54.807292,55.3575,0,
input,208,4,0.1125,52.460625,56.56775,57.046833,0,
selection,209,4,1.131083,0.037708,2.481333,3.46825,100,1
selection,210,4,0.174459,0.046166,1.426542,2.423959,100,2
selection,211,4,0.871583,0.025167,1.964,2.898541,100,3
selection,212,4,0.139958,0.028333,1.188583,1.966792,100,4
selection,213,4,0.129459,0.032084,1.2705,2.248625,100,5
selection,214,4,0.134875,0.037667,1.565333,5.247875,100,6
selection,215,4,1.055292,0.046375,2.631959,5.960792,100,7
selection,216,4,1.513792,0.042458,3.232167,6.565667,100,8
selection,217,4,1.290292,0.035167,2.935042,6.496292,100,9
selection,218,4,1.287375,0.034584,3.06375,6.870209,100,10
selection,219,4,0.740583,0.032917,2.550458,6.409125,100,11
selection,220,4,0.687708,0.04,2.691333,6.320166,100,12
selection,221,4,2.113417,0.037833,4.066792,7.62875,100,13
selection,222,4,0.834209,0.04425,2.9115,6.234667,100,14
selection,223,4,0.918417,0.0405,3.038375,6.959583,100,15
selection,224,4,0.343125,0.081791,2.643584,6.271,100,16
selection,225,4,0.372709,0.04875,2.543834,6.220042,100,17
selection,226,4,0.666667,0.0395,2.8835,6.132292,100,18
selection,227,4,0.922917,0.042083,3.060167,6.529583,100,19
selection,228,4,0.813459,0.035792,2.967209,6.026042,100,20
empty,229,4,0.698083,0.043209,2.60725,4.860666,0,
invoke,230,5,,,5.393625,7.863084,0,
input,231,5,0.131792,0.226083,7.5305,9.419542,3,0
input,232,5,0.172958,0.166084,8.446417,10.500542,2,0
input,233,5,4.954084,0.195958,10.131125,11.991167,1,0
input,234,5,0.259125,0.140833,4.90675,5.760333,1,0
input,235,5,0.899875,0.141,5.052542,6.09475,1,0
input,236,5,1.14625,0.17625,6.903416,7.764375,1,0
input,237,5,0.143167,0.050375,3.835917,5.671875,0,
input,238,5,1.504167,0.031375,5.526167,6.337042,0,
input,239,5,1.518666,0.046917,5.17,5.99575,0,
input,240,5,1.799208,0.379291,7.85025,10.758041,100,0
input,241,5,0.162916,0.366167,4.612458,5.597208,100,0
input,242,5,0.191708,0.336708,3.061583,4.046625,100,0
input,243,5,0.406833,0.362667,5.046958,6.13825,100,0
input,244,5,0.512666,0.037375,4.345666,6.426291,0,
input,245,5,1.016875,0.034208,4.254,4.968375,0,
input,246,5,0.171375,0.036417,1.692458,2.42075,0,
input,247,5,0.1505,51.657291,53.824916,54.604041,0,
input,248,5,0.157334,49.877625,52.493334,53.152792,0,
input,249,5,0.118375,51.913208,53.247875,53.775083,0,
input,250,5,0.100792,52.268958,55.550875,56.109,0,
input,251,5,0.114959,49.766667,51.908584,52.52725,0,
input,252,5,0.111458,50.740625,51.977958,52.449375,0,
input,253,5,0.11275,50.37125,51.906584,52.470667,0,
input,254,5,0.103875,52.64125,53.951375,54.487708,0,
selection,255,5,1.272333,0.041416,2.910208,4.031916,100,1
selection,256,5,0.126375,0.025334,1.10525,1.955583,100,2
selection,257,5,0.092333,0.023125,1.019958,1.777208,100,3
selection,258,5,0.146417,0.041458,1.609458,2.830417,100,4
selection,259,5,1.273667,0.037417,2.834334,4.302375,100,5
selection,260,5,0.143625,0.031625,1.425958,4.867,100,6
selection,261,5,0.153958,0.028541,1.503375,4.505625,100,7
selection,262,5,0.150291,0.044167,1.77675,5.464208,100,8
selection,263,5,0.586459,0.046958,2.238209,5.74125,100,9
selection,264,5,1.256416,0.072833,3.560666,7.323291,100,10
selection,265,5,0.21625,0.052125,2.249125,5.942667,100,11
selection,266,5,0.577625,0.06,2.664666,6.276916,100,12
selection,267,5,0.572625,0.056416,2.68275,6.079375,100,13
selection,268,5,0.148083,0.031792,2.093375,5.736375,100,14
selection,269,5,0.232459,0.059292,2.347959,5.760667,100,15
selection,270,5,0.227916,0.053166,2.407333,6.120541,100,16
selection,271,5,0.19625,0.041958,2.328708,6.251875,100,17
selection,272,5,0.264833,0.0735,2.849916,7.230916,100,18
selection,273,5,0.158625,0.042375,2.250625,5.684209,100,19
selection,274,5,0.191542,0.044125,2.312917,5.842833,100,20
empty,275,5,0.127667,0.044833,2.143208,4.494083,0,
invoke,276,6,,,11.979708,12.646,0,
input,277,6,1.316292,0.243583,8.949583,10.996167,3,0
input,278,6,3.08675,0.12125,8.569375,10.219708,2,0
input,279,6,0.267459,0.145958,5.159917,6.611625,1,0
input,280,6,8.240166,0.131417,11.994458,12.978166,1,0
input,281,6,1.58725,0.142375,5.53575,6.518958,1,0
input,282,6,1.325583,0.155125,5.452416,6.4865,1,0
input,283,6,0.133667,0.038625,2.372459,4.886792,0,
input,284,6,0.18725,0.051042,2.435917,3.208375,0,
input,285,6,0.309292,0.04425,5.656,6.438584,0,
input,286,6,0.896792,0.385042,7.041584,9.998584,100,0
input,287,6,0.135667,0.351541,3.233792,4.267875,100,0
input,288,6,0.148,0.353083,4.612667,5.621084,100,0
input,289,6,0.181875,0.374083,4.04925,5.242917,100,0
input,290,6,0.39275,0.038542,5.721459,7.650792,0,
input,291,6,0.26425,0.0365,3.82825,4.49425,0,
input,292,6,2.179042,0.034333,5.920667,6.654709,0,
input,293,6,1.80925,51.817666,57.112292,57.86425,0,
input,294,6,0.269875,50.437667,53.529834,54.239625,0,
input,295,6,0.1305,50.310083,51.84825,52.44325,0,
input,296,6,0.118958,50.178209,56.178458,56.737083,0,
input,297,6,7.545875,50.931167,60.95775,61.518416,0,
input,298,6,0.093417,51.283459,52.61925,53.236042,0,
input,299,6,0.117875,54.983792,56.385917,56.981542,0,
input,300,6,0.10825,52.50675,53.738875,54.261417,0,
selection,301,6,1.307666,0.038542,2.978666,4.217125,100,1
selection,302,6,0.109375,0.021875,1.16725,2.023,100,2
selection,303,6,0.150417,0.037875,1.44275,2.464208,100,3
selection,304,6,0.092667,0.021959,1.156333,1.97,100,4
selection,305,6,0.190416,0.062125,1.693208,2.8235,100,5
selection,306,6,0.102584,0.023042,1.287792,4.889959,100,6
selection,307,6,0.160625,0.047125,1.65525,4.895666,100,7
selection,308,6,0.215375,0.069333,1.929458,5.786667,100,8
selection,309,6,0.406667,0.045666,2.090542,5.433208,100,9
selection,310,6,1.323291,0.058083,3.405875,7.413083,100,10
selection,311,6,0.178334,0.037792,1.870417,5.841334,100,11
selection,312,6,0.664833,0.052667,2.584,6.0925,100,12
selection,313,6,0.896833,0.0855,3.395666,7.451041,100,13
selection,314,6,0.20675,0.048583,2.435959,6.220084,100,14
selection,315,6,0.190083,0.046041,2.529416,6.560875,100,15
selection,316,6,0.21375,0.0565,2.427625,6.318667,100,16
selection,317,6,0.225042,0.04725,2.692125,6.366333,100,17
selection,318,6,0.688083,0.04725,3.168541,7.177791,100,18
selection,319,6,0.252041,0.067291,2.915916,6.699333,100,19
selection,320,6,0.212458,0.0545,2.774917,6.564042,100,20
empty,321,6,0.15825,0.036667,4.099583,6.443416,0,
invoke,322,7,,,4.08725,5.448209,0,
input,323,7,0.15025,0.1605,6.346541,8.635333,3,0
input,324,7,2.472291,0.125042,8.8015,10.64075,2,0
input,325,7,0.190625,0.153917,3.410125,4.992167,1,0
input,326,7,8.004459,0.118625,12.019292,12.92725,1,0
input,327,7,1.396708,0.173292,7.102667,7.952,1,0
input,328,7,0.193833,0.173125,3.499833,4.371708,1,0
input,329,7,1.467833,0.04075,5.770958,7.660791,0,
input,330,7,4.01675,0.035,5.555625,6.292791,0,
input,331,7,1.2025,0.046416,5.377083,6.18925,0,
input,332,7,1.273459,0.355333,8.553417,11.533,100,0
input,333,7,0.130709,0.32475,3.3115,4.367084,100,0
input,334,7,0.20475,0.323792,4.033792,4.995084,100,0
input,335,7,0.906375,0.370792,5.754875,6.839417,100,0
input,336,7,0.294709,0.044833,4.463625,6.502167,0,
input,337,7,0.758542,0.03375,4.515709,5.2715,0,
input,338,7,1.885792,0.034375,5.661417,6.445042,0,
input,339,7,1.692292,53.191875,58.709917,59.521084,0,
input,340,7,0.213792,50.156458,51.968333,52.668042,0,
input,341,7,0.140667,49.654583,51.24225,51.880125,0,
input,342,7,0.729917,50.540709,56.090209,56.675292,0,
input,343,7,0.323125,51.389875,54.542833,55.10425,0,
input,344,7,1.615667,54.941458,59.108333,59.702458,0,
input,345,7,0.121334,56.356917,60.850417,61.569,0,
input,346,7,1.36425,54.771292,61.263375,61.953042,0,
selection,347,7,0.1585,0.042625,1.597791,2.6445,100,1
selection,348,7,0.161333,0.039667,1.361416,2.260916,100,2
selection,349,7,0.124875,0.032875,1.170125,1.976875,100,3
selection,350,7,0.115709,0.028875,1.207042,1.976209,100,4
selection,351,7,0.167708,0.041125,1.323792,2.416042,100,5
selection,352,7,0.151209,0.042083,1.537709,4.428625,100,6
selection,353,7,0.299791,0.036917,1.47475,4.193,100,7
selection,354,7,0.157542,0.044334,1.408875,3.950334,100,8
selection,355,7,0.165833,0.041416,1.669333,4.399208,100,9
selection,356,7,0.227334,0.037416,1.728125,4.508625,100,10
selection,357,7,0.138375,0.035375,1.34225,3.7695,100,11
selection,358,7,0.131084,0.044333,1.588625,4.711209,100,12
selection,359,7,0.141542,0.038208,1.519084,4.4365,100,13
selection,360,7,0.813375,0.035,2.22075,4.945916,100,14
selection,361,7,0.151375,0.043709,1.652667,4.089625,100,15
selection,362,7,0.170209,0.045208,1.780709,4.640542,100,16
selection,363,7,0.161833,0.049834,1.886291,5.079333,100,17
selection,364,7,0.150875,0.044667,1.959542,4.4945,100,18
selection,365,7,0.153125,0.039,1.830875,4.793708,100,19
selection,366,7,0.129542,0.037333,1.946208,4.899708,100,20
empty,367,7,0.08625,0.025083,1.344458,2.911625,0,
invoke,368,8,,,4.77975,6.502875,0,
input,369,8,1.796708,0.10025,8.852375,10.460291,3,0
input,370,8,8.045333,0.119,13.664833,15.001583,2,0
input,371,8,1.183042,0.141542,7.5505,8.794417,1,0
input,372,8,0.257792,0.1225,5.565542,6.320875,1,0
input,373,8,0.368792,0.111958,5.5505,6.337083,1,0
input,374,8,0.419375,0.118833,6.73375,7.414542,1,0
input,375,8,0.082375,0.03075,5.16575,6.613125,0,
input,376,8,0.113083,0.030875,6.330458,6.867292,0,
input,377,8,0.109708,0.028459,5.595375,6.250541,0,
input,378,8,0.220458,0.307292,6.645541,8.676333,100,0
input,379,8,0.11025,0.317625,4.624166,5.538958,100,0
input,380,8,0.276875,0.355125,7.279792,8.111375,100,0
input,381,8,0.106166,0.365167,5.937916,6.84375,100,0
input,382,8,0.092833,0.035792,3.914875,5.528625,0,
input,383,8,0.105375,0.032042,5.560708,6.146292,0,
input,384,8,1.318,0.036167,6.153209,6.806167,0,
input,385,8,0.867875,52.562625,58.088041,58.681708,0,
input,386,8,0.122542,52.506375,57.70025,58.366375,0,
input,387,8,0.145417,53.528375,55.865667,56.564667,0,
input,388,8,0.119917,53.497292,55.906334,56.533,0,
input,389,8,0.146583,54.34175,57.4175,58.08925,0,
input,390,8,0.149916,54.749,56.332708,57.012166,0,
input,391,8,0.116083,54.663541,56.298708,56.94425,0,
input,392,8,0.118959,55.216959,58.335292,59.02675,0,
selection,393,8,1.287875,0.038958,2.862084,3.937167,100,1
selection,394,8,0.147291,0.044333,1.263541,2.068833,100,2
selection,395,8,0.117459,0.037208,1.145584,1.939709,100,3
selection,396,8,0.163916,0.037,1.564458,2.559666,100,4
selection,397,8,1.138125,0.041458,2.464584,3.657417,100,5
selection,398,8,0.127833,0.036917,1.482541,3.949541,100,6
selection,399,8,0.129042,0.033917,1.247542,3.714,100,7
selection,400,8,0.133416,0.035792,1.243166,3.8,100,8
selection,401,8,0.154875,0.044875,1.574125,4.328541,100,9
selection,402,8,0.159667,0.037209,1.558792,4.570167,100,10
selection,403,8,0.936958,0.034917,2.381292,5.169875,100,11
selection,404,8,2.141541,0.038417,3.786,6.592291,100,12
selection,405,8,1.887167,0.033708,3.405167,6.318875,100,13
selection,406,8,1.9355,0.040333,3.570083,6.510208,100,14
selection,407,8,1.7615,0.037375,3.409416,6.197458,100,15
selection,408,8,1.987333,0.036583,3.7025,6.731042,100,16
selection,409,8,1.623,0.038458,3.332958,6.251791,100,17
selection,410,8,1.611333,0.036875,3.312083,5.93875,100,18
selection,411,8,2.038125,0.043375,3.962916,6.934208,100,19
selection,412,8,1.4215,0.040875,3.270875,6.161917,100,20
empty,413,8,1.351041,0.030084,6.813208,8.2915,0,
invoke,414,9,,,5.981791,7.565833,0,
input,415,9,1.79825,0.118459,8.759625,10.288583,3,0
input,416,9,7.858292,0.108166,13.371375,14.660625,2,0
input,417,9,1.142875,0.121042,7.634667,8.752583,1,0
input,418,9,0.098042,0.097,4.903459,5.554417,1,0
input,419,9,0.115833,0.102583,1.564791,2.245791,1,0
input,420,9,0.112042,0.104125,1.536958,2.18175,1,0
input,421,9,0.073959,0.022125,1.266917,2.509584,0,
input,422,9,0.10275,0.021583,1.115625,1.649542,0,
input,423,9,0.106375,0.026291,1.261458,1.837791,0,
input,424,9,0.116584,0.298208,3.983209,5.962375,100,0
input,425,9,0.113375,0.305708,2.270958,2.97325,100,0
input,426,9,1.261875,0.326625,5.344709,6.118709,100,0
input,427,9,1.475041,0.365625,5.164166,6.002083,100,0
input,428,9,1.670542,0.030583,4.233417,5.996083,0,
input,429,9,0.150167,0.03325,1.450208,2.091458,0,
input,430,9,0.909792,0.034333,3.721625,4.413209,0,
input,431,9,0.11225,55.608125,57.043375,57.60525,0,
input,432,9,1.6205,49.931125,53.888083,54.441708,0,
input,433,9,0.09725,50.184125,51.434833,51.971917,0,
input,434,9,0.086167,50.287792,54.58875,55.09425,0,
input,435,9,1.062666,50.817084,55.616791,56.102666,0,
input,436,9,1.398125,51.833334,55.575583,56.112458,0,
input,437,9,1.642167,52.178417,55.956708,56.449542,0,
input,438,9,1.571875,51.5615,56.772625,57.222416,0,
selection,439,9,0.83275,0.036375,2.206041,3.221875,100,1
selection,440,9,0.087375,0.019167,0.974042,1.69,100,2
selection,441,9,0.206166,0.024541,1.225166,2.118791,100,3
selection,442,9,0.109791,0.022917,1.119833,1.916541,100,4
selection,443,9,0.659375,0.046208,2.12125,3.428875,100,5
selection,444,9,0.110083,0.028834,1.368917,4.653,100,6
selection,445,9,0.148083,0.037459,1.645625,5.099333,100,7
selection,446,9,0.574167,0.042,2.279875,5.736667,100,8
selection,447,9,1.20425,0.030291,2.743334,6.618875,100,9
selection,448,9,0.142541,0.031625,1.627916,5.242791,100,10
selection,449,9,0.143708,0.033667,1.802208,6.130666,100,11
selection,450,9,0.194334,0.04675,2.314042,5.892917,100,12
selection,451,9,0.176417,0.044416,2.103792,6.255042,100,13
selection,452,9,0.188667,0.036542,2.425792,7.345917,100,14
selection,453,9,0.216,0.054709,2.564417,7.374125,100,15
selection,454,9,0.222959,0.05375,2.543709,6.902417,100,16
selection,455,9,0.201083,0.051459,2.656625,7.691958,100,17
selection,456,9,0.2055,0.07525,3.282584,7.926459,100,18
selection,457,9,1.334875,0.0715,4.223875,8.424458,100,19
selection,458,9,0.20125,0.054292,2.557666,6.625416,100,20
empty,459,9,0.119667,0.033917,1.851625,4.156167,0,
invoke,460,10,,,6.294542,7.000042,0,
input,461,10,0.187084,0.219042,7.180042,9.697792,3,0
input,462,10,0.167042,0.171125,6.124875,7.904542,2,0
input,463,10,8.399041,0.155666,13.105791,14.72775,1,0
input,464,10,8.316458,0.16725,12.952625,13.928417,1,0
input,465,10,0.681375,0.151875,6.886709,7.773125,1,0
input,466,10,0.219584,0.171041,3.455334,4.41125,1,0
input,467,10,0.80825,0.033458,4.100666,5.967125,0,
input,468,10,2.429209,0.048042,6.622,7.414167,0,
input,469,10,1.363042,0.034584,5.469,6.377208,0,
input,470,10,1.237917,0.343208,8.282042,11.374375,100,0
input,471,10,0.136,0.328833,2.872167,3.780958,100,0
input,472,10,0.222833,0.355375,5.341833,6.301417,100,0
input,473,10,0.199333,0.362292,4.591875,5.64825,100,0
input,474,10,0.42,0.0375,4.113209,6.624875,0,
input,475,10,0.141041,0.044459,5.521458,6.196375,0,
input,476,10,0.321625,0.041042,3.966334,4.671917,0,
input,477,10,2.076416,51.755584,57.034375,57.787166,0,
input,478,10,0.683209,49.562833,53.281834,53.975334,0,
input,479,10,0.166709,49.857459,51.37125,51.917667,0,
input,480,10,0.1195,51.322125,55.49275,56.027583,0,
input,481,10,0.121,53.202542,54.543417,55.105542,0,
input,482,10,0.749875,51.600583,53.503,54.038959,0,
input,483,10,0.075666,50.785042,51.985666,52.505875,0,
input,484,10,0.114458,50.792541,52.058958,52.56425,0,
selection,485,10,1.202416,0.039125,2.723958,3.815375,100,1
selection,486,10,0.176375,0.045542,1.509417,2.505375,100,2
selection,487,10,0.128458,0.032292,1.196875,2.071333,100,3
selection,488,10,0.116208,0.028417,1.128708,1.887375,100,4
selection,489,10,0.208708,0.023083,1.360791,2.501083,100,5
selection,490,10,0.096625,0.024,1.133875,3.824833,100,6
selection,491,10,0.128042,0.031875,1.363208,4.28275,100,7
selection,492,10,0.532875,0.034666,1.81425,4.5155,100,8
selection,493,10,0.182584,0.042041,1.642625,4.943167,100,9
selection,494,10,0.156625,0.040542,1.706792,4.896708,100,10
selection,495,10,0.146,0.037083,1.836417,4.815208,100,11
selection,496,10,0.190084,0.031291,2.041334,5.558417,100,12
selection,497,10,1.830875,0.042292,3.759709,6.991875,100,13
selection,498,10,1.221542,0.031083,3.143042,6.284917,100,14
selection,499,10,1.247541,0.032209,3.13625,6.295541,100,15
selection,500,10,1.368958,0.034,3.277292,6.617792,100,16
selection,501,10,1.279334,0.033542,3.433042,7.055125,100,17
selection,502,10,1.206084,0.040625,3.546084,7.322875,100,18
selection,503,10,0.268875,0.042292,2.476542,6.112792,100,19
selection,504,10,0.51625,0.039042,2.859,6.295875,100,20
empty,505,10,0.196291,0.049792,2.253416,4.559333,0,
invoke,506,11,,,5.719792,6.498709,0,
input,507,11,0.174667,0.231,6.654334,8.930375,3,0
input,508,11,2.921875,0.136,10.653333,12.55925,2,0
input,509,11,0.182375,0.166875,2.953292,4.60625,1,0
input,510,11,0.193125,0.19275,2.593542,3.5195,1,0
input,511,11,0.157708,0.138209,2.746292,3.633083,1,0
input,512,11,0.832958,0.135458,4.567333,5.354792,1,0
input,513,11,1.525041,0.035833,5.09525,6.888375,0,
input,514,11,0.170208,0.035333,1.569625,2.189833,0,
input,515,11,0.218833,0.035542,3.61475,4.396041,0,
input,516,11,1.936333,0.358041,7.507375,10.148042,100,0
input,517,11,0.157209,0.327666,5.164542,6.400084,100,0
input,518,11,0.248375,0.338166,5.2915,6.287875,100,0
input,519,11,0.287416,0.35225,5.906041,6.869541,100,0
input,520,11,0.829958,0.037333,4.8575,6.966375,0,
input,521,11,3.577583,0.033375,5.010417,5.697542,0,
input,522,11,1.500334,0.039875,5.004042,5.761584,0,
input,523,11,2.033167,55.172291,61.07925,62.062209,0,
input,524,11,0.129208,49.885125,51.464833,52.096583,0,
input,525,11,0.516709,51.8745,56.297417,56.86925,0,
input,526,11,0.697917,51.269,55.008917,55.570084,0,
input,527,11,1.559916,50.992667,53.819333,54.387708,0,
input,528,11,0.095,51.263584,52.492666,53.095458,0,
input,529,11,0.110792,51.500791,52.884875,53.434125,0,
input,530,11,1.366542,52.155042,57.142875,57.659708,0,
selection,531,11,0.258292,0.039167,1.709125,2.77425,100,1
selection,532,11,0.111584,0.031167,1.145709,2.101667,100,2
selection,533,11,1.073541,0.0235,2.01525,2.842708,100,3
selection,534,11,0.120375,0.029833,1.231625,2.1835,100,4
selection,535,11,0.728792,0.043375,1.864542,3.149458,100,5
selection,536,11,0.14875,0.0315,1.459667,4.655125,100,6
selection,537,11,0.336,0.037958,1.847209,5.32575,100,7
selection,538,11,1.429958,0.0305,2.93425,6.630875,100,8
selection,539,11,1.10525,0.028458,2.471792,5.798917,100,9
selection,540,11,1.673083,0.040375,3.470792,7.090917,100,10
selection,541,11,0.87075,0.037959,2.801042,6.60675,100,11
selection,542,11,0.608792,0.042791,2.49925,6.175042,100,12
selection,543,11,0.78675,0.035125,2.618583,6.187833,100,13
selection,544,11,0.923458,0.040083,3.058041,6.934791,100,14
selection,545,11,0.383625,0.068959,2.994208,6.922541,100,15
selection,546,11,1.196458,0.051709,3.492292,7.180375,100,16
selection,547,11,0.397,0.040208,2.1595,5.351292,100,17
selection,548,11,1.309,0.03925,3.582,6.924333,100,18
selection,549,11,0.798833,0.042834,3.185625,7.251458,100,19
selection,550,11,0.23675,0.058125,2.958208,7.003333,100,20
empty,551,11,0.117917,0.034083,1.760833,3.993083,0,
invoke,552,12,,,6.237833,6.91475,0,
input,553,12,1.561625,0.185083,8.949291,11.186291,3,0
input,554,12,0.479542,0.168208,5.807875,7.658292,2,0
input,555,12,0.194083,0.164375,4.990875,6.412166,1,0
input,556,12,8.457208,0.188458,14.785,15.624,1,0
input,557,12,0.206083,0.143875,3.478875,4.38225,1,0
input,558,12,1.029042,0.152958,4.683125,5.558959,1,0
input,559,12,1.368167,0.034667,4.868084,6.697959,0,
input,560,12,2.917875,0.030292,7.274125,8.17175,0,
input,561,12,0.735667,0.037084,6.38625,7.162084,0,
input,562,12,0.188375,0.384,5.599958,8.342833,100,0
input,563,12,0.183375,0.3445,3.117917,4.098792,100,0
input,564,12,0.153417,0.336167,4.656375,5.645375,100,0
input,565,12,0.7165,0.359625,5.217958,6.341041,100,0
input,566,12,0.310791,0.0405,5.959125,8.026791,0,
input,567,12,0.244042,0.034792,3.908,4.596292,0,
input,568,12,2.037208,0.034625,5.695292,6.42725,0,
input,569,12,1.87775,52.685667,58.100125,58.852542,0,
input,570,12,0.244792,50.652333,54.08075,54.765584,0,
input,571,12,0.8075,51.381459,56.361875,56.9965,0,
input,572,12,0.123625,51.188833,58.363,58.942292,0,
input,573,12,0.117375,50.624375,52.041083,52.60675,0,
input,574,12,2.040167,50.08275,55.59875,56.15575,0,
input,575,12,0.096167,51.735042,53.177084,53.806417,0,
input,576,12,0.123291,52.446208,53.770125,54.327625,0,
selection,577,12,1.844083,0.040625,3.373792,4.454083,100,1
selection,578,12,0.108,0.020417,1.020875,1.799333,100,2
selection,579,12,0.076167,0.0185,0.942833,1.609667,100,3
selection,580,12,0.139208,0.030958,1.312291,2.221916,100,4
selection,581,12,0.282667,0.028209,1.390375,2.590542,100,5
selection,582,12,0.120209,0.0265,1.452292,5.181375,100,6
selection,583,12,0.144375,0.032,1.453042,4.411792,100,7
selection,584,12,0.212958,0.048333,1.879958,5.2615,100,8
selection,585,12,0.1155,0.028166,1.45375,4.894292,100,9
selection,586,12,1.448167,0.04025,3.242042,6.801958,100,10
selection,587,12,0.952208,0.049708,2.763916,6.615083,100,11
selection,588,12,0.633959,0.0385,2.513709,6.183417,100,12
selection,589,12,0.7495,0.030084,2.380416,5.935125,100,13
selection,590,12,1.144625,0.059667,3.490917,7.323542,100,14
selection,591,12,0.163125,0.036625,2.034375,5.6265,100,15
selection,592,12,0.818958,0.060583,3.203,7.247,100,16
selection,593,12,0.249583,0.065541,2.759916,6.599875,100,17
selection,594,12,0.171917,0.035875,2.349334,5.98225,100,18
selection,595,12,0.1835,0.036375,2.355209,5.931875,100,19
selection,596,12,0.326792,0.077541,3.133084,7.39125,100,20
empty,597,12,0.136541,0.03725,7.0265,9.14225,0,
invoke,598,13,,,4.077958,4.723625,0,
input,599,13,0.16275,0.22525,6.850208,8.883375,3,0
input,600,13,2.389542,0.141542,8.138875,9.787917,2,0
input,601,13,0.248916,0.15,4.721833,6.284458,1,0
input,602,13,8.292834,0.11475,12.743,13.6995,1,0
input,603,13,0.942958,0.164042,6.715125,7.54075,1,0
input,604,13,1.145708,0.1365,4.81,5.69675,1,0
input,605,13,1.477834,0.031542,4.847334,6.5135,0,
input,606,13,4.997333,0.049667,6.576917,7.305292,0,
input,607,13,1.33575,0.034333,4.958709,5.697709,0,
input,608,13,1.966292,0.34575,9.657875,12.57075,100,0
input,609,13,0.139166,0.341541,3.110083,4.13525,100,0
input,610,13,0.189917,0.336625,5.122375,6.056292,100,0
input,611,13,0.529375,0.3695,5.053167,6.15525,100,0
input,612,13,0.434709,0.036041,4.332209,6.5435,0,
input,613,13,0.939209,0.039583,6.171375,6.798542,0,
input,614,13,0.743875,0.0355,4.474875,5.223708,0,
input,615,13,1.810708,52.470291,57.353458,58.066791,0,
input,616,13,1.191042,49.882916,54.198667,54.824167,0,
input,617,13,0.126833,51.349625,52.82275,53.429292,0,
input,618,13,0.125,50.854042,53.703667,54.175,0,
input,619,13,0.115375,52.492208,54.680375,55.240917,0,
input,620,13,0.62025,50.432791,53.480125,54.065667,0,
input,621,13,0.101583,52.049084,53.266833,53.811166,0,
input,622,13,0.119583,54.826042,56.123416,56.647875,0,
selection,623,13,1.75625,0.040583,3.267125,4.306959,100,1
selection,624,13,0.167792,0.038167,1.526,2.554792,100,2
selection,625,13,0.138542,0.04,1.399625,2.417125,100,3
selection,626,13,0.131959,0.0335,1.297917,2.217167,100,4
selection,627,13,1.191083,0.021625,2.267917,3.391083,100,5
selection,628,13,0.12875,0.028459,1.332667,4.446917,100,6
selection,629,13,0.149708,0.036375,1.733667,5.375542,100,7
selection,630,13,0.165417,0.0355,1.765167,5.307042,100,8
selection,631,13,0.176333,0.045333,1.878291,5.234541,100,9
selection,632,13,1.188792,0.041583,2.884125,6.627,100,10
selection,633,13,0.848583,0.043292,2.715125,6.353542,100,11
selection,634,13,0.767583,0.079459,3.095208,6.515708,100,12
selection,635,13,0.489334,0.045166,2.317125,6.124875,100,13
selection,636,13,0.610334,0.079417,3.166459,7.002792,100,14
selection,637,13,0.286083,0.065166,2.674375,6.173791,100,15
selection,638,13,0.186833,0.036667,2.174167,5.617958,100,16
selection,639,13,1.467458,0.03775,3.557166,7.284291,100,17
selection,640,13,1.041834,0.04575,3.232417,6.964834,100,18
selection,641,13,0.452,0.0625,3.011083,6.628917,100,19
selection,642,13,0.199375,0.041875,2.403542,5.757792,100,20
empty,643,13,0.177667,0.03475,5.479875,7.653708,0,
invoke,644,14,,,3.920292,4.557042,0,
input,645,14,0.203917,0.20275,6.827292,8.895,3,0
input,646,14,2.996208,0.169917,8.922166,10.53325,2,0
input,647,14,0.240292,0.178917,4.534792,6.149375,1,0
input,648,14,0.302208,0.195708,5.091708,6.038125,1,0
input,649,14,0.565458,0.136791,5.088291,5.96475,1,0
input,650,14,0.966125,0.142125,5.261084,6.162875,1,0
input,651,14,0.734625,0.03525,4.0,5.911125,0,
input,652,14,5.925875,0.031291,7.514917,8.286292,0,
input,653,14,0.95125,0.034583,5.239625,5.993042,0,
input,654,14,1.231708,0.329959,6.751791,9.667625,100,0
input,655,14,0.150209,0.32625,4.435834,5.394584,100,0
input,656,14,0.135083,0.33575,4.873625,5.710292,100,0
input,657,14,0.239292,0.344875,3.89375,4.98075,100,0
input,658,14,0.376583,0.038125,4.149333,6.380417,0,
input,659,14,1.075333,0.036625,4.823583,5.605375,0,
input,660,14,1.804958,0.052,4.767708,5.3835,0,
input,661,14,0.154583,51.323709,52.962125,53.625458,0,
input,662,14,0.123083,49.827917,51.423458,52.013792,0,
input,663,14,0.106875,49.798917,51.198791,51.768791,0,
input,664,14,0.094333,49.314375,52.620666,53.183291,0,
input,665,14,0.123583,50.935292,52.418625,53.037583,0,
input,666,14,0.100458,53.41675,54.711917,55.290208,0,
input,667,14,0.129917,54.745458,55.974875,56.480292,0,
input,668,14,0.364458,50.369208,54.243833,54.784125,0,
selection,669,14,0.162,0.048583,1.756583,2.933125,100,1
selection,670,14,0.110334,0.023375,1.108625,1.954375,100,2
selection,671,14,0.14325,0.037708,1.404167,2.42375,100,3
selection,672,14,0.146541,0.049375,1.428708,2.409,100,4
selection,673,14,0.13975,0.048334,1.640667,3.088334,100,5
selection,674,14,0.129333,0.032041,1.408292,4.862708,100,6
selection,675,14,0.1305,0.026916,1.347458,4.049625,100,7
selection,676,14,0.173583,0.045375,1.726708,5.228917,100,8
selection,677,14,0.130916,0.030709,1.595583,5.116916,100,9
selection,678,14,0.553917,0.052083,2.286667,6.168125,100,10
selection,679,14,0.684708,0.052792,2.579541,5.885041,100,11
selection,680,14,1.139041,0.051125,3.186916,6.589875,100,12
selection,681,14,0.87075,0.038625,2.789125,6.394083,100,13
selection,682,14,0.736042,0.062417,3.124084,7.078125,100,14
selection,683,14,0.221417,0.048625,2.374792,6.381667,100,15
selection,684,14,0.198958,0.044416,2.331333,6.028041,100,16
selection,685,14,0.217167,0.047125,2.379792,5.996084,100,17
selection,686,14,1.336125,0.036375,3.367959,6.853417,100,18
selection,687,14,0.817958,0.044458,3.112708,6.839375,100,19
selection,688,14,0.245042,0.071917,2.799417,6.802917,100,20
empty,689,14,0.1525,0.037542,3.096125,5.311792,0,
invoke,690,15,,,3.944333,4.652083,0,
input,691,15,1.739833,0.226125,10.180458,12.421875,3,0
input,692,15,2.776,0.155708,8.868,10.529,2,0
input,693,15,0.234917,0.160208,4.790459,6.337125,1,0
input,694,15,8.289042,0.177292,14.176708,15.107542,1,0
input,695,15,0.214542,0.161958,3.720125,4.627042,1,0
input,696,15,1.215209,0.160417,5.413167,6.379167,1,0
input,697,15,0.852042,0.036375,4.348042,6.192917,0,
input,698,15,5.215583,0.046042,6.956792,7.757167,0,
input,699,15,1.276208,0.04125,6.920208,7.650083,0,
input,700,15,0.203875,0.373125,5.616583,8.329541,100,0
input,701,15,0.1515,0.357375,3.1855,4.195791,100,0
input,702,15,0.226833,0.349417,5.599333,6.565791,100,0
input,703,15,0.182958,0.38025,4.586167,5.690042,100,0
input,704,15,0.357084,0.037416,5.97025,7.891584,0,
input,705,15,0.297292,0.03925,4.275125,4.966334,0,
input,706,15,1.617458,0.034292,5.354291,6.076708,0,
input,707,15,1.83025,53.481,58.852542,59.673667,0,
input,708,15,0.189917,49.908333,53.541709,54.396542,0,
input,709,15,2.040291,50.245125,55.582125,56.230708,0,
input,710,15,2.101,50.330041,59.03525,59.583125,0,
input,711,15,0.872458,51.290125,53.439417,53.97225,0,
input,712,15,0.090333,52.101416,53.400375,53.985458,0,
input,713,15,0.110333,50.560041,51.852167,52.432667,0,
input,714,15,1.273375,54.391708,58.118584,58.697084,0,
selection,715,15,0.949708,0.033417,2.292583,3.3015,100,1
selection,716,15,0.094417,0.0215,0.976834,1.672042,100,2
selection,717,15,0.215042,0.022958,1.301042,2.352917,100,3
selection,718,15,0.127292,0.025458,1.198459,1.979292,100,4
selection,719,15,0.343917,0.029416,1.480917,2.624708,100,5
selection,720,15,0.117625,0.0255,1.441042,4.961209,100,6
selection,721,15,0.170666,0.040375,1.693166,4.849291,100,7
selection,722,15,0.701792,0.030666,2.203042,5.836708,100,8
selection,723,15,1.237041,0.0335,2.825333,6.204083,100,9
selection,724,15,2.088708,0.033166,3.638917,7.027167,100,10
selection,725,15,1.419209,0.073667,3.779667,7.884542,100,11
selection,726,15,0.190083,0.038083,1.996208,5.679583,100,12
selection,727,15,0.506959,0.041708,2.503875,5.808709,100,13
selection,728,15,1.08475,0.039,3.214459,6.9825,100,14
selection,729,15,0.492667,0.04725,2.732334,6.323917,100,15
selection,730,15,0.512542,0.054583,3.309542,7.428875,100,16
selection,731,15,0.231,0.055042,2.413834,6.177084,100,17
selection,732,15,0.667833,0.028,2.7075,6.274708,100,18
selection,733,15,0.756625,0.039167,3.081625,6.73275,100,19
selection,734,15,1.094333,0.047333,3.598917,7.513292,100,20
empty,735,15,0.160417,0.042583,4.671167,6.755958,0,
invoke,736,16,,,3.93875,4.692375,0,
input,737,16,0.172584,0.235625,5.736209,8.283292,3,0
input,738,16,0.189916,0.210416,2.959333,4.930291,2,0
input,739,16,0.140209,0.159959,2.301209,3.691834,1,0
input,740,16,0.18575,0.150041,5.133833,6.195083,1,0
input,741,16,0.308166,0.171708,4.725875,5.80525,1,0
input,742,16,0.732625,0.172666,7.000375,7.908708,1,0
input,743,16,0.12775,0.044708,2.303583,4.078958,0,
input,744,16,4.452709,0.035208,6.140209,6.954125,0,
input,745,16,1.194,0.036417,5.259125,6.021542,0,
input,746,16,1.444458,0.39575,7.27575,10.037625,100,0
input,747,16,0.148167,0.329625,3.095458,4.062125,100,0
input,748,16,0.220917,0.357833,5.495542,6.527,100,0
input,749,16,0.2045,0.370958,4.422958,5.456958,100,0
input,750,16,0.371833,0.042375,4.151375,6.337292,0,
input,751,16,4.442416,0.036042,6.019,6.713375,0,
input,752,16,1.179875,0.0445,6.56275,7.284,0,
input,753,16,0.239875,52.548125,56.562833,57.41375,0,
input,754,16,0.335792,50.004708,53.458417,54.0985,0,
input,755,16,0.108917,51.640417,53.111042,53.764542,0,
input,756,16,0.111417,51.432167,55.217875,55.747125,0,
input,757,16,0.106083,50.230917,53.262041,53.741083,0,
input,758,16,1.737958,51.313042,57.057375,57.509,0,
input,759,16,0.590958,50.636333,55.293916,55.747,0,
input,760,16,1.420708,54.048916,58.731083,59.312041,0,
selection,761,16,0.126416,0.033167,1.51725,2.574791,100,1
selection,762,16,0.1355,0.033125,1.263834,2.187959,100,2
selection,763,16,0.109083,0.028708,1.227375,2.111917,100,3
selection,764,16,0.109792,0.027375,1.146417,2.033,100,4
selection,765,16,0.135625,0.035083,1.371292,2.389459,100,5
selection,766,16,1.06925,0.032541,2.40925,5.750041,100,6
selection,767,16,1.76475,0.035084,3.046292,6.378959,100,7
selection,768,16,1.750959,0.053666,3.447959,6.991667,100,8
selection,769,16,1.068625,0.042209,3.0,6.546,100,9
selection,770,16,0.833458,0.033292,2.446583,5.907541,100,10
selection,771,16,1.281,0.043458,3.249083,7.246917,100,11
selection,772,16,0.355833,0.043459,2.274333,5.880458,100,12
selection,773,16,0.800542,0.029917,2.52575,5.738083,100,13
selection,774,16,1.4415,0.042791,3.613916,7.353333,100,14
selection,775,16,0.62625,0.045375,2.83625,6.653709,100,15
selection,776,16,0.311459,0.036792,2.461542,5.931542,100,16
selection,777,16,1.6085,0.040167,3.957375,7.786583,100,17
selection,778,16,2.024625,0.032125,4.309458,8.048417,100,18
selection,779,16,0.357291,0.038708,2.504125,5.822333,100,19
selection,780,16,0.862542,0.0345,3.127458,6.503417,100,20
empty,781,16,0.718042,0.05325,2.787334,5.111959,0,
invoke,782,17,,,6.502541,8.97875,0,
input,783,17,0.211875,0.234917,5.480875,7.860833,3,0
input,784,17,0.160292,0.199875,2.910375,4.86125,2,0
input,785,17,3.435167,0.153959,8.1315,9.592583,1,0
input,786,17,0.241,0.155334,5.578125,6.646292,1,0
input,787,17,0.21025,0.147167,4.032041,4.908208,1,0
input,788,17,1.30225,0.152416,5.040875,5.978625,1,0
input,789,17,1.23875,0.042917,6.958334,8.866167,0,
input,790,17,0.22825,0.0475,4.262167,5.067209,0,
input,791,17,1.496,0.035208,5.273875,6.001583,0,
input,792,17,1.790875,0.340583,7.447375,10.179333,100,0
input,793,17,0.216,0.363333,3.542709,4.657667,100,0
input,794,17,0.155875,0.351583,5.581916,6.477958,100,0
input,795,17,0.215667,0.35775,4.324125,5.3935,100,0
input,796,17,0.155709,0.038208,3.536709,5.787209,0,
input,797,17,1.244416,0.03475,5.014666,5.70925,0,
input,798,17,0.174333,0.034583,1.593458,2.22825,0,
input,799,17,0.263792,52.270291,57.848875,58.6895,0,
input,800,17,0.152083,50.724208,52.980917,53.626417,0,
input,801,17,0.709666,50.763083,55.826208,56.377583,0,
input,802,17,1.142042,51.961458,57.00575,57.535417,0,
input,803,17,0.115625,49.794333,51.097292,51.591709,0,
input,804,17,0.1225,50.000416,51.32,51.792167,0,
input,805,17,1.614833,52.015917,57.6115,58.07425,0,
input,806,17,0.103792,50.620041,54.671375,55.116625,0,
selection,807,17,0.182833,0.031792,1.568458,2.598875,100,1
selection,808,17,0.128083,0.032625,1.252,2.242833,100,2
selection,809,17,1.87475,0.036292,3.041875,3.956917,100,3
selection,810,17,0.1375,0.035,1.398958,2.364458,100,4
selection,811,17,0.134666,0.034167,1.35275,2.524416,100,5
selection,812,17,0.140542,0.030459,1.42,4.611333,100,6
selection,813,17,0.180792,0.0465,1.586292,4.593708,100,7
selection,814,17,0.704166,0.031583,2.106291,5.426958,100,8
selection,815,17,0.150667,0.034125,1.56325,4.789333,100,9
selection,816,17,0.136333,0.031583,1.584666,5.003583,100,10
selection,817,17,0.208041,0.067208,2.197416,5.559833,100,11
selection,818,17,0.149959,0.034583,1.720625,4.846875,100,12
selection,819,17,0.454291,0.041334,2.299625,6.028875,100,13
selection,820,17,0.772084,0.05525,2.954042,7.446875,100,14
selection,821,17,0.163458,0.043541,2.07725,5.565625,100,15
selection,822,17,0.454792,0.05325,2.821042,6.422792,100,16
selection,823,17,0.36125,0.065292,2.767125,6.234958,100,17
selection,824,17,0.410542,0.03925,2.5665,6.279625,100,18
selection,825,17,0.402875,0.046167,2.651959,6.439875,100,19
selection,826,17,0.311958,0.042583,2.643375,6.575875,100,20
empty,827,17,0.1505,0.052,3.285125,5.450334,0,
invoke,828,18,,,8.361125,9.137958,0,
input,829,18,0.191666,0.236833,5.5115,7.725375,3,0
input,830,18,0.169667,0.196041,3.475792,5.363292,2,0
input,831,18,4.920083,0.1615,10.198291,12.209416,1,0
input,832,18,0.171458,0.149375,6.011125,6.819208,1,0
input,833,18,0.183959,0.160125,3.573834,4.49325,1,0
input,834,18,1.544917,0.168209,5.461333,6.371333,1,0
input,835,18,1.19725,0.035917,4.906375,6.655917,0,
input,836,18,4.987084,0.044,6.987042,7.711375,0,
input,837,18,1.194875,0.038042,6.488125,7.131666,0,
input,838,18,0.4675,0.3735,6.05975,8.726958,100,0
input,839,18,0.139166,0.355375,3.439958,4.610375,100,0
input,840,18,1.347333,0.338916,6.731042,7.738083,100,0
input,841,18,0.1805,0.399833,4.457042,5.569042,100,0
input,842,18,0.272708,0.035291,4.14225,6.383291,0,
input,843,18,1.225417,0.0345,5.148667,5.908875,0,
input,844,18,0.195583,0.040542,1.752042,2.47175,0,
input,845,18,0.223,54.322792,56.867291,57.900708,0,
input,846,18,0.131417,50.134917,51.812667,52.477459,0,
input,847,18,0.787333,50.223875,56.244083,56.906,0,
input,848,18,0.214416,50.313916,55.145125,55.704125,0,
input,849,18,0.874625,52.364541,55.684375,56.160667,0,
input,850,18,1.081917,52.425667,56.863875,57.434209,0,
input,851,18,0.101459,53.018125,57.118125,57.691625,0,
input,852,18,0.1075,54.528208,58.283625,58.960209,0,
selection,853,18,0.645917,0.034,2.070875,3.134375,100,1
selection,854,18,0.108125,0.024958,1.125583,2.0635,100,2
selection,855,18,0.086959,0.021458,1.03,1.817042,100,3
selection,856,18,0.093709,0.022,1.0915,2.017375,100,4
selection,857,18,0.637583,0.049584,2.11975,3.55575,100,5
selection,858,18,0.169125,0.044584,1.651542,5.000875,100,6
selection,859,18,0.164167,0.036417,1.537542,4.433375,100,7
selection,860,18,0.167417,0.043,2.011875,5.713958,100,8
selection,861,18,0.62275,0.032916,2.20525,5.8775,100,9
selection,862,18,1.101125,0.029042,2.857417,6.838375,100,10
selection,863,18,0.654916,0.074,2.797916,6.561666,100,11
selection,864,18,0.420042,0.078208,2.738292,6.525084,100,12
selection,865,18,0.232916,0.045375,2.2375,5.807541,100,13
selection,866,18,1.139,0.03775,3.229041,6.755541,100,14
selection,867,18,0.758709,0.046666,2.857334,6.761167,100,15
selection,868,18,0.330709,0.036916,2.261084,5.802917,100,16
selection,869,18,1.202625,0.034458,3.575791,7.498416,100,17
selection,870,18,0.600584,0.035667,2.774917,6.11625,100,18
selection,871,18,0.836459,0.044875,3.196459,6.8895,100,19
selection,872,18,0.485542,0.041584,2.759042,6.571167,100,20
empty,873,18,0.103,0.032791,1.575417,3.505209,0,
invoke,874,19,,,5.714958,6.526042,0,
input,875,19,0.189959,0.18875,9.686417,11.812459,3,0
input,876,19,0.829125,0.1615,6.416041,8.410791,2,0
input,877,19,0.16,0.1565,2.544416,3.977125,1,0
input,878,19,1.214875,0.152042,5.818,6.827833,1,0
input,879,19,0.7805,0.135375,6.5115,7.31775,1,0
input,880,19,0.198875,0.172542,4.199583,5.116083,1,0
input,881,19,0.941584,0.035875,4.724667,6.68375,0,
input,882,19,0.976125,0.039083,4.689042,5.405709,0,
input,883,19,1.956333,0.037334,6.28975,7.093625,0,
input,884,19,1.206833,0.365458,8.886916,12.0125,100,0
input,885,19,0.175917,0.35175,3.330084,4.535917,100,0
input,886,19,0.174,0.347625,2.946917,3.9105,100,0
input,887,19,0.199292,0.349083,4.01525,5.074875,100,0
input,888,19,0.576292,0.036625,4.39,6.566584,0,
input,889,19,1.046792,0.039541,6.647292,7.2935,0,
input,890,19,0.232667,0.036542,3.949542,4.741042,0,
input,891,19,1.692541,53.021208,58.146875,58.91675,0,
input,892,19,0.18025,49.972458,52.408459,53.093417,0,
input,893,19,0.161292,50.127917,51.843667,52.551333,0,
input,894,19,0.165583,52.197333,55.053416,55.712041,0,
input,895,19,6.761583,51.585958,59.68425,60.255333,0,
input,896,19,0.098458,51.74725,53.038,53.657458,0,
input,897,19,0.10075,53.004209,54.387083,54.951416,0,
input,898,19,0.111916,53.679542,57.337125,57.912083,0,
selection,899,19,1.048959,0.034583,2.431542,3.410042,100,1
selection,900,19,0.172125,0.042416,1.438,2.451416,100,2
selection,901,19,0.181333,0.030625,1.465375,2.51775,100,3
selection,902,19,0.133958,0.025875,1.223541,2.101583,100,4
selection,903,19,0.12025,0.02575,1.22075,2.352334,100,5
selection,904,19,0.161,0.0425,1.596,4.958791,100,6
selection,905,19,0.141291,0.038416,1.587125,5.38825,100,7
selection,906,19,0.17875,0.051583,1.823666,5.1225,100,8
selection,907,19,1.180125,0.031625,2.784416,6.204708,100,9
selection,908,19,1.329542,0.03575,3.087083,6.908417,100,10
selection,909,19,0.746875,0.044584,2.9435,7.002541,100,11
selection,910,19,0.339291,0.074291,2.753708,6.344208,100,12
selection,911,19,0.204792,0.036541,1.976,5.489375,100,13
selection,912,19,0.727209,0.040833,2.715834,6.270167,100,14
selection,913,19,0.868167,0.037375,2.950125,6.4785,100,15
selection,914,19,0.679541,0.039167,2.86275,6.1355,100,16
selection,915,19,0.916209,0.054709,3.470917,7.384209,100,17
selection,916,19,1.070916,0.033958,3.3685,7.245916,100,18
selection,917,19,0.215,0.042833,2.471417,5.905875,100,19
selection,918,19,0.655166,0.04025,2.960333,6.416875,100,20
empty,919,19,0.208042,0.045958,2.2815,4.693417,0,
invoke,920,20,,,5.039791,7.663541,0,
input,921,20,0.158583,0.247542,5.841958,8.410791,3,0
input,922,20,0.132666,0.166291,2.723291,4.61375,2,0
input,923,20,0.227792,0.185458,4.9465,6.42925,1,0
input,924,20,0.166709,0.166333,5.304292,6.423292,1,0
input,925,20,0.210584,0.220083,4.944334,5.980834,1,0
input,926,20,1.836917,0.146542,6.268125,7.206542,1,0
input,927,20,0.440459,0.044333,4.326125,6.235625,0,
input,928,20,1.111208,0.04825,5.723917,6.498417,0,
input,929,20,0.989667,0.035917,4.873334,5.636834,0,
input,930,20,1.646125,0.355541,7.311,10.129709,100,0
input,931,20,0.126417,0.348833,3.078417,4.0795,100,0
input,932,20,0.142208,0.332083,4.52025,5.509208,100,0
input,933,20,0.777292,0.372291,6.144875,7.2325,100,0
input,934,20,0.141458,0.039333,3.404167,5.672083,0,
input,935,20,0.832416,0.037583,4.597333,5.354125,0,
input,936,20,1.826666,0.035625,7.420625,8.114458,0,
input,937,20,0.233041,50.929375,54.577291,55.225958,0,
input,938,20,1.133792,49.757583,55.043625,55.6705,0,
input,939,20,1.767417,51.015917,57.489208,57.998292,0,
input,940,20,0.102958,51.248375,56.012875,56.543333,0,
input,941,20,0.094583,50.952417,54.784542,55.306208,0,
input,942,20,1.744542,50.551708,55.8655,56.491834,0,
input,943,20,1.625,51.605083,59.400417,59.956875,0,
input,944,20,0.089584,53.949458,55.922125,56.4805,0,
selection,945,20,0.925291,0.029459,2.318833,3.396541,100,1
selection,946,20,0.117375,0.028,1.155292,2.12875,100,2
selection,947,20,0.133542,0.02875,1.411333,2.461458,100,3
selection,948,20,0.118291,0.026583,1.156041,1.927208,100,4
selection,949,20,2.026042,0.037667,3.363292,4.690125,100,5
selection,950,20,0.167459,0.037083,1.555917,4.777292,100,6
selection,951,20,0.137875,0.032292,1.4605,4.3155,100,7
selection,952,20,1.056667,0.030458,2.411459,5.602584,100,8
selection,953,20,1.762,0.04175,3.505958,7.338333,100,9
selection,954,20,0.69375,0.034541,2.360917,5.746042,100,10
selection,955,20,1.324875,0.03075,3.152,6.986708,100,11
selection,956,20,1.194625,0.047125,3.143417,6.7435,100,12
selection,957,20,0.775,0.044041,2.819333,6.516583,100,13
selection,958,20,0.576875,0.040792,2.6195,5.984916,100,14
selection,959,20,1.098959,0.031375,3.205,7.000125,100,15
selection,960,20,0.486625,0.045625,2.593875,6.138375,100,16
selection,961,20,0.709583,0.040375,2.962,6.481916,100,17
selection,962,20,0.642625,0.065625,3.550167,7.590042,100,18
selection,963,20,0.227042,0.048708,2.443625,6.236209,100,19
selection,964,20,0.118708,0.024458,2.014833,5.233,100,20
empty,965,20,0.190084,0.059542,2.225542,4.658375,0,
invoke,966,21,,,5.267542,5.943459,0,
input,967,21,0.462334,0.233709,7.971792,10.20525,3,0
input,968,21,2.650667,0.148625,8.929917,10.521708,2,0
input,969,21,0.169916,0.170459,6.048958,7.357541,1,0
input,970,21,8.093042,0.1525,12.5715,13.523417,1,0
input,971,21,0.871708,0.161167,5.548917,6.449708,1,0
input,972,21,0.673125,0.164333,4.608334,5.584834,1,0
input,973,21,0.965375,0.038375,6.788875,8.722792,0,
input,974,21,0.1725,0.046792,4.0375,4.849459,0,
input,975,21,1.455042,0.035375,5.38625,6.12825,0,
input,976,21,1.62925,0.365833,7.493958,10.330666,100,0
input,977,21,0.194125,0.366042,3.339916,4.380708,100,0
input,978,21,0.2135,0.35425,6.267083,7.168958,100,0
input,979,21,0.21825,0.359541,4.724833,5.706667,100,0
input,980,21,0.175541,0.038,2.546416,4.654958,0,
input,981,21,0.988667,0.035167,4.62,5.340834,0,
input,982,21,2.021541,0.036084,5.799916,6.535666,0,
input,983,21,1.731791,51.015292,57.709125,58.491875,0,
input,984,21,0.176375,51.956875,54.6775,55.348417,0,
input,985,21,0.534084,50.999791,54.181875,54.798084,0,
input,986,21,2.160333,51.021208,56.941208,57.537875,0,
input,987,21,0.925959,51.446875,56.2355,56.756375,0,
input,988,21,0.5295,51.757583,54.623541,55.167541,0,
input,989,21,0.130583,53.690333,55.19675,55.774667,0,
input,990,21,0.09525,53.156375,54.33625,54.848959,0,
selection,991,21,0.158125,0.038,1.613375,2.686458,100,1
selection,992,21,0.116208,0.023833,1.113583,1.93675,100,2
selection,993,21,0.132583,0.039584,1.390291,2.408458,100,3
selection,994,21,0.119666,0.029292,1.263375,2.337,100,4
selection,995,21,0.532416,0.025333,1.603,2.692375,100,5
selection,996,21,0.110166,0.0275,1.311875,4.318625,100,6
selection,997,21,0.105958,0.025833,1.220125,4.152083,100,7
selection,998,21,0.289917,0.029,1.634125,4.945959,100,8
selection,999,21,1.784125,0.0405,3.308167,6.653542,100,9
selection,1000,21,1.447542,0.049042,3.317167,6.824583,100,10
selection,1001,21,1.177542,0.042125,2.930709,6.391084,100,11
selection,1002,21,0.130959,0.030084,1.690084,5.361375,100,12
selection,1003,21,0.176875,0.040792,2.090125,5.760167,100,13
selection,1004,21,0.185167,0.051792,2.170625,5.820375,100,14
selection,1005,21,0.227417,0.046083,2.206167,5.952125,100,15
selection,1006,21,0.275166,0.053792,2.41125,6.006,100,16
selection,1007,21,0.127083,0.035833,1.9495,5.246958,100,17
selection,1008,21,0.153166,0.035042,2.218958,5.420333,100,18
selection,1009,21,2.145583,0.046333,4.675375,8.305708,100,19
selection,1010,21,0.198,0.04975,2.49425,6.046458,100,20
empty,1011,21,1.824709,0.032375,3.521709,5.532542,0,
invoke,1012,22,,,8.973958,9.80775,0,
input,1013,22,0.16175,0.234292,5.657,7.861542,3,0
input,1014,22,0.203208,0.191125,2.762708,4.3315,2,0
input,1015,22,0.402542,0.182625,3.718875,5.308709,1,0
input,1016,22,1.327834,0.154583,5.788334,6.709834,1,0
input,1017,22,0.956084,0.146625,5.325375,6.219834,1,0
input,1018,22,1.0845,0.178875,5.822083,6.79825,1,0
input,1019,22,0.267167,0.048333,4.183542,6.045792,0,
input,1020,22,1.838625,0.050583,5.635625,6.403375,0,
input,1021,22,1.789916,0.039375,7.405416,8.088041,0,
input,1022,22,0.181584,0.367833,5.6875,8.300667,100,0
input,1023,22,0.159083,0.335125,3.315375,4.409083,100,0
input,1024,22,0.367833,0.332583,5.235792,6.289333,100,0
input,1025,22,0.641667,0.339208,4.601792,5.581958,100,0
input,1026,22,1.003917,0.042083,6.322292,8.284667,0,
input,1027,22,0.145875,0.032833,3.696666,4.483541,0,
input,1028,22,2.070625,0.034167,5.913209,6.688959,0,
input,1029,22,1.669959,52.241333,57.170792,57.906167,0,
input,1030,22,0.207292,49.966167,53.189583,53.855667,0,
input,1031,22,0.176708,51.650833,53.505541,54.131666,0,
input,1032,22,0.107333,51.050917,53.336917,53.973958,0,
input,1033,22,0.093792,51.004708,53.419792,53.975083,0,
input,1034,22,1.225917,51.489167,55.166875,55.698417,0,
input,1035,22,1.864583,54.134333,58.44175,59.008875,0,
input,1036,22,0.099708,51.833417,53.964625,54.526333,0,
selection,1037,22,0.361,0.039333,1.744167,2.698292,100,1
selection,1038,22,0.102458,0.026583,1.036958,1.804625,100,2
selection,1039,22,1.277791,0.0255,2.429958,3.606166,100,3
selection,1040,22,0.126084,0.02625,1.309625,2.239417,100,4
selection,1041,22,1.405167,0.044917,2.778875,4.039709,100,5
selection,1042,22,0.130917,0.033042,1.5945,5.117458,100,6
selection,1043,22,0.192,0.041291,1.627417,4.582667,100,7
selection,1044,22,0.138833,0.032584,1.637666,4.921458,100,8
selection,1045,22,1.257459,0.028875,2.87925,6.676042,100,9
selection,1046,22,0.876542,0.0325,2.55725,6.363833,100,10
selection,1047,22,1.170958,0.046,3.054667,6.531042,100,11
selection,1048,22,1.49625,0.047708,3.53475,6.90175,100,12
selection,1049,22,0.840458,0.040334,2.86575,6.320333,100,13
selection,1050,22,0.8815,0.038708,2.998875,6.746334,100,14
selection,1051,22,0.780542,0.042292,2.918583,6.444375,100,15
selection,1052,22,0.664583,0.042875,3.073375,6.983625,100,16
selection,1053,22,0.178166,0.045875,2.462375,6.351083,100,17
selection,1054,22,0.646459,0.038875,3.146584,6.988459,100,18
selection,1055,22,0.189458,0.037584,2.549166,6.083666,100,19
selection,1056,22,0.2955,0.037917,2.780875,6.696709,100,20
empty,1057,22,0.1615,0.042916,4.577625,6.682959,0,
invoke,1058,23,,,3.88325,4.809,0,
input,1059,23,0.165458,0.231834,5.544,8.094708,3,0
input,1060,23,2.267333,0.221833,8.296583,9.985291,2,0
input,1061,23,0.1935,0.157625,4.662167,6.02925,1,0
input,1062,23,1.191292,0.150917,5.945583,6.940625,1,0
input,1063,23,3.145209,0.159,5.582584,6.618542,1,0
input,1064,23,0.296042,0.179542,6.305917,7.225084,1,0
input,1065,23,0.800875,0.046625,4.755,6.688,0,
input,1066,23,3.837459,0.043625,5.684584,6.465334,0,
input,1067,23,0.6735,0.037083,4.64575,5.411375,0,
input,1068,23,1.589834,0.34925,7.774667,10.553417,100,0
input,1069,23,0.19175,0.324584,3.225708,4.349583,100,0
input,1070,23,0.238333,0.351958,5.487625,6.446583,100,0
input,1071,23,0.221083,0.349333,4.332708,5.346583,100,0
input,1072,23,0.557542,0.0375,4.480334,6.693042,0,
input,1073,23,1.186084,0.037125,5.1075,5.818875,0,
input,1074,23,1.694,0.035166,5.1715,5.979667,0,
input,1075,23,2.007541,53.92325,59.623083,60.495916,0,
input,1076,23,0.151375,50.312792,52.401875,53.242875,0,
input,1077,23,0.17075,50.490458,52.222584,52.9415,0,
input,1078,23,0.111458,51.083125,54.677916,55.334875,0,
input,1079,23,0.109125,52.414583,54.818208,55.389916,0,
input,1080,23,0.083875,51.585458,54.970375,55.521084,0,
input,1081,23,0.234833,51.271125,54.14,54.711,0,
input,1082,23,1.927167,53.254209,57.621542,58.176542,0,
selection,1083,23,0.954084,0.037375,2.334042,3.378625,100,1
selection,1084,23,0.11375,0.0265,1.261292,2.23975,100,2
selection,1085,23,0.120167,0.027459,1.236709,2.103042,100,3
selection,1086,23,0.131708,0.025958,1.275958,2.201291,100,4
selection,1087,23,0.132542,0.025084,1.142125,2.120917,100,5
selection,1088,23,0.172875,0.048041,1.612,5.116708,100,6
selection,1089,23,0.128667,0.029417,1.439125,4.710792,100,7
selection,1090,23,0.129625,0.027583,1.459542,4.719125,100,8
selection,1091,23,1.100042,0.038375,2.916417,6.555959,100,9
selection,1092,23,0.8715,0.033708,2.698125,6.474708,100,10
selection,1093,23,0.786958,0.0415,2.6965,6.4095,100,11
selection,1094,23,1.177583,0.051417,3.423208,7.299458,100,12
selection,1095,23,0.941792,0.047625,2.8495,6.455584,100,13
selection,1096,23,0.7745,0.03925,2.977042,6.735917,100,14
selection,1097,23,1.157209,0.041541,3.341459,7.009084,100,15
selection,1098,23,0.52725,0.042584,2.860416,6.676083,100,16
selection,1099,23,1.696292,0.043,4.006167,8.1095,100,17
selection,1100,23,1.009917,0.033583,3.147167,6.606125,100,18
selection,1101,23,0.831542,0.037875,3.18,6.695167,100,19
selection,1102,23,0.453792,0.036417,2.756542,6.227333,100,20
empty,1103,23,0.771291,0.049542,2.819,5.295875,0,
invoke,1104,24,,,5.280709,5.977625,0,
input,1105,24,0.182833,0.266958,7.25875,9.7955,3,0
input,1106,24,2.277042,0.162083,10.39425,11.92125,2,0
input,1107,24,0.15025,0.1695,2.532084,3.997959,1,0
input,1108,24,8.084041,0.16625,12.804583,13.82625,1,0
input,1109,24,1.825417,0.146166,6.447375,7.372834,1,0
input,1110,24,0.70875,0.153125,4.660083,5.509375,1,0
input,1111,24,1.259667,0.042167,5.1975,7.213959,0,
input,1112,24,4.47525,0.045583,6.259833,7.06225,0,
input,1113,24,0.87,0.035167,4.751584,5.50925,0,
input,1114,24,1.662916,0.368916,7.390166,10.215833,100,0
input,1115,24,0.1865,0.343875,3.025958,4.0205,100,0
input,1116,24,0.158584,0.325625,4.669334,5.608292,100,0
input,1117,24,0.672541,0.363041,5.281666,6.359208,100,0
input,1118,24,0.164,0.037792,4.065416,6.230083,0,
input,1119,24,0.949333,0.037333,5.095958,5.902417,0,
input,1120,24,0.17,0.03675,1.681208,2.420167,0,
input,1121,24,0.2,51.600875,55.322375,56.090625,0,
input,1122,24,0.142875,50.303541,53.015375,53.656125,0,
input,1123,24,0.105208,50.718,52.039667,52.565083,0,
input,1124,24,0.1065,50.139542,53.310083,53.836875,0,
input,1125,24,0.884,52.407084,55.509417,55.999958,0,
input,1126,24,1.2605,51.38,56.765916,57.316208,0,
input,1127,24,0.229416,52.429916,56.508666,57.029041,0,
input,1128,24,0.103958,50.2505,54.117125,54.659833,0,
selection,1129,24,0.129083,0.031834,1.468,2.490125,100,1
selection,1130,24,0.084625,0.02175,1.0625,1.897167,100,2
selection,1131,24,0.11375,0.025583,1.259417,2.154875,100,3
selection,1132,24,0.153541,0.040041,1.509875,2.693791,100,4
selection,1133,24,1.940333,0.033041,3.138708,4.150333,100,5
selection,1134,24,0.091917,0.0225,1.221708,4.167917,100,6
selection,1135,24,0.11475,0.025958,1.408708,4.887208,100,7
selection,1136,24,1.615834,0.038375,3.188125,6.899125,100,8
selection,1137,24,1.038167,0.041916,2.82075,6.65925,100,9
selection,1138,24,0.747125,0.039458,2.725459,6.692084,100,10
selection,1139,24,0.39225,0.033291,2.246583,6.075208,100,11
selection,1140,24,0.64675,0.036,2.511708,5.712333,100,12
selection,1141,24,0.135375,0.026917,1.753458,5.589875,100,13
selection,1142,24,0.180042,0.047959,2.2935,6.756542,100,14
selection,1143,24,0.158875,0.033833,2.259666,6.013958,100,15
selection,1144,24,0.193791,0.0385,2.085541,5.736208,100,16
selection,1145,24,0.263708,0.04875,2.488083,6.331292,100,17
selection,1146,24,0.194375,0.041708,2.316292,6.12175,100,18
selection,1147,24,0.162291,0.038667,2.484958,6.116375,100,19
selection,1148,24,0.271959,0.068792,3.114084,7.361625,100,20
empty,1149,24,0.127542,0.032666,4.43025,6.843959,0,
invoke,1150,25,,,9.610875,10.277625,0,
input,1151,25,1.528083,0.223416,9.461708,11.644625,3,0
input,1152,25,1.867417,0.160958,8.417834,10.137292,2,0
input,1153,25,0.169416,0.167292,3.126416,4.408208,1,0
input,1154,25,8.232,0.139833,12.53625,13.464583,1,0
input,1155,25,1.101458,0.152208,5.426875,6.408,1,0
input,1156,25,0.928042,0.154708,4.679375,5.569,1,0
input,1157,25,1.262708,0.034417,4.982125,6.894083,0,
input,1158,25,1.887,0.033625,7.88775,8.725875,0,
input,1159,25,0.219125,0.041709,3.236417,3.944792,0,
input,1160,25,1.810917,0.342125,7.552625,10.229334,100,0
input,1161,25,0.178875,0.341917,3.18725,4.212209,100,0
input,1162,25,0.206708,0.347084,4.576708,5.547208,100,0
input,1163,25,0.694333,0.339625,6.491458,7.451208,100,0
input,1164,25,0.145708,0.036208,2.908125,5.018583,0,
input,1165,25,1.094917,0.032583,4.974334,5.704167,0,
input,1166,25,1.75175,0.03825,5.313209,6.016,0,
input,1167,25,1.996958,52.116958,57.943708,58.735458,0,
input,1168,25,0.221333,49.488208,52.297792,52.947625,0,
input,1169,25,0.128209,53.415333,54.808417,55.3525,0,
input,1170,25,0.142334,51.028292,52.554959,53.154709,0,
input,1171,25,0.628875,51.114917,55.366417,55.890583,0,
input,1172,25,1.073375,53.140667,55.340792,55.864875,0,
input,1173,25,1.555208,54.778958,57.452833,57.958167,0,
input,1174,25,0.983916,52.57725,54.729541,55.296958,0,
selection,1175,25,0.700083,0.033875,2.101875,3.155208,100,1
selection,1176,25,0.070791,0.021667,0.935791,1.7235,100,2
selection,1177,25,0.104042,0.017375,0.942125,1.609834,100,3
selection,1178,25,0.117291,0.030958,1.247375,2.116166,100,4
selection,1179,25,0.658875,0.036833,2.061416,3.467083,100,5
selection,1180,25,0.134417,0.029791,1.395375,4.6435,100,6
selection,1181,25,0.155666,0.036625,1.570041,4.667125,100,7
selection,1182,25,0.62825,0.044708,2.138208,5.531208,100,8
selection,1183,25,1.428833,0.030125,2.893208,6.189625,100,9
selection,1184,25,1.627583,0.044042,3.383291,7.188208,100,10
selection,1185,25,0.744,0.056041,2.659625,6.232291,100,11
selection,1186,25,1.461541,0.049625,3.666458,7.650458,100,12
selection,1187,25,0.171541,0.043458,2.097916,5.902708,100,13
selection,1188,25,0.48975,0.074875,2.983875,6.948,100,14
selection,1189,25,0.181041,0.049708,2.291416,6.343083,100,15
selection,1190,25,0.269416,0.065666,2.836833,6.530916,100,16
selection,1191,25,0.24475,0.064667,2.703834,6.205292,100,17
selection,1192,25,0.577416,0.052208,2.922291,6.765291,100,18
selection,1193,25,0.237292,0.058875,2.721125,6.64825,100,19
selection,1194,25,0.216625,0.059792,2.759541,6.897208,100,20
empty,1195,25,0.157542,0.037583,2.922292,5.089417,0,
invoke,1196,26,,,3.754042,4.417583,0,
input,1197,26,1.306083,0.244667,9.008083,11.116875,3,0
input,1198,26,2.419791,0.158417,9.323083,11.1055,2,0
input,1199,26,5.948625,0.167208,10.847834,12.431875,1,0
input,1200,26,0.241875,0.146833,4.299208,5.275542,1,0
input,1201,26,1.147833,0.140333,4.850875,5.6255,1,0
input,1202,26,1.792334,0.183417,5.469834,6.391709,1,0
input,1203,26,1.405166,0.03625,5.337375,7.153708,0,
input,1204,26,4.39925,0.045167,6.128625,6.927708,0,
input,1205,26,1.054,0.040042,6.469667,7.2305,0,
input,1206,26,0.200375,0.3515,6.277417,9.019917,100,0
input,1207,26,0.141417,0.380667,3.051917,4.076417,100,0
input,1208,26,0.16675,0.343792,5.00575,5.967417,100,0
input,1209,26,0.600375,0.370375,5.306542,6.364917,100,0
input,1210,26,0.204666,0.042958,5.686666,7.777583,0,
input,1211,26,0.495167,0.035083,4.276917,4.965417,0,
input,1212,26,1.858292,0.036,5.908625,6.686083,0,
input,1213,26,1.457958,53.501125,58.580916,59.384541,0,
input,1214,26,0.20525,51.708042,53.642625,54.284666,0,
input,1215,26,0.461416,50.071167,54.160958,54.83075,0,
input,1216,26,0.131708,52.189834,53.919542,54.505292,0,
input,1217,26,0.12775,51.118208,52.463916,53.045083,0,
input,1218,26,0.124417,51.328791,53.881417,54.408417,0,
input,1219,26,1.974708,52.147042,56.522458,57.067291,0,
input,1220,26,1.266583,52.206916,55.594416,56.094541,0,
selection,1221,26,1.381125,0.038791,2.948208,4.01925,100,1
selection,1222,26,0.1215,0.030667,1.188625,2.064083,100,2
selection,1223,26,0.125958,0.028084,1.248792,2.247542,100,3
selection,1224,26,0.100292,0.02325,1.093333,1.889875,100,4
selection,1225,26,0.4815,0.03125,1.66025,2.7195,100,5
selection,1226,26,0.16975,0.047125,1.738,5.261083,100,6
selection,1227,26,0.172959,0.043333,1.701959,5.230667,100,7
selection,1228,26,1.176625,0.041,2.965125,6.924417,100,8
selection,1229,26,0.536084,0.034958,2.136459,5.81675,100,9
selection,1230,26,1.068875,0.042667,3.104625,7.08975,100,10
selection,1231,26,0.300417,0.04975,2.51875,6.613583,100,11
selection,1232,26,0.19275,0.053917,2.13275,5.996833,100,12
selection,1233,26,0.27475,0.041041,2.286083,5.776875,100,13
selection,1234,26,1.075708,0.040333,3.336,7.358458,100,14
selection,1235,26,0.181291,0.041667,2.383666,6.118375,100,15
selection,1236,26,0.32975,0.058917,2.8985,6.683959,100,16
selection,1237,26,1.213875,0.043042,3.306084,6.843084,100,17
selection,1238,26,1.642041,0.034375,3.845375,7.090208,100,18
selection,1239,26,0.90075,0.039083,3.260459,6.793209,100,19
selection,1240,26,1.146542,0.042459,3.666917,7.533583,100,20
empty,1241,26,0.157584,0.042708,4.761417,6.835584,0,
invoke,1242,27,,,5.25075,5.886833,0,
input,1243,27,0.440834,0.183083,7.931209,10.321375,3,0
input,1244,27,2.305125,0.136666,8.430291,10.065333,2,0
input,1245,27,0.203791,0.160584,4.705416,6.176791,1,0
input,1246,27,0.178791,0.192083,2.572625,3.517666,1,0
input,1247,27,0.154834,0.2065,2.461084,3.415584,1,0
input,1248,27,0.670416,0.176583,6.568583,7.395291,1,0
input,1249,27,0.695209,0.048125,4.883917,6.798167,0,
input,1250,27,1.506041,0.036042,5.358875,6.084333,0,
input,1251,27,1.601167,0.046708,5.85325,6.635959,0,
input,1252,27,1.262125,0.333167,7.829541,10.694916,100,0
input,1253,27,0.156583,0.328041,3.348791,4.552875,100,0
input,1254,27,0.195083,0.332333,3.428166,4.40575,100,0
input,1255,27,1.171625,0.370833,5.884583,6.956583,100,0
input,1256,27,0.228209,0.037834,3.905292,6.024375,0,
input,1257,27,1.170208,0.03625,4.546083,5.298041,0,
input,1258,27,0.13775,0.032375,1.627875,2.438834,0,
input,1259,27,0.182875,51.962666,54.088084,54.848,0,
input,1260,27,0.191125,49.577208,54.493167,55.13475,0,
input,1261,27,0.333875,50.166625,55.049,55.692958,0,
input,1262,27,1.057583,50.506541,55.276833,55.790042,0,
input,1263,27,1.631667,51.89025,58.031959,58.56775,0,
input,1264,27,0.082584,51.012167,54.785042,55.357875,0,
input,1265,27,0.458375,52.842917,57.294042,57.822459,0,
input,1266,27,0.093542,51.889541,55.149917,55.642084,0,
selection,1267,27,0.940583,0.04,2.315875,3.375333,100,1
selection,1268,27,0.153084,0.035458,1.259667,2.143209,100,2
selection,1269,27,0.093875,0.023416,1.127416,2.019416,100,3
selection,1270,27,0.1065,0.020417,1.09675,1.946459,100,4
selection,1271,27,0.488084,0.03475,1.744334,3.054125,100,5
selection,1272,27,0.154375,0.031708,1.503333,4.535833,100,6
selection,1273,27,0.112458,0.027916,1.212833,4.260958,100,7
selection,1274,27,1.434792,0.038417,3.05475,6.830584,100,8
selection,1275,27,0.975667,0.034875,2.690458,6.1185,100,9
selection,1276,27,1.175,0.033042,2.915083,6.213708,100,10
selection,1277,27,1.284875,0.03425,3.139208,6.7795,100,11
selection,1278,27,1.155125,0.039625,3.067084,6.7325,100,12
selection,1279,27,0.769083,0.040083,2.779042,6.692958,100,13
selection,1280,27,0.45,0.039,2.46925,6.008,100,14
selection,1281,27,1.02025,0.041875,3.241792,7.147375,100,15
selection,1282,27,0.216584,0.038958,2.480584,6.0475,100,16
selection,1283,27,0.566208,0.043291,2.983625,7.098791,100,17
selection,1284,27,1.021458,0.038167,3.296041,6.672541,100,18
selection,1285,27,0.710917,0.048958,3.206,7.0045,100,19
selection,1286,27,0.177417,0.039709,2.560542,5.96875,100,20
empty,1287,27,0.142542,0.051958,1.945792,4.19025,0,
invoke,1288,28,,,6.376625,8.910125,0,
input,1289,28,0.179542,0.18375,6.946083,9.265792,3,0
input,1290,28,0.182209,0.223167,3.6165,5.498834,2,0
input,1291,28,1.916333,0.155791,6.976,8.643375,1,0
input,1292,28,8.286792,0.141959,12.753,13.74725,1,0
input,1293,28,0.831584,0.156583,5.352584,6.308417,1,0
input,1294,28,0.92425,0.151375,5.065875,6.071375,1,0
input,1295,28,0.671292,0.041209,4.756459,6.739292,0,
input,1296,28,1.284625,0.040417,5.539417,6.372,0,
input,1297,28,1.248292,0.038917,5.309917,6.141042,0,
input,1298,28,1.349209,0.37175,7.794334,10.615334,100,0
input,1299,28,0.155208,0.361958,4.146791,5.2945,100,0
input,1300,28,0.155916,0.360416,3.0895,4.110625,100,0
input,1301,28,1.042792,0.369167,5.794667,6.88125,100,0
input,1302,28,0.136875,0.050417,4.228125,6.590209,0,
input,1303,28,0.828125,0.036875,4.881541,5.688375,0,
input,1304,28,1.486625,0.035917,7.161458,7.923292,0,
input,1305,28,0.20875,52.437209,56.225667,57.003,0,
input,1306,28,0.194042,50.236333,54.0105,54.769042,0,
input,1307,28,1.038667,50.916292,55.066083,55.658542,0,
input,1308,28,1.707083,51.261083,58.158,58.761708,0,
input,1309,28,0.092291,50.98425,52.159791,52.655083,0,
input,1310,28,0.096834,51.341209,52.580209,53.177084,0,
input,1311,28,0.105542,52.964958,54.964917,55.519167,0,
input,1312,28,0.095167,53.209167,55.240542,55.733625,0,
selection,1313,28,0.103667,0.025666,1.314,2.234584,100,1
selection,1314,28,0.119458,0.033541,1.205708,2.137292,100,2
selection,1315,28,0.115292,0.027833,1.237583,2.071542,100,3
selection,1316,28,0.108875,0.024875,1.092334,1.865709,100,4
selection,1317,28,0.223167,0.028084,1.288792,2.233917,100,5
selection,1318,28,0.103916,0.025,1.351708,4.492291,100,6
selection,1319,28,0.094458,0.02075,1.147333,3.750333,100,7
selection,1320,28,0.75975,0.05225,2.238,5.668959,100,8
selection,1321,28,1.508208,0.055959,3.155083,6.695,100,9
selection,1322,28,1.11175,0.037375,2.981625,6.528917,100,10
selection,1323,28,0.958,0.041,3.146542,7.025084,100,11
selection,1324,28,1.101042,0.029292,2.756792,6.0935,100,12
selection,1325,28,1.359375,0.043833,3.296083,7.297291,100,13
selection,1326,28,0.344375,0.037291,2.38775,6.014583,100,14
selection,1327,28,0.723459,0.042959,2.89475,6.535459,100,15
selection,1328,28,0.531041,0.041083,2.772458,6.374333,100,16
selection,1329,28,0.541208,0.0335,2.646541,6.115208,100,17
selection,1330,28,2.1325,0.055083,4.648875,8.65125,100,18
selection,1331,28,0.21425,0.043166,2.430166,5.980666,100,19
selection,1332,28,0.167459,0.046208,2.492917,5.945709,100,20
empty,1333,28,0.158458,0.0425,1.97725,3.843583,0,
invoke,1334,29,,,5.655,6.353334,0,
input,1335,29,0.177458,0.239667,7.729041,10.145791,3,0
input,1336,29,2.43125,0.157541,8.992875,10.710583,2,0
input,1337,29,5.407917,0.184291,10.77,12.590375,1,0
input,1338,29,0.206666,0.134125,4.506458,5.405791,1,0
input,1339,29,1.115542,0.142667,5.072,5.995542,1,0
input,1340,29,1.353375,0.150958,5.805833,6.774958,1,0
input,1341,29,0.685041,0.040334,6.258208,8.052541,0,
input,1342,29,0.177917,0.037,3.8705,4.63425,0,
input,1343,29,1.852959,0.038334,5.822209,6.616167,0,
input,1344,29,1.557541,0.350042,7.488,10.220375,100,0
input,1345,29,0.151584,0.362458,3.531125,4.84925,100,0
input,1346,29,0.212833,0.345792,6.403708,7.24325,100,0
input,1347,29,1.05275,0.374625,5.48875,6.564541,100,0
input,1348,29,1.503458,0.037416,5.813,8.13925,0,
input,1349,29,0.643875,0.035625,4.563209,5.219542,0,
input,1350,29,1.792667,0.041916,5.716042,6.453375,0,
input,1351,29,1.647291,52.571333,57.785416,58.505833,0,
input,1352,29,0.196,49.904416,52.948875,53.673708,0,
input,1353,29,2.082333,50.289292,55.724166,56.366458,0,
input,1354,29,1.980667,50.78625,57.995125,58.594584,0,
input,1355,29,0.114042,51.423083,52.732917,53.268459,0,
input,1356,29,0.107542,51.434042,52.671708,53.2,0,
input,1357,29,0.093791,54.964042,56.239583,56.814625,0,
input,1358,29,0.088541,52.499917,53.692375,54.247583,0,
selection,1359,29,0.192709,0.0355,1.5745,2.614625,100,1
selection,1360,29,0.135834,0.035125,1.22975,2.125084,100,2
selection,1361,29,0.09875,0.027125,1.220625,2.07775,100,3
selection,1362,29,0.115458,0.022541,1.08475,1.878666,100,4
selection,1363,29,1.653667,0.035666,2.913792,4.091459,100,5
selection,1364,29,0.142709,0.034459,1.617792,4.971334,100,6
selection,1365,29,0.105334,0.024083,1.346709,4.172042,100,7
selection,1366,29,0.136834,0.039667,1.532042,5.130709,100,8
selection,1367,29,0.591959,0.046916,2.444042,6.200959,100,9
selection,1368,29,0.669375,0.036542,2.549167,6.204833,100,10
selection,1369,29,0.767833,0.040208,2.706542,6.456083,100,11
selection,1370,29,0.698792,0.061959,2.750709,6.428875,100,12
selection,1371,29,0.583458,0.031375,2.464833,5.811333,100,13
selection,1372,29,1.050417,0.056583,3.246417,7.245042,100,14
selection,1373,29,1.112791,0.049542,3.411375,7.345125,100,15
selection,1374,29,0.14675,0.026667,1.946125,5.178375,100,16
selection,1375,29,1.225916,0.039542,3.440125,6.799625,100,17
selection,1376,29,1.022708,0.038583,3.589833,7.924541,100,18
selection,1377,29,0.172125,0.03825,2.27725,5.959958,100,19
selection,1378,29,0.190667,0.062333,2.583208,6.237833,100,20
empty,1379,29,0.1885,0.034041,1.840792,4.162125,0,
invoke,1380,30,,,5.542084,6.238209,0,
input,1381,30,0.181125,0.264542,7.620917,10.05975,3,0
input,1382,30,2.494542,0.140541,8.814,10.538334,2,0
input,1383,30,0.168875,0.169792,4.818208,6.471208,1,0
input,1384,30,1.783625,0.135583,5.639583,6.52825,1,0
input,1385,30,0.175917,0.1585,2.254583,3.240583,1,0
input,1386,30,0.241375,0.167709,2.932708,3.90475,1,0
input,1387,30,0.237458,0.034834,3.885833,5.7445,0,
input,1388,30,3.786083,0.043666,5.486041,6.301541,0,
input,1389,30,1.750875,0.044042,7.636,8.264459,0,
input,1390,30,0.187916,0.336083,5.941083,8.452875,100,0
input,1391,30,0.16,0.360083,8.549916,9.622583,100,0
input,1392,30,0.213542,0.362625,3.727958,4.889708,100,0
input,1393,30,0.133375,0.354042,2.966292,3.847042,100,0
input,1394,30,0.16375,0.036292,3.080833,5.238833,0,
input,1395,30,4.222042,0.043958,5.947167,6.726125,0,
input,1396,30,0.734458,0.033292,4.045167,4.779167,0,
input,1397,30,0.166584,53.318334,55.320875,56.076375,0,
input,1398,30,0.244875,50.315459,52.353708,53.015041,0,
input,1399,30,0.135333,50.563708,54.061041,54.657208,0,
input,1400,30,1.786709,51.637292,61.115334,61.647209,0,
input,1401,30,0.113125,52.231542,53.605125,54.182584,0,
input,1402,30,0.10275,51.445209,52.613167,53.095584,0,
input,1403,30,0.108625,54.033292,55.263333,55.78775,0,
input,1404,30,0.093542,53.431625,54.704917,55.2835,0,
selection,1405,30,0.830417,0.034834,2.224167,3.317084,100,1
selection,1406,30,0.11625,0.023,1.177666,2.042541,100,2
selection,1407,30,0.095833,0.027208,1.222708,2.371,100,3
selection,1408,30,0.127875,0.025833,1.275209,2.120334,100,4
selection,1409,30,0.143,0.03875,1.42575,2.595875,100,5
selection,1410,30,0.13525,0.03375,1.567167,4.851208,100,6
selection,1411,30,0.173875,0.045416,1.725125,5.079167,100,7
selection,1412,30,0.371833,0.0365,2.121583,5.536166,100,8
selection,1413,30,1.17875,0.03925,2.984666,6.65575,100,9
selection,1414,30,0.845458,0.03675,2.733166,6.507625,100,10
selection,1415,30,0.772625,0.050625,2.6525,6.666,100,11
selection,1416,30,2.07675,0.042459,4.009291,7.692625,100,12
selection,1417,30,0.695458,0.04725,2.735208,6.244833,100,13
selection,1418,30,1.062417,0.04675,3.329625,7.296459,100,14
selection,1419,30,0.181125,0.04275,2.319958,5.794708,100,15
selection,1420,30,0.769125,0.050708,2.933625,7.012042,100,16
selection,1421,30,1.66225,0.050875,3.784834,7.518667,100,17
selection,1422,30,0.595709,0.02575,2.326209,5.549917,100,18
selection,1423,30,0.145958,0.033,2.191625,6.245,100,19
selection,1424,30,0.160833,0.037,2.410458,6.268458,100,20
empty,1425,30,0.130834,0.034833,1.73625,4.201334,0,
invoke,1426,31,,,4.489083,5.173208,0,
input,1427,31,0.502709,0.16875,5.970459,8.2155,3,0
input,1428,31,2.760375,0.128875,9.589166,11.31975,2,0
input,1429,31,6.461334,0.176375,11.386917,13.199084,1,0
input,1430,31,0.20775,0.171875,5.147917,6.164209,1,0
input,1431,31,0.285208,0.1475,4.386167,5.197833,1,0
input,1432,31,1.397083,0.192041,7.051958,7.914333,1,0
input,1433,31,0.156959,0.036833,4.426875,6.355459,0,
input,1434,31,1.146166,0.034833,5.521958,6.374666,0,
input,1435,31,1.132792,0.036667,5.086709,5.871167,0,
input,1436,31,1.53925,0.354416,7.583708,10.5135,100,0
input,1437,31,0.189292,0.337292,4.157208,5.363833,100,0
input,1438,31,0.124542,0.3435,4.794125,5.754167,100,0
input,1439,31,1.07125,0.356458,5.573583,6.600208,100,0
input,1440,31,0.446833,0.038125,4.34275,6.775708,0,
input,1441,31,1.008625,0.036,4.753084,5.53475,0,
input,1442,31,1.843,0.036625,7.446917,8.128208,0,
input,1443,31,0.191333,51.178125,55.318792,56.036333,0,
input,1444,31,0.346125,49.685417,54.515667,55.093459,0,
input,1445,31,1.586666,50.572459,55.053541,55.667083,0,
input,1446,31,0.1115,49.780958,51.049167,51.540292,0,
input,1447,31,0.107,52.074542,54.049042,54.606583,0,
input,1448,31,0.520125,51.716625,54.54075,55.035583,0,
input,1449,31,1.88,52.676208,60.11325,60.677083,0,
input,1450,31,0.107833,55.586042,56.991083,57.530125,0,
selection,1451,31,0.153875,0.042458,1.740459,2.9285,100,1
selection,1452,31,0.150958,0.037708,1.410417,2.471833,100,2
selection,1453,31,0.148125,0.037458,1.409209,2.451834,100,3
selection,1454,31,0.097583,0.022917,1.106541,1.894083,100,4
selection,1455,31,0.113834,0.029125,1.391834,2.666917,100,5
selection,1456,31,0.127542,0.031875,1.481833,4.661417,100,6
selection,1457,31,0.134583,0.025417,1.384125,4.377041,100,7
selection,1458,31,0.18025,0.052125,1.877792,5.725708,100,8
selection,1459,31,1.506542,0.048125,3.396458,7.173125,100,9
selection,1460,31,0.649333,0.045125,2.74225,6.273792,100,10
selection,1461,31,0.666208,0.044458,2.653083,6.392625,100,11
selection,1462,31,0.585167,0.060583,2.690083,6.5495,100,12
selection,1463,31,0.368167,0.057625,2.513709,6.074167,100,13
selection,1464,31,0.614792,0.054792,2.670875,6.206208,100,14
selection,1465,31,0.109083,0.027875,1.740166,5.75975,100,15
selection,1466,31,0.205458,0.040292,2.311583,6.286666,100,16
selection,1467,31,0.186958,0.037042,2.254583,5.787292,100,17
selection,1468,31,0.225375,0.052084,2.692333,6.98525,100,18
selection,1469,31,0.154625,0.03675,2.39525,6.342417,100,19
selection,1470,31,0.127,0.030041,2.236875,5.086458,100,20
empty,1471,31,0.147125,0.034125,2.47325,4.7135,0,
invoke,1472,32,,,4.863375,6.363625,0,
input,1473,32,0.132083,0.215542,5.774958,7.939916,3,0
input,1474,32,3.089,0.175833,9.017042,10.709209,2,0
input,1475,32,0.144292,0.154708,6.324542,7.799667,1,0
input,1476,32,0.145667,0.200792,2.537958,3.457458,1,0
input,1477,32,0.15,0.159917,2.675125,3.653542,1,0
input,1478,32,1.120166,0.123625,4.773083,5.54675,1,0
input,1479,32,1.487791,0.034625,5.222416,7.059,0,
input,1480,32,0.962875,0.038375,6.573708,7.154,0,
input,1481,32,0.215167,0.036458,3.46525,4.11525,0,
input,1482,32,0.160625,0.347,4.431334,7.072584,100,0
input,1483,32,0.14,0.332167,2.842,3.876916,100,0
input,1484,32,0.140208,0.332083,2.904333,3.842333,100,0
input,1485,32,0.199542,0.353709,4.674459,5.649167,100,0
input,1486,32,0.625209,0.033916,4.429084,6.570584,0,
input,1487,32,3.881667,0.042541,5.532167,6.28075,0,
input,1488,32,1.16875,0.034959,4.7855,5.493167,0,
input,1489,32,1.964583,51.978292,57.265417,57.902333,0,
input,1490,32,1.039542,50.192458,54.14425,54.764458,0,
input,1491,32,0.102792,49.860708,51.2295,51.824084,0,
input,1492,32,0.102334,51.054083,55.804584,56.331084,0,
input,1493,32,0.109083,51.798584,54.000458,54.506125,0,
input,1494,32,1.39875,51.807458,57.219959,57.711334,0,
input,1495,32,0.108208,52.997958,54.156458,54.616458,0,
input,1496,32,1.822041,55.556958,61.877458,62.559458,0,
selection,1497,32,0.523291,0.034,1.891958,2.85525,100,1
selection,1498,32,0.109292,0.022542,1.09225,2.004667,100,2
selection,1499,32,0.282792,0.020708,1.297333,2.360542,100,3
selection,1500,32,0.113041,0.020083,1.067375,1.847625,100,4
selection,1501,32,1.074167,0.03725,2.30275,3.443,100,5
selection,1502,32,0.097667,0.0235,1.247792,4.615209,100,6
selection,1503,32,0.174,0.047458,1.720417,5.012375,100,7
selection,1504,32,0.941459,0.049833,2.666167,5.942417,100,8
selection,1505,32,0.12475,0.02525,1.44675,4.282833,100,9
selection,1506,32,0.1155,0.025333,1.574167,4.614833,100,10
selection,1507,32,0.184834,0.05025,1.980667,5.3785,100,11
selection,1508,32,0.189084,0.050167,2.128084,5.449375,100,12
selection,1509,32,0.157042,0.03725,1.89125,5.924292,100,13
selection,1510,32,0.69725,0.068292,2.880958,6.682166,100,14
selection,1511,32,0.273208,0.047375,2.258542,5.784833,100,15
selection,1512,32,0.865208,0.072541,3.417833,7.106875,100,16
selection,1513,32,0.227583,0.04175,2.184666,5.6655,100,17
selection,1514,32,0.709375,0.076875,3.272917,6.890417,100,18
selection,1515,32,0.187458,0.049833,2.453,6.0805,100,19
selection,1516,32,0.321167,0.041792,2.701833,6.4905,100,20
empty,1517,32,0.11375,0.036458,5.248708,7.479625,0,
invoke,1518,33,,,3.976208,4.679958,0,
input,1519,33,0.194333,0.229792,6.202792,8.508042,3,0
input,1520,33,0.425625,0.16325,6.543291,8.445166,2,0
input,1521,33,0.189625,0.120583,4.724958,6.1475,1,0
input,1522,33,8.257833,0.14775,12.857125,13.806666,1,0
input,1523,33,0.773959,0.129083,4.938542,5.8065,1,0
input,1524,33,1.313,0.14725,6.522583,7.362583,1,0
input,1525,33,0.151,0.034458,3.296417,5.134792,0,
input,1526,33,4.237209,0.046541,5.995209,6.843375,0,
input,1527,33,0.879083,0.036083,5.210375,5.983167,0,
input,1528,33,0.183875,0.38325,4.804209,7.6485,100,0
input,1529,33,0.130875,0.341209,2.77425,3.669291,100,0
input,1530,33,0.147167,0.34625,2.850292,3.792292,100,0
input,1531,33,0.171209,0.37375,4.089417,5.259875,100,0
input,1532,33,0.731792,0.036958,4.91675,7.144708,0,
input,1533,33,1.31475,0.036167,5.270958,6.04375,0,
input,1534,33,1.608208,0.048083,5.657791,6.42225,0,
input,1535,33,1.476041,53.068792,58.434875,59.228416,0,
input,1536,33,0.152833,50.290334,52.238916,52.8665,0,
input,1537,33,1.943041,50.242875,56.803958,57.413875,0,
input,1538,33,0.908375,50.86875,57.077417,57.658208,0,
input,1539,33,0.154333,52.982459,54.572333,55.157958,0,
input,1540,33,0.830041,51.746166,53.894791,54.463916,0,
input,1541,33,0.103833,51.425334,52.745125,53.414916,0,
input,1542,33,0.121916,50.744625,52.072333,52.5745,0,
selection,1543,33,0.115375,0.026625,1.397042,2.313542,100,1
selection,1544,33,0.092,0.023208,1.043208,1.925292,100,2
selection,1545,33,0.145083,0.034792,1.464583,2.506708,100,3
selection,1546,33,0.156834,0.045084,1.520959,2.730584,100,4
selection,1547,33,0.112208,0.02925,1.279708,2.420583,100,5
selection,1548,33,0.131125,0.031416,1.682875,5.253792,100,6
selection,1549,33,1.276083,0.031958,2.753666,6.480708,100,7
selection,1550,33,0.144584,0.028542,1.477917,4.964959,100,8
selection,1551,33,0.190917,0.044291,1.848125,5.533125,100,9
selection,1552,33,0.179667,0.033041,1.868042,5.17375,100,10
selection,1553,33,0.168417,0.043375,1.994125,5.613625,100,11
selection,1554,33,0.224417,0.053208,2.337667,5.8775,100,12
selection,1555,33,0.155084,0.034583,1.88825,5.587625,100,13
selection,1556,33,0.590666,0.084875,3.040541,7.130875,100,14
selection,1557,33,0.20275,0.049125,2.455417,6.1105,100,15
selection,1558,33,0.192708,0.038083,2.1385,5.623583,100,16
selection,1559,33,0.605375,0.057709,2.89075,6.574208,100,17
selection,1560,33,0.321584,0.04475,2.552417,6.207875,100,18
selection,1561,33,0.374083,0.038083,2.489958,6.017,100,19
selection,1562,33,0.666792,0.068125,3.29975,6.83825,100,20
empty,1563,33,0.143375,0.037458,3.950375,6.191875,0,
invoke,1564,34,,,3.583666,4.26925,0,
input,1565,34,0.18075,0.207375,5.76225,8.140291,3,0
input,1566,34,5.262916,0.150458,10.29275,11.874541,2,0
input,1567,34,1.227958,0.15225,6.056583,7.6125,1,0
input,1568,34,0.179875,0.178375,4.822459,5.839,1,0
input,1569,34,0.528667,0.13025,5.031334,5.899,1,0
input,1570,34,0.96675,0.152208,4.619209,5.496084,1,0
input,1571,34,1.311917,0.038,5.136375,6.980292,0,
input,1572,34,5.031167,0.0355,6.52375,7.22,0,
input,1573,34,0.902708,0.036625,4.679833,5.324208,0,
input,1574,34,1.836333,0.325167,7.522542,10.157167,100,0
input,1575,34,0.187625,0.360375,3.424583,4.424583,100,0
input,1576,34,0.17,0.329458,4.135333,5.090583,100,0
input,1577,34,1.004084,0.33175,5.544417,6.543042,100,0
input,1578,34,0.44725,0.03725,4.030709,5.86925,0,
input,1579,34,3.437,0.034917,4.796834,5.387959,0,
input,1580,34,0.126625,0.031625,1.416042,2.0215,0,
input,1581,34,0.1595,51.189208,52.898209,53.491875,0,
input,1582,34,1.275583,50.104042,53.739791,54.289333,0,
input,1583,34,0.100583,50.817333,51.977958,52.522958,0,
input,1584,34,0.0995,51.04925,55.972875,56.530875,0,
input,1585,34,0.099667,53.09275,55.096833,55.62875,0,
input,1586,34,0.080625,51.668083,55.4815,55.9565,0,
input,1587,34,0.107,53.418,54.748375,55.320833,0,
input,1588,34,1.019042,54.9265,58.306084,58.848167,0,
selection,1589,34,0.558042,0.029833,1.798709,2.768125,100,1
selection,1590,34,0.120417,0.025208,1.107208,1.938333,100,2
selection,1591,34,0.446583,0.021875,1.431458,2.456208,100,3
selection,1592,34,0.130333,0.023459,1.157083,1.936083,100,4
selection,1593,34,1.436709,0.028625,2.521209,3.48075,100,5
selection,1594,34,0.149708,0.040541,1.654333,4.953375,100,6
selection,1595,34,0.180167,0.048916,1.504,4.635084,100,7
selection,1596,34,0.153875,0.032458,1.491375,4.701,100,8
selection,1597,34,0.99925,0.027791,2.610959,6.214625,100,9
selection,1598,34,1.119166,0.038583,3.02975,6.602,100,10
selection,1599,34,0.884625,0.042042,2.820875,6.838833,100,11
selection,1600,34,0.156958,0.042833,2.210958,6.236208,100,12
selection,1601,34,0.160042,0.037209,2.020167,5.560542,100,13
selection,1602,34,0.157166,0.035917,2.015958,5.695875,100,14
selection,1603,34,0.169417,0.033459,2.232833,6.019875,100,15
selection,1604,34,0.207709,0.049375,2.551167,6.371292,100,16
selection,1605,34,0.240042,0.061416,2.816375,6.76075,100,17
selection,1606,34,0.170208,0.036208,2.605125,6.865625,100,18
selection,1607,34,0.22525,0.049292,2.6685,6.727,100,19
selection,1608,34,0.123708,0.031416,2.164083,6.052458,100,20
empty,1609,34,0.138917,0.038375,3.13475,5.329583,0,
invoke,1610,35,,,4.37475,5.02775,0,
input,1611,35,1.93225,0.233375,10.439416,12.861791,3,0
input,1612,35,2.043583,0.147125,8.941667,10.926083,2,0
input,1613,35,0.1935,0.160333,4.40025,6.000375,1,0
input,1614,35,0.234292,0.164417,4.938708,5.934333,1,0
input,1615,35,0.848209,0.141792,4.817084,5.727292,1,0
input,1616,35,1.41025,0.194875,8.391833,9.251958,1,0
input,1617,35,0.129125,0.039167,1.934,3.749583,0,
input,1618,35,1.253167,0.036083,4.968667,5.625,0,
input,1619,35,1.756916,0.035291,5.35625,6.020541,0,
input,1620,35,2.03825,0.367541,7.913583,10.618792,100,0
input,1621,35,0.154167,0.333667,4.210709,5.155375,100,0
input,1622,35,0.208375,0.3445,3.344625,4.306583,100,0
input,1623,35,0.89375,0.365334,5.704584,6.898834,100,0
input,1624,35,0.163875,0.036,3.66625,5.862125,0,
input,1625,35,0.134708,0.032958,1.518416,2.247,0,
input,1626,35,1.139291,0.03675,7.253291,7.958458,0,
input,1627,35,0.206,50.922916,54.135583,54.934083,0,
input,1628,35,0.866,49.885792,55.256,55.873958,0,
input,1629,35,0.1205,51.525459,52.885916,53.415708,0,
input,1630,35,0.107583,51.05125,54.370875,54.905125,0,
input,1631,35,0.980541,51.494541,53.5735,54.080083,0,
input,1632,35,0.116375,52.389917,53.747833,54.365417,0,
input,1633,35,0.097375,52.526625,53.657709,54.14025,0,
input,1634,35,0.095125,53.049291,55.484541,56.014583,0,
selection,1635,35,0.118,0.032292,1.462583,2.441625,100,1
selection,1636,35,0.0875,0.023208,1.026791,1.896,100,2
selection,1637,35,0.3085,0.022834,1.317625,2.124042,100,3
selection,1638,35,0.097583,0.019959,1.047041,1.907291,100,4
selection,1639,35,0.806084,0.032584,2.012417,3.078792,100,5
selection,1640,35,0.112958,0.027292,1.328625,4.436875,100,6
selection,1641,35,0.096958,0.02225,1.22575,3.988208,100,7
selection,1642,35,0.581583,0.029625,1.99425,5.44575,100,8
selection,1643,35,1.806792,0.045833,3.574208,7.116875,100,9
selection,1644,35,1.202375,0.05875,3.174292,6.519958,100,10
selection,1645,35,1.020417,0.049167,3.275208,7.460458,100,11
selection,1646,35,0.21475,0.04825,2.277416,5.994375,100,12
selection,1647,35,0.171834,0.036834,2.183959,5.772875,100,13
selection,1648,35,0.784917,0.072875,3.142833,6.890208,100,14
selection,1649,35,0.253208,0.045208,2.5675,6.352416,100,15
selection,1650,35,0.238458,0.030291,2.024417,5.405708,100,16
selection,1651,35,0.172459,0.037584,2.258792,6.306209,100,17
selection,1652,35,0.192875,0.037791,2.3615,6.0455,100,18
selection,1653,35,0.174291,0.038167,2.427291,6.1255,100,19
selection,1654,35,0.157958,0.0385,2.311792,6.238958,100,20
empty,1655,35,0.125625,0.035,4.031083,6.288375,0,
invoke,1656,36,,,3.891792,6.24575,0,
input,1657,36,0.131583,0.230625,5.469625,7.544208,3,0
input,1658,36,0.180958,0.207208,3.52175,5.369792,2,0
input,1659,36,2.037042,0.150167,6.923292,8.509875,1,0
input,1660,36,8.252167,0.11175,12.035292,12.819667,1,0
input,1661,36,1.775416,0.154208,5.714458,6.61225,1,0
input,1662,36,0.125,0.14675,1.695167,2.451542,1,0
input,1663,36,0.11975,0.034792,2.259708,4.062,0,
input,1664,36,1.282459,0.035292,4.9395,5.749,0,
input,1665,36,1.896166,0.040166,7.036833,7.71275,0,
input,1666,36,0.49625,0.338291,5.809583,8.397625,100,0
input,1667,36,0.160583,0.3495,5.245291,6.097458,100,0
input,1668,36,0.324541,0.348292,4.710416,5.499541,100,0
input,1669,36,1.175792,0.348583,4.965917,5.816458,100,0
input,1670,36,1.337375,0.039375,6.34675,8.24725,0,
input,1671,36,0.130542,0.034958,3.128542,3.786458,0,
input,1672,36,0.132542,0.0295,1.335958,1.902292,0,
input,1673,36,0.173791,51.08375,53.04475,53.631833,0,
input,1674,36,1.582625,50.070583,54.258792,54.799833,0,
input,1675,36,0.103916,50.99375,52.234,52.787375,0,
input,1676,36,0.10875,51.480458,55.175542,55.691792,0,
input,1677,36,0.111625,52.062041,53.382958,53.880375,0,
input,1678,36,0.108667,50.926292,52.240083,52.75825,0,
input,1679,36,0.092541,51.350125,54.644041,55.202791,0,
input,1680,36,0.109792,56.379708,59.984042,60.562583,0,
selection,1681,36,0.529708,0.044042,2.108458,3.085792,100,1
selection,1682,36,0.132084,0.024583,1.161459,1.991,100,2
selection,1683,36,0.141125,0.029916,1.3345,2.42475,100,3
selection,1684,36,0.1395,0.029958,1.331667,2.2715,100,4
selection,1685,36,0.698875,0.026291,1.913041,3.074125,100,5
selection,1686,36,0.111917,0.022083,1.285542,4.626542,100,6
selection,1687,36,0.148541,0.03625,1.633583,4.768958,100,7
selection,1688,36,1.180417,0.049625,2.973875,6.482917,100,8
selection,1689,36,1.011042,0.039,2.5535,5.861417,100,9
selection,1690,36,1.445208,0.03375,3.027583,6.622625,100,10
selection,1691,36,1.140958,0.058083,2.995833,6.652875,100,11
selection,1692,36,0.795792,0.091625,3.246417,7.374667,100,12
selection,1693,36,0.212667,0.0465,2.396292,6.092542,100,13
selection,1694,36,0.285834,0.069459,2.66775,6.390042,100,14
selection,1695,36,0.184709,0.04375,2.284542,5.6705,100,15
selection,1696,36,0.432375,0.051333,2.745875,6.486834,100,16
selection,1697,36,0.26175,0.076875,2.88175,6.546667,100,17
selection,1698,36,0.204291,0.053166,2.46075,5.996166,100,18
selection,1699,36,0.267333,0.041084,2.64775,6.138166,100,19
selection,1700,36,0.407625,0.066209,2.877459,6.9855,100,20
empty,1701,36,0.14925,0.035417,4.835583,6.827333,0,
invoke,1702,37,,,4.042167,5.3465,0,
input,1703,37,0.217459,0.223417,5.7395,8.027125,3,0
input,1704,37,3.137875,0.131166,9.452916,11.179458,2,0
input,1705,37,0.223708,0.209417,5.403583,6.982125,1,0
input,1706,37,8.284,0.174,12.479833,13.461417,1,0
input,1707,37,1.117542,0.182583,5.7275,6.698042,1,0
input,1708,37,0.705625,0.19525,4.959041,5.983291,1,0
input,1709,37,0.558791,0.037958,4.579791,6.534333,0,
input,1710,37,1.364542,0.04025,5.754709,6.558292,0,
input,1711,37,1.099542,0.048584,5.17,5.955708,0,
input,1712,37,2.248167,0.349208,8.41975,11.47525,100,0
input,1713,37,0.130459,0.328334,2.982834,3.980709,100,0
input,1714,37,0.146458,0.34525,4.132125,5.117583,100,0
input,1715,37,0.587458,0.367,5.482708,6.56325,100,0
input,1716,37,0.153209,0.037542,3.791375,6.14675,0,
input,1717,37,1.126917,0.035417,5.194083,5.910833,0,
input,1718,37,1.622208,0.039834,5.308958,5.980875,0,
input,1719,37,1.916791,53.200917,58.750708,59.551875,0,
input,1720,37,0.233458,49.375916,52.12975,52.869666,0,
input,1721,37,2.072208,50.44475,57.881125,58.481333,0,
input,1722,37,0.119708,51.1135,55.934583,56.54925,0,
input,1723,37,0.134334,52.133834,56.696375,57.271417,0,
input,1724,37,0.094708,52.917708,54.855375,55.413875,0,
input,1725,37,0.110583,53.39925,55.881458,56.458917,0,
input,1726,37,0.125166,54.837834,58.1475,58.731666,0,
selection,1727,37,1.021,0.028167,2.252625,3.159291,100,1
selection,1728,37,0.078875,0.019709,0.959917,1.662959,100,2
selection,1729,37,0.925208,0.044541,2.338625,3.587916,100,3
selection,1730,37,0.148375,0.026,1.249833,2.203375,100,4
selection,1731,37,0.1015,0.023292,1.130791,2.1885,100,5
selection,1732,37,0.129334,0.028292,1.351917,4.964542,100,6
selection,1733,37,0.153541,0.039292,1.581041,4.969291,100,7
selection,1734,37,0.220375,0.051375,1.972542,5.320542,100,8
selection,1735,37,0.17275,0.047083,1.985583,5.545041,100,9
selection,1736,37,0.334708,0.034541,2.175292,6.159875,100,10
selection,1737,37,1.5095,0.043791,3.429375,6.938792,100,11
selection,1738,37,0.847333,0.047125,2.892916,6.795666,100,12
selection,1739,37,1.035291,0.048542,3.138833,6.648708,100,13
selection,1740,37,0.658834,0.039875,2.672125,6.311292,100,14
selection,1741,37,0.701042,0.035833,2.719792,6.090375,100,15
selection,1742,37,1.037459,0.039208,3.457084,7.576084,100,16
selection,1743,37,0.233625,0.059042,2.371125,5.899625,100,17
selection,1744,37,0.564209,0.041917,2.880834,6.269625,100,18
selection,1745,37,0.175708,0.03825,2.488458,6.168042,100,19
selection,1746,37,0.607958,0.039667,3.053167,6.765667,100,20
empty,1747,37,0.134125,0.036334,1.978167,4.495542,0,
invoke,1748,38,,,6.580083,9.110583,0,
input,1749,38,0.754583,0.205333,7.312791,9.445125,3,0
input,1750,38,2.148125,0.148209,7.252334,8.985209,2,0
input,1751,38,0.255083,0.163,5.081792,6.6855,1,0
input,1752,38,8.268042,0.155333,12.586667,13.539875,1,0
input,1753,38,1.04025,0.156166,5.507583,6.480667,1,0
input,1754,38,0.778,0.151125,6.631208,7.613583,1,0
input,1755,38,0.164167,0.033625,2.561833,4.412792,0,
input,1756,38,0.15775,0.039833,1.959583,2.776,0,
input,1757,38,0.558208,0.036125,4.410666,5.169,0,
input,1758,38,0.191208,0.371541,4.586125,7.542541,100,0
input,1759,38,1.826709,0.359875,8.430334,9.470542,100,0
input,1760,38,0.207709,0.349917,5.352292,6.333292,100,0
input,1761,38,0.196541,0.376167,4.830916,5.950458,100,0
input,1762,38,0.148417,0.038833,3.781042,6.128584,0,
input,1763,38,4.346083,0.035125,5.950292,6.7405,0,
input,1764,38,0.727791,0.034375,5.991458,6.697958,0,
input,1765,38,0.389208,51.90625,56.000166,56.664166,0,
input,1766,38,0.2195,49.769291,55.083125,55.714166,0,
input,1767,38,0.114875,51.552375,52.963,53.555208,0,
input,1768,38,0.10975,50.87,54.525209,55.076209,0,
input,1769,38,0.104958,50.76975,53.5515,54.161417,0,
input,1770,38,0.094875,52.515791,53.820625,54.327625,0,
input,1771,38,0.107583,52.303791,53.470583,54.00275,0,
input,1772,38,0.108375,53.525459,55.16875,55.717542,0,
selection,1773,38,0.767875,0.029166,2.017917,2.950667,100,1
selection,1774,38,0.099417,0.031875,1.098584,2.127292,100,2
selection,1775,38,1.343583,0.018292,2.285042,3.094667,100,3
selection,1776,38,0.111,0.025875,1.258959,2.232167,100,4
selection,1777,38,0.625083,0.049375,1.962791,3.136833,100,5
selection,1778,38,0.13825,0.037083,1.511709,4.650292,100,6
selection,1779,38,0.097542,0.023875,1.291209,4.072375,100,7
selection,1780,38,1.444833,0.036958,3.226833,7.361417,100,8
selection,1781,38,1.838459,0.089208,3.575834,6.959167,100,9
selection,1782,38,1.145667,0.055708,3.101667,6.587625,100,10
selection,1783,38,1.04725,0.050542,3.057541,6.848916,100,11
selection,1784,38,0.513125,0.038042,2.280708,5.463458,100,12
selection,1785,38,0.109667,0.025417,1.571625,5.265958,100,13
selection,1786,38,0.1855,0.034667,2.293167,6.555167,100,14
selection,1787,38,0.237917,0.058167,2.486709,6.946834,100,15
selection,1788,38,0.150834,0.035958,2.215959,6.093417,100,16
selection,1789,38,0.148958,0.029958,2.013,5.338541,100,17
selection,1790,38,0.218792,0.05225,2.71075,6.945084,100,18
selection,1791,38,0.147791,0.02925,2.107041,5.722916,100,19
selection,1792,38,0.211792,0.038458,2.541709,6.520167,100,20
empty,1793,38,0.142833,0.037625,1.913291,4.210958,0,
invoke,1794,39,,,3.896667,4.698709,0,
input,1795,39,0.194958,0.180125,8.176792,10.389625,3,0
input,1796,39,2.375125,0.136875,8.61325,10.412042,2,0
input,1797,39,0.177416,0.159417,5.182541,6.656916,1,0
input,1798,39,1.101667,0.163291,5.685583,6.630167,1,0
input,1799,39,0.813625,0.135583,5.764917,6.69075,1,0
input,1800,39,0.408708,0.159875,4.04225,4.93875,1,0
input,1801,39,1.401375,0.035542,4.877708,6.717458,0,
input,1802,39,0.419,0.04175,2.0815,2.789292,0,
input,1803,39,0.140667,0.032708,1.528125,2.256542,0,
input,1804,39,0.173125,0.333334,4.808666,7.539625,100,0
input,1805,39,0.203959,0.357416,3.385917,4.627667,100,0
input,1806,39,0.168625,0.2875,5.012042,5.992917,100,0
input,1807,39,0.511167,0.342708,5.305125,6.319333,100,0
input,1808,39,0.6395,0.03325,6.051459,8.212334,0,
input,1809,39,0.181875,0.038875,3.716083,4.413458,0,
input,1810,39,2.093583,0.033458,5.706333,6.441875,0,
input,1811,39,2.007334,51.01925,56.336125,56.94075,0,
input,1812,39,1.319958,50.370208,54.581375,55.205875,0,
input,1813,39,0.111333,50.849417,52.266375,52.830208,0,
input,1814,39,0.101417,51.929125,57.799084,58.337,0,
input,1815,39,0.118625,51.960542,53.171417,53.751542,0,
input,1816,39,0.093959,51.463458,53.085209,53.573584,0,
input,1817,39,1.125167,51.838916,54.175584,54.753667,0,
input,1818,39,0.107292,53.502875,54.820875,55.379125,0,
selection,1819,39,0.994875,0.041375,2.498084,3.564292,100,1
selection,1820,39,3.783542,0.031042,4.834459,5.759959,100,2
selection,1821,39,0.075542,0.018542,0.946167,1.707542,100,3
selection,1822,39,0.615959,0.028875,1.664417,2.483667,100,4
selection,1823,39,0.100541,0.022208,1.068625,2.019458,100,5
selection,1824,39,0.753583,0.054625,2.29925,6.026208,100,6
selection,1825,39,1.036084,0.047917,2.641084,6.004334,100,7
selection,1826,39,1.461417,0.043041,3.0,6.373542,100,8
selection,1827,39,1.430125,0.036959,3.378125,6.832958,100,9
selection,1828,39,0.968792,0.041583,2.903958,6.457833,100,10
selection,1829,39,0.865416,0.039917,2.769291,6.496916,100,11
selection,1830,39,0.689,0.053542,2.550167,5.874917,100,12
selection,1831,39,1.190958,0.037416,3.052125,6.644708,100,13
selection,1832,39,0.839833,0.039542,3.020666,6.9415,100,14
selection,1833,39,0.278792,0.046167,2.558167,6.384375,100,15
selection,1834,39,0.254584,0.046417,2.408584,6.341834,100,16
selection,1835,39,0.288167,0.040416,2.499583,5.882667,100,17
selection,1836,39,0.75725,0.030708,2.82575,6.792958,100,18
selection,1837,39,0.308417,0.033,2.326708,6.457458,100,19
selection,1838,39,0.234167,0.047959,2.654833,6.745917,100,20
empty,1839,39,0.137042,0.036833,4.903792,7.057042,0,
invoke,1840,40,,,5.940375,6.604625,0,
input,1841,40,0.137583,0.1835,8.379291,10.461416,3,0
input,1842,40,2.263166,0.14725,8.51875,10.199833,2,0
input,1843,40,0.317833,0.150666,4.889208,6.358167,1,0
input,1844,40,1.408125,0.164834,5.899833,6.840375,1,0
input,1845,40,0.793167,0.156291,5.187125,6.282333,1,0
input,1846,40,0.670209,0.152834,6.128667,6.982542,1,0
input,1847,40,0.142708,0.037792,3.442042,5.288042,0,
input,1848,40,0.994209,0.034291,4.743542,5.476042,0,
input,1849,40,1.602666,0.036167,4.852375,5.613,0,
input,1850,40,0.12675,0.351291,4.150083,7.002333,100,0
input,1851,40,1.857875,0.372459,8.707958,9.784833,100,0
input,1852,40,0.184292,0.337125,4.95525,5.944375,100,0
input,1853,40,0.545875,0.367709,5.292916,6.3665,100,0
input,1854,40,0.168416,0.034583,4.23575,6.483166,0,
input,1855,40,0.990084,0.036625,4.909667,5.592709,0,
input,1856,40,1.736625,0.041167,5.570792,6.319375,0,
input,1857,40,1.719166,52.977958,59.285583,60.077,0,
input,1858,40,0.138583,50.202125,53.6935,54.44175,0,
input,1859,40,0.172917,50.859,52.794,53.489167,0,
input,1860,40,0.102625,51.310625,53.961291,54.544083,0,
input,1861,40,0.123,51.299708,52.804583,53.351333,0,
input,1862,40,1.932875,52.048708,55.204625,55.770625,0,
input,1863,40,0.116625,52.102875,53.515959,54.135917,0,
input,1864,40,0.095708,51.325458,52.614166,53.173916,0,
selection,1865,40,1.012958,0.030708,2.493542,3.6675,100,1
selection,1866,40,0.117,0.02425,1.15825,1.986875,100,2
selection,1867,40,0.134,0.032375,1.248833,2.120917,100,3
selection,1868,40,0.177917,0.047083,1.498959,2.543125,100,4
selection,1869,40,1.534542,0.030792,2.6995,3.888667,100,5
selection,1870,40,0.111292,0.025875,1.229375,4.306292,100,6
selection,1871,40,0.117916,0.026709,1.360208,4.208958,100,7
selection,1872,40,0.197375,0.045958,1.828792,5.043084,100,8
selection,1873,40,1.923625,0.044208,3.414875,6.686042,100,9
selection,1874,40,1.548167,0.037875,3.199084,6.592542,100,10
selection,1875,40,1.307667,0.035792,2.924375,6.520792,100,11
selection,1876,40,1.116459,0.037916,2.730875,6.03,100,12
selection,1877,40,1.453041,0.043,3.320541,6.746833,100,13
selection,1878,40,1.067084,0.064041,3.209417,7.167292,100,14
selection,1879,40,0.247583,0.055167,2.523958,6.235916,100,15
selection,1880,40,0.257166,0.039959,2.331458,5.641833,100,16
selection,1881,40,0.957083,0.065375,3.142083,6.521833,100,17
selection,1882,40,0.6095,0.056417,3.038208,6.934333,100,18
selection,1883,40,0.2375,0.06275,2.571375,6.334667,100,19
selection,1884,40,0.177375,0.041209,2.429375,6.123,100,20
empty,1885,40,0.153583,0.037625,3.729,5.949916,0,
invoke,1886,41,,,3.668416,4.365333,0,
input,1887,41,0.441708,0.2625,8.434458,10.61675,3,0
input,1888,41,3.072292,0.139791,8.924584,10.795459,2,0
input,1889,41,0.192458,0.157042,6.712083,8.375791,1,0
input,1890,41,0.173,0.192042,2.712542,3.950584,1,0
input,1891,41,0.167292,0.148333,2.060709,2.968917,1,0
input,1892,41,1.142167,0.1325,4.99175,5.910709,1,0
input,1893,41,1.2095,0.035625,5.087542,6.960917,0,
input,1894,41,1.193208,0.033333,6.454166,7.145125,0,
input,1895,41,0.361542,0.041375,3.764334,4.4785,0,
input,1896,41,0.161875,0.356791,4.049416,6.973166,100,0
input,1897,41,0.145125,0.344625,3.242208,4.417,100,0
input,1898,41,0.148291,0.379166,3.038166,3.99725,100,0
input,1899,41,0.187,0.350208,3.409917,4.445083,100,0
input,1900,41,2.019292,0.033584,5.904625,8.118584,0,
input,1901,41,4.060333,0.043583,5.699417,6.426458,0,
input,1902,41,0.910083,0.032375,4.55625,5.265625,0,
input,1903,41,2.06,53.180292,58.644375,59.370208,0,
input,1904,41,0.131916,50.201167,53.1005,53.705583,0,
input,1905,41,0.11825,50.956458,52.438042,53.035208,0,
input,1906,41,0.126959,50.720791,53.787167,54.353625,0,
input,1907,41,0.103375,53.194833,54.524625,55.094417,0,
input,1908,41,1.056458,52.807208,55.143125,55.65775,0,
input,1909,41,1.704084,53.357583,56.264375,56.804167,0,
input,1910,41,1.307875,51.557875,54.120292,54.679,0,
selection,1911,41,0.716292,0.034875,2.122708,3.066042,100,1
selection,1912,41,0.10225,0.019833,0.941292,1.775333,100,2
selection,1913,41,0.281042,0.025875,1.371333,2.340875,100,3
selection,1914,41,0.148041,0.034916,1.328208,2.208166,100,4
selection,1915,41,0.311417,0.030708,1.388292,2.35125,100,5
selection,1916,41,0.1285,0.039083,1.594666,5.210625,100,6
selection,1917,41,0.194416,0.041,1.671083,4.714625,100,7
selection,1918,41,0.200666,0.051584,2.077625,5.585166,100,8
selection,1919,41,0.129292,0.035375,1.629458,5.182875,100,9
selection,1920,41,1.022875,0.049417,3.073333,6.58525,100,10
selection,1921,41,0.760125,0.066084,2.940083,7.201333,100,11
selection,1922,41,0.205416,0.051125,2.329125,6.193333,100,12
selection,1923,41,0.152083,0.036917,2.035875,5.882375,100,13
selection,1924,41,0.470125,0.066583,2.912625,7.2265,100,14
selection,1925,41,0.209833,0.049333,2.609833,6.441583,100,15
selection,1926,41,0.248042,0.061416,2.713333,6.534,100,16
selection,1927,41,0.273208,0.070542,2.735625,6.685625,100,17
selection,1928,41,0.503625,0.031333,2.480334,5.927917,100,18
selection,1929,41,0.758334,0.059041,3.325334,7.195792,100,19
selection,1930,41,0.2975,0.072292,3.071541,7.259833,100,20
empty,1931,41,0.149917,0.043708,8.071917,10.431458,0,
invoke,1932,42,,,4.713667,5.799084,0,
input,1933,42,0.162667,0.210875,5.080334,7.025792,3,0
input,1934,42,2.492417,0.13075,8.559417,10.207709,2,0
input,1935,42,0.197375,0.141583,5.054875,6.488708,1,0
input,1936,42,8.290625,0.114583,12.258958,13.138958,1,0
input,1937,42,1.757333,0.154375,7.289833,8.043625,1,0
input,1938,42,1.067833,0.143167,5.055542,5.889833,1,0
input,1939,42,1.220083,0.033084,4.860333,6.645375,0,
input,1940,42,2.192541,0.033334,5.844083,6.628166,0,
input,1941,42,2.157708,0.035834,5.52975,6.310583,0,
input,1942,42,2.245875,0.323125,8.949125,11.179042,100,0
input,1943,42,0.137875,0.341292,3.084042,4.0785,100,0
input,1944,42,0.470042,0.320625,5.281042,6.099,100,0
input,1945,42,0.753792,0.34375,4.833875,5.686917,100,0
input,1946,42,1.20275,0.034875,4.903875,6.789292,0,
input,1947,42,6.721,0.0355,8.231334,8.898667,0,
input,1948,42,0.160209,0.03575,3.484792,4.08,0,
input,1949,42,0.105167,52.344916,53.830125,54.511917,0,
input,1950,42,0.110667,50.284959,51.688709,52.290292,0,
input,1951,42,0.448125,51.170167,56.101292,56.616959,0,
input,1952,42,0.20275,51.439291,56.038833,56.66575,0,
input,1953,42,0.099542,51.653583,52.882125,53.404542,0,
input,1954,42,0.08975,52.673042,53.930291,54.47775,0,
input,1955,42,0.11525,52.015625,53.354833,53.928958,0,
input,1956,42,0.112542,55.11225,57.581292,58.132292,0,
selection,1957,42,0.150292,0.040916,1.620667,2.792209,100,1
selection,1958,42,0.129334,0.027208,1.170417,2.025792,100,2
selection,1959,42,2.09225,0.033375,3.324417,4.375334,100,3
selection,1960,42,0.141958,0.030458,1.337916,2.244833,100,4
selection,1961,42,0.909833,0.033167,2.258125,3.575625,100,5
selection,1962,42,0.130917,0.029791,1.587625,5.334167,100,6
selection,1963,42,0.154875,0.038417,1.667083,4.953625,100,7
selection,1964,42,0.157042,0.0365,1.7565,5.175709,100,8
selection,1965,42,0.207625,0.052917,1.921875,5.23325,100,9
selection,1966,42,0.220833,0.051666,2.348541,6.163416,100,10
selection,1967,42,0.343583,0.040125,2.150916,6.213833,100,11
selection,1968,42,1.224833,0.051625,3.141583,6.621333,100,12
selection,1969,42,0.896541,0.047541,2.873166,6.622166,100,13
selection,1970,42,0.564833,0.060625,3.009792,6.976667,100,14
selection,1971,42,0.202417,0.04425,2.30625,5.838833,100,15
selection,1972,42,0.361292,0.036917,2.331292,6.015459,100,16
selection,1973,42,0.682792,0.0485,2.7775,6.38275,100,17
selection,1974,42,1.693166,0.049959,3.786041,7.44225,100,18
selection,1975,42,0.538625,0.05425,2.7705,6.244416,100,19
selection,1976,42,0.582125,0.0535,3.147167,6.836209,100,20
empty,1977,42,0.162209,0.038167,4.985375,7.467084,0,
invoke,1978,43,,,4.099584,5.870542,0,
input,1979,43,0.213083,0.23675,5.479083,7.682666,3,0
input,1980,43,1.899084,0.148833,9.348209,11.071917,2,0
input,1981,43,0.250083,0.186209,2.557166,4.065958,1,0
input,1982,43,7.620334,0.135833,11.760292,12.686375,1,0
input,1983,43,0.207709,0.2215,2.496709,3.505667,1,0
input,1984,43,0.210791,0.161542,2.601291,3.418458,1,0
input,1985,43,0.147334,0.034875,4.948042,6.9015,0,
input,1986,43,0.536625,0.038167,4.510084,5.301292,0,
input,1987,43,1.585542,0.033458,4.9315,5.617583,0,
input,1988,43,0.157667,0.329084,4.039,6.772959,100,0
input,1989,43,0.163708,0.354209,3.244917,4.306708,100,0
input,1990,43,0.157042,0.334541,5.086542,6.079459,100,0
input,1991,43,0.36325,0.343417,4.753,5.806542,100,0
input,1992,43,0.653459,0.035416,4.570625,6.7455,0,
input,1993,43,3.999833,0.032334,5.615292,6.378083,0,
input,1994,43,1.023417,0.033917,4.680083,5.399667,0,
input,1995,43,0.175,50.919375,53.105458,53.883875,0,
input,1996,43,0.143959,50.253209,51.827917,52.446042,0,
input,1997,43,1.860208,51.306916,55.825625,56.435,0,
input,1998,43,1.830584,50.995125,57.83625,58.385125,0,
input,1999,43,0.107208,50.946291,52.19825,52.745708,0,
input,2000,43,0.094958,50.941458,52.269458,52.778167,0,
input,2001,43,0.089875,50.924,54.67925,55.221125,0,
input,2002,43,0.738625,53.816042,56.983959,57.530959,0,
selection,2003,43,0.992042,0.034709,2.5225,3.653333,100,1
selection,2004,43,0.110916,0.022583,1.079833,2.0215,100,2
selection,2005,43,0.132625,0.031458,1.420125,2.460917,100,3
selection,2006,43,0.18525,0.047042,1.643083,2.741333,100,4
selection,2007,43,0.233208,0.043166,1.69275,3.013583,100,5
selection,2008,43,0.121209,0.025167,1.355,4.395417,100,6
selection,2009,43,0.122375,0.027459,1.384292,4.479334,100,7
selection,2010,43,1.302458,0.042167,2.8065,6.252958,100,8
selection,2011,43,1.342916,0.032042,2.816791,6.216041,100,9
selection,2012,43,1.421625,0.043916,3.144875,6.794166,100,10
selection,2013,43,0.929875,0.070042,3.418959,7.38575,100,11
selection,2014,43,0.203791,0.042625,2.195333,5.8675,100,12
selection,2015,43,0.230791,0.043416,2.366,6.010875,100,13
selection,2016,43,0.512958,0.072792,3.051708,7.072708,100,14
selection,2017,43,0.204875,0.047375,2.37525,6.503541,100,15
selection,2018,43,0.238417,0.056958,2.58175,6.125167,100,16
selection,2019,43,0.268292,0.068167,2.798417,6.472125,100,17
selection,2020,43,0.436792,0.056041,2.768333,6.232042,100,18
selection,2021,43,0.290875,0.0735,3.067667,7.025125,100,19
selection,2022,43,0.318375,0.087958,2.997792,6.63125,100,20
empty,2023,43,0.137875,0.038584,1.932,3.903792,0,
invoke,2024,44,,,6.708916,7.816708,0,
input,2025,44,0.154333,0.212416,5.192417,7.213417,3,0
input,2026,44,0.175875,0.191583,3.357125,5.226125,2,0
input,2027,44,4.64725,0.157375,9.740375,11.173666,1,0
input,2028,44,0.153833,0.152292,2.507375,3.348833,1,0
input,2029,44,0.220917,0.157792,2.711792,3.667875,1,0
input,2030,44,0.757209,0.137209,5.466292,6.372542,1,0
input,2031,44,0.238625,0.036208,4.2105,6.1325,0,
input,2032,44,0.537958,0.037125,4.442792,5.257667,0,
input,2033,44,0.20475,0.041833,1.958042,2.819292,0,
input,2034,44,0.17975,0.341875,5.216833,7.94375,100,0
input,2035,44,0.154583,0.329583,3.350917,4.301458,100,0
input,2036,44,0.162375,0.315958,4.204125,5.198125,100,0
input,2037,44,1.049042,0.36575,5.844583,6.937,100,0
input,2038,44,0.232458,0.034083,4.156291,6.386125,0,
input,2039,44,0.121375,0.035791,5.226375,5.880583,0,
input,2040,44,0.951625,0.03725,4.705083,5.509333,0,
input,2041,44,1.683,52.020209,57.396917,58.162709,0,
input,2042,44,0.300792,50.3815,53.426667,54.077208,0,
input,2043,44,0.139375,49.887958,51.400208,51.977042,0,
input,2044,44,0.106584,50.153375,55.01325,55.6285,0,
input,2045,44,0.690584,51.677541,53.54325,54.091542,0,
input,2046,44,0.090458,51.744417,52.905167,53.445292,0,
input,2047,44,0.107416,52.735083,54.21425,54.746458,0,
input,2048,44,0.12025,52.80625,54.006042,54.521334,0,
selection,2049,44,0.106417,0.028917,1.44,2.423583,100,1
selection,2050,44,0.12775,0.033333,1.266,2.175125,100,2
selection,2051,44,0.115,0.029,1.148084,1.947209,100,3
selection,2052,44,0.098958,0.023291,1.092083,1.859083,100,4
selection,2053,44,0.899042,0.02575,1.999083,3.09775,100,5
selection,2054,44,0.0975,0.02125,1.164666,4.438833,100,6
selection,2055,44,0.149417,0.036459,1.527917,4.473042,100,7
selection,2056,44,0.140334,0.034459,1.582625,5.072625,100,8
selection,2057,44,1.178042,0.037875,2.728542,5.983792,100,9
selection,2058,44,1.513875,0.039417,3.089208,6.561125,100,10
selection,2059,44,1.299458,0.035209,3.089417,6.519292,100,11
selection,2060,44,1.172958,0.041292,3.130333,6.9275,100,12
selection,2061,44,0.814583,0.039458,2.602083,5.868583,100,13
selection,2062,44,1.279208,0.044625,3.342041,6.765791,100,14
selection,2063,44,0.8965,0.045208,3.05025,6.659459,100,15
selection,2064,44,0.518291,0.062833,2.891125,6.641958,100,16
selection,2065,44,0.259459,0.048,2.666625,6.761459,100,17
selection,2066,44,0.408166,0.035083,2.5855,6.133416,100,18
selection,2067,44,0.24325,0.063375,2.688834,6.419542,100,19
selection,2068,44,0.314291,0.062958,3.044958,6.813125,100,20
empty,2069,44,0.155709,0.036459,5.389459,7.767084,0,
invoke,2070,45,,,4.035333,4.691708,0,
input,2071,45,0.1765,0.243,7.32325,9.586625,3,0
input,2072,45,0.551958,0.135166,5.573125,7.384292,2,0
input,2073,45,0.278333,0.147041,4.3945,5.717958,1,0
input,2074,45,1.919625,0.141875,6.882167,7.947667,1,0
input,2075,45,0.264458,0.149,4.529042,5.502458,1,0
input,2076,45,2.129042,0.147125,6.748459,7.771042,1,0
input,2077,45,0.400584,0.040625,4.599584,6.574792,0,
input,2078,45,0.476667,0.040875,4.482042,5.267542,0,
input,2079,45,1.593834,0.037,5.899667,6.7055,0,
input,2080,45,1.172542,0.336042,6.912958,9.516417,100,0
input,2081,45,0.185541,0.34775,5.5905,6.787416,100,0
input,2082,45,0.184458,0.3345,5.140125,6.129458,100,0
input,2083,45,0.254125,0.358083,4.678,5.759708,100,0
input,2084,45,0.133209,0.042209,2.145375,4.428792,0,
input,2085,45,0.136917,0.034583,1.591709,2.37525,0,
input,2086,45,0.606333,0.033584,4.625125,5.339042,0,
input,2087,45,1.572791,51.273625,57.9685,58.835833,0,
input,2088,45,0.175583,50.437042,53.225083,53.972291,0,
input,2089,45,1.351459,51.592208,56.182875,56.844417,0,
input,2090,45,0.8135,51.458209,57.076959,57.636834,0,
input,2091,45,7.947292,51.927875,61.133459,61.734709,0,
input,2092,45,0.093375,52.145791,53.451084,53.992417,0,
input,2093,45,0.092541,53.436083,54.773416,55.401958,0,
input,2094,45,0.106375,53.696875,55.045083,55.654583,0,
selection,2095,45,0.101,0.030917,1.508125,2.456625,100,1
selection,2096,45,0.083,0.018333,1.126792,1.902917,100,2
selection,2097,45,0.118334,0.03075,1.335917,2.300542,100,3
selection,2098,45,0.1705,0.039,1.400958,2.339208,100,4
selection,2099,45,0.1125,0.028875,1.388,2.541333,100,5
selection,2100,45,0.091125,0.022959,1.205333,4.375791,100,6
selection,2101,45,0.123458,0.027959,1.345208,4.416333,100,7
selection,2102,45,0.112917,0.028959,1.535125,4.860583,100,8
selection,2103,45,0.764541,0.041334,2.404541,6.076125,100,9
selection,2104,45,1.056834,0.055125,2.970167,6.647167,100,10
selection,2105,45,0.724375,0.052542,2.592334,6.056375,100,11
selection,2106,45,1.028209,0.048458,3.060834,6.804125,100,12
selection,2107,45,0.524792,0.0375,2.343917,5.8705,100,13
selection,2108,45,0.966875,0.04175,2.876583,6.588083,100,14
selection,2109,45,0.757916,0.037708,2.609916,6.062416,100,15
selection,2110,45,0.147875,0.034,2.025,5.717708,100,16
selection,2111,45,0.158167,0.035958,2.091084,5.438875,100,17
selection,2112,45,0.18175,0.03875,2.349083,5.821958,100,18
selection,2113,45,0.18125,0.045708,2.483375,5.890584,100,19
selection,2114,45,0.179375,0.044333,2.323625,6.025916,100,20
empty,2115,45,0.11325,0.031958,3.845375,5.826208,0,
invoke,2116,46,,,4.146375,4.785833,0,
input,2117,46,0.842125,0.170667,8.12025,10.419625,3,0
input,2118,46,1.90325,0.136666,6.673333,8.1655,2,0
input,2119,46,1.657625,0.141709,6.5495,8.1435,1,0
input,2120,46,0.220625,0.165625,5.932708,6.723708,1,0
input,2121,46,0.168542,0.151291,2.429333,3.393292,1,0
input,2122,46,0.781084,0.155875,5.178792,6.118667,1,0
input,2123,46,0.623667,0.03575,5.01,6.875292,0,
input,2124,46,2.849916,0.033333,4.49025,5.245,0,
input,2125,46,1.329875,0.04,6.822916,7.552875,0,
input,2126,46,0.520417,0.344542,6.651083,9.393583,100,0
input,2127,46,0.137709,0.341833,3.11975,4.124542,100,0
input,2128,46,0.14975,0.346959,5.117625,6.046667,100,0
input,2129,46,0.193708,0.386542,5.212333,6.451208,100,0
input,2130,46,0.145542,0.043792,4.969625,6.928042,0,
input,2131,46,0.206583,0.03575,3.7485,4.394,0,
input,2132,46,2.007667,0.035792,5.598667,6.401334,0,
input,2133,46,1.925459,52.253542,57.536125,58.193584,0,
input,2134,46,0.236125,52.028375,55.145209,55.732459,0,
input,2135,46,0.782625,50.670042,54.541792,55.259583,0,
input,2136,46,1.878917,51.03575,56.044459,56.596,0,
input,2137,46,1.699041,51.303,56.546833,57.109166,0,
input,2138,46,0.966208,53.475833,58.420125,58.975708,0,
input,2139,46,0.091,52.393417,55.317125,55.859667,0,
input,2140,46,0.093625,53.659792,54.864042,55.39425,0,
selection,2141,46,1.021458,0.040125,2.427166,3.532791,100,1
selection,2142,46,0.122417,0.029375,1.214292,2.087375,100,2
selection,2143,46,0.09975,0.023792,1.090791,1.854708,100,3
selection,2144,46,0.116958,0.036625,1.362917,2.369708,100,4
selection,2145,46,0.505959,0.032875,1.860625,2.970875,100,5
selection,2146,46,3.982833,0.043334,5.52825,9.219958,100,6
selection,2147,46,1.187708,0.031459,2.568292,5.88525,100,7
selection,2148,46,1.63825,0.040083,3.125042,6.814,100,8
selection,2149,46,1.169375,0.034209,2.870542,6.814125,100,9
selection,2150,46,0.735,0.036709,2.368792,5.698459,100,10
selection,2151,46,1.416333,0.076291,3.407333,7.029042,100,11
selection,2152,46,0.480833,0.037917,2.434791,6.429083,100,12
selection,2153,46,0.410458,0.038417,2.506,6.130083,100,13
selection,2154,46,0.864167,0.044625,2.970792,6.70975,100,14
selection,2155,46,0.535292,0.074375,2.837125,6.618334,100,15
selection,2156,46,0.211167,0.036708,2.212,5.829,100,16
selection,2157,46,0.934625,0.040292,2.885416,6.749083,100,17
selection,2158,46,0.58075,0.042208,2.695791,6.310916,100,18
selection,2159,46,0.6295,0.036791,2.859666,6.499041,100,19
selection,2160,46,1.026875,0.05425,3.105709,7.087667,100,20
empty,2161,46,0.190042,0.035125,1.812834,4.004959,0,
invoke,2162,47,,,4.681833,5.345833,0,
input,2163,47,1.737833,0.177416,9.463042,11.874167,3,0
input,2164,47,1.8455,0.169375,8.906792,10.708917,2,0
input,2165,47,0.15575,0.151,2.418,3.877959,1,0
input,2166,47,0.153666,0.161791,2.362291,3.324708,1,0
input,2167,47,0.2055,0.147709,2.2965,3.28425,1,0
input,2168,47,0.454209,0.145834,5.366667,6.319834,1,0
input,2169,47,0.114958,0.046667,4.153833,6.088,0,
input,2170,47,4.021083,0.040541,5.730416,6.475666,0,
input,2171,47,1.017209,0.043917,5.077959,5.815542,0,
input,2172,47,1.536792,0.346125,7.046333,9.784708,100,0
input,2173,47,8.415708,0.342292,13.731041,14.736125,100,0
input,2174,47,0.164833,0.343375,4.76925,5.783458,100,0
input,2175,47,0.465083,0.394959,5.479666,6.668875,100,0
input,2176,47,0.14025,0.039958,5.098333,7.03825,0,
input,2177,47,0.174959,0.031791,2.34525,3.04175,0,
input,2178,47,0.189916,0.035875,1.732041,2.449291,0,
input,2179,47,0.138042,53.446125,55.451833,56.283,0,
input,2180,47,0.145541,51.464459,53.436541,54.229375,0,
input,2181,47,0.15525,51.041166,53.905459,54.463834,0,
input,2182,47,1.865375,50.823167,60.370416,60.954583,0,
input,2183,47,0.111667,52.1805,53.41425,53.90025,0,
input,2184,47,0.968542,52.638125,55.972583,56.475792,0,
input,2185,47,0.901166,52.028334,54.011708,54.51225,0,
input,2186,47,0.090542,54.420958,55.605833,56.140083,0,
selection,2187,47,0.504208,0.032,1.879208,2.962625,100,1
selection,2188,47,0.138667,0.035875,1.256208,2.237667,100,2
selection,2189,47,0.084666,0.020333,0.95025,1.622666,100,3
selection,2190,47,0.096458,0.017459,0.952042,1.643042,100,4
selection,2191,47,0.69975,0.020416,1.6185,2.526042,100,5
selection,2192,47,0.146875,0.033667,1.584833,5.043416,100,6
selection,2193,47,0.15875,0.039833,1.638333,4.928333,100,7
selection,2194,47,0.157791,0.038417,1.59125,5.125833,100,8
selection,2195,47,0.434625,0.038375,2.052125,5.508583,100,9
selection,2196,47,1.312333,0.044042,2.912916,6.538958,100,10
selection,2197,47,1.1055,0.04975,3.011541,6.554041,100,11
selection,2198,47,0.877375,0.052375,2.914792,6.83175,100,12
selection,2199,47,0.388083,0.077958,2.303583,5.679291,100,13
selection,2200,47,1.055583,0.047958,3.228583,7.211792,100,14
selection,2201,47,1.033292,0.091125,3.197875,7.091417,100,15
selection,2202,47,0.262417,0.038833,1.806709,5.104292,100,16
selection,2203,47,1.592708,0.063417,3.861458,7.977958,100,17
selection,2204,47,0.754958,0.039167,2.776583,6.498541,100,18
selection,2205,47,0.688792,0.04375,2.920792,6.607042,100,19
selection,2206,47,0.353125,0.03225,2.488875,6.189833,100,20
empty,2207,47,0.159459,0.056333,2.113792,4.380084,0,
invoke,2208,48,,,3.513583,4.113208,0,
input,2209,48,0.201167,0.227292,5.813084,8.032834,3,0
input,2210,48,8.336875,0.189125,13.160208,14.835916,2,0
input,2211,48,8.346458,0.16475,12.545083,13.964583,1,0
input,2212,48,0.928958,0.131625,5.389042,6.270292,1,0
input,2213,48,0.982125,0.144208,5.505209,6.474042,1,0
input,2214,48,0.761208,0.144333,6.38475,7.21625,1,0
input,2215,48,0.124292,0.030833,2.715625,4.464959,0,
input,2216,48,1.300458,0.034166,5.276292,6.035042,0,
input,2217,48,1.539667,0.037792,4.768292,5.471375,0,
input,2218,48,0.145625,0.352,4.544709,7.279459,100,0
input,2219,48,0.133209,0.336541,2.750667,3.639417,100,0
input,2220,48,0.143625,0.346917,2.776375,3.723833,100,0
input,2221,48,0.28675,0.362959,4.95225,6.023625,100,0
input,2222,48,1.000959,0.036916,4.907625,7.137,0,
input,2223,48,0.147666,0.0345,1.677791,2.446875,0,
input,2224,48,2.144333,0.045917,6.360208,7.125583,0,
input,2225,48,1.297125,52.42125,57.32825,58.086833,0,
input,2226,48,0.354833,50.525459,55.61875,56.251375,0,
input,2227,48,0.128417,51.643833,55.402834,55.960917,0,
input,2228,48,0.937042,51.086708,56.13525,56.686167,0,
input,2229,48,0.738709,51.089459,53.063084,53.722542,0,
input,2230,48,0.094833,52.655209,54.017167,54.621792,0,
input,2231,48,0.109959,52.476416,53.753667,54.372167,0,
input,2232,48,0.128625,52.090625,53.369375,53.884875,0,
selection,2233,48,0.457375,0.032708,1.792,2.843167,100,1
selection,2234,48,0.123541,0.033042,1.308416,2.260375,100,2
selection,2235,48,0.137708,0.035708,1.389167,2.334792,100,3
selection,2236,48,0.105083,0.024,1.115375,1.93525,100,4
selection,2237,48,2.002167,0.029,3.17325,4.2845,100,5
selection,2238,48,0.103666,0.025917,1.414125,4.735208,100,6
selection,2239,48,0.123708,0.032,1.40375,4.310875,100,7
selection,2240,48,0.092875,0.023458,1.226625,4.301625,100,8
selection,2241,48,0.147875,0.03875,1.740125,5.455708,100,9
selection,2242,48,0.1625,0.050333,1.70375,4.936292,100,10
selection,2243,48,0.15225,0.037833,1.842916,4.876125,100,11
selection,2244,48,0.495166,0.041042,2.369,5.964291,100,12
selection,2245,48,0.8675,0.031834,2.435875,5.263083,100,13
selection,2246,48,1.993542,0.051625,4.023583,7.814833,100,14
selection,2247,48,0.44275,0.041584,2.293208,5.411833,100,15
selection,2248,48,1.360833,0.032417,3.152708,6.30525,100,16
selection,2249,48,1.593458,0.062292,4.093416,7.895291,100,17
selection,2250,48,0.209875,0.052459,2.659541,6.8995,100,18
selection,2251,48,0.18675,0.047917,2.632792,6.28925,100,19
selection,2252,48,0.2345,0.056583,2.747,6.487791,100,20
empty,2253,48,0.121625,0.037,1.999125,4.110708,0,
invoke,2254,49,,,4.197917,4.947042,0,
input,2255,49,2.215167,0.198084,10.527125,12.809209,3,0
input,2256,49,4.879334,0.137125,11.11325,12.950834,2,0
input,2257,49,0.188916,0.1465,5.086375,6.422375,1,0
input,2258,49,8.121625,0.143375,12.151125,13.161792,1,0
input,2259,49,1.243958,0.139541,5.525958,6.443041,1,0
input,2260,49,1.084416,0.139083,5.268666,6.2525,1,0
input,2261,49,0.757875,0.033541,4.799416,6.67475,0,
input,2262,49,1.018167,0.036916,6.870667,7.649958,0,
input,2263,49,0.270542,0.033875,4.183667,4.824459,0,
input,2264,49,1.769333,0.321375,6.956583,9.503708,100,0
input,2265,49,0.181417,0.317833,5.273042,6.43875,100,0
input,2266,49,1.226875,0.331625,6.274042,7.253375,100,0
input,2267,49,0.293291,0.35925,5.833833,6.76225,100,0
input,2268,49,0.116834,0.038625,3.213625,5.2645,0,
input,2269,49,1.079708,0.039708,5.241416,6.004958,0,
input,2270,49,1.413875,0.033958,5.490458,6.23275,0,
input,2271,49,1.554791,51.79375,56.80575,57.591916,0,
input,2272,49,0.978542,49.7385,53.988667,54.562417,0,
input,2273,49,0.10575,51.243167,52.855084,53.546375,0,
input,2274,49,0.132625,50.319792,52.763541,53.350583,0,
input,2275,49,0.247375,51.74125,55.634917,56.149334,0,
input,2276,49,0.432084,50.787208,52.384167,52.91525,0,
input,2277,49,0.106125,51.68425,52.910709,53.449875,0,
input,2278,49,0.109125,56.210125,57.419833,57.926417,0,
selection,2279,49,1.012,0.046125,2.605083,3.80275,100,1
selection,2280,49,0.103417,0.021917,1.045,1.811459,100,2
selection,2281,49,0.12275,0.033333,1.353958,2.351292,100,3
selection,2282,49,0.11725,0.027792,1.331666,2.353583,100,4
selection,2283,49,1.038333,0.057291,2.678541,4.124541,100,5
selection,2284,49,0.175167,0.052041,1.849667,5.422334,100,6
selection,2285,49,0.140125,0.03175,1.432375,4.582458,100,7
selection,2286,49,0.204167,0.054916,1.938,6.105167,100,8
selection,2287,49,0.176958,0.041208,1.618125,4.253708,100,9
selection,2288,49,0.136291,0.035125,1.509125,4.307458,100,10
selection,2289,49,2.22,0.040459,3.717,6.718875,100,11
selection,2290,49,0.163958,0.041541,1.700625,4.50025,100,12
selection,2291,49,0.131625,0.034375,1.712292,4.5445,100,13
selection,2292,49,0.139,0.035208,1.752834,4.777709,100,14
selection,2293,49,0.670125,0.036458,2.337208,5.169416,100,15
selection,2294,49,1.88775,0.039875,3.605,6.761333,100,16
selection,2295,49,1.536041,0.039083,3.32975,6.245791,100,17
selection,2296,49,0.118041,0.027625,1.842208,5.397958,100,18
selection,2297,49,4.622542,0.043541,6.768292,10.042,100,19
selection,2298,49,0.948125,0.035917,3.003083,6.113917,100,20
empty,2299,49,0.928083,0.040875,6.666625,8.624875,0,
invoke,2300,50,,,5.689667,8.325875,0,
input,2301,50,0.168167,0.189583,6.15075,8.2435,3,0
input,2302,50,4.550334,0.174375,10.022209,11.744625,2,0
input,2303,50,0.146041,0.136834,4.876125,6.715625,1,0
input,2304,50,8.271958,0.122875,12.398041,13.314541,1,0
input,2305,50,1.242958,0.1405,7.140833,7.945167,1,0
input,2306,50,0.199458,0.17075,3.321916,4.118875,1,0
input,2307,50,1.354667,0.033125,5.162125,6.854208,0,
input,2308,50,0.13925,0.039708,1.805125,2.573459,0,
input,2309,50,0.697958,0.033833,4.524167,5.365292,0,
input,2310,50,1.566584,0.348333,9.159875,12.358667,100,0
input,2311,50,0.165375,0.324625,3.593958,4.646666,100,0
input,2312,50,0.134333,0.328833,5.185208,6.126166,100,0
input,2313,50,0.240708,0.358792,4.775917,5.839208,100,0
input,2314,50,0.340042,0.034417,4.040084,6.182834,0,
input,2315,50,1.093084,0.032709,6.274209,6.921959,0,
input,2316,50,0.513292,0.033292,4.257875,4.869709,0,
input,2317,50,1.9915,51.024334,55.99175,56.644,0,
input,2318,50,1.676,50.656,55.336625,56.007083,0,
input,2319,50,2.038167,50.212417,56.546667,57.077084,0,
input,2320,50,1.227,51.192917,56.337709,56.873334,0,
input,2321,50,0.765875,50.929333,52.701958,53.171917,0,
input,2322,50,0.08875,51.352167,52.38025,52.831083,0,
input,2323,50,0.474041,54.154833,57.645541,58.09175,0,
input,2324,50,0.077542,53.201083,57.43925,57.878375,0,
selection,2325,50,0.236,0.0375,1.632083,2.646,100,1
selection,2326,50,0.111083,0.025375,1.176958,2.0035,100,2
selection,2327,50,0.144917,0.035667,1.3215,2.300125,100,3
selection,2328,50,0.10575,0.026667,1.288833,2.304667,100,4
selection,2329,50,0.133125,0.029375,1.295292,2.487125,100,5
selection,2330,50,0.109708,0.02875,1.465375,4.951875,100,6
selection,2331,50,0.168458,0.042208,1.645292,5.00175,100,7
selection,2332,50,0.163292,0.041167,1.78725,5.15475,100,8
selection,2333,50,0.333167,0.034667,1.886834,5.341917,100,9
selection,2334,50,1.34175,0.040958,2.976,6.201209,100,10
selection,2335,50,1.811958,0.03975,3.347333,6.682417,100,11
selection,2336,50,1.472708,0.063875,3.708583,7.604375,100,12
selection,2337,50,0.213709,0.054084,2.221917,5.837542,100,13
selection,2338,50,0.601208,0.038292,2.506958,5.725041,100,14
selection,2339,50,1.267792,0.045875,3.340209,6.573042,100,15
selection,2340,50,1.036,0.058708,3.38125,7.232084,100,16
selection,2341,50,1.4085,0.064916,3.915375,7.853167,100,17
selection,2342,50,0.201041,0.055166,2.493875,6.123958,100,18
selection,2343,50,0.154708,0.033709,2.130458,5.286042,100,19
selection,2344,50,1.181125,0.040958,3.401959,6.771959,100,20
empty,2345,50,0.412458,0.035542,2.036916,4.1135,0,
invoke,2346,51,,,4.562875,5.225042,0,
input,2347,51,0.975,0.190542,9.556167,12.21975,3,0
input,2348,51,1.852,0.165416,9.063084,11.138584,2,0
input,2349,51,0.193583,0.149167,2.713416,4.227958,1,0
input,2350,51,8.379916,0.156958,12.666291,13.626416,1,0
input,2351,51,0.987792,0.15175,5.533292,6.528708,1,0
input,2352,51,0.715125,0.149833,6.132,6.965209,1,0
input,2353,51,0.271667,0.043833,3.878,5.704834,0,
input,2354,51,4.362708,0.036875,5.959458,6.723833,0,
input,2355,51,1.669167,0.037916,5.606292,6.38775,0,
input,2356,51,1.527458,0.365167,7.442375,10.274333,100,0
input,2357,51,0.204291,0.341708,4.508541,5.516291,100,0
input,2358,51,0.138667,0.325625,3.007542,3.91925,100,0
input,2359,51,0.805584,0.360833,5.284584,6.338167,100,0
input,2360,51,0.81375,0.0375,4.677083,6.885167,0,
input,2361,51,1.147583,0.039208,5.361,6.200583,0,
input,2362,51,1.315542,0.035166,6.735917,7.4215,0,
input,2363,51,0.996416,51.626959,56.091291,56.7925,0,
input,2364,51,0.550958,49.708958,53.577417,54.256,0,
input,2365,51,0.151833,51.577334,53.257167,53.869625,0,
input,2366,51,0.116167,51.327375,53.789334,54.426417,0,
input,2367,51,0.093625,51.154291,52.436084,53.003167,0,
input,2368,51,2.118125,52.979041,56.182833,56.678541,0,
input,2369,51,1.807,54.490916,60.777958,61.37725,0,
input,2370,51,0.086125,52.603375,53.809125,54.357375,0,
selection,2371,51,0.789083,0.029334,2.159083,3.22725,100,1
selection,2372,51,0.134667,0.03675,1.318542,2.339917,100,2
selection,2373,51,1.368084,0.041209,2.5565,3.399209,100,3
selection,2374,51,0.1085,0.020583,1.053875,1.797,100,4
selection,2375,51,0.990875,0.026542,2.040166,3.001416,100,5
selection,2376,51,0.090791,0.021334,1.120291,3.827708,100,6
selection,2377,51,0.110333,0.02775,1.285167,3.854125,100,7
selection,2378,51,1.967583,0.029042,3.146,6.145875,100,8
selection,2379,51,0.118167,0.027666,1.454542,4.7595,100,9
selection,2380,51,0.1735,0.047792,1.832125,5.456541,100,10
selection,2381,51,0.143667,0.034125,1.740208,4.760667,100,11
selection,2382,51,0.12275,0.028459,1.642,4.796042,100,12
selection,2383,51,0.138875,0.036,1.842416,4.9625,100,13
selection,2384,51,0.98225,0.036958,2.781583,6.079875,100,14
selection,2385,51,1.197583,0.034625,3.062458,6.06525,100,15
selection,2386,51,1.503,0.038375,3.419458,6.528166,100,16
selection,2387,51,1.641916,0.061708,4.052875,7.919916,100,17
selection,2388,51,0.218416,0.066667,2.416875,6.042458,100,18
selection,2389,51,0.329875,0.038375,2.546541,5.820916,100,19
selection,2390,51,0.880375,0.062208,3.379167,6.998959,100,20
empty,2391,51,0.135875,0.040542,1.883584,4.017459,0,
invoke,2392,52,,,4.771167,5.405375,0,
input,2393,52,0.446833,0.169083,5.81875,7.911917,3,0
input,2394,52,4.356375,0.155125,9.739417,11.361708,2,0
input,2395,52,0.170542,0.150125,6.588792,8.349334,1,0
input,2396,52,0.237167,0.139583,2.395958,3.361875,1,0
input,2397,52,0.717375,0.138833,4.996958,5.925833,1,0
input,2398,52,1.090625,0.133542,5.10625,6.047084,1,0
input,2399,52,0.947833,0.035625,4.7075,6.548666,0,
input,2400,52,6.606042,0.036417,8.053375,8.716959,0,
input,2401,52,0.190667,0.037292,2.852542,3.591959,0,
input,2402,52,1.792708,0.340458,7.426125,10.359958,100,0
input,2403,52,0.133709,0.333292,2.962084,4.158,100,0
input,2404,52,0.200958,0.35425,4.860583,5.823583,100,0
input,2405,52,0.29575,0.380583,6.38975,7.312917,100,0
input,2406,52,0.147458,0.037042,3.667042,5.798417,0,
input,2407,52,0.762625,0.034666,4.567208,5.296542,0,
input,2408,52,1.825875,0.034084,5.751292,6.502709,0,
input,2409,52,1.650583,52.944125,58.48825,59.294333,0,
input,2410,52,0.176708,51.121667,53.424958,54.192958,0,
input,2411,52,0.73925,51.419292,55.944666,56.566708,0,
input,2412,52,0.459875,52.381208,57.573958,58.193292,0,
input,2413,52,0.094375,51.469666,52.746834,53.275292,0,
input,2414,52,2.101458,51.169875,54.422333,54.934917,0,
input,2415,52,0.096291,52.804584,54.030833,54.5675,0,
input,2416,52,0.086084,51.901042,53.112667,53.655875,0,
selection,2417,52,1.167958,0.042666,2.745208,3.842292,100,1
selection,2418,52,0.112542,0.02375,1.109667,1.954375,100,2
selection,2419,52,0.736709,0.023917,1.7765,2.642875,100,3
selection,2420,52,0.142875,0.035083,1.446,2.503291,100,4
selection,2421,52,0.887625,0.030709,2.145,3.402542,100,5
selection,2422,52,0.129459,0.03075,1.565167,5.232709,100,6
selection,2423,52,0.145125,0.030541,1.43625,4.551375,100,7
selection,2424,52,0.135625,0.030792,1.699417,4.953083,100,8
selection,2425,52,0.168291,0.046958,1.917583,5.666375,100,9
selection,2426,52,0.656709,0.048,2.447667,6.144,100,10
selection,2427,52,0.849666,0.038708,2.731916,6.692708,100,11
selection,2428,52,0.384209,0.059417,2.454125,6.182125,100,12
selection,2429,52,0.486333,0.029917,2.226583,5.418791,100,13
selection,2430,52,1.446667,0.048834,3.450375,7.061417,100,14
selection,2431,52,0.661625,0.061375,3.000709,7.050584,100,15
selection,2432,52,0.159625,0.032708,1.999334,5.123709,100,16
selection,2433,52,1.140125,0.027875,2.863208,6.112625,100,17
selection,2434,52,1.456917,0.046417,3.761958,7.361375,100,18
selection,2435,52,0.411208,0.044458,2.600625,6.368041,100,19
selection,2436,52,0.423458,0.066375,3.101541,7.017833,100,20
empty,2437,52,0.157584,0.046,2.11225,4.281542,0,
invoke,2438,53,,,8.016417,8.767042,0,
input,2439,53,0.158334,0.231,5.547125,7.861125,3,0
input,2440,53,4.362083,0.136209,8.872333,10.468875,2,0
input,2441,53,0.682042,0.157792,5.884333,7.573125,1,0
input,2442,53,0.94175,0.159041,7.10975,7.995459,1,0
input,2443,53,0.138584,0.145375,3.07125,3.882084,1,0
input,2444,53,1.78775,0.130167,5.468792,6.294709,1,0
input,2445,53,1.450166,0.036042,4.933916,6.778791,0,
input,2446,53,0.13875,0.044667,1.83475,2.638042,0,
input,2447,53,0.924333,0.035083,6.033,6.712333,0,
input,2448,53,0.565334,0.338958,6.337834,8.965084,100,0
input,2449,53,0.140041,0.328375,3.041208,3.995625,100,0
input,2450,53,0.2305,0.338375,4.988541,5.980333,100,0
input,2451,53,1.083708,0.35325,5.691583,6.860333,100,0
input,2452,53,0.12175,0.039416,5.3095,7.157667,0,
input,2453,53,0.136375,0.038167,3.610333,4.233708,0,
input,2454,53,2.248208,0.035208,5.837333,6.588166,0,
input,2455,53,1.833208,53.739792,59.079042,59.849333,0,
input,2456,53,0.13625,50.969625,52.619958,53.2645,0,
input,2457,53,1.84475,51.046209,55.520417,56.068458,0,
input,2458,53,0.149708,51.127125,52.9005,53.493,0,
input,2459,53,0.097,51.596459,53.271708,53.736458,0,
input,2460,53,0.912,51.641417,53.64375,54.165959,0,
input,2461,53,0.083667,51.175792,52.331042,52.818125,0,
input,2462,53,0.10925,52.840334,54.1265,54.663875,0,
selection,2463,53,1.504334,0.038,3.015042,4.141834,100,1
selection,2464,53,0.129708,0.034708,1.277041,2.158583,100,2
selection,2465,53,0.092667,0.024333,1.092833,1.977,100,3
selection,2466,53,0.101042,0.020333,1.10925,2.054833,100,4
selection,2467,53,0.371167,0.036417,1.609209,2.820334,100,5
selection,2468,53,0.162791,0.039333,1.669833,4.933083,100,6
selection,2469,53,0.143792,0.043334,1.648625,4.718708,100,7
selection,2470,53,0.127833,0.033083,1.739042,5.147125,100,8
selection,2471,53,0.951917,0.03575,2.559084,6.265959,100,9
selection,2472,53,1.103625,0.032083,2.571417,5.644667,100,10
selection,2473,53,1.790292,0.036458,3.543625,7.12375,100,11
selection,2474,53,1.049291,0.058917,2.954208,6.488916,100,12
selection,2475,53,0.936209,0.029916,2.657042,5.988334,100,13
selection,2476,53,1.364959,0.044,3.542167,7.630792,100,14
selection,2477,53,0.136375,0.031375,2.106958,5.770708,100,15
selection,2478,53,0.563292,0.031958,2.646,6.659792,100,16
selection,2479,53,0.338875,0.05375,2.594125,6.249,100,17
selection,2480,53,1.21175,0.033916,3.39825,7.094625,100,18
selection,2481,53,2.02875,0.038334,4.429541,8.425208,100,19
selection,2482,53,0.1405,0.033875,2.437083,6.839,100,20
empty,2483,53,0.605708,0.047375,7.4655,9.542708,0,
invoke,2484,54,,,4.085042,6.635125,0,
input,2485,54,1.839083,0.183875,9.927458,12.16425,3,0
input,2486,54,3.4135,0.147084,8.410916,9.944125,2,0
input,2487,54,0.187625,0.145666,5.017333,6.444833,1,0
input,2488,54,0.124292,0.175417,2.674,3.845333,1,0
input,2489,54,0.151125,0.1495,2.065958,2.931041,1,0
input,2490,54,0.190875,0.113834,2.747875,3.560458,1,0
input,2491,54,0.938584,0.035084,4.531292,6.294334,0,
input,2492,54,2.005041,0.033333,6.62325,7.505125,0,
input,2493,54,0.810709,0.036042,4.2455,4.900125,0,
input,2494,54,0.190875,0.36725,4.608917,7.505584,100,0
input,2495,54,1.691791,0.353625,7.443041,8.508791,100,0
input,2496,54,0.207125,0.331709,5.117208,6.234333,100,0
input,2497,54,0.149417,0.360416,4.1615,5.147834,100,0
input,2498,54,0.371625,0.036833,4.598791,6.846333,0,
input,2499,54,0.631333,0.032708,6.215917,6.838042,0,
input,2500,54,0.179417,0.030584,4.062625,4.822292,0,
input,2501,54,1.657208,51.991833,57.520708,58.379916,0,
input,2502,54,0.177166,50.323375,53.108166,53.799625,0,
input,2503,54,2.061625,49.756334,54.953125,55.562041,0,
input,2504,54,0.129791,50.732,52.171208,52.7015,0,
input,2505,54,6.507667,51.666292,59.34525,59.899792,0,
input,2506,54,0.103125,51.392125,52.677334,53.22425,0,
input,2507,54,0.091458,51.637584,54.441333,54.9995,0,
input,2508,54,0.104625,53.164625,55.090459,55.606792,0,
selection,2509,54,1.577542,0.035916,3.070875,4.16575,100,1
selection,2510,54,0.123,0.025375,1.220458,2.107208,100,2
selection,2511,54,0.155417,0.033042,1.380833,2.432083,100,3
selection,2512,54,0.121,0.024292,1.18,2.159792,100,4
selection,2513,54,0.085583,0.02225,1.116292,2.131917,100,5
selection,2514,54,0.15,0.036875,1.719333,5.585042,100,6
selection,2515,54,0.142875,0.031708,1.501709,4.988334,100,7
selection,2516,54,0.156916,0.032125,1.697583,5.14925,100,8
selection,2517,54,0.533583,0.043333,2.473291,6.24575,100,9
selection,2518,54,0.612542,0.053833,2.357209,5.683417,100,10
selection,2519,54,1.295333,0.037,3.155416,7.076291,100,11
selection,2520,54,0.556708,0.063083,2.67225,6.298333,100,12
selection,2521,54,0.55775,0.057958,2.658292,6.175958,100,13
selection,2522,54,0.67525,0.042333,2.671666,6.14375,100,14
selection,2523,54,0.824459,0.040459,2.774,6.088584,100,15
selection,2524,54,1.099,0.064458,3.660084,7.534209,100,16
selection,2525,54,0.200167,0.044833,2.381375,5.923167,100,17
selection,2526,54,0.886208,0.040292,3.060625,6.516916,100,18
selection,2527,54,0.725667,0.057709,3.189083,6.871958,100,19
selection,2528,54,0.186875,0.0515,2.601791,6.597666,100,20
empty,2529,54,0.157959,0.059459,2.111,4.367417,0,
invoke,2530,55,,,6.376833,7.074958,0,
input,2531,55,0.200167,0.266125,8.305709,10.462792,3,0
input,2532,55,1.875292,0.152292,9.283542,11.094208,2,0
input,2533,55,5.426,0.170042,10.547792,12.425625,1,0
input,2534,55,0.708583,0.161542,5.322458,6.318,1,0
input,2535,55,0.734875,0.16125,5.20475,6.013792,1,0
input,2536,55,1.089333,0.152125,5.190833,6.176875,1,0
input,2537,55,0.9615,0.036458,4.712458,6.614417,0,
input,2538,55,4.708167,0.046042,6.497625,7.330708,0,
input,2539,55,0.868291,0.039834,4.613916,5.437,0,
input,2540,55,1.729916,0.407667,8.179083,11.110666,100,0
input,2541,55,0.141375,0.34625,3.431042,4.478875,100,0
input,2542,55,0.130833,0.35025,4.169083,5.116042,100,0
input,2543,55,0.682333,0.384708,5.51575,6.624833,100,0
input,2544,55,0.602875,0.039,4.997459,7.296334,0,
input,2545,55,0.48775,0.03675,4.487167,5.158458,0,
input,2546,55,1.72175,0.036333,5.075292,5.845042,0,
input,2547,55,0.15075,52.911916,54.8735,55.599792,0,
input,2548,55,0.12875,49.828041,51.894792,52.504333,0,
input,2549,55,0.126875,51.142166,55.458083,56.198833,0,
input,2550,55,0.107041,50.564167,54.5965,55.177208,0,
input,2551,55,0.150209,51.603209,53.016834,53.577292,0,
input,2552,55,0.094,51.152625,52.304833,52.764833,0,
input,2553,55,0.105917,51.108709,53.418584,53.962542,0,
input,2554,55,0.855916,56.009291,60.7755,61.301041,0,
selection,2555,55,0.857875,0.030875,2.137625,3.085625,100,1
selection,2556,55,0.081833,0.022208,0.951083,1.777792,100,2
selection,2557,55,0.096917,0.020208,1.003542,1.791625,100,3
selection,2558,55,0.291708,0.0475,1.598458,2.60175,100,4
selection,2559,55,0.107791,0.028709,1.218416,2.243708,100,5
selection,2560,55,1.646875,0.027375,2.847375,6.173292,100,6
selection,2561,55,1.899875,0.037125,3.258292,6.406333,100,7
selection,2562,55,1.882292,0.037833,3.37025,6.652834,100,8
selection,2563,55,1.623083,0.045709,3.347333,7.129416,100,9
selection,2564,55,0.805959,0.039625,2.449625,5.884042,100,10
selection,2565,55,0.186291,0.044583,1.950666,5.577291,100,11
selection,2566,55,0.307833,0.065083,2.049083,5.581833,100,12
selection,2567,55,0.142667,0.032291,1.902208,5.354542,100,13
selection,2568,55,0.203084,0.049125,2.155875,5.691584,100,14
selection,2569,55,0.175083,0.038292,2.175083,5.939833,100,15
selection,2570,55,0.1805,0.04375,2.297917,5.90025,100,16
selection,2571,55,0.120416,0.027459,1.883166,5.334833,100,17
selection,2572,55,1.055458,0.03,2.933291,6.309791,100,18
selection,2573,55,1.040084,0.029625,3.006709,6.581417,100,19
selection,2574,55,0.851709,0.084125,3.215375,6.929417,100,20
empty,2575,55,0.133167,0.034625,1.755084,3.959834,0,
invoke,2576,56,,,4.065958,4.749833,0,
input,2577,56,1.557625,0.247125,10.246125,12.5965,3,0
input,2578,56,0.159417,0.173416,2.685625,4.5715,2,0
input,2579,56,5.458292,0.190792,10.670417,12.261167,1,0
input,2580,56,0.944125,0.153458,5.648792,6.672042,1,0
input,2581,56,1.253083,0.138792,5.912166,6.821458,1,0
input,2582,56,0.729417,0.159875,4.855334,5.766,1,0
input,2583,56,1.037917,0.0385,5.046292,6.941625,0,
input,2584,56,1.391958,0.042542,5.840125,6.546541,0,
input,2585,56,1.384583,0.038583,5.213958,5.999958,0,
input,2586,56,1.679125,0.345708,7.902459,10.731209,100,0
input,2587,56,0.146,0.376375,3.282333,4.3775,100,0
input,2588,56,0.164125,0.336333,4.361958,5.351375,100,0
input,2589,56,0.887125,0.350458,6.080166,7.151,100,0
input,2590,56,0.092958,0.032833,3.18325,5.295041,0,
input,2591,56,3.665584,0.033208,5.24625,6.012167,0,
input,2592,56,1.21,0.034708,4.601625,5.351792,0,
input,2593,56,2.048875,52.134541,57.709375,58.452167,0,
input,2594,56,0.178125,50.823667,53.917,54.523417,0,
input,2595,56,0.114584,50.582625,52.097584,52.814584,0,
input,2596,56,0.146291,50.603459,53.799083,54.32325,0,
input,2597,56,0.093167,52.563334,53.760792,54.253292,0,
input,2598,56,1.881417,51.514833,54.530042,55.079,0,
input,2599,56,0.131834,50.553667,51.960125,52.528834,0,
input,2600,56,0.077542,50.877041,54.829959,55.39175,0,
selection,2601,56,0.119834,0.031375,1.458542,2.463792,100,1
selection,2602,56,0.103417,0.027666,1.20675,2.252375,100,2
selection,2603,56,0.14125,0.034208,1.36025,2.292041,100,3
selection,2604,56,0.577083,0.026,1.667583,2.662458,100,4
selection,2605,56,0.126292,0.026458,1.26525,2.319292,100,5
selection,2606,56,0.164334,0.036875,1.61175,5.308792,100,6
selection,2607,56,1.233,0.041583,2.6385,5.665416,100,7
selection,2608,56,1.912125,0.02425,3.057334,5.996084,100,8
selection,2609,56,0.111167,0.023208,1.33225,4.091084,100,9
selection,2610,56,0.140417,0.040084,1.850417,5.098625,100,10
selection,2611,56,0.18475,0.044333,2.065834,5.759584,100,11
selection,2612,56,0.232084,0.049,2.147292,6.009084,100,12
selection,2613,56,0.2395,0.053542,2.515666,6.142833,100,13
selection,2614,56,0.17025,0.040667,2.21525,6.037375,100,14
selection,2615,56,0.152667,0.03975,2.141667,5.841875,100,15
selection,2616,56,0.81025,0.044209,2.724208,6.22,100,16
selection,2617,56,0.951459,0.031959,2.81925,6.189084,100,17
selection,2618,56,1.179375,0.06075,3.391958,7.30375,100,18
selection,2619,56,0.205125,0.036833,2.981291,7.294583,100,19
selection,2620,56,0.439708,0.044958,2.630625,6.439292,100,20
empty,2621,56,0.100792,0.039708,6.891792,9.239334,0,
invoke,2622,57,,,4.144917,6.35625,0,
input,2623,57,0.147708,0.190625,5.426416,7.58225,3,0
input,2624,57,8.411291,0.208291,14.19525,16.034458,2,0
input,2625,57,0.164833,0.158416,5.19875,6.927875,1,0
input,2626,57,0.657834,0.137834,4.707834,5.57525,1,0
input,2627,57,1.47075,0.156666,5.793542,6.645667,1,0
input,2628,57,1.218833,0.173125,4.970292,5.841625,1,0
input,2629,57,0.177834,0.046083,2.722792,4.955667,0,
input,2630,57,0.207125,0.039458,2.208667,3.028875,0,
input,2631,57,0.229833,0.046167,2.599875,3.418583,0,
input,2632,57,1.200417,0.329916,7.961708,11.258458,100,0
input,2633,57,0.173708,0.365417,3.54025,4.521792,100,0
input,2634,57,0.170166,0.342375,3.02025,3.997833,100,0
input,2635,57,0.282625,0.363708,4.912708,5.967083,100,0
input,2636,57,0.3915,0.034042,3.974,6.197542,0,
input,2637,57,4.590959,0.04225,6.440125,7.233125,0,
input,2638,57,0.803083,0.036959,6.2955,7.07,0,
input,2639,57,0.245125,51.984583,56.091125,57.009,0,
input,2640,57,0.159375,50.180583,54.263458,54.878541,0,
input,2641,57,1.61625,50.265333,54.600583,55.1605,0,
input,2642,57,0.1065,49.865625,51.09725,51.615584,0,
input,2643,57,0.105916,52.999,54.235583,54.787458,0,
input,2644,57,0.944667,51.68725,53.969958,54.547875,0,
input,2645,57,0.110541,52.853417,54.122166,54.656708,0,
input,2646,57,0.121416,52.939458,54.364583,54.866541,0,
selection,2647,57,0.896292,0.043083,2.406625,3.539834,100,1
selection,2648,57,0.133708,0.029791,1.236208,2.11975,100,2
selection,2649,57,1.885125,0.043792,3.2775,4.458041,100,3
selection,2650,57,0.166208,0.040166,1.633333,2.714042,100,4
selection,2651,57,0.817167,0.034542,2.0545,3.151,100,5
selection,2652,57,0.111125,0.026833,1.304542,4.588167,100,6
selection,2653,57,0.172,0.041958,1.707792,5.0525,100,7
selection,2654,57,0.139708,0.031875,1.554125,5.221166,100,8
selection,2655,57,1.052542,0.046625,2.874334,6.6115,100,9
selection,2656,57,0.643667,0.052292,2.5685,6.319708,100,10
selection,2657,57,0.651084,0.042916,2.6255,6.362959,100,11
selection,2658,57,0.576959,0.036584,2.324292,5.667875,100,12
selection,2659,57,0.133208,0.040041,1.797417,5.2405,100,13
selection,2660,57,0.170833,0.034583,1.921208,5.603542,100,14
selection,2661,57,6.503333,0.067417,8.884208,12.720083,100,15
selection,2662,57,0.19375,0.046,2.36875,5.936792,100,16
selection,2663,57,0.434542,0.052667,2.712542,6.363084,100,17
selection,2664,57,0.833334,0.058875,3.384875,7.390334,100,18
selection,2665,57,0.23425,0.056917,2.474125,6.044958,100,19
selection,2666,57,0.132375,0.035958,2.148292,5.380208,100,20
empty,2667,57,0.5015,0.032667,5.826125,8.217792,0,
invoke,2668,58,,,4.792292,5.50225,0,
input,2669,58,0.202917,0.246167,8.054208,10.371583,3,0
input,2670,58,2.610459,0.137625,8.870959,10.546709,2,0
input,2671,58,0.146042,0.131083,4.132209,5.641792,1,0
input,2672,58,0.8285,0.150583,5.327667,6.274333,1,0
input,2673,58,0.929334,0.161875,5.201417,6.163959,1,0
input,2674,58,1.043041,0.153709,5.186625,6.129625,1,0
input,2675,58,0.898916,0.038334,5.2535,7.213583,0,
input,2676,58,0.16225,0.036625,4.156333,4.969417,0,
input,2677,58,1.4695,0.035875,5.118709,5.86325,0,
input,2678,58,1.929625,0.329375,7.942334,10.705167,100,0
input,2679,58,0.140417,0.355834,3.213125,4.366375,100,0
input,2680,58,0.169042,0.338167,7.029208,8.001458,100,0
input,2681,58,0.21425,0.350667,3.626417,4.671959,100,0
input,2682,58,0.443167,0.033708,3.91525,6.033834,0,
input,2683,58,1.492041,0.0335,4.899416,5.583708,0,
input,2684,58,0.1745,0.042375,1.904834,2.710167,0,
input,2685,58,0.157917,51.749834,53.497334,54.221042,0,
input,2686,58,0.115792,50.441167,53.135958,53.697375,0,
input,2687,58,0.123625,51.747875,53.162167,53.785167,0,
input,2688,58,0.113584,51.095541,54.31875,54.953584,0,
input,2689,58,0.101833,51.270166,55.827625,56.372708,0,
input,2690,58,0.096291,52.697292,56.053708,56.586791,0,
input,2691,58,0.375167,51.600167,54.822084,55.354834,0,
input,2692,58,1.419417,52.137625,56.47875,56.978875,0,
selection,2693,58,0.116416,0.030584,1.351791,2.358083,100,1
selection,2694,58,0.10775,0.023,1.100125,1.937417,100,2
selection,2695,58,0.401334,0.034458,1.61925,2.543917,100,3
selection,2696,58,0.176375,0.037541,1.360125,2.267084,100,4
selection,2697,58,1.734584,0.032041,3.004042,4.325917,100,5
selection,2698,58,4.612666,0.03175,5.96925,9.312083,100,6
selection,2699,58,1.681542,0.033,2.9595,5.967875,100,7
selection,2700,58,2.150834,0.028291,3.371459,6.395334,100,8
selection,2701,58,0.146208,0.032417,1.835625,5.877625,100,9
selection,2702,58,0.19975,0.049833,2.016792,5.541292,100,10
selection,2703,58,0.166834,0.03575,1.984709,5.97,100,11
selection,2704,58,0.151583,0.033709,2.0305,6.189875,100,12
selection,2705,58,0.154625,0.029458,1.874,5.234708,100,13
selection,2706,58,0.197667,0.040375,2.366417,6.557125,100,14
selection,2707,58,0.23125,0.055125,2.529917,6.416834,100,15
selection,2708,58,0.226458,0.043083,2.409792,6.628667,100,16
selection,2709,58,0.157875,0.030666,2.230709,6.043125,100,17
selection,2710,58,5.257084,0.0785,7.993292,11.800792,100,18
selection,2711,58,0.18975,0.064834,2.8785,6.609209,100,19
selection,2712,58,0.185167,0.046667,2.546833,6.165375,100,20
empty,2713,58,0.242125,0.036541,3.934666,6.140583,0,
invoke,2714,59,,,4.212917,4.875583,0,
input,2715,59,0.179917,0.219042,5.728958,7.961042,3,0
input,2716,59,1.691375,0.166083,8.086834,10.038834,2,0
input,2717,59,0.182167,0.145459,3.846625,5.201584,1,0
input,2718,59,8.313583,0.167,14.358958,15.180125,1,0
input,2719,59,0.865292,0.162625,5.035167,5.993209,1,0
input,2720,59,1.198834,0.146791,5.046334,5.982417,1,0
input,2721,59,0.103625,0.028792,1.984875,3.677833,0,
input,2722,59,0.134959,0.036709,1.866,2.633542,0,
input,2723,59,1.393375,0.038625,5.224584,5.974667,0,
input,2724,59,0.1765,0.357333,4.332416,7.281958,100,0
input,2725,59,1.258416,0.371792,6.875708,7.897208,100,0
input,2726,59,0.198833,0.351333,4.966625,5.984375,100,0
input,2727,59,1.274208,0.366209,6.113791,7.194083,100,0
input,2728,59,0.1065,0.034625,4.030458,6.292708,0,
input,2729,59,3.800708,0.036,5.29875,6.023708,0,
input,2730,59,1.298625,0.033958,5.124083,5.844542,0,
input,2731,59,1.744666,53.073083,58.990458,60.028416,0,
input,2732,59,0.248834,51.571833,53.596542,54.281542,0,
input,2733,59,0.388667,50.024875,53.47275,54.114084,0,
input,2734,59,0.143208,52.101292,53.573,54.112542,0,
input,2735,59,0.125833,51.624833,52.891292,53.40325,0,
input,2736,59,0.080708,51.132042,54.671083,55.21475,0,
input,2737,59,0.735542,54.8255,59.410792,59.968583,0,
input,2738,59,0.109208,54.844083,56.1055,56.700375,0,
selection,2739,59,0.16175,0.044584,1.699417,2.867709,100,1
selection,2740,59,0.134167,0.027875,1.308625,2.268459,100,2
selection,2741,59,1.729833,0.035334,3.033083,4.090292,100,3
selection,2742,59,0.16875,0.055708,1.662125,2.8055,100,4
selection,2743,59,0.123375,0.031208,1.408959,2.562834,100,5
selection,2744,59,0.131333,0.029041,1.43525,5.030875,100,6
selection,2745,59,0.159208,0.040792,1.747916,5.658583,100,7
selection,2746,59,0.17275,0.039166,1.871042,5.560583,100,8
selection,2747,59,0.181167,0.041125,1.914,5.418083,100,9
selection,2748,59,0.188125,0.037417,2.108792,5.995583,100,10
selection,2749,59,0.280958,0.072333,2.470042,5.965125,100,11
selection,2750,59,0.200916,0.065333,2.000625,5.669791,100,12
selection,2751,59,0.596167,0.045125,2.586625,6.203958,100,13
selection,2752,59,0.734,0.068958,3.036208,6.852375,100,14
selection,2753,59,0.15875,0.038333,2.072959,5.349875,100,15
selection,2754,59,1.329459,0.094,3.454,6.883709,100,16
selection,2755,59,0.64625,0.064209,3.121959,6.924875,100,17
selection,2756,59,0.169041,0.040459,2.414166,5.834458,100,18
selection,2757,59,0.519583,0.0505,2.873791,6.354625,100,19
selection,2758,59,0.485542,0.05925,2.949875,6.625333,100,20
empty,2759,59,0.1145,0.042375,1.975,4.214792,0,
